Atelectasis,Cardiomegaly,Effusion,Infiltration,Mass,Nodule,Pneumonia,Pneumothorax,Consolidation,Edema,Emphysema,Fibrosis,Pleural_Thickening,Hernia,filename
0.06560055,0.03408361,0.028583176,0.25317335,0.2094923,0.05208595,0.025266757,0.014403854,0.017979944,0.013083407,0.06919303,0.86184037,0.028361833,0.03787336,00014584_005.png
0.031587277,0.02214208,0.010831438,0.020659879,0.060540024,0.03392924,0.06182809,0.032747336,0.022544181,0.007826183,0.21404438,0.026138965,0.16697681,0.025046661,00009864_001.png
0.03816327,0.9697058,0.36715817,0.46081135,0.030771561,0.03281272,0.07109447,0.011576697,0.06994148,0.39465383,0.020326039,0.017999215,0.019254593,0.019065779,00000211_041.png
0.39485776,0.036272496,0.977978,0.361748,0.032083094,0.011411429,0.091493145,0.012206994,0.56627464,0.26310325,0.024674792,0.011774868,0.02759091,0.009655938,00012045_005.png
0.040885825,0.021068554,0.04165454,0.3991649,0.09410875,0.03742154,0.006750154,0.009854252,0.031548094,0.02787864,0.035967164,0.9435083,0.015122347,0.010463861,00003460_003.png
0.01469891,0.008309721,0.012036217,0.01743889,0.057682347,0.03396617,0.008651584,0.63571995,0.011347845,0.008436859,0.023444762,0.08117484,0.020342875,0.01112033,00008009_017.png
0.01444614,0.006148509,0.030560877,0.028943691,0.03078641,0.0056793275,0.0128036635,0.020749947,0.025197875,0.009241779,0.7946754,0.04757914,0.15910496,0.012926112,00005140_012.png
0.07204604,0.01158251,0.011379752,0.6370258,0.5795342,0.19804794,0.029233621,0.0458505,0.062269054,0.020559642,0.3058703,0.47195905,0.01821537,0.018213604,00012892_007.png
0.08353126,0.0075855074,0.005347551,0.006262236,0.07396737,0.02937862,0.025157474,0.7409469,0.011050019,0.028404126,0.012242169,0.012366033,0.014812117,0.014199887,00007676_001.png
0.49478105,0.9657187,0.0424753,0.022326851,0.03136995,0.056326058,0.02766549,0.012595999,0.02772569,0.012164175,0.02938842,0.025795268,0.035933707,0.025359176,00007218_005.png
0.013719559,0.007667475,0.0054636337,0.008428438,0.048902098,0.11750499,0.009637398,0.022305135,0.010466503,0.009564548,0.13916427,0.052867956,0.028604176,0.044232693,00006713_017.png
0.0074026464,0.008718882,0.0061441073,0.007467843,0.02063629,0.10107415,0.009543614,0.010546747,0.007779053,0.009567904,0.009283859,0.01252299,0.007073782,0.014748286,00001720_001.png
0.22581166,0.011064279,0.7392288,0.17505054,0.021536268,0.021205299,0.048609238,0.02374245,0.74714607,0.08708119,0.059433807,0.0329171,0.03478309,0.010474076,00016508_013.png
0.0052493685,0.05605666,0.0038694476,0.0056142514,0.02962113,0.026180826,0.010505873,0.015718192,0.008037711,0.012126411,0.01264155,0.07893297,0.012735063,0.011013878,00004003_000.png
0.054765187,0.14524913,0.18900323,0.025573963,0.015338542,0.018099625,0.035351705,0.0117279645,0.012437471,0.026030978,0.03378794,0.19687216,0.07661857,0.30041304,00000942_002.png
0.1524868,0.010773188,0.07658689,0.33788088,0.67598885,0.021705847,0.3370567,0.04008192,0.011162672,0.014532677,0.08930885,0.40897208,0.5112869,0.027047465,00015171_019.png
0.012481709,0.014699083,0.013240491,0.89793485,0.06753685,0.6289662,0.05823571,0.024125913,0.050887056,0.23622644,0.007319129,0.034142762,0.009737819,0.013453155,00002437_025.png
0.010543269,0.0033113365,0.005030115,0.009148371,0.023277247,0.0467028,0.015385496,0.013380418,0.08101488,0.019298049,0.00727407,0.019733194,0.019392608,0.015184279,00019680_008.png
0.016115224,0.01205609,0.018018652,0.53179604,0.026679305,0.073573336,0.8386645,0.014250284,0.020281496,0.13982591,0.009639891,0.073555365,0.014058603,0.010500544,00010693_012.png
0.12505907,0.035985515,0.7402258,0.3346327,0.01543299,0.14300801,0.019844986,0.07392421,0.13941339,0.0576364,0.023535175,0.19387382,0.20883384,0.014184396,00005759_005.png
0.010608458,0.011100494,0.0105447555,0.02887058,0.027686888,0.037635177,0.018268285,0.03176245,0.01463113,0.015085148,0.027074393,0.9055745,0.044186573,0.0134503385,00013429_003.png
0.38680074,0.9783678,0.35111922,0.27078253,0.026700012,0.012765455,0.027329668,0.009160516,0.16021925,0.016730342,0.016592322,0.030723015,0.08063369,0.01907935,00006481_015.png
0.011092192,0.023655588,0.23505782,0.45006633,0.18423122,0.26981992,0.02134451,0.06995285,0.0335968,0.013093853,0.0085822195,0.30817714,0.25977874,0.021556897,00001836_054.png
0.1987428,0.036020067,0.32822827,0.5404863,0.07527465,0.011336269,0.078506015,0.043352667,0.03535941,0.018995952,0.39541987,0.24722828,0.6969399,0.02427578,00014022_083.png
0.89525944,0.025837913,0.014469302,0.031285007,0.14244035,0.08048347,0.096926115,0.043471497,0.025646698,0.01254052,0.019588217,0.024857277,0.02785697,0.06298734,00008694_001.png
0.0058682556,0.04691045,0.08703421,0.026517818,0.012538371,0.014926143,0.09026975,0.007897437,0.04380119,0.26968765,0.006119921,0.024711553,0.17657912,0.010150984,00016399_021.png
0.007829257,0.007409534,0.0138539765,0.07322244,0.0122214975,0.009356796,0.024636053,0.007546216,0.24662296,0.06060859,0.010310612,0.0129077155,0.011873696,0.009063277,00006991_003.png
0.06190229,0.0101221055,0.019825075,0.8937763,0.019275311,0.042489085,0.08170888,0.73542446,0.03090723,0.027040727,0.051398303,0.02240857,0.047498275,0.0065900185,00006605_020.png
0.34051386,0.016962292,0.07994028,0.29928803,0.23625441,0.042680006,0.020498585,0.17031817,0.059378333,0.018358868,0.9797523,0.048271578,0.048567906,0.01793957,00016410_051.png
0.032754667,0.015025994,0.0043089846,0.025572816,0.008969066,0.010803182,0.04283516,0.007281077,0.0206814,0.010676051,0.010694126,0.13547105,0.015930176,0.011019655,00001480_001.png
0.091300614,0.014855412,0.5567599,0.39172915,0.14336409,0.020098174,0.013578451,0.8084983,0.032054424,0.015560448,0.02497028,0.026967341,0.43777665,0.015818378,00009349_020.png
0.60690683,0.008476886,0.010805745,0.2904322,0.043467127,0.01892703,0.2272442,0.025186643,0.056934983,0.010619977,0.20161186,0.17852493,0.16817118,0.011762911,00018379_008.png
0.07149864,0.024232242,0.20650484,0.16742548,0.0519973,0.022348208,0.008808119,0.018502701,0.3623211,0.2954293,0.009993458,0.013881443,0.0051375804,0.017212825,00001684_006.png
0.012781292,0.011649178,0.009641944,0.006493134,0.046691433,0.009890917,0.0057749106,0.042462245,0.013976769,0.02612789,0.013531906,0.013082835,0.008616272,0.006207649,00006338_009.png
0.044946235,0.010213618,0.021681024,0.017105099,0.021367157,0.022104979,0.00861345,0.66348773,0.007233983,0.014365785,0.9733201,0.017742008,0.12023566,0.016831368,00003945_003.png
0.046100464,0.042364243,0.5174402,0.30114737,0.039073482,0.14671469,0.053274598,0.044903886,0.5790904,0.6558328,0.016725793,0.025316823,0.07529195,0.021596067,00013527_004.png
0.026175331,0.023525752,0.055605292,0.21872984,0.03410916,0.030425552,0.043912467,0.008437373,0.09133551,0.25354648,0.0054028495,0.014674503,0.0068490696,0.013377214,00005573_004.png
0.009874926,0.0065430976,0.02786799,0.28983533,0.1727803,0.70055664,0.045643967,0.041974384,0.014623006,0.13296756,0.002367092,0.012452602,0.009465233,0.018162953,00005793_004.png
0.005588388,0.021445325,0.014177683,0.03855055,0.012738128,0.010888901,0.016631644,0.015747357,0.09198739,0.020546895,0.008931971,0.009797458,0.010030149,0.009228219,00003426_017.png
0.014439885,0.039827753,0.048566688,0.019266713,0.014207611,0.05577959,0.030368378,0.048714332,0.003830691,0.02153547,0.061742365,0.17898408,0.049209107,0.017156651,00002451_007.png
0.104815125,0.02387932,0.8064475,0.04773495,0.8205856,0.08321988,0.00970271,0.18563874,0.13462426,0.022439778,0.049706567,0.016959017,0.0653022,0.017385656,00007830_003.png
0.654119,0.032878518,0.74208623,0.29166162,0.057552297,0.03892131,0.1240635,0.026239853,0.35969284,0.27971286,0.028924843,0.013533835,0.0924737,0.017042153,00013993_117.png
0.107912414,0.96573544,0.056516163,0.48119378,0.01931051,0.07752015,0.054192908,0.016017765,0.012869816,0.014616995,0.023593146,0.065567404,0.041514408,0.024153149,00010388_001.png
0.29669496,0.017962199,0.19847855,0.013377641,0.11936482,0.0146187525,0.009146578,0.31816885,0.09461898,0.018534243,0.012860249,0.010179547,0.060071547,0.014973718,00008232_014.png
0.03461593,0.02617704,0.86116064,0.121315084,0.11801985,0.1764372,0.06779031,0.015304556,0.12806761,0.09728735,0.008723688,0.055494763,0.60933363,0.02634214,00009354_000.png
0.13636704,0.4615063,0.019737031,0.010525212,0.21010524,0.14328006,0.03001079,0.22357449,0.089577764,0.019918723,0.009033421,0.03496017,0.026309669,0.05182269,00008222_000.png
0.49068412,0.037732314,0.02925206,0.09089147,0.046625126,0.050532974,0.0150688905,0.012965345,0.28182444,0.025212426,0.006923183,0.029431349,0.017375184,0.024095885,00019967_014.png
0.009193016,0.014511304,0.26776072,0.97647196,0.019123191,0.013162742,0.13156305,0.07038634,0.04851726,0.46828023,0.01770553,0.026652867,0.013566232,0.006431466,00018187_068.png
0.032416403,0.012611457,0.3193504,0.057678655,0.7826558,0.19138482,0.030471308,0.07626434,0.030683435,0.019689944,0.0045382637,0.044218343,0.9128622,0.033337608,00005506_000.png
0.040379032,0.034228686,0.01652025,0.098835364,0.06484511,0.05275082,0.25042185,0.031915873,0.0063511753,0.019518213,0.48706004,0.02541713,0.013931486,0.019618656,00010995_009.png
0.083819725,0.23646054,0.009557427,0.03229626,0.019452514,0.021997923,0.017903507,0.045859046,0.034416027,0.009003995,0.00823496,0.012294682,0.00968892,0.016080882,00004169_000.png
0.025798595,0.027906919,0.007444228,0.017636035,0.032096684,0.21129228,0.056171566,0.009582289,0.011791465,0.009930875,0.0039510457,0.009349215,0.019744279,0.021198506,00010365_009.png
0.031886384,0.011517456,0.11353725,0.51396865,0.85666686,0.69222534,0.01589511,0.04992869,0.049690995,0.054739743,0.008577186,0.032098204,0.024034843,0.024875712,00013508_000.png
0.12647673,0.009928944,0.032005534,0.07648594,0.80614173,0.034284014,0.036403086,0.019321915,0.086321786,0.011079635,0.19215669,0.057114832,0.28459856,0.03651983,00009658_002.png
0.12945691,0.007528246,0.19121386,0.08761041,0.02644308,0.011980882,0.010313015,0.9484958,0.06508314,0.016318085,0.09653895,0.030907689,0.027829608,0.010652808,00008376_000.png
0.2867672,0.51479524,0.2948915,0.52136844,0.017023074,0.017058816,0.4440467,0.008428944,0.043737695,0.034861412,0.026309421,0.0151090715,0.035650875,0.019189218,00007007_018.png
0.12818076,0.029191777,0.04354159,0.02245942,0.12789086,0.117994204,0.012863688,0.123249784,0.029301386,0.039245542,0.799427,0.38122642,0.11597587,0.124778785,00002323_002.png
0.01398049,0.024626853,0.06979663,0.17591824,0.08133176,0.011938746,0.14606662,0.04248721,0.009354264,0.012335873,0.6404783,0.46316165,0.009758105,0.012673962,00012014_005.png
0.57909924,0.010657517,0.010903053,0.18153194,0.22447747,0.12865795,0.15943204,0.012896801,0.05456887,0.012968262,0.033290718,0.63786966,0.02791452,0.01831653,00001386_000.png
0.014612017,0.014315401,0.015670445,0.008239437,0.015691862,0.010712505,0.021282246,0.014371868,0.008562912,0.021837585,0.06958844,0.6434677,0.12394193,0.018980753,00001756_000.png
0.023729576,0.006344234,0.007697344,0.024441088,0.019089652,0.22003278,0.01181626,0.016952397,0.012562044,0.01712232,0.013564101,0.5652988,0.029913737,0.018355494,00012380_000.png
0.07778236,0.01185379,0.01826681,0.13396162,0.021864379,0.010575862,0.009160442,0.047388144,0.011136271,0.012964753,0.9927698,0.027208772,0.06478045,0.012242475,00000013_001.png
0.05952276,0.038208667,0.5416264,0.17369623,0.09769057,0.019577023,0.13257447,0.016164161,0.013336694,0.017564956,0.36920872,0.68440276,0.0350993,0.014147451,00012804_000.png
0.48764205,0.0154306935,0.05019542,0.032393027,0.17111863,0.032807,0.10365843,0.012437026,0.016241567,0.017810553,0.025966367,0.5658484,0.048213508,0.04311144,00007916_007.png
0.0194772,0.01813855,0.010333808,0.04563889,0.05149869,0.35377198,0.01339276,0.883618,0.017101172,0.010467777,0.08053517,0.024858158,0.014207625,0.01376294,00008566_008.png
0.029903008,0.018704697,0.10683085,0.70149565,0.032461107,0.042899076,0.20111217,0.011660191,0.13527444,0.9694177,0.019755833,0.01336032,0.00929605,0.014390064,00018972_042.png
0.17243735,0.91967976,0.12385634,0.043103132,0.023751255,0.03080106,0.0288301,0.015515989,0.04451024,0.03971551,0.016783861,0.015839696,0.07906403,0.02024081,00007551_016.png
0.008993301,0.010402304,0.0073026814,0.06938786,0.09219971,0.014316332,0.029234555,0.023109782,0.12000603,0.0067109405,0.084941894,0.066472955,0.06425147,0.008361525,00016508_044.png
0.01023917,0.023807231,0.0131979585,0.25321394,0.057157584,0.031795066,0.027080577,0.017788837,0.036211304,0.020894628,0.008714445,0.0051576043,0.0114026535,0.0051241373,00001255_030.png
0.008379138,0.0060372897,0.011764292,0.0107237995,0.19956939,0.29361448,0.01720115,0.04031339,0.006095855,0.014608069,0.0042123203,0.07587449,0.029178634,0.012940058,00001992_013.png
0.010486949,0.008009637,0.006930124,0.27200136,0.066564724,0.17037424,0.14027135,0.05877266,0.016896607,0.47552484,0.0064520473,0.015020158,0.01034734,0.013778838,00013377_018.png
0.043098114,0.0074222083,0.0038868831,0.21869892,0.03998405,0.28940928,0.015006451,0.015843116,0.015014219,0.02811199,0.00417192,0.033294685,0.0061956733,0.013760752,00008734_000.png
0.04503141,0.15580554,0.017019428,0.0057569267,0.35407954,0.09049535,0.039684482,0.007952035,0.011056107,0.024476256,0.015884133,0.037097648,0.023921618,0.026926396,00009848_000.png
0.01736218,0.020983314,0.11760221,0.011953392,0.02504413,0.0054659867,0.18670227,0.0062565976,0.009095522,0.015561153,0.27489105,0.1987646,0.07570647,0.015677167,00015375_009.png
0.04340157,0.0050693043,0.057014827,0.5279507,0.004833672,0.049096897,0.02945651,0.10939004,0.22457145,0.73718274,0.03245044,0.024042064,0.012079968,0.011128103,00013310_014.png
0.006398629,0.011614418,0.020969938,0.35846803,0.09320294,0.21472277,0.054138534,0.049638383,0.07587526,0.10147341,0.020318449,0.01901366,0.020493569,0.017332211,00012087_017.png
0.01609323,0.014019952,0.015893716,0.016034074,0.016376967,0.008205446,0.035099503,0.020129893,0.0075063845,0.018703459,0.21297686,0.46963814,0.015307152,0.019509126,00016434_001.png
0.03261678,0.008303205,0.034104854,0.44990262,0.28431377,0.09103736,0.029575393,0.072570466,0.26767766,0.0071947146,0.005425448,0.065836236,0.0952739,0.007629344,00010335_001.png
0.012981893,0.00913619,0.018955296,0.009760385,0.03239105,0.8392149,0.021633482,0.09779036,0.008376004,0.05660278,0.008831763,0.019478288,0.051041655,0.018460572,00018819_004.png
0.18972287,0.010265554,0.023885395,0.17461844,0.039447725,0.02458588,0.80489975,0.020045731,0.01324661,0.09398103,0.010984865,0.16719648,0.026046699,0.014411477,00013249_056.png
0.7456142,0.26366195,0.06501815,0.6712035,0.03183144,0.15182547,0.09946195,0.019384878,0.099206254,0.43966115,0.028062753,0.03568129,0.01844712,0.04271945,00002090_004.png
0.28693688,0.0077401185,0.31537274,0.9146818,0.14466508,0.020557938,0.091725975,0.265103,0.06876348,0.026742317,0.042271677,0.05384017,0.1810576,0.0093036685,00018360_026.png
0.009846695,0.010772268,0.015110838,0.0032631538,0.016590564,0.016139906,0.011398628,0.005598174,0.058416314,0.0116268825,0.0077405353,0.008307972,0.09015757,0.01466156,00009811_000.png
0.15335225,0.006804573,0.029987767,0.11707726,0.20196308,0.13455027,0.013835638,0.023131287,0.14093961,0.22661306,0.0065611806,0.01780343,0.007880158,0.017465072,00008371_002.png
0.5533791,0.015381278,0.063642584,0.30066186,0.061169256,0.014085947,0.01674903,0.52221006,0.011574356,0.008582734,0.9423853,0.016538002,0.79707897,0.01432844,00003945_002.png
0.13851888,0.07061262,0.8750858,0.03844188,0.36375287,0.04215653,0.09076984,0.172091,0.07771044,0.055525266,0.41434607,0.10014418,0.049495425,0.034237925,00008561_007.png
0.005461183,0.010630893,0.01258739,0.05193913,0.03305532,0.048515037,0.092990115,0.4201638,0.010349694,0.0200472,0.013543738,0.14671183,0.08600272,0.0147413025,00012437_000.png
0.011048018,0.0077770366,0.05772515,0.015504129,0.07177368,0.10857522,0.017346738,0.011448408,0.04969786,0.0354781,0.003348402,0.050692424,0.019265061,0.010208187,00009358_001.png
0.009558031,0.6715512,0.016502634,0.045471214,0.008844353,0.024659127,0.029489929,0.007096375,0.02047118,0.022022897,0.013802398,0.027142143,0.05412221,0.01733148,00006808_007.png
0.013000626,0.006637761,0.004663144,0.019902043,0.06646334,0.22028893,0.01660948,0.036442,0.04676129,0.010937575,0.0160291,0.08662711,0.061832044,0.020416807,00010433_010.png
0.017606888,0.009299186,0.082674086,0.3926978,0.027511356,0.030818151,0.053088382,0.03661676,0.032806113,0.040788505,0.23015724,0.6472065,0.014923395,0.010004032,00015765_000.png
0.01920202,0.011744678,0.005735351,0.009107361,0.011484474,0.0811391,0.07596182,0.017976064,0.014125859,0.011703406,0.019561762,0.4642046,0.035752688,0.017225277,00007623_001.png
0.05142165,0.03655182,0.084629804,0.03056115,0.16743356,0.032606956,0.012581405,0.9207182,0.027648835,0.019850284,0.4476488,0.029275551,0.0476099,0.022867294,00005460_004.png
0.032814514,0.005485496,0.03616978,0.61211383,0.06186075,0.11506719,0.12338209,0.4681749,0.030338697,0.13982773,0.012045362,0.049315263,0.025032794,0.011418597,00013310_011.png
0.2888851,0.034298513,0.010752251,0.6959521,0.013107243,0.36731875,0.4837572,0.027631309,0.019599777,0.018972503,0.0070773303,0.03451971,0.015371757,0.021545228,00000218_000.png
0.017172089,0.007582797,0.027948912,0.21360116,0.048605897,0.013797537,0.06317902,0.8348177,0.027872955,0.024572905,0.2157002,0.025054583,0.02214109,0.013937258,00003028_071.png
0.007688044,0.015946366,0.008220237,0.016863607,0.027184205,0.008147866,0.017689316,0.019609947,0.02231627,0.0075465874,0.01203098,0.024231376,0.009609947,0.01356798,00012573_006.png
0.44339538,0.11255515,0.399747,0.48635048,0.03916618,0.10183019,0.04498397,0.039784603,0.38871956,0.11497085,0.013704286,0.10845251,0.6422409,0.025389759,00006906_023.png
0.32928187,0.028245581,0.97337544,0.18210904,0.017533641,0.030781949,0.19311485,0.009988653,0.019696148,0.804765,0.017921943,0.014520143,0.09325398,0.028355973,00018387_030.png
0.0293959,0.00892019,0.023378728,0.07414417,0.017582845,0.05739583,0.009439045,0.973182,0.014333722,0.0076149087,0.024278175,0.018067334,0.19930792,0.00981553,00005448_008.png
0.098567076,0.06561175,0.06606247,0.39624792,0.019868087,0.11605986,0.9091655,0.0063557816,0.015974384,0.012289258,0.011719429,0.03784903,0.0143505,0.02159954,00010531_074.png
0.33467466,0.012774892,0.2318226,0.115289226,0.16283947,0.102220066,0.018820722,0.5350666,0.09762896,0.28908324,0.0149389,0.035146285,0.021735929,0.022509059,00009234_001.png
0.01981355,0.018100675,0.057060417,0.015043378,0.016322097,0.0127211325,0.25180346,0.006483869,0.009456636,0.05063811,0.014936832,0.043243416,0.55891716,0.018766845,00005433_000.png
0.02603258,0.013919182,0.008707477,0.01558007,0.14530417,0.05183344,0.014478546,0.030559827,0.007821945,0.0068756104,0.24271278,0.22645141,0.011444236,0.028474223,00000825_003.png
0.011870464,0.026400516,0.22289819,0.7945952,0.06122385,0.38331503,0.09772373,0.012794216,0.017276019,0.16486481,0.010780453,0.026553353,0.037649803,0.02000361,00012609_008.png
0.2201634,0.026578806,0.11806834,0.04670331,0.021378797,0.06924487,0.05839699,0.11167304,0.015970808,0.017844483,0.014634959,0.09042804,0.90848744,0.019098837,00005567_008.png
0.03763074,0.004613258,0.009957448,0.010720836,0.8209653,0.43543997,0.01978855,0.023854991,0.013644567,0.0119945835,0.0055139023,0.1549641,0.3480405,0.023864036,00009375_000.png
0.08795466,0.026489306,0.11920903,0.24369551,0.038626727,0.026216963,0.02462955,0.8750743,0.032686125,0.023286192,0.9070104,0.13694201,0.0346293,0.011183424,00011831_008.png
0.032685846,0.009937516,0.004997106,0.011578073,0.03536243,0.022652356,0.009826292,0.01595052,0.023838613,0.011489135,0.019099511,0.042035695,0.011820921,0.016359951,00002078_002.png
0.01192412,0.005660413,0.013132527,0.021772532,0.14665246,0.021450078,0.0075079584,0.100214556,0.1448972,0.021558488,0.012093754,0.083883606,0.059319474,0.011620352,00011287_005.png
0.014655065,0.008436141,0.065070346,0.014879366,0.03977951,0.019330509,0.014143102,0.058691762,0.0109273,0.0081084855,0.018936351,0.022811823,0.9655469,0.016472911,00010619_000.png
0.007336511,0.007619595,0.004111936,0.0045890473,0.012296859,0.06153196,0.009964323,0.012579037,0.007181344,0.007859666,0.008977144,0.024730816,0.011365003,0.014735721,00008697_006.png
0.9336023,0.007889946,0.1263526,0.119688995,0.1723004,0.19672564,0.115306325,0.019869525,0.59649724,0.061828382,0.017110487,0.053206056,0.008587498,0.019828228,00008112_001.png
0.016764995,0.006386052,0.0835696,0.4263054,0.016319985,0.045679983,0.017305942,0.020234706,0.32414055,0.17972398,0.023218224,0.15281872,0.04270857,0.010075204,00001836_048.png
0.21761759,0.93017054,0.03653432,0.017050575,0.013025404,0.019071607,0.03815077,0.007438009,0.046185564,0.05094619,0.015141399,0.012948813,0.014743062,0.018162709,00005066_003.png
0.08160975,0.014588424,0.015807891,0.18640888,0.08484643,0.022256749,0.021860437,0.020563427,0.032509703,0.023364082,0.970916,0.030899791,0.00953247,0.0165005,00001256_007.png
0.94635767,0.028973293,0.05392984,0.14223349,0.030286985,0.025571113,0.4680176,0.054266676,0.0047621443,0.010508197,0.031050337,0.05105004,0.35748357,0.014513322,00017549_002.png
0.25107315,0.017570972,0.36351925,0.39064312,0.61942285,0.008608627,0.011057347,0.21022503,0.036513917,0.010152651,0.04356068,0.026786432,0.14599586,0.014979493,00005089_011.png
0.013099183,0.006675236,0.0066436743,0.005206273,0.038757782,0.020399574,0.01530624,0.030579358,0.015310141,0.011977638,0.0111926505,0.014372287,0.007878518,0.011691764,00006147_001.png
0.016774012,0.023669932,0.032882895,0.05630031,0.032369766,0.046241887,0.0058853887,0.8875692,0.009423764,0.018476069,0.98809475,0.015195614,0.009675683,0.009240868,00006425_028.png
0.05920678,0.0067349784,0.0035372006,0.014355574,0.019460924,0.025902823,0.014090603,0.034279145,0.040698227,0.0071751997,0.014056748,0.006791479,0.0068905447,0.0116895605,00020044_001.png
0.03373382,0.02166083,0.029469034,0.008867633,0.10583206,0.35197365,0.028035805,0.024544764,0.00996802,0.027418451,0.06167465,0.4638239,0.010286345,0.018788328,00005736_003.png
0.1572724,0.017849157,0.21561742,0.15481856,0.016658243,0.024147345,0.20528843,0.021667346,0.0120638795,0.030432492,0.057686687,0.25047445,0.5631478,0.03477841,00008042_009.png
0.40951976,0.048971735,0.69077724,0.06587878,0.24985465,0.13079719,0.06313521,0.11770059,0.11044011,0.031153234,0.743424,0.18499595,0.3765355,0.03021502,00011804_014.png
0.021933105,0.03672947,0.020145686,0.039605092,0.009672312,0.1653292,0.028883383,0.23273101,0.08984074,0.07664518,0.03915038,0.00984062,0.008579849,0.014969168,00012622_015.png
0.08038818,0.008593908,0.0072267987,0.0033390962,0.05178655,0.07544622,0.010599223,0.0054220143,0.0196555,0.008976614,0.0053148996,0.016143199,0.0044788197,0.016573481,00008855_005.png
0.027175136,0.012483826,0.028528333,0.044442054,0.020324595,0.06472003,0.028467849,0.656368,0.0080598565,0.010662285,0.26892814,0.025746362,0.19742063,0.025002275,00020286_009.png
0.011586866,0.015658695,0.0054183844,0.8110041,0.066976056,0.1650034,0.11872893,0.024676077,0.04381895,0.03510279,0.007764484,0.0591528,0.006434017,0.010642479,00009117_004.png
0.04033617,0.20888211,0.040717177,0.025923582,0.029367588,0.28135154,0.035776697,0.03186279,0.016449718,0.012092306,0.010956486,0.5604382,0.041694965,0.03400638,00009723_000.png
0.14912984,0.68308246,0.01549539,0.018332843,0.034015972,0.0103733,0.031524833,0.025699647,0.06315031,0.030101389,0.04968549,0.071415685,0.07673022,0.022686884,00008649_010.png
0.15734883,0.037341233,0.7019104,0.06751419,0.07621278,0.23225406,0.01793835,0.65225595,0.045262426,0.030130044,0.77599937,0.11675246,0.16993403,0.02865505,00015556_010.png
0.008648138,0.0078974785,0.006061899,0.8065014,0.020554338,0.0712737,0.499753,0.24438298,0.016053021,0.050348792,0.0052908766,0.034225952,0.03658501,0.00787999,00001006_017.png
0.038539592,0.014516487,0.01203966,0.0064485758,0.028186444,0.0503536,0.032673873,0.026105933,0.078343,0.04020204,0.0021162864,0.015894521,0.010325136,0.010860992,00004659_000.png
0.017519714,0.024053082,0.052349836,0.040756408,0.07889078,0.010841451,0.01247188,0.14332297,0.01510678,0.009957061,0.9528833,0.026512826,0.015952345,0.014739897,00011544_003.png
0.01600648,0.005972319,0.003504006,0.004674128,0.021230372,0.015876668,0.03972726,0.0098443655,0.027641978,0.0070601846,0.010470232,0.015660701,0.015291895,0.013475729,00002194_000.png
0.015610838,0.0086984765,0.005285278,0.011323017,0.011549812,0.014957186,0.018051108,0.0066797524,0.010807575,0.007621773,0.00586314,0.010120462,0.007890091,0.011940951,00001855_001.png
0.03579305,0.0057407073,0.0079471385,0.08668194,0.017877256,0.03524813,0.010064268,0.010010026,0.008218142,0.011928239,0.08509132,0.21813272,0.15801224,0.013330941,00004571_017.png
0.13275805,0.0167684,0.34638643,0.0899032,0.02040262,0.09209863,0.0221864,0.31692132,0.03562092,0.017433817,0.018328179,0.15662873,0.7223416,0.018252881,00002081_002.png
0.009845082,0.015370882,0.039562788,0.047024637,0.05076033,0.022045106,0.01753448,0.9097366,0.018601356,0.030337974,0.06569436,0.01607886,0.010999312,0.010155278,00009934_000.png
0.09979117,0.009276735,0.4303441,0.023197718,0.25413698,0.021408485,0.007418486,0.75310427,0.22955932,0.015854413,0.014947998,0.009255688,0.15594316,0.017914172,00001170_027.png
0.017323198,0.007031341,0.007379837,0.12031387,0.13138981,0.2742335,0.022128575,0.02766591,0.04081507,0.11614985,0.007971843,0.022470837,0.017392362,0.017908351,00006585_013.png
0.14406958,0.0079778405,0.017802272,0.08922168,0.046112377,0.014358319,0.016345924,0.11480625,0.14223489,0.00881747,0.9236656,0.017575113,0.53920645,0.00997059,00001248_003.png
0.02173637,0.008494331,0.009761464,0.009289667,0.074500054,0.038593143,0.03360813,0.007920087,0.02803664,0.020557567,0.02863453,0.11279501,0.21745414,0.011186846,00009451_005.png
0.025826292,0.06731707,0.50208044,0.106102295,0.02681054,0.09570215,0.05085689,0.012535863,0.30398974,0.33348605,0.004720208,0.008451359,0.0821366,0.01345402,00011702_053.png
0.00898988,0.0073771863,0.012366651,0.014509265,0.00922034,0.014313277,0.016708998,0.008587012,0.04313196,0.0095798,0.009266074,0.009327326,0.016993081,0.012349645,00009573_000.png
0.03403577,0.008915664,0.0050585293,0.011671319,0.048086792,0.027331287,0.068642005,0.007858395,0.009003063,0.011236155,0.016624222,0.17219633,0.06889804,0.012284992,00015940_000.png
0.015304982,0.0125023145,0.016720079,0.21048608,0.5702821,0.031353656,0.020344818,0.4022347,0.024421733,0.02666574,0.39129415,0.018068148,0.015615053,0.016093208,00010814_001.png
0.048241306,0.007427406,0.7024719,0.1342101,0.75243485,0.3859726,0.03773376,0.05216354,0.20969784,0.025311429,0.008611162,0.009707037,0.0918625,0.02013742,00014398_023.png
0.11557603,0.13521704,0.020213325,0.11812074,0.1835069,0.042814743,0.15655337,0.009575042,0.015361403,0.45305467,0.025301965,0.03109918,0.03703959,0.02601886,00015034_004.png
0.010045969,0.006778243,0.0048529017,0.005245901,0.092322454,0.054500017,0.007722753,0.019169247,0.0067975703,0.008323529,0.0521259,0.020988036,0.0091252625,0.022061072,00007866_000.png
0.16985027,0.19716385,0.017863758,0.40041223,0.04474842,0.041710265,0.09383679,0.012471628,0.6427248,0.33898917,0.011672644,0.02387568,0.024479523,0.018075962,00015770_030.png
0.045692366,0.011411554,0.028170843,0.3212863,0.024681207,0.019269394,0.34914383,0.016172064,0.04880321,0.9666777,0.022792108,0.01178456,0.011893075,0.010516748,00010012_018.png
0.09032759,0.0071193357,0.10727953,0.4971694,0.05790391,0.02873597,0.26039562,0.4786827,0.48168367,0.021055508,0.01573935,0.010003006,0.015208263,0.006818085,00016797_013.png
0.017817812,0.0173469,0.082619265,0.6775756,0.024015699,0.027863313,0.32332557,0.021220816,0.02309684,0.34477475,0.037276518,0.21243246,0.07636403,0.018110162,00019176_078.png
0.027021565,0.010407391,0.009172066,0.045767486,0.022239424,0.024094326,0.028517064,0.011499115,0.08590249,0.5203679,0.003985615,0.03867534,0.008745934,0.014517762,00004646_006.png
0.11807916,0.0751114,0.21809366,0.7168006,0.021346008,0.08546289,0.18399487,0.01510802,0.10137866,0.22762893,0.010236343,0.015626192,0.59742403,0.014849609,00018251_008.png
0.12288195,0.014037825,0.007523758,0.012085432,0.032869563,0.014961569,0.02244631,0.009001714,0.017068615,0.008043099,0.9460395,0.07404462,0.01644126,0.02099968,00002536_000.png
0.11644525,0.029096773,0.031346053,0.79096067,0.027185481,0.012322171,0.4699238,0.038738187,0.057748772,0.01958984,0.10765795,0.12004472,0.18461634,0.009365724,00005741_002.png
0.020496627,0.05150343,0.052275524,0.111642934,0.012926544,0.012605218,0.045352623,0.01709107,0.061277505,0.960809,0.012760912,0.012318886,0.013863661,0.010935744,00017424_030.png
0.5549921,0.047039673,0.0563828,0.5631907,0.040643875,0.02258069,0.18810199,0.07856792,0.062658615,0.3759118,0.054018743,0.037132062,0.021839963,0.015718456,00014223_020.png
0.019212767,0.0103556095,0.022955965,0.105040595,0.11035247,0.17938583,0.02722988,0.008658491,0.49086827,0.024765534,0.0061408794,0.02946095,0.027523225,0.010634234,00009365_013.png
0.016835101,0.019540902,0.37865952,0.46533567,0.06588036,0.012207442,0.026044818,0.48522115,0.033162635,0.015331651,0.75170773,0.040558025,0.088220745,0.013415298,00011226_026.png
0.026597286,0.006201516,0.0062871547,0.010227791,0.029227484,0.009643093,0.022440834,0.01213076,0.025853941,0.039230343,0.0068296776,0.0137603115,0.012800295,0.0118531715,00014323_002.png
0.85107666,0.02300159,0.023128202,0.09961366,0.2733254,0.13480225,0.050353967,0.03651417,0.11672124,0.037167955,0.017205728,0.13320668,0.12631617,0.02367608,00014717_002.png
0.014002256,0.8802723,0.04821256,0.013529177,0.038635135,0.017692747,0.01119522,0.018985834,0.11340151,0.03018472,0.013154842,0.0206795,0.041651376,0.016839016,00018204_000.png
0.045151077,0.018446991,0.15583262,0.04035659,0.10409114,0.20345806,0.022563603,0.49689916,0.029451279,0.048419416,0.16752657,0.22377768,0.25521225,0.025087548,00010677_020.png
0.0047581797,0.03545143,0.05182369,0.7237993,0.016450088,0.041248832,0.008700759,0.029490951,0.08571182,0.02503463,0.014240213,0.03190258,0.02448355,0.008832277,00015530_018.png
0.091499425,0.007667718,0.018245803,0.014257707,0.5659143,0.31100866,0.024173077,0.027142845,0.011715462,0.013792128,0.005399835,0.030602599,0.025972541,0.020068154,00007057_002.png
0.066538885,0.016124504,0.018606024,0.017432012,0.026013508,0.08324017,0.02413874,0.037200153,0.019828526,0.01755473,0.0172434,0.6565712,0.722785,0.020111475,00003322_001.png
0.4919183,0.014483249,0.06184888,0.30990493,0.039591573,0.03347684,0.6942924,0.030468008,0.02389755,0.020492312,0.010520421,0.4687909,0.06508741,0.01734234,00017605_000.png
0.038432207,0.016709028,0.08151685,0.11169849,0.0072310697,0.028613646,0.065931074,0.16177587,0.12546837,0.6142704,0.016600922,0.008909505,0.032527663,0.014859411,00012622_017.png
0.009036687,0.010827572,0.004028674,0.012766446,0.036914784,0.023312131,0.008073775,0.01567271,0.013416907,0.009423084,0.010635548,0.03205967,0.004489569,0.01015822,00008590_001.png
0.008887746,0.72909296,0.01779232,0.03141305,0.024347095,0.013423676,0.029537415,0.017539326,0.013151895,0.022741059,0.04030947,0.090772614,0.018180085,0.020030648,00004342_030.png
0.09169884,0.014748804,0.012333713,0.0335207,0.03872496,0.016025688,0.5507564,0.03723494,0.015382882,0.016025975,0.0095767295,0.2823424,0.25746137,0.02153389,00008043_002.png
0.16233587,0.23265232,0.5665386,0.0147260465,0.026216269,0.052134056,0.0163877,0.012986622,0.25611943,0.077329546,0.009661412,0.024151243,0.017689051,0.015526984,00016732_012.png
0.08050072,0.019336747,0.04804125,0.11894873,0.02273084,0.025154866,0.0070548947,0.92581725,0.0071959468,0.017412601,0.9824525,0.017468728,0.07179235,0.010265806,00019927_004.png
0.095383525,0.010047278,0.014874658,0.1653307,0.054825634,0.02532193,0.5552502,0.012684827,0.17348136,0.022200778,0.056264002,0.3526798,0.04017948,0.012681871,00003730_002.png
0.005786824,0.0062190937,0.036399502,0.16797364,0.006310772,0.07242284,0.020014998,0.012584321,0.1398353,0.30499774,0.0039278255,0.0152485,0.016410358,0.0077380235,00004316_004.png
0.0082631335,0.011155527,0.013544701,0.008187185,0.012272282,0.38068932,0.008668401,0.037248712,0.018435484,0.0450567,0.008953478,0.010978407,0.008944145,0.015536974,00002067_000.png
0.024120167,0.016173119,0.01897714,0.052810036,0.06319438,0.07670285,0.020588491,0.014200695,0.065281644,0.011546639,0.009553328,0.0502724,0.02683095,0.016977215,00019660_001.png
0.035077814,0.01682732,0.057996087,0.17678551,0.016169,0.059773322,0.01699089,0.66045195,0.13230386,0.08130991,0.016532216,0.014382066,0.21819541,0.013264384,00010007_041.png
0.11393211,0.039830785,0.053491347,0.6093735,0.018535921,0.01950804,0.7784902,0.014564774,0.09623432,0.811522,0.018483568,0.016329363,0.040331937,0.014233186,00010544_014.png
0.039212406,0.0068560885,0.005739306,0.006120722,0.035192173,0.012897549,0.01050429,0.0067700488,0.013792134,0.014048085,0.03366632,0.030140955,0.010333394,0.011381721,00001686_000.png
0.013184241,0.019183438,0.12729049,0.91117877,0.14663085,0.036333166,0.6077025,0.12980902,0.050378524,0.058636744,0.015702205,0.018472318,0.22725214,0.009981912,00017753_008.png
0.039791744,0.008797789,0.032375704,0.08637981,0.94861656,0.168117,0.1171764,0.033702746,0.021709405,0.07434757,0.00993134,0.013044343,0.019141773,0.019427272,00010092_043.png
0.008350208,0.013567113,0.025553338,0.40979967,0.054268394,0.0853892,0.020971136,0.9430198,0.014762634,0.052182004,0.34863302,0.027697487,0.030167783,0.00973212,00002275_004.png
0.018668586,0.037722144,0.016676523,0.004482997,0.022077212,0.14015071,0.01102427,0.030164994,0.010187938,0.008034088,0.10838835,0.0342015,0.011251555,0.023467405,00009587_000.png
0.30744046,0.02034797,0.045800753,0.041954476,0.032361947,0.06347886,0.082907945,0.009463579,0.01599178,0.017044406,0.06922913,0.8222104,0.0237745,0.023253402,00009355_000.png
0.011068407,0.010547632,0.004931127,0.0067062196,0.015158559,0.009142037,0.011577937,0.01113204,0.012098561,0.011674392,0.007622844,0.010241813,0.0041503706,0.010521115,00014519_000.png
0.1633801,0.015801268,0.08331967,0.2752272,0.67937946,0.01739621,0.018761585,0.21069793,0.22938275,0.01621583,0.71284515,0.048628192,0.0957878,0.027263638,00000248_002.png
0.34616682,0.020163734,0.02884746,0.010005543,0.024015607,0.010734205,0.027379181,0.017197158,0.06547882,0.018165367,0.011900799,0.032676358,0.23864941,0.01603628,00005650_000.png
0.00750165,0.00452881,0.013313429,0.016736228,0.0740665,0.042479448,0.030744504,0.012489823,0.023396406,0.010906231,0.0029834541,0.011170134,0.036351953,0.009568135,00014364_005.png
0.39196685,0.06840525,0.021543186,0.066884115,0.27419585,0.185756,0.031222144,0.102722414,0.112558104,0.041542623,0.0057000834,0.020943053,0.27912548,0.025175998,00014120_003.png
0.0069395816,0.008534379,0.085020795,0.047900088,0.007398908,0.024914477,0.099195436,0.026205815,0.023774583,0.11305129,0.004954933,0.008874646,0.23639233,0.008921155,00015646_014.png
0.90230006,0.004690071,0.22662193,0.6353507,0.008151771,0.011582128,0.046789326,0.22992012,0.67207396,0.08470658,0.05876706,0.015398301,0.021334153,0.0072339894,00001952_006.png
0.03308648,0.009688061,0.43454298,0.014780727,0.40997794,0.0525704,0.02885543,0.0102680735,0.03550509,0.031819914,0.005073671,0.02770721,0.8030739,0.014991424,00005612_011.png
0.009190696,0.0068897945,0.005618888,0.01628625,0.013485957,0.012521947,0.017661588,0.01641356,0.10471196,0.09291873,0.022257231,0.015001094,0.010082359,0.009255271,00015007_007.png
0.009379892,0.0048133624,0.07732373,0.02391174,0.95309323,0.10987782,0.016056728,0.012287937,0.12192477,0.0081346175,0.008689592,0.029801495,0.06688926,0.021118226,00017313_002.png
0.01137596,0.021518255,0.035218548,0.55720234,0.55034554,0.25618294,0.3369116,0.018880893,0.14542134,0.5100221,0.017865313,0.013864509,0.011264327,0.022865025,00013670_073.png
0.6483024,0.012190314,0.36026445,0.12539831,0.019840106,0.018809954,0.018683584,0.047988255,0.9307708,0.035748646,0.020566024,0.1124001,0.019066766,0.016904972,00003426_030.png
0.012517683,0.006282319,0.0036611296,0.0060005747,0.015163059,0.010679738,0.011343978,0.0076667457,0.01127826,0.010810955,0.007856428,0.012201764,0.013501546,0.010095566,00001277_000.png
0.021827906,0.01963238,0.013612439,0.024233323,0.16898598,0.018001676,0.014365595,0.6123615,0.06383291,0.018702041,0.26651514,0.018435637,0.0063354988,0.014241846,00010695_012.png
0.06975899,0.011782456,0.011406708,0.020573411,0.029741278,0.019082118,0.057232644,0.013345877,0.010583424,0.011988325,0.03922393,0.85661376,0.019735495,0.018977549,00012543_005.png
0.4830448,0.008167153,0.11381559,0.033806104,0.09986123,0.007968872,0.05042235,0.0106055355,0.107125126,0.2849872,0.06359043,0.03282479,0.033770844,0.017363252,00004578_004.png
0.019737124,0.21696186,0.8754554,0.08910658,0.17643,0.15913783,0.017517516,0.094370596,0.20967343,0.07107713,0.02101362,0.0122972755,0.21794611,0.020014549,00017138_023.png
0.03286776,0.048080508,0.004573434,0.017255979,0.12672521,0.020952534,0.008579789,0.053134684,0.009768481,0.0072611584,0.013704376,0.051341373,0.028004184,0.015043864,00018940_001.png
0.01457816,0.0074814484,0.0046008723,0.012764145,0.014557506,0.022420403,0.011478953,0.007224291,0.009302737,0.0119406255,0.0073317024,0.016147925,0.012626216,0.011498715,00004274_000.png
0.015393682,0.017875489,0.10066567,0.027235502,0.12061582,0.062093154,0.021582957,0.017180476,0.023652464,0.019231899,0.16166888,0.4381531,0.572001,0.11148984,00017263_000.png
0.04372047,0.086366475,0.006109474,0.024811275,0.03230289,0.38828835,0.024999712,0.023787629,0.037435643,0.1329386,0.023397794,0.016551454,0.007589374,0.015722413,00009953_041.png
0.06389159,0.06371691,0.6830331,0.84941244,0.020330193,0.14450178,0.02674222,0.018950345,0.42164937,0.115682825,0.009569974,0.029822474,0.012866273,0.010416913,00002300_023.png
0.04764829,0.1994912,0.084057964,0.014190071,0.01158346,0.026435418,0.020349814,0.009057986,0.03843052,0.35768607,0.006803831,0.010648611,0.1178546,0.013477091,00017425_006.png
0.09398157,0.01792494,0.05272734,0.57932556,0.028127175,0.024356702,0.012742951,0.84934056,0.025426187,0.0108574685,0.96608514,0.022730926,0.08224365,0.005934514,00017747_056.png
0.02802647,0.005231196,0.010604945,0.11343472,0.9665306,0.09946942,0.034437127,0.029547228,0.056431353,0.011919565,0.007476603,0.029464144,0.030946968,0.016218705,00013499_001.png
0.012976095,0.020902472,0.821222,0.2559194,0.100334436,0.065769464,0.04518709,0.01122817,0.052187927,0.08893833,0.025789063,0.0047830804,0.5003701,0.012816218,00010007_158.png
0.0434401,0.018674264,0.037482187,0.20460992,0.79451406,0.83530194,0.010128227,0.1704431,0.116350465,0.014927209,0.020409456,0.15382291,0.034791056,0.027051078,00013911_003.png
0.012524765,0.020845214,0.06831882,0.9896163,0.027087562,0.32981166,0.08949254,0.015874641,0.035588033,0.22886087,0.004651627,0.05690285,0.02474062,0.009706144,00013616_043.png
0.15295997,0.059671175,0.19416963,0.2717993,0.026903672,0.04141685,0.05796009,0.74893904,0.005766522,0.044527948,0.38075817,0.022266474,0.40841997,0.036610506,00017972_014.png
0.059386633,0.57817155,0.07479602,0.014205716,0.06908054,0.034686863,0.02901478,0.01783749,0.012653685,0.014928715,0.006253616,0.07564893,0.027795766,0.02153491,00007798_000.png
0.09229476,0.029902069,0.004348639,0.27583268,0.06420328,0.037471943,0.057242986,0.015554682,0.19154388,0.033832874,0.0049308464,0.022397991,0.008423259,0.008914731,00001855_017.png
0.012212786,0.008289199,0.009114881,0.8616248,0.1017836,0.23223092,0.040775873,0.017389731,0.3505826,0.031103246,0.00470934,0.114229016,0.0749729,0.00947767,00003981_016.png
0.28357467,0.013620976,0.75618494,0.1155084,0.035157476,0.08671543,0.012067369,0.95950097,0.058324978,0.024114158,0.1347495,0.023718908,0.11930045,0.008682041,00018366_028.png
0.01677193,0.011428166,0.019550232,0.033189874,0.02111561,0.026103241,0.038964354,0.8754793,0.034309354,0.018905304,0.00783285,0.025001971,0.0369019,0.011845443,00005365_011.png
0.121352345,0.03153999,0.46537456,0.20475401,0.20672174,0.42954022,0.023179227,0.076842226,0.24138528,0.022603035,0.015430652,0.23995726,0.9015915,0.038556803,00013659_012.png
0.024810249,0.1362873,0.7583997,0.89933634,0.11415636,0.03175355,0.028622406,0.014766818,0.6567919,0.07615131,0.02161218,0.011313615,0.011866997,0.007921478,00017036_019.png
0.07845061,0.008574282,0.008277576,0.015911669,0.7671162,0.14022984,0.024186777,0.0115316715,0.016795969,0.009443593,0.044151835,0.0690991,0.1265279,0.044555567,00016541_003.png
0.8433254,0.03606737,0.3617853,0.40484422,0.19828163,0.04628387,0.061855827,0.7994355,0.044170685,0.054845233,0.12692581,0.17209014,0.33785415,0.055486552,00009820_000.png
0.010000547,0.006521369,0.005649289,0.005609672,0.020556413,0.008523028,0.013369255,0.010462173,0.034158114,0.0062098643,0.008657758,0.013381337,0.0075086337,0.016185293,00002117_003.png
0.010544438,0.03354437,0.03244603,0.009008816,0.010211324,0.04139076,0.010447364,0.025536021,0.009391179,0.082684055,0.0041827206,0.032074064,0.010508876,0.008075475,00015732_034.png
0.101895586,0.013309176,0.1284461,0.15081784,0.7311896,0.36463615,0.25627753,0.05340468,0.016718416,0.6305657,0.0065751756,0.020414004,0.072529756,0.027363082,00015793_006.png
0.03865959,0.023413107,0.6034352,0.04249567,0.11494599,0.09529883,0.014304184,0.8625022,0.07019906,0.019601487,0.035220895,0.030769823,0.059139956,0.027097283,00011226_028.png
0.084860615,0.037862964,0.9801712,0.03676695,0.10667308,0.07609874,0.048178446,0.025961565,0.023747725,0.02813933,0.036107637,0.14886007,0.10210775,0.022937937,00014253_029.png
0.058608975,0.018970639,0.008910338,0.060122922,0.7261357,0.80954087,0.016768932,0.034957644,0.07252815,0.009096373,0.018486518,0.05055348,0.0061440994,0.029606821,00013312_001.png
0.70871127,0.015462109,0.66613275,0.033990342,0.38417512,0.23614562,0.0710247,0.1831505,0.021846045,0.0594718,0.021654874,0.16947442,0.24178907,0.0339862,00004577_006.png
0.023654895,0.0062207854,0.029820152,0.42476335,0.008854595,0.03127825,0.21351278,0.036207292,0.08468494,0.029664373,0.018377779,0.1813946,0.03347393,0.01011612,00003241_000.png
0.04433388,0.033600446,0.06337836,0.03144411,0.07136056,0.03216838,0.09500235,0.012778999,0.0101594245,0.012335856,0.08951579,0.7563657,0.022345614,0.019998377,00003593_005.png
0.07299701,0.008529208,0.09776762,0.18125749,0.23942354,0.049660403,0.031678956,0.01044148,0.037710074,0.01776975,0.023499373,0.928037,0.024994481,0.012936933,00018015_016.png
0.038515102,0.020214494,0.018181192,0.2868899,0.085591815,0.062131003,0.0102460915,0.07294179,0.18047261,0.012556337,0.8685047,0.039720178,0.12661323,0.012764462,00004922_000.png
0.06998654,0.014428589,0.03001391,0.88395524,0.13413748,0.06593056,0.1800549,0.043184083,0.04027336,0.075334735,0.043511964,0.27132717,0.050587725,0.01243329,00018080_006.png
0.012978208,0.012848026,0.17868721,0.025018651,0.18998732,0.025932996,0.012761573,0.339653,0.014070215,0.012202809,0.115936056,0.022154344,0.24956347,0.0128667755,00009890_002.png
0.014511331,0.0046199146,0.006249984,0.004703959,0.016653487,0.0068115303,0.008958319,0.010044153,0.043411486,0.010939613,0.005155266,0.009868728,0.009443405,0.00988434,00019550_012.png
0.012726818,0.022005573,0.016298685,0.63911206,0.038203593,0.39953327,0.12796453,0.10747996,0.029190512,0.04203443,0.07710158,0.024766283,0.010716674,0.0126881655,00005593_000.png
0.01702487,0.011341865,0.014379416,0.009307062,0.03530063,0.12320993,0.01674292,0.05864486,0.013435509,0.015974278,0.09660935,0.045895707,0.57092184,0.037733417,00010179_007.png
0.0078111757,0.009482202,0.00913938,0.009764774,0.025687832,0.023040377,0.011209698,0.021571556,0.0180423,0.012573844,0.016103154,0.8228891,0.22865011,0.013726346,00001081_001.png
0.4196715,0.0235373,0.04046962,0.086257406,0.06415362,0.06332004,0.024513815,0.61672455,0.024186645,0.016442606,0.9883046,0.015255539,0.044823695,0.017601058,00000118_002.png
0.10770532,0.016174493,0.0050821076,0.06292901,0.010814893,0.015260849,0.038544256,0.025388299,0.058191072,0.017231097,0.10754251,0.16732499,0.04931655,0.010852241,00006096_000.png
0.01585148,0.12522294,0.006481413,0.010128199,0.011358351,0.0155154215,0.029496875,0.009212477,0.029830158,0.031981964,0.008861378,0.03943721,0.04645108,0.011651924,00000459_017.png
0.25298926,0.030520942,0.019997675,0.08099934,0.056108322,0.074692145,0.024091361,0.009380153,0.49797004,0.46396002,0.013266376,0.044996485,0.01718724,0.022752644,00013575_008.png
0.02627622,0.8786945,0.051425997,0.004023529,0.027973562,0.061192024,0.012358796,0.016642893,0.026888968,0.01959865,0.018358536,0.039442167,0.015498568,0.015495448,00018181_000.png
0.025625413,0.3454166,0.13940182,0.080604814,0.0237728,0.0186952,0.02212318,0.008342994,0.0412783,0.022943078,0.0060588196,0.006796025,0.010229673,0.009124469,00013615_059.png
0.12620898,0.30455267,0.011599713,0.066881165,0.03286951,0.036452737,0.014536194,0.0121180685,0.19165075,0.022678813,0.010393021,0.022835322,0.0063414234,0.01654596,00001232_002.png
0.033459622,0.9754278,0.546904,0.25930667,0.015808491,0.0149588855,0.028286157,0.011035463,0.031056933,0.24075182,0.01838044,0.03878139,0.025388645,0.01713689,00004344_043.png
0.0075508314,0.009238794,0.020364743,0.02567963,0.04750655,0.2053942,0.020315189,0.014333986,0.024883687,0.023624545,0.010713283,0.2186419,0.7924898,0.01619114,00009166_000.png
0.08325943,0.12008088,0.011051535,0.047933996,0.14673328,0.22363763,0.0078076394,0.03459835,0.053309653,0.0068061682,0.09457673,0.15715924,0.02909425,0.021346059,00002720_010.png
0.029374737,0.7818069,0.0077722794,0.027800255,0.006109561,0.044794153,0.054019462,0.01306466,0.009215982,0.008769807,0.0538654,0.009360514,0.019646782,0.015179758,00000424_000.png
0.020639293,0.008981065,0.005446885,0.021663897,0.027659982,0.38318783,0.04727565,0.027259592,0.015011379,0.016161704,0.005487877,0.13384336,0.028671207,0.025265642,00007624_032.png
0.026517404,0.014083376,0.021291444,0.93772274,0.07011127,0.023264453,0.13681325,0.08307493,0.16282783,0.04112789,0.06430365,0.08987182,0.19164772,0.008447188,00016778_014.png
0.16497113,0.013617703,0.07448566,0.08512899,0.03186573,0.01366389,0.08285555,0.007760124,0.014884708,0.020220185,0.86640316,0.13933,0.02599805,0.033770695,00005653_009.png
0.018778794,0.015060938,0.03552005,0.563976,0.8675586,0.29895455,0.08071446,0.042041097,0.08993297,0.20082015,0.0066584237,0.033065017,0.017881058,0.023973005,00001814_006.png
0.09933456,0.023604903,0.019921072,0.028124603,0.0138395615,0.021766948,0.09882281,0.024943896,0.061337322,0.50871885,0.01950549,0.049468335,0.023108268,0.01420175,00001911_014.png
0.032727644,0.009390603,0.012067352,0.94462603,0.0497398,0.023659244,0.27822283,0.020624928,0.030774483,0.7681117,0.010642054,0.035526115,0.009917411,0.008608648,00010773_008.png
0.102849714,0.018753093,0.029267024,0.058430884,0.03333385,0.029787615,0.009590678,0.76766115,0.028376646,0.015381553,0.95398515,0.043996032,0.09622554,0.015479199,00013111_062.png
0.28229755,0.019417714,0.032640565,0.029319525,0.063693054,0.05152022,0.28072175,0.017567111,0.48486215,0.051067613,0.012468069,0.03849924,0.26590496,0.02299139,00016672_002.png
0.025059551,0.023152199,0.02107951,0.21033818,0.017487505,0.382781,0.12048094,0.02369242,0.15215011,0.04714796,0.002131997,0.008926983,0.099246025,0.013086628,00012045_032.png
0.01793368,0.008426047,0.01090817,0.016054204,0.019769171,0.9534208,0.013832047,0.0139476815,0.007893373,0.014293956,0.0066963104,0.018409839,0.01243558,0.0152153475,00019479_010.png
0.018703489,0.012355282,0.008783076,0.006313692,0.022312596,0.028387066,0.0097768055,0.011074322,0.018845253,0.10401898,0.006223516,0.016623551,0.00761979,0.009665458,00003465_004.png
0.25770977,0.011400252,0.013215581,0.24228527,0.030780973,0.24829532,0.022432597,0.15278585,0.027071757,0.23867467,0.008131555,0.021685671,0.009237628,0.015558856,00000652_007.png
0.020758243,0.010680271,0.10719145,0.32310677,0.69226706,0.10513722,0.020497026,0.58205646,0.0497685,0.03230037,0.048682258,0.019582815,0.0126139335,0.018721329,00006425_024.png
0.5513672,0.057079475,0.64287895,0.040033575,0.18546422,0.025874661,0.108469,0.010916935,0.3885659,0.033529066,0.017254183,0.012299471,0.061330248,0.02871895,00016732_010.png
0.01050154,0.029395677,0.26116142,0.92378116,0.09001213,0.021681538,0.14893529,0.019700246,0.033809453,0.39274737,0.018638762,0.019203996,0.023215475,0.0076169455,00017138_044.png
0.047375374,0.012464113,0.037591647,0.54766077,0.054385696,0.8689719,0.04074134,0.042006265,0.025960818,0.35885924,0.014869599,0.02490849,0.013588752,0.023224866,00004911_017.png
0.10391139,0.015754838,0.0756059,0.029907474,0.13117409,0.015360899,0.019725682,0.055058736,0.114476085,0.056171585,0.0052113924,0.016796976,0.013072009,0.011741313,00019098_000.png
0.50863636,0.010001004,0.29706225,0.09131082,0.106820166,0.027375385,0.17034559,0.056146566,0.024069205,0.03209039,0.2567467,0.027092136,0.035093296,0.055955485,00008154_000.png
0.06543169,0.020649325,0.054521225,0.6615899,0.123653986,0.06374562,0.07923902,0.16791925,0.04392759,0.015474535,0.13391103,0.884588,0.24813105,0.01773085,00011054_001.png
0.06669642,0.7184226,0.46663427,0.8222172,0.008143656,0.027554708,0.033575997,0.0064666476,0.17743735,0.5642176,0.027603298,0.014920207,0.035730455,0.014080563,00001301_033.png
0.020836424,0.9482579,0.01371027,0.06904753,0.029804925,0.026277851,0.024817096,0.029630922,0.029309832,0.0148201855,0.03193174,0.04199127,0.009251289,0.02027628,00003989_012.png
0.041747652,0.006766629,0.015258657,0.05086968,0.5325368,0.29473042,0.013831051,0.02911441,0.008690421,0.011607271,0.024185298,0.011185681,0.0568764,0.013580035,00008326_000.png
0.021494564,0.0157486,0.20385478,0.9831669,0.33095893,0.036263783,0.18814959,0.048523072,0.017432721,0.013557889,0.019804534,0.069187686,0.2182606,0.0070080315,00001483_012.png
0.6365883,0.096177444,0.13653354,0.15796328,0.027542835,0.21695314,0.015802966,0.03237622,0.14409907,0.43724903,0.021241195,0.033171173,0.009510071,0.030109832,00007718_011.png
0.013654954,0.012060176,0.011722328,0.23577933,0.12921926,0.030192643,0.02048404,0.45424157,0.01297703,0.010012876,0.14406647,0.011616387,0.12665841,0.009438072,00014731_022.png
0.024005054,0.014078015,0.0385494,0.03030151,0.041922323,0.014319534,0.08882211,0.05168337,0.0065743383,0.01593772,0.5760455,0.393001,0.034770887,0.018903784,00005316_000.png
0.06979893,0.34875286,0.025819508,0.6770631,0.010582799,0.022469565,0.3531311,0.013760802,0.008806663,0.016416332,0.1799737,0.074640326,0.014334982,0.016569572,00001582_012.png
0.021255882,0.011185217,0.70498085,0.8018276,0.36778972,0.022572221,0.06619292,0.090681426,0.19463792,0.015133734,0.019568862,0.075757906,0.84219545,0.008350201,00014015_016.png
0.048730355,0.82087374,0.22838648,0.32013997,0.017672678,0.018544875,0.06335538,0.008108831,0.018222392,0.27163112,0.06816295,0.36323982,0.032557048,0.023958111,00006481_013.png
0.091743305,0.97021514,0.09661311,0.093824096,0.035539836,0.023691444,0.02298637,0.0060780407,0.072843954,0.0109076,0.0136893345,0.023877745,0.053591307,0.017830843,00005066_033.png
0.26243922,0.007697439,0.051021572,0.020439168,0.43194643,0.039508287,0.030286582,0.032242704,0.67629755,0.016463744,0.025235469,0.06753092,0.09794451,0.015721925,00011151_001.png
0.020500615,0.008216988,0.056061335,0.060133874,0.022024097,0.05850118,0.014722394,0.9638862,0.018331487,0.016827732,0.063502476,0.010936616,0.043094613,0.010589916,00010841_001.png
0.059223667,0.017618587,0.018056437,0.07161648,0.043102063,0.033309545,0.09371264,0.046249025,0.0347659,0.9274369,0.03154595,0.019450527,0.01329905,0.012574643,00014452_007.png
0.0088975215,0.017409736,0.020313421,0.08171852,0.013965018,0.010163712,0.048769232,0.01509951,0.05802115,0.9323816,0.013760318,0.009495566,0.016299136,0.008246398,00016291_053.png
0.11173419,0.015285247,0.06575124,0.12901607,0.022217855,0.02268367,0.05945136,0.6059935,0.08994142,0.037812915,0.031377457,0.60195124,0.07899447,0.018773466,00008864_006.png
0.09145173,0.014266542,0.3572735,0.29093552,0.016668463,0.09025384,0.021624729,0.24522886,0.8402918,0.030024469,0.009747738,0.0135285985,0.0930049,0.0076649827,00010007_049.png
0.06565386,0.8962421,0.17418835,0.12806436,0.05432676,0.03974113,0.010869462,0.027890535,0.08458638,0.0172279,0.032126356,0.1296227,0.013686343,0.02108265,00009323_004.png
0.8358917,0.47805867,0.3611496,0.49884647,0.013760021,0.027040033,0.02799508,0.0073778704,0.026009452,0.4286017,0.018419627,0.053999655,0.03543264,0.02646577,00000032_050.png
0.22917761,0.12736161,0.431416,0.014501657,0.01463419,0.013088456,0.013429556,0.026330128,0.12441071,0.7046114,0.009032349,0.017091895,0.054444294,0.021564914,00015732_014.png
0.04375382,0.03886955,0.06765471,0.14300053,0.011368186,0.5781828,0.31378108,0.083022535,0.0076249577,0.03961686,0.0050972374,0.025974598,0.043755796,0.02983502,00003916_002.png
0.1331401,0.5535295,0.035941355,0.027190736,0.030080158,0.13189381,0.027949484,0.16843402,0.017205052,0.02114018,0.22202067,0.22884785,0.026694536,0.039752126,00005032_000.png
0.47643608,0.03760482,0.04446969,0.3780373,0.059909955,0.3671799,0.005518135,0.049284063,0.18556464,0.028926315,0.14848687,0.06429585,0.036811214,0.02483996,00006906_014.png
0.012598602,0.022904078,0.008620294,0.005100285,0.012230504,0.012440534,0.026104903,0.012457002,0.026376983,0.031036934,0.022127422,0.014093192,0.009616371,0.01098126,00012021_072.png
0.07933701,0.0072834035,0.00679843,0.81185377,0.12740594,0.05316648,0.03236799,0.022754325,0.13994761,0.39231038,0.004810894,0.064124055,0.013855887,0.010212269,00010012_023.png
0.037036505,0.4996547,0.008767498,0.5066502,0.012111461,0.23490871,0.048792705,0.019535445,0.045040514,0.059035253,0.03622772,0.04546912,0.009182442,0.013404977,00017370_000.png
0.16000494,0.008714848,0.617341,0.058904845,0.021027284,0.007335576,0.022992175,0.105978556,0.011665847,0.026769599,0.98761195,0.022465168,0.020087259,0.0061516482,00019242_013.png
0.0928925,0.02793993,0.43583098,0.5598925,0.16620496,0.055290375,0.031229416,0.022370616,0.2501193,0.07599081,0.04732044,0.035558075,0.07544431,0.022994366,00013993_081.png
0.19167283,0.015611499,0.5010433,0.07159649,0.08666361,0.033143267,0.01758512,0.1305973,0.090704516,0.018678809,0.01178787,0.053197067,0.948784,0.0169907,00002939_003.png
0.006975647,0.007986016,0.022023553,0.39512992,0.11691174,0.50616884,0.014071174,0.007816784,0.015347878,0.025132192,0.0037851052,0.04237261,0.0062135262,0.009007867,00009116_002.png
0.017455082,0.032454796,0.26342368,0.8134007,0.06105199,0.4769232,0.024894943,0.0063907006,0.04657746,0.38418433,0.005664467,0.018554231,0.02045176,0.016946342,00004299_011.png
0.12508781,0.006182651,0.007625092,0.013834552,0.035780415,0.086851664,0.053257395,0.0114007685,0.014276142,0.053410567,0.025775421,0.018107591,0.005846002,0.017320488,00002927_000.png
0.008557481,0.0077779745,0.008261969,0.011388849,0.026875412,0.010860054,0.011583917,0.023789948,0.014496445,0.010657659,0.0059516756,0.012872658,0.01073006,0.010127629,00009850_002.png
0.011410532,0.038033877,0.031796526,0.019971386,0.24339232,0.02906327,0.007922804,0.039804127,0.040037297,0.26601437,0.020447437,0.012560234,0.018154891,0.016674733,00005113_001.png
0.14900061,0.16876355,0.026662823,0.37437117,0.20049194,0.12037475,0.07124074,0.026816037,0.086190455,0.030847995,0.4465478,0.02625168,0.0072187157,0.024874033,00015112_005.png
0.041452598,0.010464942,0.0059625045,0.020854702,0.007956235,0.017736025,0.012233754,0.17064995,0.01842766,0.01163039,0.33299756,0.013820396,0.030438676,0.013535968,00009166_003.png
0.028380683,0.05163324,0.006681066,0.40409178,0.038338117,0.019472115,0.085679,0.036107816,0.04363299,0.50048244,0.06664737,0.035254177,0.011759531,0.010549514,00009638_016.png
0.3149301,0.03331597,0.78901637,0.8089097,0.11523017,0.014793002,0.028411172,0.047722932,0.1317632,0.0168853,0.065124035,0.031213826,0.43618432,0.010879367,00008256_002.png
0.09543668,0.014652229,0.09499528,0.027623566,0.026055366,0.10192271,0.03687413,0.028052935,0.018628774,0.025077065,0.10711034,0.048501834,0.027110308,0.694149,00019059_001.png
0.022718439,0.016463356,0.023416603,0.031278726,0.12258834,0.037779592,0.021623831,0.012000994,0.009142767,0.008091877,0.057478424,0.9252577,0.010995547,0.019244134,00000723_002.png
0.06207206,0.029000605,0.06295708,0.05683967,0.011600172,0.012761231,0.021206496,0.08447212,0.20644796,0.35120654,0.007925241,0.013921899,0.12264596,0.021816654,00015401_007.png
0.35350466,0.010572943,0.0331744,0.008426649,0.011123214,0.044958867,0.031155996,0.13350143,0.0049416414,0.03835047,0.1883763,0.024569966,0.06848589,0.016667455,00006485_003.png
0.031018546,0.016953237,0.014127967,0.07358245,0.022953857,0.007941675,0.45683324,0.018816167,0.013827215,0.01604586,0.016637167,0.5119721,0.13316102,0.017084701,00002711_000.png
0.08217357,0.9282228,0.021110767,0.036244664,0.055521086,0.08144074,0.019169336,0.021643052,0.016376428,0.046056397,0.036864318,0.132666,0.01451093,0.038886286,00004725_001.png
0.5734742,0.03148824,0.9139827,0.5145786,0.09170511,0.2085312,0.20282245,0.017252777,0.083699144,0.08165428,0.012738249,0.004870534,0.08182355,0.017169932,00015343_003.png
0.012235391,0.012128543,0.1364759,0.78581095,0.09852157,0.2130214,0.016990574,0.31324053,0.0294708,0.019511037,0.008721544,0.013470537,0.07488864,0.01243518,00011033_002.png
0.062329892,0.038724903,0.017263282,0.556127,0.6552525,0.068304636,0.010976579,0.01841536,0.47188696,0.007868691,0.011395131,0.14092417,0.23809151,0.012532834,00013648_026.png
0.049490258,0.72445184,0.016665047,0.01180003,0.022475872,0.28314522,0.012968566,0.018519778,0.0080809845,0.0108031,0.019213783,0.018744137,0.0048820875,0.019785685,00001739_000.png
0.028829558,0.005795099,0.09891675,0.11229857,0.020824177,0.101865545,0.0073694424,0.008727087,0.06842165,0.25217634,0.0029888803,0.03695793,0.00903602,0.015521869,00001200_012.png
0.033925947,0.023330502,0.007650329,0.049245648,0.008155519,0.025805108,0.03844142,0.008646965,0.018777326,0.0439054,0.007181671,0.018030325,0.00983983,0.011821305,00006220_002.png
0.0038791883,0.0119033065,0.01440045,0.022463467,0.009983834,0.049020994,0.06967013,0.039202616,0.008297486,0.02335827,0.02064527,0.35050088,0.07038532,0.025145847,00001205_008.png
0.06366627,0.012013285,0.012795584,0.089539744,0.045431335,0.07223843,0.024640635,0.5973444,0.052884255,0.021481277,0.6060505,0.12467653,0.027728157,0.015651941,00015831_006.png
0.010643484,0.013703842,0.058304016,0.043135963,0.9419097,0.031985722,0.009234203,0.018858677,0.3859611,0.02590251,0.011486683,0.010580752,0.028224412,0.013845186,00014398_017.png
0.018216452,0.005917205,0.009797342,0.006647612,0.021807238,0.030017603,0.025774613,0.054552343,0.008977568,0.03910598,0.03225171,0.1112009,0.1389858,0.008818666,00007411_003.png
0.03127756,0.23673345,0.015860634,0.005870573,0.031985525,0.020310216,0.020131027,0.019106293,0.012778146,0.013529329,0.3867609,0.112415485,0.027967002,0.022537546,00004251_000.png
0.02183654,0.013960272,0.008461786,0.6590325,0.21787971,0.13112727,0.08405056,0.32291237,0.027593682,0.014979634,0.005031497,0.025488181,0.02887207,0.009332738,00019700_004.png
0.0275614,0.04689414,0.031872936,0.24891385,0.01911458,0.03615523,0.035021707,0.016533,0.18161322,0.18511479,0.008017544,0.019852132,0.023443365,0.010755061,00011402_007.png
0.016588114,0.011606472,0.035465993,0.028562915,0.014404706,0.018253325,0.020349082,0.061887514,0.015963495,0.01809351,0.021928245,0.12566377,0.79689723,0.014068144,00008888_004.png
0.01200001,0.5394218,0.25030068,0.023550961,0.0072748926,0.050404552,0.009536662,0.057211097,0.011454976,0.008826355,0.032068238,0.06702674,0.08201841,0.015153661,00006166_000.png
0.0044221133,0.005434345,0.052039765,0.020509552,0.019681308,0.0068052365,0.007429547,0.1338012,0.048820734,0.014600843,0.045382928,0.009820318,0.023783794,0.007141927,00010123_002.png
0.2266906,0.033581328,0.02630674,0.049153686,0.11630886,0.05331717,0.030981828,0.031379484,0.026414685,0.014574187,0.22669786,0.17004617,0.09852716,0.27837723,00011347_001.png
0.0692156,0.021525782,0.1797943,0.047510874,0.34178564,0.15596654,0.03338295,0.07056848,0.11042474,0.035445366,0.009241186,0.0144247655,0.87369657,0.019422576,00016772_026.png
0.013053475,0.017484752,0.008545675,0.014420807,0.13530202,0.038450353,0.0072039235,0.036754254,0.026512986,0.0064441664,0.93808645,0.07891935,0.009369118,0.014799431,00016270_002.png
0.028365145,0.9176264,0.042255018,0.03355063,0.022804543,0.05063781,0.0227123,0.0138083715,0.025857741,0.026568448,0.008836657,0.007899956,0.010569686,0.016779142,00004526_010.png
0.007661382,0.00695176,0.012875741,0.080967516,0.07820463,0.25147584,0.35260442,0.0242689,0.007936191,0.033301245,0.004761932,0.03900356,0.086948104,0.024588428,00013937_009.png
0.030888919,0.0103610605,0.034510825,0.9638697,0.031168176,0.409832,0.06780444,0.13257465,0.01754987,0.17472588,0.008497054,0.041022673,0.011545991,0.014093412,00011702_014.png
0.4238659,0.024772106,0.5184575,0.09262827,0.36139387,0.023094691,0.25012916,0.011987929,0.53058654,0.10893104,0.05214999,0.04336219,0.011921265,0.017627453,00007007_003.png
0.007294949,0.013829952,0.122353144,0.0839691,0.081962034,0.018808616,0.00804571,0.017865565,0.64750177,0.016025884,0.041146595,0.016964646,0.014697169,0.008325875,00008510_001.png
0.07044002,0.045574702,0.043986518,0.069914415,0.09789475,0.02930292,0.03680979,0.022678932,0.033009544,0.95163834,0.015001904,0.03865773,0.018392868,0.0144562805,00019730_001.png
0.11518497,0.008205663,0.019926345,0.014378766,0.018693091,0.03735751,0.05629323,0.008786365,0.22531226,0.027454592,0.004428643,0.023829559,0.009239221,0.012904282,00017004_001.png
0.004650848,0.008131824,0.036399454,0.29527864,0.055140603,0.0061400644,0.025712892,0.17992023,0.06085236,0.09933225,0.24594876,0.012323819,0.026861982,0.008007856,00012094_035.png
0.016329547,0.018324448,0.045068216,0.10438454,0.022262119,0.0267043,0.02662976,0.9159503,0.009752701,0.02380672,0.936208,0.039444257,0.025543906,0.011790919,00011460_056.png
0.012453582,0.012383039,0.036291987,0.012400978,0.20346066,0.78861326,0.01409958,0.072349064,0.013010678,0.015384225,0.0041276184,0.07760334,0.026865708,0.019678235,00017001_000.png
0.049902074,0.0068452456,0.012567723,0.8542115,0.06715947,0.13231932,0.23749918,0.026946029,0.08386972,0.8058132,0.0052315285,0.03354675,0.012777141,0.013967159,00013342_007.png
0.040658243,0.011858355,0.595453,0.07712869,0.05088057,0.014046131,0.107424125,0.07869214,0.015632838,0.014213816,0.038304,0.48240876,0.40384376,0.020903261,00009925_040.png
0.015974473,0.01191074,0.01468262,0.010291963,0.058243636,0.024564099,0.02735481,0.00859806,0.022376206,0.016629376,0.14114422,0.07297998,0.6606927,0.014046407,00003219_005.png
0.05128723,0.16926198,0.4146435,0.044212494,0.03279218,0.1741432,0.0733803,0.03920528,0.004484483,0.024259267,0.08444341,0.033105988,0.013186039,0.01731561,00006717_006.png
0.38565567,0.03455166,0.3087919,0.68974566,0.062244672,0.029187877,0.20529476,0.023509711,0.2431055,0.6022457,0.0320891,0.051854424,0.0906475,0.016969362,00011702_028.png
0.20479184,0.03546877,0.23607133,0.62516814,0.019097397,0.02133192,0.3382265,0.021477811,0.10641086,0.9204441,0.035732917,0.017592484,0.020052379,0.014796281,00005372_008.png
0.4049001,0.03318355,0.06262722,0.02358494,0.017734155,0.024276363,0.05263676,0.024691638,0.053184666,0.022621786,0.043060303,0.87253296,0.03891942,0.018470256,00010125_003.png
0.10226604,0.026650336,0.70396596,0.08434682,0.7502534,0.40073246,0.030461218,0.038510635,0.21051198,0.018815054,0.017507384,0.041913103,0.50014913,0.030424051,00014398_005.png
0.032782067,0.0056544207,0.012157777,0.01511903,0.018092973,0.07247436,0.02214822,0.015661635,0.021347689,0.010608829,0.005240315,0.012547933,0.0079965005,0.02007905,00003248_002.png
0.74703735,0.064597696,0.9886191,0.54798985,0.028104814,0.013516791,0.12803613,0.0062852367,0.017115967,0.04467553,0.058920536,0.032030333,0.09065623,0.1024551,00012003_001.png
0.038123295,0.014098115,0.029853275,0.9239939,0.015128838,0.1337499,0.207473,0.0211138,0.019544754,0.5521042,0.03909107,0.030734228,0.007180773,0.01213644,00014362_009.png
0.012589832,0.006355077,0.0079758745,0.036414962,0.04668344,0.019431666,0.017116232,0.025205329,0.025432177,0.01168593,0.009469334,0.024318619,0.015185098,0.01769956,00010904_000.png
0.015683584,0.010539563,0.0200347,0.19055234,0.029721875,0.024106897,0.057513215,0.018031942,0.014028319,0.008199523,0.054347347,0.93494564,0.05914594,0.010809104,00010439_000.png
0.030492391,0.017982936,0.004503691,0.02533999,0.019212628,0.07943743,0.013580956,0.028583111,0.03829673,0.013272638,0.008760708,0.042889714,0.015631987,0.016058024,00010857_001.png
0.05401062,0.005382022,0.038264465,0.005730861,0.3554647,0.051102296,0.01851368,0.15362027,0.009589741,0.013858779,0.009817268,0.02689374,0.35131112,0.01871857,00001170_040.png
0.024797088,0.012267965,0.015857792,0.43437418,0.07177081,0.05890365,0.14363317,0.012749341,0.07802778,0.8551942,0.0066721383,0.015302473,0.008532765,0.010776726,00012364_029.png
0.878488,0.680969,0.792089,0.5578203,0.056149665,0.161501,0.11717166,0.015295234,0.43843058,0.104599856,0.026936617,0.052018054,0.14292479,0.029845614,00000766_013.png
0.09217936,0.030775987,0.36417937,0.032580696,0.027050627,0.008611549,0.029543994,0.026621172,0.300514,0.8815363,0.028724587,0.012534358,0.022225179,0.013723158,00014798_005.png
0.14925669,0.008150992,0.20453662,0.018094653,0.013102506,0.008942716,0.079730615,0.02543881,0.011397512,0.027514016,0.11252996,0.27308136,0.063543655,0.093915634,00016166_012.png
0.21684045,0.01697329,0.050293677,0.55662054,0.04447992,0.033112973,0.22009686,0.029887639,0.14338574,0.6414065,0.007860216,0.0100838775,0.05529099,0.0119686965,00016291_031.png
0.8420877,0.014167404,0.16911285,0.05969801,0.22546525,0.12027771,0.06620911,0.10402187,0.046875875,0.03489514,0.02166284,0.03844805,0.8203967,0.021573761,00014919_014.png
0.007820645,0.00917784,0.0337864,0.014533864,0.053192496,0.006945101,0.010588427,0.03886804,0.18483195,0.02519713,0.007888994,0.006056957,0.08836126,0.008311183,00010384_002.png
0.11011678,0.01067534,0.009732817,0.8233814,0.017662574,0.14770585,0.036337633,0.91745174,0.017706368,0.019239401,0.012334794,0.085722804,0.20529518,0.0097871525,00018921_008.png
0.009622367,0.012762636,0.015336598,0.051017765,0.009874749,0.010587279,0.011007656,0.019444807,0.016747829,0.03078508,0.008837943,0.01024279,0.1413794,0.01075973,00011553_038.png
0.0711845,0.0097328955,0.018643953,0.5735206,0.100590296,0.042369608,0.024440981,0.15823784,0.15718201,0.018148212,0.5510925,0.035288773,0.01554921,0.009718053,00002611_005.png
0.9372072,0.04139292,0.6453654,0.3243598,0.015885781,0.01823462,0.07389906,0.021542965,0.5218976,0.05361874,0.018496402,0.017495994,0.0067729866,0.012831273,00005270_005.png
0.39937583,0.039706226,0.13190652,0.02456539,0.025761928,0.019762138,0.09823671,0.018381875,0.05052603,0.04379842,0.055437878,0.81534755,0.028743599,0.016914273,00000778_000.png
0.7558873,0.09173665,0.0150005445,0.09101363,0.09533129,0.020804437,0.045855008,0.017745132,0.010974302,0.011332534,0.078065604,0.021333203,0.04479457,0.06488173,00006549_005.png
0.12314464,0.0055600344,0.029445458,0.6688858,0.012221895,0.09576508,0.03121054,0.8590578,0.076297484,0.014683456,0.011501756,0.02642325,0.017440157,0.007343191,00015646_060.png
0.022321066,0.8874473,0.9511851,0.28259903,0.055224832,0.041788638,0.015934346,0.09893889,0.016198296,0.09596302,0.03436618,0.031459205,0.04504635,0.015937075,00000211_024.png
0.02324106,0.00703206,0.0145896645,0.039888043,0.007887949,0.00898968,0.028874826,0.02177637,0.02150929,0.037359703,0.78265566,0.036936313,0.03555267,0.010380058,00014032_010.png
0.021228217,0.006795037,0.016855009,0.88419396,0.03305665,0.52886915,0.26634595,0.04636048,0.035420187,0.06858614,0.008248076,0.22244921,0.028994381,0.012758425,00018126_033.png
0.24657692,0.02191397,0.016916744,0.006004757,0.3762706,0.30332,0.030762753,0.020059666,0.015173723,0.014002974,0.02518099,0.069735184,0.012507089,0.060319565,00015369_001.png
0.41651127,0.0063248808,0.35873502,0.70867854,0.017850528,0.024735816,0.06625298,0.07817104,0.6476988,0.5021604,0.016232153,0.0258696,0.016890248,0.0101608345,00010222_015.png
0.12842835,0.012958469,0.07044113,0.22309886,0.6315594,0.020814035,0.038107205,0.011840868,0.06443929,0.0826532,0.012785878,0.0117362235,0.01787981,0.015998552,00018610_012.png
0.017652085,0.010407768,0.0114838835,0.1248525,0.9580084,0.13928382,0.019992415,0.040366124,0.031860806,0.019933669,0.040007126,0.06560181,0.011207917,0.017475653,00017685_002.png
0.045318093,0.009459401,0.1853115,0.7138187,0.16290347,0.22106424,0.30645317,0.017987957,0.13130689,0.6825806,0.007664004,0.029375935,0.0285069,0.016136082,00010773_017.png
0.01889293,0.008643625,0.010984973,0.061181027,0.048588865,0.06801401,0.028799074,0.035419032,0.03136749,0.019116847,0.090789124,0.63184154,0.01968019,0.07949059,00015384_006.png
0.14202374,0.05836164,0.41877386,0.0312854,0.2774416,0.02313057,0.03198176,0.011984541,0.019931316,0.030852856,0.1111231,0.772074,0.07578839,0.021912804,00018044_038.png
0.0742247,0.021133961,0.19141981,0.85929555,0.013921067,0.021963993,0.17212544,0.011201763,0.11719509,0.8588691,0.04255316,0.022726238,0.013319525,0.019427937,00017405_018.png
0.4163019,0.012768971,0.4969878,0.17557418,0.037722796,0.03638672,0.016004032,0.8691507,0.04476633,0.023029238,0.20902012,0.01639045,0.06424327,0.013744434,00013471_022.png
0.09315364,0.10518564,0.5459376,0.05896463,0.117607035,0.019172829,0.010686924,0.015545647,0.18226823,0.008445132,0.0050799935,0.043873742,0.23769583,0.0131178135,00010007_067.png
0.086874984,0.017736008,0.034253884,0.436986,0.09387789,0.04396195,0.05147466,0.739048,0.04162348,0.031237645,0.6227141,0.017195644,0.14986183,0.016175343,00012087_020.png
0.0051444555,0.010383884,0.010623197,0.021203928,0.118259765,0.43353114,0.037787497,0.06532316,0.005270628,0.01982683,0.06447853,0.031304497,0.011159962,0.014263915,00001781_002.png
0.011605405,0.0066910284,0.024792984,0.46707797,0.021690957,0.1787611,0.06982228,0.10377678,0.04645645,0.1471003,0.016450476,0.109628856,0.348,0.015991736,00014022_028.png
0.034689378,0.009342014,0.006743472,0.021300294,0.19085467,0.01698001,0.016757734,0.013668761,0.4494855,0.093036965,0.007543617,0.013770651,0.03015121,0.012654096,00002505_014.png
0.014523161,0.007938606,0.018998854,0.04462411,0.036625233,0.010166783,0.014527426,0.012697254,0.01637791,0.010286933,0.77367073,0.48411012,0.014640695,0.015164048,00013837_000.png
0.09032318,0.02018117,0.10445658,0.12746292,0.67616105,0.7051596,0.07483444,0.10503382,0.503647,0.02426152,0.0065334216,0.031504806,0.025773339,0.024832373,00015440_000.png
0.10285376,0.03785928,0.9760802,0.36986247,0.024150109,0.017531972,0.03191043,0.05898435,0.1503798,0.05017499,0.0278741,0.3619526,0.08220994,0.008002142,00014813_000.png
0.023815157,0.016735569,0.018707117,0.7352077,0.035263952,0.4709403,0.030679356,0.12808092,0.019774947,0.04495851,0.020622928,0.81057614,0.08059185,0.013554077,00005577_004.png
0.13474582,0.024391571,0.06655689,0.1328113,0.15684599,0.28297356,0.011427709,0.91157913,0.029092023,0.012865601,0.6695853,0.09030341,0.028531888,0.016491277,00018366_018.png
0.07872303,0.011479522,0.022311391,0.07749196,0.040138233,0.04196124,0.0143851,0.2227955,0.012986544,0.012744937,0.9911506,0.031205233,0.056151275,0.017506292,00019238_009.png
0.13002278,0.02895599,0.024226889,0.055809584,0.1925207,0.06098061,0.10185671,0.014720575,0.05379724,0.011338695,0.3927472,0.5270178,0.05091966,0.04627476,00010315_000.png
0.017978128,0.01904712,0.0068913144,0.042032655,0.013674697,0.05612176,0.026597947,0.009615309,0.078399286,0.012527636,0.004000734,0.010936043,0.028012162,0.011869205,00010805_045.png
0.027122732,0.0056520053,0.012863905,0.04601438,0.08283872,0.0138223255,0.013359552,0.04826269,0.034845237,0.009397564,0.08347958,0.5745809,0.8395935,0.02384102,00002628_002.png
0.05177972,0.98027176,0.5694397,0.08094715,0.032988183,0.010548533,0.013169868,0.01778298,0.06684238,0.021592041,0.041678354,0.12829322,0.033727787,0.02227975,00000728_000.png
0.02564291,0.024755329,0.029901408,0.094970584,0.023240443,0.049888782,0.009032631,0.8567276,0.012828682,0.013386135,0.99083406,0.023848752,0.009920206,0.008382154,00008468_033.png
0.020572353,0.011570152,0.007695741,0.016333424,0.06902593,0.034000184,0.007588476,0.1061369,0.0065862983,0.01117606,0.9896153,0.014708229,0.0122993495,0.013160029,00016455_001.png
0.10937323,0.016334856,0.01936214,0.097637005,0.06932497,0.02389393,0.019470552,0.67855763,0.009349921,0.010575188,0.9856418,0.016507287,0.07222069,0.013427358,00017747_005.png
0.023554288,0.010826187,0.009230204,0.046414375,0.59263563,0.87772876,0.011930014,0.024933064,0.039877523,0.022862986,0.007659464,0.040974706,0.008642053,0.021844817,00012413_009.png
0.09730368,0.030889098,0.015627591,0.3530991,0.05866823,0.070871994,0.2569757,0.021708759,0.056865755,0.84368086,0.05350482,0.043511398,0.01584951,0.018086908,00007328_008.png
0.44895676,0.9651325,0.028373461,0.050983623,0.009814945,0.03733036,0.014285868,0.00796607,0.017312536,0.018775946,0.009980389,0.017531916,0.017350681,0.016032225,00013407_003.png
0.10570625,0.018843932,0.08472497,0.09481019,0.06262074,0.032734133,0.024402227,0.2967381,0.015873918,0.02117933,0.96538436,0.041434005,0.079403944,0.02881887,00020085_008.png
0.17755388,0.12379455,0.6859899,0.47728398,0.010597338,0.04221387,0.061671972,0.010038172,0.06410221,0.6499367,0.013026209,0.021727677,0.053059433,0.042238947,00017124_004.png
0.011099208,0.007947996,0.0042175283,0.013914529,0.0363737,0.104271695,0.018870257,0.013311977,0.019037165,0.025287716,0.007818041,0.018624438,0.015443219,0.013850141,00009185_003.png
0.48237482,0.43627444,0.049616087,0.19755997,0.02604252,0.068915606,0.01450662,0.009040745,0.47600687,0.108413585,0.008634928,0.0647899,0.034634046,0.021611376,00014871_006.png
0.6833577,0.014238018,0.13340771,0.31822312,0.0825535,0.057464104,0.15742128,0.3030127,0.21900035,0.030582413,0.9325558,0.026538128,0.030916244,0.013904301,00016064_017.png
0.014566061,0.005183589,0.036182914,0.0064187082,0.037442293,0.00911716,0.025346586,0.0054587335,0.045566846,0.020284418,0.021813428,0.010954022,0.013983106,0.008725582,00015572_003.png
0.030819144,0.013521104,0.016054753,0.07352731,0.014717283,0.033490777,0.034954652,0.049846917,0.01998313,0.01661783,0.12787405,0.8882184,0.052189425,0.016050393,00000204_000.png
0.2601903,0.2757209,0.51556265,0.15148985,0.04594219,0.74662006,0.16558817,0.010787478,0.022481898,0.017932614,0.018244041,0.048287377,0.024455074,0.033159897,00013894_052.png
0.02040406,0.004701917,0.01431895,0.016493473,0.109775886,0.045800682,0.03640789,0.019977808,0.008421869,0.009724787,0.0060502025,0.23032616,0.34550938,0.018966034,00009431_000.png
0.16375405,0.027854128,0.0645324,0.21252796,0.01989604,0.03131407,0.012869454,0.011503604,0.4629835,0.30737376,0.0073639886,0.011300848,0.033213742,0.0143601345,00011966_012.png
0.03999806,0.93527055,0.1981043,0.014440393,0.032459807,0.025158321,0.027663695,0.044505302,0.034738455,0.017308196,0.18452434,0.088497564,0.021161098,0.019312358,00004822_051.png
0.011574051,0.015961055,0.023357954,0.010235508,0.019923434,0.014762136,0.009780994,0.020886796,0.013591194,0.017942214,0.030379971,0.35369128,0.43492413,0.012685694,00015557_004.png
0.012601894,0.009792403,0.0066234423,0.018540516,0.027254047,0.01860391,0.01472382,0.010884925,0.011450036,0.0076565077,0.027397217,0.93644774,0.03785605,0.009674642,00000552_001.png
0.026990635,0.013376176,0.013294414,0.13547438,0.74939346,0.85764986,0.014173412,0.043077942,0.07227995,0.037890594,0.011427687,0.03044278,0.011124089,0.024259595,00018213_000.png
0.0054032416,0.030922083,0.004484181,0.01285871,0.021019466,0.0318599,0.011123601,0.03462932,0.037884034,0.016906518,0.00819431,0.010200212,0.027173845,0.008312963,00019088_000.png
0.07961357,0.06957287,0.022112045,0.5333089,0.15037623,0.7965783,0.052300356,0.061328363,0.030437531,0.028373124,0.030608365,0.30500674,0.026212927,0.02570078,00007700_002.png
0.019057326,0.0135682495,0.0309306,0.9719757,0.23531362,0.028397137,0.60375166,0.021153515,0.0831638,0.15278856,0.09391101,0.03512015,0.030231142,0.005503352,00017236_089.png
0.02996564,0.101653226,0.20714658,0.8460384,0.04623377,0.07846658,0.049710665,0.023874817,0.25294784,0.039334383,0.025196608,0.033565514,0.27230015,0.0129383225,00012609_007.png
0.025349172,0.015847124,0.025382975,0.62873966,0.024540354,0.04076865,0.036544226,0.8294727,0.027824257,0.019073855,0.8776086,0.020093814,0.019175809,0.0077820015,00002275_005.png
0.02987773,0.007823758,0.005399005,0.0045986325,0.024864897,0.064319365,0.066592775,0.008843199,0.009752798,0.03325606,0.09458195,0.05067776,0.017549107,0.020915313,00009878_000.png
0.05001416,0.0045632604,0.09050057,0.16457973,0.15263294,0.018023891,0.5536429,0.0040261555,0.04332826,0.01444644,0.0071452176,0.10817748,0.054806806,0.016706623,00006188_001.png
0.11283489,0.24221437,0.044667926,0.64578503,0.024440063,0.042607494,0.030530296,0.017269382,0.6320039,0.36516988,0.017448893,0.018945523,0.0078217145,0.015466318,00018187_030.png
0.03260471,0.008156843,0.008975345,0.01235381,0.051520053,0.030032955,0.009008765,0.16836959,0.010962863,0.009478015,0.014876195,0.032551207,0.023663437,0.00916497,00003337_004.png
0.072581515,0.025929317,0.013587651,0.016215274,0.09982206,0.14947847,0.060389224,0.3134675,0.023550099,0.008027426,0.015407464,0.0379552,0.018469028,0.2470057,00001328_000.png
0.11784343,0.013352823,0.017420687,0.07815699,0.0755278,0.017670691,0.32218334,0.01137323,0.019543849,0.0116410665,0.03132626,0.7752097,0.14440382,0.020255215,00012245_003.png
0.014137107,0.009295976,0.012174012,0.082526736,0.023115292,0.014095014,0.0267545,0.1809226,0.021958282,0.007576933,0.13291919,0.38161516,0.09038095,0.009011294,00019233_004.png
0.535103,0.04959444,0.036156315,0.015988525,0.019981168,0.5273069,0.30111694,0.019087251,0.023453332,0.020312795,0.0057163616,0.009456998,0.015445762,0.027225917,00005372_025.png
0.08909119,0.016534666,0.01780744,0.12584494,0.028636383,0.039895374,0.03007185,0.016916681,0.6282197,0.03288802,0.012888701,0.024602443,0.1806149,0.014791661,00009621_007.png
0.34731364,0.84395355,0.14799671,0.55063486,0.016914587,0.04494235,0.09524464,0.007962258,0.50345045,0.054891497,0.009055037,0.029769095,0.029621346,0.017426198,00010897_010.png
0.025330588,0.74879766,0.07833293,0.0423473,0.0071170707,0.013712804,0.017751044,0.018277977,0.0139806215,0.013541561,0.079507925,0.036557138,0.114486486,0.016715093,00010095_000.png
0.01557286,0.2717311,0.49864945,0.76587796,0.067286156,0.020642677,0.011542797,0.015560732,0.3034544,0.47210532,0.012749599,0.017641272,0.0049490007,0.014706653,00018187_028.png
0.070308015,0.01178033,0.023493629,0.11372896,0.029191215,0.01801602,0.02356895,0.020639608,0.01573208,0.013899359,0.044572826,0.94064057,0.024359712,0.015367231,00005203_000.png
0.28031552,0.942756,0.14026211,0.53703797,0.03185103,0.01610972,0.111595705,0.015136329,0.07077397,0.052550953,0.038583532,0.036417253,0.012219512,0.022223936,00001582_023.png
0.017058497,0.03442713,0.1076205,0.61885864,0.012261598,0.411499,0.03982178,0.030908694,0.10168947,0.026515583,0.010766255,0.037961073,0.886551,0.010615131,00016244_005.png
0.030072331,0.008629513,0.050493706,0.94469094,0.19846612,0.45930028,0.27586952,0.034789942,0.030307144,0.056170546,0.008017203,0.04703599,0.012382012,0.011267232,00008745_030.png
0.21743265,0.034425452,0.008380116,0.07227592,0.024279123,0.030523956,0.010817836,0.009118284,0.036714017,0.016411098,0.013994287,0.9639301,0.028957097,0.019088665,00000901_004.png
0.7290905,0.09401276,0.36970675,0.17591536,0.112661384,0.045464307,0.012601629,0.024697628,0.56113285,0.25479,0.02460669,0.045120716,0.02131314,0.018809183,00002763_006.png
0.7652889,0.025966467,0.08481337,0.15008049,0.069610275,0.025090767,0.015935505,0.6250668,0.102508366,0.026786936,0.81551975,0.03064765,0.06946348,0.025183687,00013052_008.png
0.11071493,0.05326879,0.87324643,0.13311589,0.05824515,0.125641,0.2840273,0.006063166,0.053480662,0.050554965,0.0043220213,0.013632906,0.019740926,0.025961252,00017846_005.png
0.010699222,0.011549371,0.021098556,0.05605697,0.0174917,0.01872953,0.03305966,0.014324732,0.0913542,0.8718892,0.0074806763,0.017584551,0.01445461,0.010558776,00018867_038.png
0.19590789,0.0162954,0.024059778,0.0476451,0.04498605,0.06943308,0.014052716,0.41349867,0.018933898,0.045984134,0.98650265,0.019210683,0.025372207,0.024522569,00014731_015.png
0.35757396,0.039394815,0.63154364,0.25332698,0.0112608485,0.022957793,0.008559467,0.017859457,0.51979494,0.7737233,0.015727416,0.03209981,0.018675758,0.02432509,00009892_015.png
0.009257808,0.0049049747,0.030252267,0.03064247,0.136201,0.031945545,0.016335668,0.107201554,0.034432005,0.09655935,0.0049426593,0.013029371,0.02602011,0.012861351,00004065_008.png
0.22142205,0.078915454,0.03210176,0.03584859,0.010012309,0.18373919,0.02493498,0.08500546,0.008032925,0.014087271,0.0088964375,0.032001458,0.40383345,0.02994176,00006047_002.png
0.0068625463,0.008044126,0.005228906,0.0038596292,0.008265693,0.009077267,0.011493377,0.006670944,0.012885939,0.012933853,0.0049040373,0.010107338,0.014772633,0.011290868,00002214_002.png
0.3933472,0.070258446,0.1502562,0.1635653,0.023035252,0.01695703,0.06565979,0.012319576,0.012627754,0.024691403,0.08591792,0.79970163,0.0198213,0.032003373,00003996_011.png
0.5618488,0.011354084,0.032951128,0.6033179,0.082101904,0.32199234,0.08976172,0.03234206,0.056532666,0.6724719,0.011789359,0.01822717,0.0068738717,0.027811598,00011291_004.png
0.20868942,0.051196355,0.13238634,0.408628,0.02733679,0.0308364,0.014530669,0.01038953,0.36751527,0.63956493,0.011221327,0.04906289,0.025831036,0.026645245,00017504_035.png
0.05612505,0.023469482,0.022785492,0.40524077,0.03422423,0.023319684,0.020917412,0.6020459,0.0197243,0.010518693,0.97862864,0.02721613,0.019910105,0.009830928,00015530_059.png
0.008040745,0.0204817,0.2464047,0.13429388,0.018013362,0.04929632,0.0068954546,0.0089789005,0.22339952,0.12821619,0.013604662,0.027034424,0.016748535,0.011734919,00006271_004.png
0.04343245,0.009518749,0.07085282,0.86940145,0.0398044,0.054332074,0.118860215,0.07610523,0.026424611,0.88116556,0.01179456,0.05402916,0.023292832,0.015008226,00016696_003.png
0.024642525,0.008725854,0.0075331214,0.03699995,0.023556404,0.025401054,0.07187248,0.8801017,0.010975782,0.015467643,0.040761705,0.017319951,0.01317983,0.008481954,00011460_044.png
0.5459981,0.020340376,0.0753468,0.095423765,0.044971153,0.0070235785,0.123260416,0.08646627,0.010480285,0.014223768,0.6497379,0.023889529,0.52707756,0.026398493,00014358_017.png
0.8046108,0.0075498885,0.076247156,0.11374956,0.02059977,0.011399504,0.10309822,0.25235248,0.027413964,0.018626036,0.81980747,0.033376575,0.028661953,0.018106729,00015848_003.png
0.04050853,0.009303409,0.0372014,0.13189633,0.017095907,0.015243603,0.056124352,0.013271977,0.81501794,0.13108143,0.008467113,0.011010865,0.020134142,0.011655038,00011672_002.png
0.25712964,0.010549986,0.72264415,0.14269541,0.13377857,0.012645693,0.032882757,0.09466852,0.26895702,0.031502463,0.8712738,0.021153262,0.043636464,0.013003166,00008561_006.png
0.49038303,0.013200108,0.6865703,0.33913666,0.8286274,0.03881485,0.013736009,0.10057056,0.0865118,0.014150871,0.015561724,0.072784,0.18024379,0.019312583,00018427_004.png
0.14460883,0.012920789,0.07959703,0.7827786,0.01639414,0.041342158,0.24386804,0.1597438,0.29601058,0.36704102,0.008508498,0.01642525,0.01962496,0.0094164265,00012620_001.png
0.017475097,0.012873687,0.023689052,0.008172373,0.27490345,0.0076391483,0.015185776,0.008872973,0.028766204,0.009327908,0.0051859454,0.010746643,0.029693713,0.009427446,00011886_001.png
0.5193444,0.0041467496,0.036451176,0.12584189,0.016984109,0.019652633,0.029796107,0.058968548,0.14314729,0.05669265,0.6189976,0.02445229,0.021009604,0.01198863,00011808_011.png
0.074862026,0.0259311,0.13122922,0.9432221,0.35232475,0.061199773,0.20621495,0.030142106,0.22044566,0.028983805,0.0083889095,0.04338961,0.576041,0.009608763,00002785_001.png
0.10519262,0.009042347,0.017305026,0.17235085,0.13599941,0.6749012,0.03761837,0.15394941,0.015103588,0.013849926,0.009233785,0.020562725,0.013421964,0.02409056,00009237_011.png
0.019079847,0.01813187,0.011811022,0.019330926,0.009024913,0.008210338,0.04093166,0.005644729,0.06395862,0.030543793,0.006624929,0.010664609,0.04194978,0.013034715,00017504_017.png
0.2863352,0.8351716,0.20288268,0.034407996,0.05082521,0.04378754,0.043804284,0.014333082,0.040543213,0.011547879,0.04692689,0.01496027,0.06404069,0.016490627,00003361_007.png
0.027902009,0.011831531,0.02153147,0.08005434,0.05366343,0.021165632,0.0139257815,0.20048317,0.042451978,0.010195837,0.5013892,0.2764859,0.5576826,0.027031478,00011683_040.png
0.21271788,0.013068059,0.04918919,0.63494134,0.3737312,0.082421586,0.074949294,0.07468755,0.23971318,0.018488884,0.03715986,0.018144552,0.025897132,0.010110182,00003426_018.png
0.102737084,0.0132561745,0.18606433,0.10110942,0.032134697,0.024152305,0.012153432,0.95354563,0.05677861,0.026560005,0.4682854,0.03163562,0.056946088,0.02340067,00000090_005.png
0.023049038,0.011459697,0.005503459,0.10939613,0.043943685,0.009398927,0.015341926,0.024294937,0.049332824,0.005436928,0.040585008,0.018214367,0.25239685,0.009097422,00009022_001.png
0.1042787,0.028252088,0.85120505,0.53730947,0.25525057,0.10094737,0.18637973,0.04962198,0.07526965,0.036796547,0.20187417,0.21568592,0.5309621,0.024102481,00018860_034.png
0.008721647,0.009700874,0.009677448,0.0042955927,0.018010708,0.07626691,0.006731732,0.07704773,0.00718813,0.008027243,0.028348984,0.033529807,0.008494322,0.011400107,00004458_002.png
0.02133283,0.10632866,0.030844659,0.19102873,0.07207224,0.15730983,0.042300843,0.011325676,0.025074974,0.0062217796,0.010357985,0.015120926,0.18280672,0.030988157,00019550_004.png
0.79756844,0.008287423,0.013353345,0.034197677,0.028510189,0.028538134,0.1558789,0.026527587,0.18089812,0.11552284,0.0051508634,0.025744827,0.011686024,0.0114841815,00006653_030.png
0.44536674,0.02438999,0.91382486,0.07688225,0.013553935,0.009663894,0.018209826,0.033188473,0.3266932,0.35277873,0.032129705,0.010150347,0.07293827,0.012080651,00009348_000.png
0.040820662,0.011411318,0.024588536,0.71211684,0.04540904,0.18304123,0.12819466,0.08612759,0.47644365,0.058268692,0.008006925,0.023535289,0.028846204,0.01267783,00010773_022.png
0.014968078,0.015522095,0.05417419,0.28084528,0.02048835,0.030834673,0.032516245,0.011197295,0.034167837,0.9849413,0.00524515,0.014090258,0.010050594,0.00807928,00016399_011.png
0.012078351,0.43071496,0.033979956,0.043348193,0.015991535,0.07200023,0.020816071,0.005285639,0.011201758,0.004531251,0.0030057759,0.013905713,0.03755006,0.02919393,00007485_007.png
0.62817794,0.13154921,0.027807975,0.13220738,0.29371902,0.07111274,0.030490816,0.034871016,0.05021557,0.017561624,0.010055102,0.28702828,0.11791855,0.03633313,00004822_033.png
0.006384729,0.013132068,0.00975208,0.010991487,0.018490175,0.037341744,0.008567297,0.009637802,0.020374388,0.008836097,0.021743678,0.0787771,0.033834524,0.015046854,00002954_006.png
0.39885557,0.027933318,0.053654455,0.8778629,0.31702265,0.08021985,0.1198035,0.016449535,0.32175773,0.11771605,0.010506313,0.0669436,0.14443994,0.016849179,00009608_038.png
0.029438527,0.004585004,0.006990569,0.089545175,0.21656871,0.025780413,0.11234684,0.02125665,0.029640514,0.012521745,0.024756387,0.14149684,0.52883697,0.011938297,00015826_036.png
0.032383434,0.01928932,0.040113736,0.039698765,0.026915146,0.11530635,0.010381851,0.6452293,0.019164955,0.02052303,0.9834937,0.05962752,0.036298644,0.015663465,00020195_016.png
0.010320903,0.012350279,0.05862212,0.03051496,0.027716465,0.6500831,0.024059018,0.03366793,0.014645478,0.08187343,0.0072573824,0.07059056,0.24244243,0.015044282,00014332_013.png
0.1428678,0.016530456,0.02421636,0.07836429,0.20503624,0.6989636,0.1403002,0.008563693,0.08245282,0.035516907,0.0036042759,0.016323742,0.018354198,0.02802264,00015799_028.png
0.035705205,0.017390555,0.16471846,0.59521705,0.00719171,0.029549748,0.035655785,0.005380276,0.3051349,0.94854546,0.008698217,0.016597124,0.009672961,0.019142663,00016490_028.png
0.030847766,0.9761716,0.12821774,0.03617416,0.012836221,0.013777231,0.021250093,0.011554663,0.03401085,0.057382517,0.014618616,0.027883323,0.028246492,0.016318988,00006875_028.png
0.39110774,0.0070074704,0.03957153,0.020099653,0.026153008,0.020801954,0.11070248,0.012728304,0.036077376,0.011779174,0.03952901,0.7921346,0.018275084,0.02976136,00017776_000.png
0.022264594,0.013593705,0.035373792,0.028502008,0.023722332,0.032851044,0.014432157,0.6871428,0.016418789,0.019247437,0.81649566,0.108932085,0.08517936,0.01933111,00012144_029.png
0.08904839,0.014214578,0.026562946,0.04488448,0.0290246,0.023332056,0.0068561602,0.013341156,0.025355447,0.01544171,0.04733007,0.97466487,0.019599393,0.0121490415,00009378_011.png
0.020194912,0.066886745,0.009370543,0.5860702,0.021568472,0.47193295,0.10926521,0.017133921,0.009491863,0.08861077,0.009019329,0.018583497,0.009061436,0.01358624,00004469_001.png
0.008017973,0.02240318,0.019130979,0.18825163,0.05397523,0.39834458,0.06980045,0.009193738,0.012094756,0.08883731,0.0029436883,0.017827386,0.22581415,0.014593477,00018027_009.png
0.106598124,0.008787499,0.045799125,0.0184927,0.0146165425,0.019758778,0.034949727,0.0822165,0.015993688,0.011909719,0.192688,0.7775839,0.060254816,0.017491003,00014022_069.png
0.6248061,0.029698456,0.062401924,0.025293306,0.4205607,0.03231584,0.030646557,0.011474371,0.24741966,0.06688237,0.01607211,0.060327407,0.116372705,0.028278172,00000979_005.png
0.17170528,0.13160059,0.21123941,0.061535645,0.06247829,0.04282123,0.049165845,0.010736459,0.7285087,0.7284922,0.014581982,0.02617955,0.035995457,0.025592247,00015572_006.png
0.08370011,0.022866283,0.024870148,0.021821655,0.023504686,0.014837712,0.06291281,0.011500622,0.0072561176,0.01615921,0.050448067,0.4100784,0.3107655,0.07248114,00006441_000.png
0.07509035,0.01420635,0.027474958,0.11221291,0.042970844,0.01569049,0.07546675,0.03617165,0.012207662,0.0691508,0.0064381855,0.018300822,0.41308224,0.01949741,00017755_002.png
0.06529101,0.019687574,0.019536769,0.019778475,0.03948817,0.06646171,0.008779237,0.41733265,0.009844148,0.01514937,0.98144287,0.027567817,0.1339511,0.021651855,00001248_021.png
0.011566509,0.006561249,0.006643973,0.01693066,0.03814333,0.16882707,0.010928145,0.014105064,0.017739821,0.015401952,0.013818836,0.016021207,0.059628427,0.014416423,00001850_001.png
0.01753397,0.0069668433,0.04625147,0.26916558,0.026492447,0.17863621,0.03223687,0.017568355,0.027099,0.92431504,0.0063805594,0.012061487,0.0105945645,0.013850577,00010308_018.png
0.047965888,0.026873073,0.7543373,0.27666017,0.05352263,0.014594883,0.009730562,0.019054683,0.69717824,0.070872106,0.009696843,0.009449626,0.08999345,0.009359112,00010007_021.png
0.14081942,0.006523411,0.35616094,0.032517675,0.10168377,0.07654249,0.015589727,0.32939187,0.01351938,0.01579438,0.005049734,0.012469021,0.02497835,0.009441635,00018610_046.png
0.069402,0.032894712,0.010459621,0.033130366,0.14333768,0.11617247,0.021530587,0.39452603,0.024199441,0.0170924,0.6721358,0.03265865,0.02083155,0.020113332,00007520_001.png
0.038880564,0.9504368,0.5493596,0.051315404,0.010848898,0.02550799,0.020902345,0.008688897,0.032510784,0.0234528,0.014259463,0.0142177865,0.17044926,0.016961435,00010949_005.png
0.0380086,0.0068556303,0.010939428,0.0053875283,0.11788713,0.023665072,0.014125196,0.014288152,0.011077869,0.021260602,0.004379385,0.016748456,0.044937488,0.018027822,00006714_004.png
0.020427018,0.06890947,0.0270756,0.015629493,0.039600585,0.008707999,0.032906167,0.008763181,0.08137688,0.2648294,0.0082395915,0.009266459,0.05439819,0.012618043,00013249_030.png
0.13657776,0.01109227,0.104383156,0.022436405,0.51151973,0.20124689,0.038502015,0.022238562,0.031864394,0.009231386,0.0042689415,0.4170502,0.4517015,0.033831984,00014716_014.png
0.021722134,0.008362937,0.13079616,0.46694058,0.06773834,0.018680241,0.025748434,0.009109586,0.87405497,0.089507304,0.027009955,0.0108227,0.014929389,0.010648149,00015606_031.png
0.751934,0.024152514,0.06281966,0.14530003,0.14840062,0.040846184,0.11802927,0.012542204,0.06726321,0.035153363,0.0055040075,0.017412625,0.14445777,0.019269615,00019967_008.png
0.026813274,0.041523002,0.005752752,0.004848089,0.0046726833,0.00950383,0.01623919,0.007919308,0.030942012,0.039418723,0.009132189,0.012615537,0.012503675,0.011603934,00015774_000.png
0.49525914,0.8965444,0.20723833,0.15245077,0.016800953,0.07384309,0.08050951,0.008980581,0.38223544,0.0395135,0.020122658,0.049940567,0.083512716,0.03087031,00001373_031.png
0.11651512,0.010114778,0.36228576,0.39023423,0.29360816,0.03846772,0.16982344,0.23976675,0.1057139,0.5211885,0.067166924,0.019508842,0.043912925,0.0144268675,00016821_001.png
0.009890413,0.048102066,0.008123529,0.012404272,0.006787228,0.0073258327,0.014392045,0.0071879597,0.022681875,0.0066669225,0.0103353495,0.011952737,0.016996786,0.014715701,00013615_014.png
0.46001697,0.06368035,0.14949411,0.08249108,0.2743302,0.049436245,0.011312975,0.020273725,0.040382348,0.017503137,0.010740754,0.020351501,0.011111,0.0151918465,00011164_007.png
0.06503915,0.03923993,0.011623738,0.03209395,0.09149685,0.91254574,0.020368159,0.017501684,0.021014752,0.0058276625,0.00750506,0.054647096,0.007257499,0.02844554,00003503_004.png
0.024221445,0.006478475,0.022877362,0.048828527,0.01744389,0.009342195,0.023806538,0.6036658,0.07078974,0.03448847,0.009224445,0.008713966,0.037628237,0.008421403,00010384_023.png
0.013319549,0.060687978,0.0036906465,0.011099621,0.008585813,0.013756074,0.013864658,0.009614791,0.008084704,0.008030817,0.006591842,0.014979366,0.010937864,0.01534128,00003228_003.png
0.011658932,0.014805988,0.090875186,0.90024936,0.07593411,0.122321546,0.08829938,0.023307798,0.08133669,0.10256261,0.004442403,0.16394632,0.33704945,0.0125473365,00009479_003.png
0.019694563,0.0074563227,0.020165341,0.0101155,0.20198378,0.024532424,0.00877596,0.21711351,0.029473169,0.013306196,0.028913297,0.031920407,0.015352259,0.009623494,00016839_000.png
0.06557773,0.03665378,0.025069186,0.24563316,0.04087281,0.07123616,0.02426296,0.8748482,0.012991409,0.025744744,0.9743326,0.013414957,0.017115839,0.013510237,00017603_022.png
0.53654647,0.20411661,0.93629944,0.13147949,0.023266815,0.05055866,0.033048876,0.0067861513,0.2783354,0.45212838,0.01504032,0.011830717,0.029358933,0.019845014,00006808_020.png
0.018497635,0.7109568,0.28784734,0.089902066,0.010940289,0.06863334,0.027904486,0.017459655,0.020044243,0.0080868155,0.014072999,0.01194861,0.010226912,0.01411224,00012470_015.png
0.045896012,0.012931497,0.018040055,0.9209348,0.0068722866,0.08373148,0.17974506,0.03367741,0.114774555,0.1976598,0.013780309,0.0207818,0.023654822,0.008139332,00018126_016.png
0.016569486,0.010719592,0.0038554221,0.0065999655,0.015170622,0.0063469824,0.009977087,0.008629137,0.035146866,0.008033278,0.009007391,0.014424854,0.009559025,0.011015057,00009912_002.png
0.039436188,0.008991656,0.16642727,0.06904755,0.011912974,0.0059519378,0.00790504,0.04761507,0.007989529,0.013220221,0.992747,0.010226261,0.018244982,0.010108583,00019242_014.png
0.26652825,0.039944466,0.5330084,0.2284626,0.024602951,0.019346237,0.092366815,0.014667637,0.25784293,0.3885613,0.061708145,0.025167745,0.27229646,0.04229278,00010380_003.png
0.1722372,0.020061033,0.0068164747,0.036659006,0.022364553,0.08185813,0.037208352,0.3001399,0.058002666,0.027620802,0.8052993,0.019947316,0.033768114,0.024540346,00016410_053.png
0.022139102,0.016755747,0.06429658,0.0033844619,0.014459323,0.007337865,0.012479452,0.027297061,0.008068083,0.014240856,0.5601732,0.033342965,0.034824435,0.025655236,00009845_013.png
0.017205535,0.014994937,0.0448625,0.06714339,0.032035206,0.019389102,0.36232796,0.021811698,0.010829206,0.013393781,0.19284326,0.3560118,0.022075735,0.02182863,00006535_003.png
0.0469298,0.1872405,0.0096959965,0.032659754,0.008160092,0.011084343,0.021114066,0.013805397,0.010222787,0.016375283,0.025089154,0.0071593104,0.011582394,0.01465413,00013249_045.png
0.010561815,0.005877908,0.031869177,0.104554504,0.14046101,0.031376112,0.071863286,0.023265475,0.027651956,0.010117491,0.0640943,0.07054863,0.6932213,0.009954984,00007514_011.png
0.018817734,0.6243808,0.14188917,0.017067477,0.10580005,0.049363375,0.056554954,0.0075788405,0.011115721,0.0140200425,0.029290421,0.041660372,0.1996482,0.044573363,00005090_000.png
0.05144688,0.027195113,0.18361203,0.060444195,0.06560166,0.03805696,0.007416611,0.85025257,0.010829931,0.016248189,0.96420616,0.050013818,0.06307103,0.019479236,00002359_009.png
0.018309087,0.005747245,0.010374901,0.025987528,0.022988234,0.014791264,0.029689526,0.023483299,0.08931255,0.055139408,0.0723879,0.01323496,0.1254208,0.01048401,00010723_003.png
0.7544536,0.0060341,0.08274967,0.03726965,0.036559105,0.011431765,0.017565878,0.1669933,0.07865496,0.018151674,0.9774529,0.01322098,0.012880277,0.013310398,00014018_006.png
0.23605497,0.027844489,0.043993022,0.026895646,0.05139563,0.011332795,0.052857462,0.012856181,0.025435958,0.018096315,0.08552509,0.76007646,0.2915492,0.031038698,00014546_013.png
0.17885756,0.011266397,0.00843954,0.013286153,0.09798366,0.039555136,0.039865587,0.023912765,0.010649717,0.01755409,0.05743753,0.24056634,0.036250304,0.0116268,00018003_001.png
0.009198629,0.009632346,0.011493491,0.017686086,0.020455794,0.46176106,0.01084589,0.013252022,0.010299353,0.012395623,0.009397614,0.028540239,0.019834513,0.014070988,00005497_008.png
0.0024330171,0.005059914,0.0046529826,0.17133766,0.03350209,0.070858724,0.0069661997,0.025116557,0.08786932,0.0044818865,0.00406717,0.16434354,0.08156325,0.0077604987,00000508_000.png
0.01640504,0.01047513,0.016183425,0.010566963,0.020754993,0.011710154,0.049028147,0.0128019275,0.008800375,0.016513688,0.6215858,0.27313006,0.038711328,0.014856341,00004924_000.png
0.3486159,0.17054322,0.975474,0.07931923,0.06415772,0.09801725,0.025716186,0.05772243,0.13801105,0.045516867,0.050163615,0.04968838,0.026313573,0.012137116,00001558_018.png
0.042000998,0.26002514,0.016893651,0.012230061,0.014319771,0.034701474,0.0073895613,0.096048936,0.03266605,0.03699481,0.027104368,0.014818493,0.014831021,0.023355033,00002090_005.png
0.06838709,0.124069646,0.021704834,0.014199659,0.030610252,0.4431664,0.009922403,0.023035403,0.018171422,0.032048013,0.021214461,0.19425559,0.007970312,0.030707669,00014296_003.png
0.105214104,0.33387658,0.029303076,0.07489858,0.009395457,0.014833036,0.014315187,0.013680222,0.04040532,0.028220633,0.011624965,0.019220002,0.10668842,0.051593,00013249_029.png
0.029576305,0.008776247,0.08340162,0.05743633,0.03031022,0.056311585,0.017413123,0.97546786,0.011498698,0.012097986,0.017653441,0.01686466,0.018930338,0.008856772,00003611_005.png
0.52604955,0.050577983,0.24670711,0.0069987997,0.1312637,0.06356529,0.21047388,0.015557326,0.09356677,0.04623261,0.0077995835,0.012902429,0.051523447,0.022553539,00013950_005.png
0.24082044,0.02445482,0.6863705,0.0046964614,0.12629963,0.040692773,0.011260668,0.012084173,0.05448567,0.020894147,0.007472984,0.009371296,0.058350883,0.01563024,00018562_007.png
0.015262104,0.023676896,0.004854544,0.007923415,0.1551381,0.056024957,0.0069859033,0.009324533,0.0159097,0.028267238,0.005856331,0.0115258405,0.0122101335,0.011960614,00008807_000.png
0.13832562,0.008341503,0.016876508,0.012551083,0.09632197,0.93633956,0.022292245,0.016577002,0.0086160535,0.0091536455,0.0085876975,0.01317864,0.009340594,0.03063258,00008504_000.png
0.5064699,0.9651521,0.04386751,0.16790365,0.013514363,0.035551213,0.03271173,0.00700756,0.018438246,0.07313078,0.012882446,0.04470021,0.031124879,0.021292752,00012992_001.png
0.018894674,0.0049105124,0.014429491,0.034840368,0.05225381,0.005787735,0.0071495483,0.27852347,0.04031495,0.01541295,0.015694005,0.02280684,0.038992915,0.009144252,00009218_012.png
0.036257636,0.013655056,0.71498215,0.037217245,0.6673488,0.2418723,0.03249722,0.028856002,0.024743991,0.0074054883,0.008367047,0.033951204,0.8785884,0.022515254,00010148_001.png
0.2465729,0.0066578845,0.03567563,0.0152724255,0.14010546,0.06036304,0.10458596,0.007862172,0.009028987,0.044473205,0.033230208,0.030532658,0.010066557,0.025139032,00005260_000.png
0.50674886,0.11710945,0.3847455,0.848088,0.060507838,0.009232816,0.4882455,0.07180881,0.013086978,0.015727306,0.04645012,0.057526283,0.09815728,0.026733615,00019646_002.png
0.075906545,0.014922469,0.035822354,0.78983885,0.021970889,0.014683592,0.06725742,0.93407655,0.010609253,0.020561429,0.36083013,0.018558688,0.15292649,0.008734511,00018921_036.png
0.43890625,0.08375967,0.5390148,0.6849967,0.04096121,0.01570141,0.79673123,0.02862677,0.1777071,0.2613579,0.034167938,0.026721966,0.15935087,0.016236853,00000766_027.png
0.03180109,0.01427651,0.025448114,0.09727894,0.057375517,0.0482111,0.03181585,0.011129162,0.008354845,0.007486028,0.013988426,0.8674021,0.015971407,0.018411746,00007552_000.png
0.028051306,0.016133387,0.5336917,0.8994474,0.015433158,0.055505175,0.10722515,0.0059297928,0.035387103,0.80087113,0.0061210403,0.013635027,0.011826342,0.015339155,00008068_016.png
0.06358665,0.007955289,0.019444153,0.0061453343,0.06731653,0.017956186,0.045905564,0.15176101,0.018549453,0.026145287,0.094696954,0.013927411,0.6291465,0.02014257,00003945_007.png
0.2863585,0.01339067,0.115605816,0.014784852,0.22931741,0.025439205,0.02023463,0.032750368,0.016087063,0.010564735,0.01568112,0.69665885,0.627981,0.019220699,00007451_002.png
0.014876893,0.010338539,0.0061228736,0.005947335,0.0066454425,0.01295903,0.011065344,0.010472504,0.009110559,0.008868642,0.012771308,0.009079399,0.015103622,0.017096356,00018614_001.png
0.027774826,0.036961675,0.0378684,0.1635692,0.01894469,0.048843764,0.018864386,0.27995482,0.014303121,0.013607408,0.98717904,0.013462796,0.0089153135,0.015996914,00005681_025.png
0.042628463,0.010067807,0.13219191,0.812454,0.032085694,0.045828894,0.09718928,0.1892938,0.016034767,0.5489039,0.024887936,0.03991517,0.0708519,0.011589346,00005680_002.png
0.014694298,0.035476483,0.05414206,0.08833024,0.015940456,0.010464128,0.022747478,0.012830451,0.16563924,0.95474076,0.009308012,0.012984898,0.013040366,0.011341155,00012863_004.png
0.0145372255,0.011532661,0.005220388,0.05662706,0.05532041,0.017330628,0.013003099,0.7224533,0.016758464,0.006632779,0.49269676,0.024029281,0.028626485,0.0157209,00015530_093.png
0.03977065,0.04225554,0.019827748,0.069186606,0.023094874,0.0138988495,0.04852347,0.2466377,0.008764962,0.0076714265,0.87893057,0.011857713,0.03359394,0.015086247,00002843_008.png
0.016421353,0.0055171037,0.004369682,0.0042117764,0.27408925,0.008607943,0.007884998,0.00950427,0.011636327,0.007883689,0.006792518,0.0063844025,0.0064362544,0.009984127,00017035_001.png
0.011131,0.0040706173,0.0038160325,0.006037782,0.3466883,0.02145243,0.008747095,0.008388477,0.009957432,0.009488885,0.034424007,0.015888853,0.04934087,0.011843563,00017234_005.png
0.31435993,0.038722012,0.26689476,0.029802393,0.046808224,0.05201452,0.04320716,0.03268381,0.12952109,0.8271019,0.013086571,0.021185441,0.081135266,0.019767098,00016376_003.png
0.05906438,0.031127417,0.018406121,0.84246945,0.10363153,0.08056088,0.04014282,0.01982099,0.038780432,0.03199897,0.016585492,0.86907166,0.04613327,0.014750239,00002991_001.png
0.029514449,0.005930327,0.013647185,0.09731589,0.15695418,0.056896463,0.13898642,0.025052615,0.009036201,0.010990093,0.008056849,0.5613854,0.39208785,0.035636634,00000316_000.png
0.13559692,0.0049836147,0.008143818,0.017413596,0.21860388,0.028908907,0.004797639,0.013165666,0.06506501,0.02525932,0.044437937,0.017342634,0.005506171,0.013666094,00017518_001.png
0.025725963,0.015593343,0.096381634,0.5722316,0.031280823,0.0065850914,0.015242788,0.03021136,0.049262274,0.025543656,0.7839995,0.0120059755,0.013429537,0.010341413,00015606_025.png
0.07453548,0.018997684,0.012210036,0.025031667,0.097258314,0.023465557,0.013357215,0.0133088445,0.014620093,0.017369593,0.36724645,0.8743513,0.01936148,0.017529937,00003039_000.png
0.111717634,0.052523017,0.040158473,0.040007498,0.028191546,0.06834701,0.066426635,0.010574719,0.005475677,0.017546065,0.0053347573,0.004331765,0.17413932,0.013474548,00000493_000.png
0.28550854,0.009478087,0.3725032,0.5564299,0.02430911,0.41684708,0.1630023,0.052495055,0.09699793,0.08628522,0.009342672,0.021390077,0.01634215,0.017008398,00020213_028.png
0.017623879,0.007515427,0.027966004,0.033644173,0.08627794,0.033823118,0.09486633,0.03007695,0.014082637,0.019493133,0.23658237,0.34396008,0.092678815,0.01768105,00014437_000.png
0.015346734,0.025930967,0.008400643,0.006463153,0.014166151,0.011275012,0.013381588,0.0117234,0.08793762,0.21048668,0.007437495,0.014521748,0.011671989,0.010251344,00012129_002.png
0.0069347452,0.007708934,0.0068994616,0.16987261,0.027893806,0.11339968,0.07765732,0.049263187,0.009460584,0.02429627,0.008522932,0.24219847,0.039105587,0.009831736,00010360_005.png
0.038994685,0.037771,0.11256166,0.91558486,0.2962412,0.8933301,0.04993508,0.018478706,0.15291016,0.017069591,0.0076193274,0.032036927,0.024056619,0.011693251,00003393_022.png
0.03260308,0.0045179264,0.00405448,0.005370813,0.028153779,0.022796204,0.03327382,0.009176266,0.033630565,0.006054015,0.0040831296,0.006337781,0.005817121,0.011629151,00007307_007.png
0.012590549,0.0234808,0.01204527,0.042893287,0.06491755,0.07594711,0.015420101,0.25986537,0.008718267,0.014405201,0.91232353,0.03209433,0.015142152,0.0153185995,00006874_000.png
0.4343523,0.049455278,0.3837182,0.27184263,0.06433864,0.0671276,0.39618772,0.013324119,0.063521564,0.797868,0.026296286,0.038566165,0.029864326,0.02464918,00014472_011.png
0.021271368,0.023403924,0.020837834,0.010908721,0.03516427,0.1199469,0.030131966,0.011658114,0.014901016,0.013524875,0.018341191,0.19636938,0.013678099,0.40845683,00000942_000.png
0.059640817,0.011769649,0.019126175,0.124973185,0.010624938,0.030884232,0.009187337,0.1160402,0.009696678,0.035917763,0.006834443,0.006152441,0.010533494,0.022033554,00013600_000.png
0.019156577,0.008040821,0.022787081,0.012795753,0.009905992,0.016445437,0.015315513,0.12705131,0.025784288,0.019633029,0.017358879,0.030776886,0.80629784,0.015193701,00004126_001.png
0.84226763,0.015979202,0.050804596,0.028071959,0.051489867,0.20329112,0.052109417,0.112812206,0.04101646,0.116816424,0.035228953,0.021913117,0.23497091,0.03380562,00006386_006.png
0.07509706,0.93964106,0.044249058,0.29842263,0.030511318,0.021507058,0.024456244,0.032018214,0.05044984,0.02675315,0.025395263,0.040726013,0.0191565,0.019506153,00015520_001.png
0.2549552,0.09846047,0.030627212,0.026066743,0.03811308,0.010840151,0.050708853,0.031294726,0.08636296,0.6381154,0.01570803,0.015931481,0.01748056,0.013748727,00011723_007.png
0.029473577,0.016702708,0.034276288,0.7548595,0.018378226,0.026007552,0.43732646,0.0138756735,0.03940456,0.9826711,0.009658993,0.014747586,0.011597897,0.009353106,00019157_005.png
0.018052487,0.0037890591,0.007443633,0.019642577,0.066608034,0.007158296,0.011284365,0.016985016,0.023046382,0.020920854,0.026549244,0.021132486,0.0061338376,0.008575689,00010304_007.png
0.017507326,0.01665394,0.04215256,0.068686835,0.01511751,0.061447643,0.010182645,0.37777635,0.018316764,0.03650841,0.70267105,0.14631732,0.28175458,0.017205268,00001248_023.png
0.19954883,0.03393757,0.9646995,0.5062025,0.16350481,0.027052924,0.02935011,0.055667873,0.2844745,0.046011522,0.020236252,0.04398716,0.38546315,0.0127483085,00010007_027.png
0.06300117,0.011478878,0.028451035,0.16362624,0.0286137,0.01008463,0.382397,0.027440362,0.04936758,0.019760687,0.020682763,0.6199425,0.05602489,0.01408208,00014055_000.png
0.19878963,0.068730086,0.04938842,0.093754165,0.14203063,0.038193677,0.4016266,0.02531171,0.038595907,0.36855116,0.022341365,0.010602679,0.1781375,0.020729776,00001075_003.png
0.061149903,0.0067810845,0.011256596,0.0031935622,0.053994812,0.32775608,0.03370704,0.014075864,0.00825597,0.015750019,0.014704173,0.035775628,0.011759099,0.019996263,00006699_008.png
0.018653866,0.011967044,0.09096035,0.07205492,0.18504642,0.34187475,0.043640044,0.025190461,0.59198606,0.09455322,0.005109856,0.027273864,0.1722139,0.017656427,00015605_031.png
0.023587773,0.02819702,0.07462079,0.1438005,0.025414817,0.016534224,0.14235452,0.03511226,0.008108896,0.019499857,0.066249125,0.7532546,0.17349815,0.01832156,00001555_001.png
0.019273674,0.013504245,0.05931182,0.9519405,0.17872252,0.112186365,0.17355381,0.43728894,0.046432335,0.013753783,0.012007984,0.12754707,0.34445378,0.011965939,00001946_019.png
0.026974438,0.010711879,0.022437785,0.12588896,0.13031195,0.061781514,0.029015463,0.01613095,0.032908767,0.015050728,0.110001974,0.5238528,0.61454105,0.03551956,00006919_000.png
0.039628673,0.017262837,0.22714937,0.51166755,0.083721325,0.21233955,0.022821631,0.020318348,0.35354152,0.026908483,0.09959294,0.39319366,0.08370937,0.013231267,00009553_001.png
0.016711073,0.023243912,0.7801638,0.71037096,0.256797,0.035891674,0.10428141,0.008919566,0.20447004,0.110274225,0.02482195,0.026275538,0.31625894,0.011891703,00011144_026.png
0.03361579,0.11217577,0.17316483,0.83974,0.07426057,0.041047417,0.023080213,0.0076937904,0.016994294,0.04977141,0.0064020436,0.04144791,0.007868078,0.017279217,00006446_008.png
0.015635986,0.6266656,0.47429493,0.056338865,0.0145579185,0.065089695,0.01193977,0.11687426,0.012724913,0.052551232,0.02339149,0.040502194,0.45197758,0.025649011,00000116_000.png
0.5380832,0.017759334,0.09628989,0.33885366,0.028716046,0.026955994,0.010745097,0.4998346,0.028990097,0.012313654,0.9761909,0.01750453,0.10513945,0.015791222,00016422_006.png
0.93310934,0.04175013,0.0491552,0.21662903,0.010104246,0.010091705,0.07511254,0.025466327,0.043356303,0.031825706,0.035249088,0.021415731,0.010499559,0.012057818,00008051_008.png
0.12422435,0.01613284,0.03871362,0.07978451,0.20357819,0.032337546,0.030313184,0.14162901,0.013333934,0.017791636,0.8858459,0.121747114,0.3469304,0.027262328,00016142_049.png
0.012568184,0.004056649,0.019058418,0.0072175125,0.06902357,0.03969575,0.013897195,0.004908931,0.009946415,0.03041726,0.0022867261,0.008112153,0.01479501,0.008258477,00007762_000.png
0.20796089,0.037350487,0.03035641,0.1859848,0.119119845,0.14760181,0.02339335,0.56918865,0.028173635,0.016400494,0.96525896,0.037455928,0.14615306,0.035440188,00020070_005.png
0.22177978,0.023274675,0.018467683,0.0057171695,0.01661515,0.041580867,0.049528144,0.012045412,0.031086784,0.0077996575,0.010878311,0.010349138,0.14567399,0.019422958,00006827_003.png
0.020825267,0.011038238,0.009840784,0.007418468,0.2970406,0.77923584,0.017189456,0.02252864,0.0071675,0.013852465,0.007262455,0.114750445,0.29574212,0.024284178,00018853_001.png
0.024516879,0.019894674,0.16875523,0.18615748,0.011128996,0.40896314,0.044380765,0.01007091,0.065326944,0.059617177,0.008719838,0.017694172,0.00945396,0.011821473,00018104_010.png
0.026090244,0.016630163,0.01504248,0.14874467,0.022496043,0.00874679,0.010490304,0.58305603,0.020842234,0.0042091976,0.15816638,0.008124828,0.031782046,0.008905674,00016175_004.png
0.34082627,0.14209728,0.0375591,0.11456437,0.4473398,0.07288952,0.030327069,0.029062245,0.044858303,0.018646317,0.83547264,0.075941056,0.022347424,0.030434394,00002262_003.png
0.010937678,0.0061509716,0.023030559,0.24260905,0.88516587,0.04259477,0.028632147,0.060932767,0.120420516,0.02455805,0.014686152,0.019946897,0.1423242,0.0155285075,00006440_002.png
0.010548364,0.0034590547,0.015030658,0.03216506,0.047164652,0.013748035,0.011826804,0.021762988,0.04038879,0.036908314,0.013499527,0.011180113,0.016515736,0.0048683113,00016550_005.png
0.06263039,0.010756132,0.9399665,0.57013667,0.061663326,0.017629758,0.1155006,0.026253453,0.106646545,0.10866785,0.026157932,0.09911002,0.3471439,0.010635243,00000061_015.png
0.15288942,0.010924558,0.18529947,0.121748514,0.022389181,0.025604883,0.11817271,0.012299205,0.037668206,0.9762523,0.0105422735,0.009782042,0.022087911,0.014223516,00014839_026.png
0.015037338,0.0063496954,0.0064414404,0.006002019,0.008970079,0.006506516,0.01852493,0.008785294,0.028278058,0.022326587,0.008489131,0.014363023,0.0069878516,0.008467121,00009262_002.png
0.023156889,0.026151007,0.86194146,0.23476702,0.22409584,0.061057303,0.01853679,0.0156802,0.42451912,0.30608708,0.013167438,0.028551297,0.039612774,0.021304445,00016719_025.png
0.048530657,0.016257562,0.10735668,0.290792,0.026041184,0.036060788,0.0156976,0.7343667,0.012023166,0.082602516,0.03368156,0.013797208,0.17691427,0.015461194,00009138_006.png
0.2442033,0.037962113,0.24019985,0.89706975,0.049027015,0.33950052,0.53096586,0.01927317,0.27104744,0.02159016,0.019721253,0.013074852,0.14762501,0.008770378,00003393_021.png
0.020066375,0.13374612,0.06296093,0.09151238,0.1459767,0.030061731,0.0098041175,0.04760795,0.34116408,0.012629188,0.018319871,0.012056085,0.3538286,0.011783205,00013557_016.png
0.07323333,0.037509013,0.93634343,0.035078593,0.84601676,0.21774878,0.01262209,0.103183836,0.038772173,0.023196284,0.00808838,0.02899926,0.40644524,0.023044696,00007848_006.png
0.17475772,0.067013435,0.20925929,0.14356388,0.090206005,0.62805945,0.19708076,0.015088762,0.3089801,0.033305477,0.014586801,0.018239098,0.45874202,0.02498288,00010744_002.png
0.044847414,0.0109189125,0.025835976,0.10087389,0.09172088,0.2008072,0.013227663,0.014952478,0.053357374,0.022848519,0.014327876,0.8994525,0.43306425,0.024408348,00020072_001.png
0.52152306,0.32586506,0.7686926,0.065029,0.030338705,0.04372557,0.05713057,0.020545926,0.26939678,0.08216342,0.013994393,0.0141671095,0.022394216,0.0149176335,00004451_001.png
0.0057514105,0.013836535,0.016775003,0.007939766,0.016117508,0.112696305,0.015857032,0.03442419,0.0067351763,0.038159743,0.031780288,0.01547816,0.4806661,0.012947204,00003098_005.png
0.66734123,0.027233083,0.5989356,0.07040511,0.21553275,0.015676785,0.022106795,0.07917866,0.2114041,0.008773882,0.026343644,0.18290661,0.15606523,0.02047627,00004833_017.png
0.037683465,0.004890613,0.013952199,0.026770756,0.023251854,0.008407852,0.019144531,0.023463055,0.042578813,0.016349696,0.83575225,0.023956684,0.024507506,0.0117534585,00013219_000.png
0.009054408,0.0084098,0.023902139,0.052775364,0.14063865,0.019026682,0.014948905,0.06003065,0.0861165,0.008166455,0.26123935,0.046050377,0.67495555,0.016252214,00007772_001.png
0.011760817,0.0070057423,0.0066578183,0.013793529,0.027226275,0.08973996,0.013568562,0.15432905,0.00811849,0.009102628,0.02405639,0.0223397,0.041881643,0.010566161,00010610_003.png
0.20705725,0.023494776,0.37331346,0.040535815,0.087723926,0.15682828,0.13465138,0.024321448,0.23747611,0.0840191,0.02619773,0.01566515,0.060339626,0.017638266,00000980_004.png
0.012264932,0.013707336,0.097432494,0.07210431,0.05515115,0.106153235,0.010471018,0.11590202,0.06669546,0.009959436,0.063623875,0.029826472,0.5076539,0.011129872,00009138_014.png
0.85102516,0.010523881,0.037787117,0.022181539,0.05686722,0.025782963,0.13215639,0.013749405,0.032170784,0.025669282,0.010584991,0.52693367,0.036845125,0.044088732,00015442_001.png
0.022518508,0.016626693,0.06697366,0.0124794645,0.027674928,0.012927931,0.011553182,0.03476317,0.01635251,0.012029534,0.7991923,0.1910885,0.03557609,0.022571947,00011343_000.png
0.013197896,0.009633693,0.01393638,0.20393567,0.0373731,0.04553712,0.019490486,0.0399785,0.023815576,0.009185609,0.016301224,0.9543937,0.1345986,0.01612828,00016355_000.png
0.16030245,0.00950506,0.9613483,0.020406038,0.05750403,0.020660827,0.028734893,0.08251368,0.060941946,0.23200044,0.01389602,0.013797745,0.057101898,0.0099559,00010007_157.png
0.040377796,0.015292382,0.00559308,0.03397149,0.009884954,0.011842681,0.01073693,0.015182574,0.017407607,0.0133984005,0.0130876675,0.020477213,0.028449671,0.014609085,00008541_000.png
0.0076894374,0.012174998,0.006368801,0.011180345,0.016489739,0.011980003,0.012645033,0.014690479,0.014939056,0.009081625,0.0072706584,0.0144558465,0.012201429,0.011077236,00001551_000.png
0.048330665,0.010268514,0.01821836,0.0045004175,0.01989454,0.017721502,0.057378367,0.5398991,0.012256338,0.07543322,0.10785248,0.01880965,0.018895647,0.014207632,00005079_015.png
0.012304448,0.014823944,0.1509388,0.55934167,0.080658026,0.14970332,0.02854018,0.19271496,0.03103466,0.013119511,0.0044912407,0.37562796,0.14918117,0.01144962,00001974_015.png
0.17044012,0.03543583,0.96288115,0.25851437,0.07252074,0.045603313,0.09372449,0.008162778,0.36389998,0.13518137,0.042773996,0.067284465,0.2263433,0.01945072,00019923_000.png
0.13252485,0.0066305636,0.011795271,0.050771497,0.84066635,0.029685175,0.013732325,0.050838634,0.045099035,0.0058140582,0.0036688538,0.026326448,0.016945103,0.01137064,00012927_001.png
0.10143181,0.010903845,0.11119136,0.011519791,0.056997478,0.055225678,0.080213614,0.057249367,0.0034580918,0.01880584,0.005610363,0.042329036,0.54876536,0.023596345,00007451_000.png
0.15214407,0.2895282,0.013396252,0.64929587,0.037150852,0.20108548,0.07161963,0.009596763,0.32071725,0.22836465,0.011251975,0.027854504,0.016888386,0.021832598,00015770_033.png
0.6285146,0.022888705,0.21474819,0.07476874,0.095080785,0.03684124,0.8318653,0.007970858,0.012997794,0.015428919,0.01569998,0.15481408,0.18829504,0.04414345,00014201_008.png
0.0052541615,0.020656092,0.07168324,0.6301826,0.37353292,0.10378486,0.016041465,0.01977267,0.11781594,0.15964212,0.0048927222,0.012581045,0.042025514,0.009518983,00009608_027.png
0.03137554,0.024545576,0.041490678,0.16185227,0.06819196,0.04933137,0.020813715,0.7100245,0.01224898,0.021320201,0.9682174,0.04964194,0.016842537,0.013442791,00008008_014.png
0.21292353,0.008902237,0.18922399,0.03501232,0.77338535,0.06918455,0.17155987,0.03890241,0.01705386,0.01335239,0.056925308,0.29597178,0.35755387,0.040681843,00014556_001.png
0.0509032,0.012590952,0.023303153,0.910192,0.32792008,0.104852475,0.061398063,0.32315648,0.33623227,0.032173004,0.042896096,0.02463451,0.052390028,0.0097129475,00013670_089.png
0.10269622,0.008963398,0.05192582,0.032609567,0.020027483,0.00764645,0.014341559,0.010985937,0.04428133,0.019266326,0.11958374,0.58043396,0.5424306,0.025438732,00000461_000.png
0.18852608,0.04158028,0.045803912,0.01800045,0.0065051853,0.1028843,0.021231025,0.028468246,0.013905544,0.13366392,0.013098019,0.005682018,0.033963088,0.01637526,00020213_025.png
0.06632291,0.0060920333,0.046069767,0.020013927,0.0098407455,0.0044292314,0.007604808,0.028697174,0.0074643977,0.008985798,0.9907907,0.011996652,0.10473629,0.011998223,00017266_003.png
0.16240795,0.075362645,0.023652844,0.008100757,0.040442467,0.31933528,0.06709175,0.034558605,0.04600469,0.009329556,0.29825667,0.013098413,0.008896167,0.049011424,00000682_001.png
0.6576545,0.014140052,0.05932812,0.65279615,0.15716152,0.14429286,0.07969163,0.07382999,0.033731386,0.3627395,0.010197174,0.07488287,0.019746253,0.033218145,00017365_003.png
0.008828529,0.0072489767,0.0074152136,0.015510789,0.5366802,0.5269616,0.014777227,0.02682492,0.0089924075,0.015165964,0.012266507,0.05259561,0.04226903,0.02035216,00007402_001.png
0.45017722,0.07385849,0.025052143,0.040813837,0.05332721,0.024572922,0.13011464,0.015150808,0.14446372,0.65743905,0.025458403,0.040996928,0.012874518,0.018905459,00006304_001.png
0.047076114,0.013340033,0.014327323,0.011921827,0.34093645,0.024646806,0.07931634,0.088559896,0.050770566,0.009267706,0.024870696,0.03750209,0.37100092,0.02410043,00005757_000.png
0.15247537,0.7342771,0.03301769,0.17378063,0.031645715,0.03750199,0.022862751,0.098955855,0.13456894,0.04633847,0.026417522,0.039534405,0.052409824,0.025227593,00006906_003.png
0.14195177,0.0329959,0.03165238,0.62302303,0.75955814,0.441407,0.13754614,0.019967297,0.13611534,0.061903745,0.017254774,0.08097589,0.032965254,0.037779145,00013678_006.png
0.39360172,0.013130544,0.10640335,0.04612148,0.11242675,0.01302524,0.0113039715,0.7749364,0.2955356,0.010753976,0.015617516,0.017663822,0.036242068,0.010754672,00009889_028.png
0.17185003,0.11928824,0.58981967,0.11590188,0.014245938,0.016986879,0.020099005,0.041704953,0.856636,0.096324034,0.036818616,0.01901814,0.034172542,0.012401416,00008649_011.png
0.05505243,0.006848141,0.03521396,0.048755262,0.7475669,0.27873603,0.01125243,0.7359266,0.057130847,0.008824899,0.009723176,0.030843845,0.018613547,0.021639012,00008841_048.png
0.025810186,0.017276198,0.019420655,0.017841442,0.044528417,0.73446834,0.031127792,0.39679334,0.0060354616,0.020386625,0.011118762,0.032689318,0.06393959,0.025664499,00019471_000.png
0.4792097,0.039402522,0.987711,0.2773507,0.23699689,0.08601358,0.031505547,0.26421174,0.24774365,0.02311704,0.048055276,0.020909714,0.12589324,0.01691416,00017478_000.png
0.0070066913,0.15926781,0.017497994,0.01180789,0.027521467,0.027082749,0.071557276,0.015910931,0.011491341,0.039566077,0.04134862,0.013655288,0.014881024,0.013446503,00007018_032.png
0.925364,0.045544967,0.39329204,0.2732935,0.058422897,0.04481942,0.014886016,0.53971535,0.050005537,0.030841522,0.028928459,0.06451496,0.1966481,0.029900508,00016732_036.png
0.026261408,0.02302899,0.05932391,0.5795752,0.17300378,0.0277994,0.31072563,0.65791726,0.017729921,0.025731338,0.24708529,0.10082974,0.050278407,0.018393815,00017141_001.png
0.058837768,0.009891973,0.021685246,0.029317388,0.34636402,0.00917494,0.035130087,0.01265878,0.101196304,0.01817652,0.004627242,0.005199098,0.16173117,0.01187889,00016009_027.png
0.009319883,0.31654546,0.017108396,0.046947706,0.01729738,0.051374096,0.021858444,0.012529596,0.008365472,0.058898162,0.007896067,0.021487568,0.022018338,0.012526769,00001279_001.png
0.07599108,0.007013897,0.18442778,0.084097154,0.40592158,0.019669285,0.12054769,0.011050034,0.36329192,0.20196944,0.00725965,0.0069748675,0.040050227,0.015483601,00014635_002.png
0.12583087,0.41270992,0.8075825,0.43332577,0.02106002,0.104737,0.116212904,0.020903599,0.008268716,0.22857614,0.086121395,0.072355725,0.027099572,0.025786433,00006642_012.png
0.100316666,0.006131144,0.017053628,0.022478674,0.30654785,0.015416639,0.18300666,0.039233588,0.021038482,0.17721455,0.031523164,0.013353879,0.049821936,0.009951112,00013670_137.png
0.23116103,0.005761519,0.12187591,0.33016935,0.9242485,0.043468017,0.014955078,0.19037476,0.36351088,0.011532611,0.084553085,0.02205381,0.047651183,0.014020011,00005505_001.png
0.25715804,0.69741815,0.28883588,0.106544435,0.026707474,0.06086604,0.031540237,0.026593965,0.037785124,0.043555524,0.008578499,0.088115565,0.01954054,0.021931347,00016291_042.png
0.06897613,0.027511178,0.06479376,0.3300286,0.110153206,0.032778084,0.014380463,0.58074963,0.01509809,0.012959903,0.94724804,0.023064356,0.2485633,0.021319767,00002702_011.png
0.45206517,0.024048952,0.76225275,0.18845606,0.01715571,0.048668623,0.024465187,0.61425185,0.1404935,0.019080436,0.037587725,0.007796536,0.050215952,0.012245087,00011379_027.png
0.014481432,0.029712224,0.0063890116,0.012426331,0.013707181,0.02589849,0.0072349347,0.011826493,0.0043445346,0.0155055635,0.009490611,0.013007811,0.0041297413,0.008876467,00003361_012.png
0.0040820967,0.04261584,0.012256397,0.016336672,0.015778124,0.031973045,0.007941081,0.035747916,0.009812643,0.015196306,0.0658507,0.09924243,0.013075991,0.006681053,00001364_005.png
0.03857086,0.9680908,0.2767951,0.27080637,0.013042839,0.020544501,0.033178385,0.015865436,0.02260778,0.038925387,0.021208134,0.032470632,0.029034263,0.019083349,00011023_004.png
0.005579531,0.007386935,0.012948416,0.01814305,0.01860217,0.028368734,0.0109468335,0.05633861,0.028976075,0.053190343,0.0051574353,0.025520563,0.0060317293,0.0128020905,00016991_013.png
0.030460432,0.007250099,0.008197996,0.010783693,0.016304597,0.0055667884,0.0063743526,0.06441046,0.10290354,0.025878055,0.010038645,0.018649066,0.012253291,0.011722808,00001948_000.png
0.5011292,0.86092764,0.089976795,0.028034767,0.029442132,0.01811246,0.09879914,0.009448386,0.025867129,0.022612054,0.02424892,0.5530983,0.1032205,0.044409227,00006532_002.png
0.049103573,0.010655351,0.07732636,0.9425765,0.03973113,0.070894055,0.58559936,0.019939581,0.019519476,0.94731414,0.009932503,0.011760079,0.010729508,0.010721199,00018724_042.png
0.19609277,0.9773717,0.9339073,0.3835546,0.016301576,0.022182316,0.06597298,0.00785435,0.044503428,0.08708551,0.023881054,0.018699333,0.07820247,0.029700525,00000211_011.png
0.0053374404,0.0134939775,0.024373751,0.4466903,0.030601963,0.6174423,0.039600693,0.044351894,0.012462552,0.038652886,0.006805881,0.016504353,0.08873056,0.011492607,00006700_005.png
0.015117468,0.015156181,0.013923889,0.08346298,0.055543385,0.015246408,0.005756771,0.14366196,0.0055913674,0.005871228,0.9930381,0.010775207,0.015124278,0.0082233865,00009349_003.png
0.00959723,0.008213942,0.006662651,0.00841745,0.049318217,0.12575579,0.010823598,0.021166336,0.00842192,0.013422565,0.10644604,0.12591778,0.037785012,0.016837902,00007585_000.png
0.27803364,0.021908026,0.0066386596,0.056033295,0.01625897,0.020655368,0.025250442,0.01794717,0.018748084,0.014956532,0.46268517,0.011907092,0.045757145,0.013497456,00008468_035.png
0.044877134,0.06694442,0.9140158,0.7649524,0.19441773,0.06658972,0.26187316,0.015483902,0.054731663,0.06339836,0.057195347,0.42495698,0.13416365,0.020461878,00019395_016.png
0.3488125,0.030592931,0.14114447,0.09133356,0.10902386,0.16254315,0.02477766,0.85625494,0.034350988,0.027701719,0.9190454,0.023961613,0.0853174,0.033579405,00019373_003.png
0.017424786,0.030366708,0.92636466,0.26380453,0.3121278,0.05440801,0.10322586,0.012417725,0.038830426,0.18095239,0.014810427,0.032105487,0.24537134,0.018647749,00016719_015.png
0.013510904,0.4075393,0.023445036,0.035225175,0.019554218,0.2355709,0.021586798,0.009100432,0.011132606,0.025830809,0.0071358257,0.01837059,0.011921171,0.01428323,00007228_000.png
0.017151812,0.0057999194,0.035654385,0.0614232,0.025445236,0.0069658007,0.023203852,0.021490842,0.73700386,0.014487101,0.0066655744,0.014427938,0.016033255,0.0074893166,00010805_008.png
0.0047471863,0.005688927,0.013653263,0.021646272,0.012504588,0.011531812,0.020191636,0.046123452,0.023806194,0.14976333,0.177769,0.0154682575,0.008968489,0.0073200995,00015606_039.png
0.09065483,0.11104258,0.42075303,0.34008896,0.051024612,0.68706185,0.3870875,0.011844372,0.038161077,0.1506957,0.007706794,0.007572363,0.16354395,0.04285026,00012373_004.png
0.04846057,0.03290724,0.74280596,0.23628223,0.045351412,0.029568356,0.15389815,0.27662724,0.0076309685,0.10494179,0.09487843,0.024827676,0.21117407,0.018425798,00016937_008.png
0.07587441,0.01842812,0.026705844,0.12330803,0.026161067,0.043000996,0.04150512,0.03598227,0.017914668,0.014718694,0.27761766,0.41739926,0.07614339,0.119278,00009368_016.png
0.030427791,0.016327234,0.039543226,0.27635467,0.023555687,0.15197441,0.030553997,0.025231944,0.23452932,0.018633796,0.0079533635,0.54456455,0.65098,0.015892612,00001836_096.png
0.046627335,0.007566022,0.0062710075,0.019733332,0.47494888,0.01002319,0.017931825,0.10103289,0.043701053,0.008261824,0.05489227,0.04948443,0.16437362,0.015571639,00008295_040.png
0.008528833,0.0039557493,0.0057183327,0.032923408,0.476129,0.089833304,0.011679467,0.05257637,0.013704809,0.009379484,0.019519033,0.053935096,0.20088224,0.023236929,00018852_001.png
0.11491143,0.01616008,0.97486806,0.042982306,0.7171998,0.102378175,0.011977513,0.036698535,0.17326885,0.007823203,0.0068498347,0.030216165,0.59790933,0.014845925,00006948_011.png
0.050860472,0.018791137,0.023951905,0.039892573,0.04497733,0.023204895,0.81550354,0.010246676,0.012009308,0.024206558,0.07919,0.123312935,0.02884368,0.022489328,00002371_029.png
0.02566867,0.006127289,0.010574095,0.014314091,0.039473597,0.010757887,0.00862948,0.017017808,0.16101183,0.01813471,0.005804546,0.0091964565,0.017056283,0.0088452725,00008371_003.png
0.6991186,0.022127463,0.06399622,0.0555744,0.022511644,0.0072319726,0.066985026,0.012809945,0.01971922,0.049204558,0.21803178,0.14259201,0.10003708,0.017553605,00015268_001.png
0.10686582,0.80767906,0.141206,0.042399336,0.041689374,0.03193091,0.039779354,0.025866896,0.0069753393,0.016305102,0.07281233,0.35002136,0.07324568,0.031557333,00009966_000.png
0.2913309,0.015953813,0.13373458,0.48184744,0.04440406,0.018573035,0.028948043,0.012794013,0.80886245,0.41616046,0.013464234,0.025825614,0.037684422,0.019094855,00015013_007.png
0.57852745,0.023023484,0.08122998,0.30539298,0.32667464,0.12773407,0.26715747,0.0175868,0.06432756,0.60792184,0.011387393,0.06439532,0.025143849,0.023058197,00018964_014.png
0.10303094,0.035411283,0.008403976,0.044102732,0.022092331,0.023872629,0.3537737,0.027701868,0.0084145805,0.017565772,0.01442303,0.22080696,0.3510324,0.016402587,00016205_000.png
0.03964425,0.007139195,0.014104864,0.008954891,0.51175594,0.20418067,0.014405127,0.01315259,0.0111823585,0.014706081,0.017012775,0.29665622,0.04246432,0.01475015,00004582_005.png
0.017587163,0.017796768,0.013542585,0.42470807,0.16319987,0.019023139,0.6088908,0.019578308,0.114604644,0.35064194,0.0107041905,0.012739628,0.06637895,0.012630401,00016291_005.png
0.28197798,0.029115697,0.03149626,0.019946234,0.019679165,0.009184311,0.0145192975,0.03971598,0.7507931,0.094756834,0.01360883,0.030363971,0.048357133,0.01553917,00014618_004.png
0.025039325,0.019614905,0.06613227,0.10177997,0.05095411,0.008787703,0.065939516,0.01846014,0.31572393,0.6541984,0.008642625,0.0064033694,0.054784197,0.010977004,00015041_011.png
0.118152924,0.012780913,0.22749801,0.04015827,0.051638916,0.023153486,0.013389119,0.22847627,0.037858255,0.019117843,0.9638316,0.02577002,0.077374905,0.014173259,00012144_028.png
0.010538767,0.0055959346,0.0068737837,0.0077326796,0.011293886,0.012047767,0.010992789,0.011526889,0.029336616,0.01761924,0.0075809034,0.008754446,0.010663976,0.011770385,00002335_002.png
0.10123765,0.08981696,0.04232193,0.049250174,0.05095978,0.009647182,0.033075765,0.01606708,0.44866875,0.37900367,0.0170093,0.011934545,0.014227875,0.018172286,00017524_008.png
0.021626327,0.08781009,0.016823802,0.056726813,0.02221238,0.00935894,0.06350578,0.037530247,0.6685719,0.32949853,0.006619502,0.01076205,0.065438375,0.012067063,00013670_142.png
0.01097499,0.008158463,0.010284495,0.15011999,0.00988259,0.02524086,0.039982013,0.26961872,0.04951316,0.37652355,0.0064448807,0.023539163,0.022521365,0.009447983,00000877_030.png
0.0077335183,0.016726688,0.013102187,0.034765005,0.013815179,0.5420153,0.015246123,0.08194635,0.008858878,0.015630981,0.026099928,0.29331934,0.19045429,0.024833487,00000710_003.png
0.14978349,0.012800308,0.7729891,0.77514464,0.5114056,0.32983735,0.032453492,0.41980252,0.21819715,0.02024253,0.02808389,0.045745414,0.23742183,0.017960364,00017443_000.png
0.13728204,0.0101646045,0.028858121,0.03551818,0.20438452,0.9544936,0.07697747,0.017757004,0.031091537,0.008532995,0.0036706757,0.023174657,0.006396653,0.030694338,00014663_049.png
0.021814328,0.017254038,0.043193698,0.088575296,0.10348064,0.057094008,0.009941659,0.033858173,0.03886816,0.014703309,0.071337715,0.8980847,0.05699184,0.018790774,00012620_000.png
0.2191277,0.014825546,0.82957584,0.0949328,0.039958905,0.015070519,0.111054406,0.039526224,0.042952918,0.025455518,0.5362428,0.28915405,0.08121975,0.021104757,00002583_012.png
0.08085862,0.009045718,0.006635041,0.065609,0.2573873,0.2879447,0.032886423,0.027031703,0.08932361,0.04499113,0.0048807645,0.032413166,0.0031657068,0.016431322,00005194_000.png
0.13948846,0.0315738,0.09287982,0.32945177,0.027742712,0.01256415,0.84692633,0.011578704,0.019986711,0.05433063,0.007592646,0.07464803,0.026154079,0.016821593,00003665_003.png
0.013931015,0.10026503,0.09756145,0.03207815,0.015804006,0.014558903,0.05588103,0.04446397,0.09139612,0.7798939,0.015752576,0.012609291,0.074041344,0.0136504965,00004344_022.png
0.13978663,0.017138217,0.38099417,0.6618556,0.017566478,0.006451091,0.013210558,0.011880435,0.9343862,0.08723738,0.029499954,0.014602608,0.05981344,0.006155212,00009302_019.png
0.04093489,0.012263603,0.012570433,0.038598727,0.017567934,0.0115733305,0.18438718,0.012061061,0.043380745,0.021294948,0.006411344,0.26290497,0.0771022,0.012837259,00009600_007.png
0.052603886,0.21903785,0.025001552,0.048606787,0.10986493,0.0343939,0.026025284,0.49552676,0.0061033503,0.017943878,0.77944225,0.12318344,0.08936992,0.030621903,00000013_042.png
0.068567984,0.012185096,0.08361761,0.17409009,0.11594554,0.33747342,0.010056678,0.03084002,0.040500276,0.015208263,0.008190121,0.9602432,0.53364056,0.023217836,00016006_001.png
0.025554929,0.008738661,0.0040682806,0.015494983,0.015808916,0.007769585,0.0120821195,0.02347605,0.017205752,0.011202,0.015807861,0.032059535,0.007992224,0.009885558,00011461_000.png
0.035525244,0.0740937,0.05654667,0.011751354,0.018869996,0.046031594,0.024481239,0.025470877,0.053456567,0.045899402,0.5331682,0.0886366,0.15192159,0.03811194,00019027_005.png
0.026969023,0.015067008,0.9506387,0.043680385,0.012241558,0.014958703,0.01728896,0.015477591,0.18583211,0.76508236,0.024285367,0.015196791,0.052606046,0.013090205,00006039_010.png
0.034942884,0.02200468,0.020164367,0.034228455,0.1060457,0.7335272,0.016414769,0.082872964,0.06827165,0.01867925,0.009845184,0.027710004,0.043934405,0.020490421,00013659_023.png
0.016146032,0.022550106,0.005838361,0.007999868,0.01291319,0.031883802,0.014939611,0.008430363,0.030483952,0.016163317,0.021602951,0.018335966,0.01320304,0.012251952,00002636_000.png
0.062408738,0.008812096,0.0089236,0.020360734,0.0191139,0.019075956,0.02108061,0.014172939,0.021263363,0.013566175,0.009869208,0.010590746,0.031210711,0.019488713,00011007_000.png
0.022280596,0.013716841,0.021145277,0.047665387,0.07412643,0.6560364,0.016635956,0.03412444,0.08979281,0.22020566,0.0038780204,0.13456789,0.053395264,0.027190307,00014454_006.png
0.28069377,0.036044326,0.23658827,0.08792225,0.11413705,0.18504633,0.022762613,0.4865918,0.05297641,0.048237618,0.92026234,0.13102943,0.065597706,0.01803135,00011808_019.png
0.020175623,0.013900451,0.010449518,0.6362012,0.17791924,0.37627697,0.042670332,0.19828337,0.024624582,0.080341555,0.011242048,0.018892193,0.013777828,0.011174215,00001576_001.png
0.20511235,0.049049444,0.023503315,0.044352397,0.04777995,0.014145364,0.053115398,0.05606238,0.39480305,0.07924733,0.0043986132,0.008053092,0.10478724,0.014824482,00013594_038.png
0.033762,0.017159555,0.071986675,0.05952174,0.03291419,0.60058135,0.029611804,0.03890024,0.01011221,0.018411167,0.008993908,0.66907144,0.07878554,0.02914703,00006752_005.png
0.008129422,0.0120029105,0.009834053,0.032538526,0.021775352,0.016802842,0.013557212,0.013728121,0.017811988,0.02295835,0.33763686,0.48055816,0.021885753,0.010952705,00007618_000.png
0.3017653,0.24477267,0.12405236,0.6583399,0.07591932,0.01994427,0.59033537,0.028573265,0.020357015,0.05566014,0.55315924,0.08382188,0.057986178,0.04241871,00016416_000.png
0.016940163,0.019331051,0.02708001,0.3217128,0.049914945,0.039945714,0.13864405,0.63853717,0.04171935,0.040530916,0.0038565157,0.018933203,0.01916628,0.015847407,00010677_024.png
0.019532023,0.1529877,0.038633976,0.01516919,0.03139021,0.03660265,0.007982273,0.009865854,0.03551901,0.012646884,0.011940366,0.048125464,0.026156371,0.014219465,00010980_002.png
0.033705037,0.005810077,0.53819954,0.26170826,0.16010296,0.37498003,0.06596479,0.013897875,0.1370375,0.25297368,0.007331741,0.009444102,0.048221435,0.013741616,00004928_004.png
0.052197956,0.9762541,0.09980214,0.39202967,0.02101495,0.02973129,0.024115168,0.023660004,0.040897287,0.027467307,0.022234108,0.102082655,0.0648261,0.019671373,00006875_003.png
0.06834165,0.0099033,0.23851237,0.23206557,0.07068164,0.1050937,0.18471867,0.466085,0.31077406,0.08317319,0.02012293,0.017737545,0.036212236,0.01890215,00001992_008.png
0.076159045,0.01724778,0.10073683,0.33716902,0.030007768,0.023579102,0.046240874,0.015633976,0.40884945,0.8047726,0.0070379497,0.01846639,0.13718195,0.018867048,00013894_004.png
0.026348379,0.014282954,0.016655236,0.018114198,0.010766584,0.13561334,0.011057457,0.124679245,0.015320426,0.036544494,0.008667226,0.013044373,0.01757661,0.01305981,00010384_001.png
0.01255895,0.2355509,0.012291433,0.008636353,0.034118254,0.089526035,0.0161121,0.029748593,0.009052876,0.016759384,0.014854366,0.039403632,0.0065525547,0.017984923,00007659_000.png
0.008178985,0.01644864,0.018485693,0.38192275,0.07482272,0.40426317,0.021772558,0.011545029,0.22360437,0.08025542,0.005385295,0.025403338,0.045420937,0.013374527,00004360_012.png
0.46401912,0.019095685,0.03778854,0.23885204,0.23592538,0.021982403,0.08807526,0.04805557,0.1379747,0.019490331,0.014629419,0.024771502,0.115034744,0.021773214,00018571_000.png
0.027877642,0.0069043944,0.0049329316,0.07535233,0.042701364,0.23649201,0.045673445,0.019358221,0.012984404,0.06567499,0.01674723,0.4603429,0.07132949,0.013876138,00005069_001.png
0.1008706,0.1358525,0.013324363,0.030827994,0.0045699123,0.06947408,0.09779936,0.018567557,0.12040048,0.011239753,0.007895027,0.014060256,0.026339859,0.013623002,00004361_000.png
0.2208375,0.6851928,0.16356796,0.39775053,0.022058459,0.041385986,0.10954176,0.01779842,0.015798545,0.022669658,0.056326445,0.52668077,0.041027498,0.07557749,00010399_001.png
0.008363703,0.003544861,0.0069391048,0.004419385,0.15667503,0.054110326,0.021489428,0.028151102,0.06175539,0.014951081,0.006794615,0.017548054,0.016493915,0.013348118,00018989_001.png
0.03145961,0.28864557,0.054966822,0.017753495,0.075989574,0.046629842,0.006764799,0.13555917,0.019507173,0.010375186,0.9724963,0.024495829,0.013016655,0.013389712,00000013_026.png
0.010600133,0.004313852,0.0051405374,0.011652165,0.007898445,0.008410182,0.04284997,0.05200836,0.050021797,0.05851213,0.022632664,0.013964414,0.01804202,0.008817712,00000831_001.png
0.15503916,0.032939263,0.048060324,0.17540517,0.014250007,0.011246242,0.37147853,0.06747748,0.008904807,0.017476456,0.030118879,0.6031928,0.0619458,0.017527703,00000910_001.png
0.08048525,0.10521485,0.13590963,0.4227456,0.0135800745,0.02041375,0.57701045,0.009682819,0.06160726,0.054495882,0.013279847,0.008446992,0.033272237,0.013755428,00014346_021.png
0.08290949,0.019762788,0.27468526,0.09475459,0.6443181,0.033342503,0.010004013,0.21839587,0.89898926,0.009815465,0.016542135,0.01547364,0.055320386,0.013962739,00008232_010.png
0.017487554,0.01813082,0.69257736,0.80928046,0.026388666,0.057878852,0.030592956,0.021682257,0.105461575,0.2205779,0.006311376,0.012995444,0.0876422,0.008965316,00008387_006.png
0.008094423,0.008946077,0.007976158,0.08344836,0.017966067,0.11473999,0.013914824,0.06192889,0.012143629,0.01134793,0.019733148,0.19374067,0.10784511,0.022832662,00008748_013.png
0.033172633,0.053738147,0.86947423,0.08159854,0.02881182,0.013967691,0.032062992,0.012285762,0.07155193,0.020655252,0.024049036,0.44881025,0.7381836,0.008564632,00005612_007.png
0.009217575,0.008829776,0.08155059,0.43508142,0.07090778,0.07175185,0.036837842,0.029761476,0.046202082,0.014022812,0.019875692,0.7678659,0.2187779,0.008184537,00001429_008.png
0.12445395,0.010894705,0.39836302,0.09787325,0.4611718,0.017374916,0.10457315,0.011873081,0.70563626,0.0640585,0.012192426,0.029363314,0.13963546,0.016429866,00013875_005.png
0.20199445,0.22329721,0.59873897,0.03306328,0.047197025,0.30514243,0.45733792,0.005521425,0.009477146,0.033591162,0.009872251,0.008508398,0.11714771,0.023490451,00001872_012.png
0.024068523,0.02048035,0.006757302,0.49260235,0.16427478,0.23659249,0.34805772,0.028147442,0.029238217,0.69491565,0.018085046,0.019819885,0.012739124,0.016523983,00018104_004.png
0.03068424,0.010081094,0.01676593,0.43040845,0.0474747,0.015932478,0.045185,0.009117577,0.01933828,0.022267394,0.023078753,0.90656745,0.016968662,0.012216692,00016213_007.png
0.0083449045,0.017767096,0.0074678184,0.003260368,0.022088751,0.03598271,0.0073785135,0.02214986,0.008313023,0.05932251,0.011352848,0.013881723,0.037552077,0.014461221,00011849_001.png
0.015269751,0.016416924,0.009998937,0.0131521,0.07045983,0.8455115,0.029059177,0.14417633,0.0051435623,0.011726433,0.030507287,0.031769842,0.04571548,0.022311972,00003995_002.png
0.027621305,0.015713021,0.5698447,0.69767857,0.019107085,0.02629005,0.02805607,0.006722174,0.0096885,0.9931559,0.006971298,0.012334021,0.012267484,0.009373558,00010347_003.png
0.048150152,0.014454772,0.058922682,0.13622396,0.2584547,0.343203,0.019451568,0.07177466,0.037361696,0.019265922,0.114920445,0.0141367875,0.5315644,0.01940395,00010007_165.png
0.03489415,0.028237632,0.013810008,0.11474964,0.015021286,0.016902223,0.022261854,0.027320184,0.016445607,0.022854486,0.010171501,0.8965874,0.038519915,0.01750361,00015275_000.png
0.12129796,0.01420207,0.42702404,0.01817743,0.11070566,0.012715684,0.026808467,0.005637678,0.7181299,0.043045916,0.008033203,0.0077346675,0.053151198,0.011551222,00016009_025.png
0.73466545,0.031022107,0.15587752,0.12642464,0.028119378,0.036508843,0.043538872,0.018928288,0.4015936,0.7190665,0.0119726965,0.09229762,0.06124296,0.03248474,00006039_004.png
0.012422486,0.0121729225,0.005728747,0.014025699,0.014861814,0.0055629327,0.026583556,0.020936007,0.0462619,0.115798205,0.007961381,0.012268727,0.008639133,0.009622858,00012470_002.png
0.022405254,0.15188394,0.01044688,0.0130057065,0.041004352,0.022417797,0.031230737,0.016209753,0.009462038,0.0075939368,0.6541913,0.052155796,0.016203403,0.017631426,00015361_000.png
0.034668848,0.01950019,0.037926193,0.22554688,0.058085702,0.051718038,0.0492349,0.01395361,0.043204736,0.8938104,0.004786189,0.01062637,0.012122037,0.011330599,00010350_018.png
0.025785012,0.023122728,0.012287567,0.008638679,0.097758494,0.100561045,0.031651262,0.02146436,0.0050443634,0.005510173,0.0067180553,0.018971384,0.0109795,0.02878023,00008675_005.png
0.03418729,0.0086402595,0.010727215,0.044681374,0.022945102,0.046724908,0.049248517,0.019391919,0.013628853,0.012018318,0.07666405,0.77301395,0.017365776,0.03411912,00015273_000.png
0.031510457,0.80068046,0.18595533,0.06601374,0.02464657,0.107969075,0.03980477,0.014252521,0.0508378,0.00980122,0.017594777,0.042751715,0.044715434,0.017881997,00003989_006.png
0.02938389,0.025264697,0.032776747,0.17612979,0.013071479,0.014696845,0.116055824,0.009671741,0.7170935,0.20894806,0.010230045,0.017885638,0.02059876,0.013895197,00013249_017.png
0.12380569,0.059267614,0.5524551,0.7400395,0.04810749,0.10292363,0.23009014,0.018483983,0.19105399,0.046071365,0.008774492,0.018682545,0.90112776,0.01313629,00007557_014.png
0.3160559,0.254561,0.17214891,0.007858182,0.03810185,0.03832287,0.13111535,0.0151130315,0.012872647,0.009617079,0.0138676055,0.023834024,0.19406353,0.058281645,00000608_001.png
0.09158292,0.009004476,0.019132128,0.02847266,0.023117159,0.022375908,0.028778542,0.017806815,0.29346153,0.68535006,0.022186909,0.02902253,0.035262983,0.014546353,00018091_022.png
0.011680556,0.042485867,0.06163967,0.06397643,0.025684372,0.2905192,0.011837905,0.3903918,0.011532399,0.015008242,0.024469407,0.80584455,0.027313769,0.015023317,00003046_000.png
0.051172435,0.012529307,0.01650967,0.012620373,0.18016088,0.04868778,0.018278772,0.12736039,0.007935426,0.015815884,0.25610512,0.1743794,0.3278348,0.024014764,00018608_002.png
0.02165215,0.007840758,0.16183251,0.03517892,0.02230852,0.010801785,0.05242826,0.009703637,0.056824684,0.022672938,0.20342292,0.46424335,0.3639223,0.009673267,00000092_002.png
0.022975588,0.114913456,0.69350886,0.05923153,0.029151598,0.016826026,0.02706021,0.011690563,0.018293103,0.9033025,0.009290067,0.014001217,0.13046107,0.013595266,00017138_004.png
0.29599825,0.012639342,0.011145658,0.20527294,0.12907243,0.2720353,0.028185258,0.83212376,0.050925333,0.0079344725,0.028478198,0.01839142,0.04049205,0.014946629,00003367_002.png
0.24942133,0.02798992,0.041125953,0.08295736,0.01869036,0.043965176,0.029639931,0.04515484,0.040747724,0.050744917,0.031159649,0.8975777,0.043084197,0.038790397,00012536_000.png
0.008109349,0.009894808,0.0059463205,0.008079838,0.13401537,0.10820234,0.01072295,0.012023166,0.010139127,0.010043798,0.015568461,0.11750734,0.022169607,0.017062655,00009165_000.png
0.082957506,0.012824195,0.018285412,0.10257505,0.43882442,0.006344023,0.0585897,0.11453913,0.047373865,0.019862367,0.16046074,0.01940522,0.20680064,0.0128125325,00008397_011.png
0.08903906,0.02965263,0.8214651,0.86013144,0.016583564,0.04732187,0.018137611,0.17840464,0.14081314,0.065450795,0.019971283,0.01563214,0.022307636,0.010265535,00009365_021.png
0.579416,0.011789058,0.9162061,0.8681071,0.055090126,0.038662,0.072658755,0.1622704,0.45530537,0.11871332,0.022907652,0.031753622,0.036805067,0.009545797,00017541_027.png
0.025916554,0.0049244445,0.03616892,0.013479703,0.47406948,0.0073395884,0.028971707,0.030543344,0.03226127,0.013285502,0.051614948,0.006011497,0.11041159,0.015145893,00011303_003.png
0.5354875,0.911022,0.28146195,0.23224619,0.023654014,0.034276795,0.04814109,0.010611191,0.062107053,0.055626802,0.0216745,0.039246485,0.041851442,0.031650774,00004182_000.png
0.0076148654,0.011771385,0.016885309,0.1820092,0.32370746,0.030762725,0.031374145,0.0621965,0.048772126,0.11133935,0.083924934,0.101130664,0.049532253,0.01922128,00007034_070.png
0.021521075,0.009388718,0.07982046,0.7356492,0.011106538,0.06485997,0.11336822,0.008030152,0.08207344,0.82906467,0.009627271,0.0561254,0.013200448,0.015364966,00016991_008.png
0.012894591,0.05418169,0.2314072,0.18648182,0.5809484,0.26543984,0.020900056,0.0068946965,0.08937795,0.009890278,0.0035478973,0.011474771,0.021547228,0.016581247,00009457_002.png
0.004791791,0.0049510836,0.10381069,0.5801557,0.019867938,0.038276874,0.023722518,0.040564496,0.07724872,0.19454087,0.010883827,0.01685881,0.01740415,0.008486555,00020156_003.png
0.080920234,0.014232912,0.23465502,0.38398722,0.09598344,0.012420925,0.032885913,0.0788328,0.96390855,0.004418561,0.007926178,0.008008345,0.035441957,0.0031923007,00005756_014.png
0.2750342,0.030393586,0.13453607,0.47049427,0.035618875,0.049351603,0.03431005,0.09788476,0.059029516,0.013159492,0.060651857,0.7219655,0.28748742,0.016146151,00001524_000.png
0.32877192,0.34660742,0.45312262,0.93926084,0.031261545,0.013996543,0.07071729,0.010784231,0.033362187,0.48686907,0.01628105,0.015961338,0.010113623,0.022491701,00001249_005.png
0.042196944,0.039073654,0.27278718,0.07709235,0.010383168,0.015879037,0.038319375,0.009070441,0.211497,0.23214555,0.03403282,0.011686928,0.037761346,0.015505409,00015406_003.png
0.04054775,0.033832334,0.4645564,0.9107412,0.015291936,0.03735535,0.039142605,0.00862484,0.049783003,0.9354308,0.016877994,0.040500943,0.04566764,0.01803746,00010007_005.png
0.080004,0.020520749,0.2018051,0.26974687,0.87499386,0.012971063,0.016421568,0.3847113,0.010020745,0.017076673,0.8296856,0.015880363,0.043630067,0.013345399,00013911_015.png
0.038956724,0.024938207,0.043898262,0.20114231,0.14164731,0.07212688,0.023979569,0.5098642,0.027867299,0.012338495,0.8633311,0.045840554,0.24545299,0.019762758,00005986_016.png
0.019449484,0.0087018395,0.026865287,0.008184174,0.017547792,0.03474429,0.012076616,0.099063516,0.016737146,0.017653765,0.10467032,0.025086598,0.635291,0.020142533,00019718_004.png
0.007602383,0.015267076,0.008292723,0.0073282258,0.023259586,0.011227249,0.008410797,0.2664143,0.0057065403,0.02160825,0.0385381,0.011001969,0.019680895,0.007845627,00007572_001.png
0.13681778,0.0075167757,0.012924141,0.10100786,0.21938825,0.009895845,0.09821995,0.28240576,0.11610123,0.0161542,0.015646366,0.010730571,0.018856559,0.008590963,00007046_007.png
0.026777806,0.009827879,0.014027361,0.016442353,0.048356835,0.22391658,0.013304106,0.014516712,0.048648193,0.029866295,0.023587793,0.56171435,0.2453856,0.019530468,00012882_000.png
0.30902568,0.028487317,0.20847341,0.03735272,0.31269306,0.02420046,0.08053635,0.11929567,0.008818195,0.35019764,0.027102318,0.04152508,0.11589875,0.027689224,00015075_004.png
0.04635238,0.01339559,0.026667567,0.14052743,0.07109024,0.081207916,0.012162663,0.059012312,0.012486383,0.009456908,0.026754465,0.94679546,0.052574035,0.010923022,00011969_000.png
0.87582684,0.08461991,0.76830816,0.085788965,0.5951609,0.103996076,0.029595105,0.058559906,0.15481791,0.017439168,0.23533386,0.07260948,0.11063505,0.037621703,00014635_005.png
0.49683577,0.026649037,0.029386394,0.045803547,0.023114262,0.16020657,0.0148552535,0.0933005,0.024252204,0.020385854,0.9003129,0.08435268,0.022227008,0.03754017,00019097_002.png
0.01110825,0.0059315613,0.033368185,0.41627917,0.06963795,0.025801014,0.2650927,0.042262603,0.0905614,0.009796588,0.0051394794,0.012607023,0.025563475,0.006457283,00006271_002.png
0.037711218,0.009287636,0.025827782,0.015675107,0.06588469,0.0078378245,0.012375815,0.01885904,0.08514273,0.3771599,0.0052267406,0.008469973,0.009593134,0.0109970765,00009018_002.png
0.24603273,0.016077118,0.011491573,0.09935388,0.071969904,0.05894615,0.021217812,0.03583818,0.030082926,0.017080769,0.025416587,0.9038416,0.20969301,0.026011448,00014022_071.png
0.031746425,0.006473419,0.019487739,0.013803126,0.032462254,0.019334888,0.008102896,0.06154409,0.05051439,0.04253221,0.0059772977,0.021164062,0.007240479,0.0159607,00019940_004.png
0.025186218,0.026805233,0.16430208,0.055082228,0.04912421,0.02941627,0.0111121945,0.86225235,0.015073909,0.032301024,0.9648619,0.03790466,0.016818322,0.011858069,00016807_013.png
0.03906089,0.005379552,0.042171758,0.17928338,0.17046377,0.2057082,0.16897424,0.04473942,0.082383566,0.4628596,0.0058315643,0.015930953,0.032792736,0.016722037,00000652_006.png
0.014215975,0.01998277,0.0057375594,0.017146163,0.0128351515,0.021628687,0.07115919,0.008424609,0.0070350603,0.01700658,0.005738958,0.01816757,0.018650733,0.012554169,00016484_001.png
0.022792898,0.010297093,0.06854385,0.0517292,0.023004502,0.07129666,0.013312358,0.025969682,0.03055263,0.012323708,0.0052220253,0.8119865,0.54337764,0.017428964,00000524_001.png
0.07623994,0.009611486,0.02995294,0.010915988,0.04649244,0.010177341,0.09185451,0.01940298,0.199796,0.1000154,0.0068398896,0.01021278,0.01981055,0.011480112,00008341_002.png
0.19355723,0.009466624,0.02754304,0.01771984,0.123716995,0.008434513,0.010039034,0.589625,0.5564716,0.009072061,0.00858581,0.010987539,0.025985027,0.010423335,00001170_028.png
0.16733962,0.03627195,0.014425348,0.14118397,0.008190199,0.057699513,0.21692319,0.02182592,0.0074284887,0.015967347,0.10804202,0.01602477,0.19072415,0.012144276,00008103_000.png
0.05070778,0.03544195,0.1064891,0.016284006,0.029925166,0.0850125,0.015895035,0.19525762,0.014726786,0.030071052,0.9802537,0.029897578,0.011177135,0.0150807295,00008841_021.png
0.07532534,0.8396895,0.026305275,0.06115187,0.073633336,0.09544055,0.06349096,0.008070613,0.04865718,0.006697792,0.012997151,0.049430244,0.018264081,0.052345686,00000193_019.png
0.013152929,0.020821096,0.008090431,0.017200513,0.00772926,0.0485334,0.012656712,0.031552996,0.021683253,0.5852299,0.01567563,0.029245356,0.0104184905,0.013525129,00011010_011.png
0.033485577,0.014447574,0.50526756,0.8564915,0.028550956,0.027829455,0.02642785,0.021872947,0.095060356,0.9317339,0.011463937,0.018499974,0.008407796,0.011888548,00014362_008.png
0.025452614,0.012020798,0.06477028,0.8219265,0.9019759,0.015007183,0.017595328,0.31703502,0.097953275,0.008859853,0.23632002,0.027273461,0.024162816,0.006834,00014251_003.png
0.05224427,0.004179441,0.008557465,0.041462813,0.015156125,0.014959055,0.01681591,0.109996885,0.039319072,0.020323474,0.1486747,0.019366827,0.11439264,0.010224229,00009890_001.png
0.008467445,0.004069492,0.0184629,0.18985449,0.011990974,0.029118465,0.051129606,0.026483908,0.09955796,0.010427555,0.005674224,0.015259163,0.0050336844,0.00699489,00011553_001.png
0.0215112,0.019305017,0.017647902,0.10410812,0.05860932,0.021138208,0.022972468,0.75152594,0.012989036,0.00803971,0.95342404,0.049482707,0.051101625,0.01984981,00013031_011.png
0.11607317,0.023408022,0.0095474925,0.011345705,0.13721691,0.058986202,0.060601912,0.022024889,0.011196835,0.01022725,0.012147365,0.08820925,0.049157593,0.028523425,00000499_002.png
0.026068427,0.9229021,0.111851044,0.015264862,0.05665556,0.018331839,0.024800073,0.022367924,0.012405855,0.014382032,0.04706949,0.044840723,0.02118084,0.016676445,00012381_002.png
0.012429795,0.0070430567,0.01207152,0.006333749,0.015036371,0.012382763,0.010946209,0.008982686,0.049070254,0.012755981,0.014210844,0.012522919,0.0053614825,0.011237342,00002529_013.png
0.11452152,0.023146488,0.18999769,0.04208344,0.051854737,0.0099136885,0.028496776,0.18616825,0.0056971596,0.014545561,0.027637819,0.68447125,0.23753168,0.02733564,00016937_016.png
0.786025,0.048928805,0.048715897,0.20774601,0.09909001,0.19648725,0.037545107,0.05629728,0.11628256,0.12527497,0.07139647,0.009984023,0.015498721,0.019827206,00007718_003.png
0.016569866,0.120215446,0.006762028,0.0066875177,0.014263859,0.08238191,0.007045594,0.013361345,0.021442402,0.035871163,0.023614896,0.01698098,0.0064086625,0.0122384215,00015563_011.png
0.082631916,0.007013724,0.0046875807,0.029204266,0.043261,0.017000468,0.008368352,0.7610758,0.015388445,0.007974042,0.027574757,0.018939825,0.016165942,0.010542079,00017227_003.png
0.32352373,0.6078341,0.12254375,0.027204895,0.026724262,0.063898236,0.02806039,0.0071261707,0.09254382,0.28529993,0.011755492,0.016929533,0.07426502,0.025221936,00006304_004.png
0.026571317,0.012589904,0.0131871,0.031199243,0.059372887,0.061007213,0.01890599,0.08234153,0.0076821456,0.025800224,0.5906385,0.030840376,0.1582278,0.015123397,00010932_002.png
0.030588493,0.005635743,0.008501811,0.012526009,0.013511286,0.06694097,0.15606171,0.022076525,0.0070449705,0.09845646,0.011585015,0.09767461,0.050080243,0.011256835,00003678_001.png
0.21829858,0.7898272,0.90865916,0.4836782,0.031589884,0.00983259,0.020147944,0.11725494,0.22870255,0.041733716,0.045953944,0.03134901,0.052368775,0.016884103,00000211_016.png
0.13259394,0.020794638,0.10883169,0.046707273,0.1628267,0.053335357,0.019615773,0.3761576,0.11340834,0.025880948,0.9390591,0.13986269,0.1974464,0.01826484,00011355_002.png
0.0285943,0.4241689,0.017836055,0.019940661,0.007700382,0.22183101,0.028396958,0.022941072,0.0045997286,0.013176822,0.012713368,0.06309503,0.009739613,0.016549218,00004012_000.png
0.015029381,0.0042003384,0.0048940205,0.015900198,0.009798337,0.007846005,0.013574812,0.008889124,0.12989902,0.016514402,0.01166876,0.024109134,0.03132388,0.010616739,00001637_011.png
0.18546176,0.147288,0.039613962,0.6678353,0.18131033,0.16612251,0.030769719,0.057451766,0.013921866,0.039960813,0.0067231106,0.011545485,0.01845867,0.011648163,00011122_018.png
0.029937584,0.009639099,0.048118997,0.015634658,0.012542748,0.03691483,0.010646663,0.017267333,0.75283545,0.03953551,0.009971941,0.016505226,0.06916774,0.013904248,00014307_006.png
0.035071284,0.018502753,0.043043774,0.080728985,0.026777346,0.02291601,0.011497586,0.8030581,0.013625944,0.025752554,0.9856163,0.014081019,0.014686105,0.012528244,00003523_035.png
0.06378418,0.014758218,0.014656167,0.1550935,0.60295355,0.08380368,0.4141796,0.043500442,0.22713761,0.34858772,0.0074269776,0.012761176,0.027956685,0.017748965,00016696_002.png
0.052637402,0.010886338,0.012346358,0.24555495,0.03150584,0.015125812,0.04041081,0.08147752,0.15291274,0.047083136,0.008167871,0.014450581,0.005318866,0.0073940805,00017524_003.png
0.07737908,0.21954213,0.1230604,0.18777771,0.7887994,0.050148632,0.016013054,0.28477415,0.07753936,0.017078016,0.14672029,0.035271008,0.014061861,0.026024021,00007830_005.png
0.58966964,0.15538925,0.39019307,0.052915826,0.14441131,0.018887063,0.13691421,0.03661403,0.02343399,0.03401628,0.0154514415,0.031472333,0.03229622,0.019282358,00007016_001.png
0.0721815,0.023769857,0.020292822,0.038312092,0.014483507,0.06276772,0.054794937,0.021997903,0.009906718,0.017318394,0.025415359,0.6671063,0.016595636,0.13381664,00017323_003.png
0.13787314,0.02313842,0.70487845,0.38279888,0.16655415,0.299767,0.12123603,0.047498196,0.10092835,0.56903183,0.007941513,0.024129124,0.08411107,0.028896099,00012973_023.png
0.0935529,0.96458834,0.113100804,0.029842485,0.056846604,0.028322794,0.01972313,0.04609568,0.079095006,0.03083093,0.1260473,0.07762315,0.025167381,0.02764045,00017999_006.png
0.058445815,0.012048403,0.005635861,0.035091255,0.03488403,0.016644174,0.08856746,0.015040551,0.10898829,0.031579677,0.004638408,0.029418591,0.02173128,0.0104756085,00012082_003.png
0.16189511,0.03261814,0.065406054,0.07858953,0.01547524,0.2965727,0.032463353,0.0071591744,0.09170575,0.57107633,0.006396137,0.011818917,0.0189055,0.021987468,00002072_006.png
0.01581169,0.039551668,0.043267246,0.10478916,0.025344172,0.10478481,0.07059731,0.008768542,0.017170519,0.0062835603,0.030675286,0.031798318,0.039945167,0.015211446,00013363_000.png
0.067049235,0.009314931,0.028199365,0.042411845,0.12777318,0.012681674,0.013222747,0.061205268,0.017509935,0.012464282,0.9409779,0.022019004,0.32249415,0.02470742,00002702_014.png
0.047215108,0.021752764,0.0061335936,0.061144836,0.0073697837,0.083637364,0.025224674,0.14210565,0.022796353,0.029453292,0.016262807,0.23120733,0.2855742,0.03083397,00000529_000.png
0.018359551,0.01167579,0.022393474,0.37747127,0.069894426,0.40218934,0.058735356,0.01177276,0.09088633,0.42718792,0.004973189,0.024192149,0.10228886,0.025045853,00010708_000.png
0.13159977,0.27299267,0.031656854,0.7832467,0.023681417,0.021173587,0.0225891,0.009985418,0.13810936,0.16054375,0.026918178,0.035761643,0.017439624,0.012374323,00008051_027.png
0.042312797,0.015807223,0.009265036,0.06632651,0.13252111,0.03137129,0.00890238,0.16004698,0.013530799,0.006952656,0.9839929,0.025759462,0.026771674,0.015166335,00002868_001.png
0.0073162094,0.6189834,0.008229572,0.025106212,0.016142093,0.019460933,0.016958429,0.027541412,0.029288776,0.014875921,0.0065095006,0.041468613,0.024353627,0.017021263,00015370_007.png
0.06056495,0.012623356,0.026075205,0.010805128,0.024217874,0.008596618,0.05371053,0.019012714,0.024755288,0.015119144,0.017870728,0.4716661,0.12801254,0.019725788,00014178_004.png
0.009346931,0.02137703,0.00804762,0.007330255,0.010067208,0.041002188,0.017512577,0.046439923,0.007146425,0.01395176,0.0074639744,0.81814647,0.051678684,0.01734647,00000199_001.png
0.006750032,0.011277068,0.017072767,0.055285826,0.018451067,0.09594106,0.018168025,0.14770207,0.023884928,0.014256004,0.045667294,0.5850452,0.578214,0.018626507,00015997_000.png
0.08767443,0.016888142,0.42893323,0.41717026,0.03567892,0.050816756,0.084600225,0.009525607,0.50438064,0.67019725,0.015435571,0.012468452,0.034196418,0.016927978,00007718_013.png
0.9279577,0.01877205,0.28236935,0.054717563,0.027891045,0.23851644,0.09490509,0.15286082,0.02692221,0.03997663,0.026798783,0.28302786,0.051912006,0.029116053,00015914_011.png
0.2321834,0.023180328,0.092545286,0.059534993,0.06449303,0.00989704,0.28625718,0.01769404,0.7601523,0.16962962,0.027238907,0.08952655,0.05788304,0.018828884,00020037_004.png
0.04714083,0.01752125,0.04705578,0.010309687,0.055652924,0.76056767,0.13618726,0.027323682,0.005878922,0.016709639,0.007012357,0.013548288,0.124481924,0.025277695,00006650_000.png
0.14747643,0.017837934,0.005082993,0.029761218,0.013131099,0.016022613,0.019286465,0.012256726,0.0172318,0.011574607,0.019934146,0.012048868,0.009833356,0.016743321,00012470_006.png
0.062236834,0.0076166815,0.028087333,0.052542154,0.025740024,0.0071928077,0.047547225,0.009599364,0.46582937,0.062615655,0.03295642,0.012569551,0.08387087,0.012134439,00013073_006.png
0.04202486,0.013990918,0.012924117,0.06733424,0.018791236,0.034953944,0.06606924,0.01221599,0.021752637,0.011517211,0.0682731,0.76152223,0.028949058,0.036934186,00019059_000.png
0.009734532,0.042120237,0.003382418,0.0035083895,0.016866762,0.019029133,0.007682506,0.0091574695,0.012597351,0.018955333,0.013030562,0.016396679,0.010439725,0.0111200465,00007076_019.png
0.060801376,0.023143226,0.010122764,0.47265798,0.33808962,0.4639064,0.042089295,0.14152251,0.034372758,0.012917202,0.076724105,0.45440465,0.087592475,0.02248233,00019222_009.png
0.09593372,0.032915574,0.34322825,0.39783037,0.017892182,0.03206086,0.049484324,0.022903837,0.14332263,0.028886681,0.0069137155,0.0056876866,0.12886463,0.010300228,00009595_016.png
0.16241314,0.04061371,0.83366084,0.026793817,0.063341044,0.028152185,0.011543325,0.13149004,0.062607154,0.018509664,0.29234573,0.011758241,0.033220634,0.018834196,00016797_015.png
0.059062246,0.028053833,0.01905428,0.018559212,0.09977498,0.024748921,0.016385924,0.014552829,0.060815316,0.027709626,0.005289732,0.009912079,0.119350664,0.014464768,00008068_009.png
0.021681756,0.30398905,0.022171505,0.016508425,0.120901644,0.08547302,0.04286443,0.04542817,0.013278041,0.01421079,0.106091596,0.083117686,0.02875815,0.29218537,00013380_003.png
0.10816135,0.009007944,0.09748517,0.7410631,0.07003621,0.025613092,0.04197859,0.05757444,0.19045532,0.14903852,0.024876991,0.04816409,0.38965014,0.013990794,00011144_006.png
0.81781226,0.022526514,0.052660175,0.04961204,0.07188337,0.058241714,0.057408907,0.763541,0.008063376,0.013746871,0.0502878,0.05356013,0.036274057,0.013208234,00008013_006.png
0.02455307,0.026071973,0.041151103,0.23752293,0.116704635,0.9465206,0.03408578,0.016665775,0.017754242,0.025788672,0.00290995,0.06607228,0.021204447,0.02346202,00011737_003.png
0.066156045,0.009452992,0.037167028,0.061435316,0.57192975,0.1298382,0.024319688,0.27042747,0.013880876,0.17469119,0.006247802,0.009528783,0.016727919,0.0132426405,00017467_020.png
0.031188298,0.035065927,0.852695,0.43262655,0.22974099,0.042549722,0.09797896,0.06413959,0.028079297,0.030713338,0.047525775,0.21285135,0.88038117,0.021619575,00017712_005.png
0.0144430315,0.04865102,0.006541415,0.0063932776,0.008674111,0.015190904,0.01792337,0.008562835,0.013151419,0.015020828,0.0077229105,0.013657742,0.015400616,0.013328771,00006205_000.png
0.13473095,0.96624273,0.057502896,0.029886177,0.007989536,0.048606455,0.05137916,0.009218511,0.02419953,0.0728473,0.021380527,0.0314854,0.020877494,0.014552132,00007018_011.png
0.017330643,0.019935671,0.0072635585,0.023997195,0.013372557,0.025739146,0.016546216,0.06078252,0.0071373805,0.007471541,0.078809455,0.25174487,0.016326476,0.008534512,00007700_001.png
0.14307755,0.0073553245,0.0174973,0.26539057,0.015881056,0.02360219,0.0090194605,0.26120016,0.064072914,0.0110516595,0.8589867,0.06649512,0.019748654,0.020162033,00008509_002.png
0.78470355,0.013022892,0.49182358,0.06249231,0.07903676,0.0204668,0.025705526,0.10273341,0.61355025,0.017597422,0.028261213,0.11388455,0.39670298,0.014968654,00010357_002.png
0.50262725,0.038861755,0.36036554,0.86448485,0.033731204,0.03348534,0.061197773,0.025213743,0.6950365,0.5885743,0.01731161,0.05799627,0.023488974,0.018435083,00011966_011.png
0.01728516,0.006350285,0.012193352,0.102552444,0.4707804,0.021687906,0.0051625906,0.09586294,0.031789567,0.0054976577,0.010473078,0.014164986,0.010294674,0.010019481,00016234_000.png
0.25889784,0.3299509,0.85274136,0.4587319,0.08907275,0.02811493,0.727013,0.015298149,0.033203587,0.047921862,0.15922225,0.105997056,0.15838851,0.060587663,00004832_002.png
0.29682982,0.010365218,0.07546417,0.7071487,0.1135847,0.019731238,0.03837612,0.032908607,0.79960185,0.075752035,0.015208926,0.019021288,0.024017073,0.009077181,00019967_020.png
0.026032278,0.0069614877,0.013373463,0.0056196074,0.7064866,0.035708856,0.009493167,0.008675247,0.041288983,0.010855599,0.0070795123,0.016143503,0.012020611,0.01564595,00017819_006.png
0.09931094,0.8767903,0.1574154,0.05946153,0.02990632,0.01851787,0.047261976,0.02114266,0.027435603,0.047854993,0.050201338,0.10610645,0.5169039,0.032842927,00004893_085.png
0.013054297,0.018358959,0.02737511,0.064784266,0.038259577,0.800767,0.06913979,0.05063521,0.016360236,0.011314842,0.0073770774,0.09008766,0.48510846,0.018986939,00005030_000.png
0.088865414,0.018545106,0.15725966,0.16568503,0.03438485,0.04974247,0.009612761,0.01676773,0.96682984,0.05934155,0.012829865,0.021205368,0.061794076,0.009827601,00017524_028.png
0.034580994,0.021469569,0.0073436536,0.43442407,0.014541209,0.0452917,0.10470519,0.058919404,0.02097644,0.013692934,0.038496524,0.10074154,0.016896661,0.0137881,00017839_000.png
0.4785039,0.039660417,0.3584878,0.57907915,0.053065084,0.04482674,0.81004447,0.023256673,0.027669147,0.3922083,0.01908544,0.012081203,0.014224651,0.017542087,00013594_049.png
0.11227421,0.02775913,0.030148728,0.28127515,0.07488428,0.9366759,0.028469257,0.023238365,0.017792936,0.06770445,0.0067942617,0.060352866,0.062112454,0.03171661,00018448_000.png
0.13139515,0.0116908215,0.28723174,0.11231989,0.009911185,0.018189477,0.05672784,0.20621239,0.031322956,0.36716855,0.5157911,0.016954089,0.109167114,0.020825336,00014849_004.png
0.59481674,0.021599174,0.81585914,0.61149853,0.08232398,0.012441395,0.021585982,0.5353801,0.12835939,0.013184017,0.7047125,0.18266869,0.09504504,0.0083320225,00009349_024.png
0.5562399,0.020182395,0.013802523,0.10686616,0.015101084,0.012503787,0.03286791,0.010053204,0.11626403,0.1584485,0.009870256,0.017696526,0.006490975,0.012845063,00019967_002.png
0.01876097,0.059914973,0.019721948,0.00908639,0.02022233,0.0062280563,0.00926084,0.016347395,0.085323624,0.018593375,0.025038578,0.022091337,0.017395778,0.012223236,00001643_003.png
0.8382927,0.02015134,0.48604378,0.057288073,0.031857137,0.025354678,0.026630053,0.21959539,0.06529604,0.02827431,0.90964025,0.10260953,0.0494451,0.013284033,00011808_017.png
0.11179034,0.016081259,0.886085,0.24450079,0.024862114,0.041649666,0.01647499,0.013883455,0.33517355,0.5715969,0.025538595,0.021752702,0.12720951,0.02128968,00014362_011.png
0.6002647,0.00836011,0.06696197,0.095100135,0.22447999,0.013755693,0.051320046,0.020745806,0.45240268,0.0625456,0.0058596497,0.03173882,0.005898619,0.012358016,00007762_010.png
0.33453062,0.006783025,0.006672091,0.0384583,0.020066073,0.03358921,0.019855328,0.10497666,0.026558377,0.007984923,0.0034255285,0.040002856,0.028349662,0.031222565,00010571_004.png
0.021269726,0.5075761,0.0103799645,0.14273012,0.024853792,0.13760088,0.010342135,0.05911683,0.019594211,0.026127301,0.015158436,0.22720641,0.007740195,0.018158833,00003015_000.png
0.01857586,0.013883787,0.054252274,0.0894925,0.015473647,0.046466112,0.20261446,0.03461239,0.052488074,0.5900216,0.19128263,0.028121803,0.02000633,0.011826509,00012834_074.png
0.051948767,0.0168016,0.006096782,0.008623277,0.015373958,0.016724734,0.014770979,0.006488565,0.009745128,0.020569498,0.010515677,0.032614868,0.0129648335,0.01931911,00009560_000.png
0.011468769,0.0093472935,0.0130857155,0.025871815,0.0461894,0.011413103,0.013514032,0.051377993,0.007925143,0.00784622,0.9888298,0.01614092,0.02887879,0.009993242,00010120_021.png
0.009533168,0.005781918,0.005153075,0.0061394037,0.009483092,0.0077462946,0.010470909,0.0094981855,0.02190232,0.0087927915,0.0066053635,0.0085632885,0.009278176,0.011954372,00012662_000.png
0.61690503,0.011360611,0.1915244,0.054131586,0.41495258,0.019852765,0.6125293,0.00816912,0.014085748,0.015215612,0.095140375,0.07519132,0.023138743,0.035049073,00012410_000.png
0.3612976,0.013833478,0.022233693,0.09349709,0.02107807,0.008504195,0.4776932,0.0095383115,0.019983942,0.023523249,0.041486245,0.5367433,0.03704134,0.02085646,00002350_013.png
0.12122624,0.019525062,0.036503978,0.026016083,0.04585334,0.15535364,0.040620446,0.031204859,0.006491864,0.007001166,0.7581348,0.023257995,0.060203727,0.05572435,00006874_001.png
0.022396838,0.73175985,0.21671845,0.88951296,0.018916935,0.024926592,0.12041888,0.007860915,0.047275435,0.7370947,0.011120094,0.027167177,0.019272747,0.01926281,00017055_000.png
0.22455439,0.010773723,0.28881833,0.31715333,0.872253,0.017633218,0.100768425,0.41817003,0.03720152,0.027432462,0.03151396,0.0500887,0.10056368,0.0190772,00017467_003.png
0.31447077,0.008691543,0.018938124,0.08941839,0.12978344,0.027290383,0.06568271,0.18729125,0.060815804,0.07117744,0.5058526,0.020500384,0.012690532,0.016971327,00018284_001.png
0.09468467,0.021113342,0.025062323,0.2352456,0.031027673,0.47532544,0.17319664,0.06780781,0.07329143,0.011704361,0.0054236087,0.13537776,0.3978256,0.021757364,00006329_010.png
0.9564137,0.00940686,0.11481922,0.055114508,0.036990307,0.05074788,0.023702884,0.43078122,0.053407427,0.018311774,0.02719708,0.086091,0.045284748,0.013819304,00013993_128.png
0.024925238,0.007848315,0.022384219,0.667448,0.023115974,0.68493086,0.058009014,0.031649288,0.015305557,0.044073865,0.006429784,0.07009179,0.69177175,0.008707119,00019823_005.png
0.0125055825,0.9162401,0.01767253,0.15548491,0.023631498,0.033877485,0.029010398,0.013829893,0.10923407,0.032606825,0.012675114,0.039051276,0.016276652,0.01713181,00012659_018.png
0.035633605,0.043321468,0.6415576,0.30678597,0.18218835,0.3050545,0.027641553,0.007106017,0.46834877,0.31193727,0.013389492,0.016707107,0.024185576,0.02035113,00000506_013.png
0.032250457,0.02136793,0.79466885,0.17917137,0.0906085,0.016172852,0.101789765,0.0358409,0.024587825,0.9078348,0.034450464,0.014847418,0.036378782,0.015235323,00012620_005.png
0.017840523,0.009576404,0.017916111,0.87130487,0.017803896,0.037357863,0.12848412,0.021654831,0.023457747,0.9114731,0.005749183,0.01573586,0.008502699,0.0079086535,00016232_006.png
0.9327732,0.005759836,0.033218697,0.6095704,0.021593753,0.08104013,0.020909952,0.046567604,0.13550098,0.043611627,0.008357193,0.031240012,0.006227171,0.013228846,00019967_024.png
0.39942077,0.008062677,0.011074082,0.3085863,0.03342299,0.036880106,0.07771895,0.043413755,0.21385579,0.635408,0.05767491,0.03280787,0.01682908,0.016961426,00012753_001.png
0.041275404,0.013757619,0.13110204,0.24028021,0.11868755,0.47120175,0.47795036,0.020488113,0.016987316,0.84162366,0.00868138,0.020117901,0.03680476,0.023300132,00010509_005.png
0.0670301,0.008667111,0.015286322,0.30892262,0.069801204,0.55785614,0.055194486,0.019697856,0.06294009,0.0717512,0.004314426,0.11468754,0.07330115,0.015864452,00005094_016.png
0.04973046,0.24524927,0.03287588,0.027774144,0.015940607,0.01473244,0.0147425365,0.014706404,0.014126199,0.010759431,0.022043645,0.28122193,0.107952476,0.014105533,00004350_000.png
0.26309803,0.011263253,0.06675271,0.4077179,0.7649024,0.1446391,0.056829117,0.01774977,0.60278535,0.013085471,0.018170547,0.12322295,0.120314375,0.013096121,00004156_000.png
0.63078684,0.041561175,0.1959247,0.18875507,0.0859471,0.15511046,0.115120664,0.016828654,0.049791664,0.043531753,0.1003967,0.52734315,0.08508657,0.3251537,00000385_000.png
0.021672133,0.019902872,0.635168,0.5118668,0.016079435,0.03425411,0.043711927,0.02004516,0.13909154,0.71401596,0.012131171,0.012123972,0.010232774,0.015019121,00018724_023.png
0.0068728235,0.007792413,0.2281108,0.11883214,0.024209931,0.05121887,0.034422643,0.051544666,0.018884573,0.23738867,0.0064962446,0.124126926,0.07859905,0.012940667,00002112_002.png
0.12730284,0.85781896,0.017121037,0.03272409,0.010144867,0.02206866,0.021930007,0.017401787,0.014984299,0.009996695,0.02538496,0.032738574,0.021447945,0.014765153,00006875_019.png
0.01013519,0.92359775,0.026345909,0.016955122,0.025582338,0.036479115,0.011298195,0.014476083,0.020202806,0.014719698,0.019575762,0.1110329,0.012654191,0.01585512,00007735_035.png
0.01063139,0.009211132,0.014502884,0.74805987,0.06434323,0.012662964,0.1941222,0.4268679,0.0711285,0.021958094,0.023481075,0.16998978,0.16747114,0.010748976,00013031_019.png
0.70470554,0.01892274,0.1735135,0.17735974,0.06925275,0.05600606,0.021267422,0.31055,0.16927661,0.02487588,0.9586181,0.2015382,0.036412712,0.014307438,00013653_003.png
0.040024266,0.012242952,0.46187577,0.8108766,0.03571838,0.022918427,0.0859479,0.042285983,0.11088149,0.63948715,0.01334938,0.019998647,0.019247701,0.009997672,00010832_006.png
0.10784709,0.017586956,0.018790545,0.07659158,0.032291207,0.017345503,0.065152474,0.035650875,0.010023602,0.024803583,0.09466797,0.19127704,0.7155481,0.03829815,00006600_000.png
0.0443738,0.008124793,0.07087637,0.74804604,0.04427937,0.050710406,0.03220376,0.016041802,0.034995876,0.97254205,0.007125189,0.022318771,0.01699697,0.011908758,00010627_000.png
0.57038945,0.011052275,0.04705819,0.007880195,0.029264465,0.017218262,0.030960364,0.0056096483,0.09024161,0.120638825,0.004970924,0.044287357,0.004501447,0.009158106,00008051_012.png
0.060326032,0.017877702,0.23891975,0.06620433,0.05823274,0.03203007,0.01116322,0.884688,0.053816743,0.03030933,0.94698274,0.023269225,0.02048526,0.012731402,00014358_011.png
0.08649062,0.008567187,0.0074264854,0.05275655,0.016676586,0.023661155,0.008563382,0.023272846,0.015026557,0.00846313,0.023178266,0.9843342,0.045944415,0.009117319,00004022_001.png
0.054432712,0.012539158,0.0082539795,0.015902778,0.09156812,0.11851647,0.017134868,0.17617427,0.0093133915,0.018953323,0.17767045,0.40815997,0.067144,0.02735077,00012624_000.png
0.4382859,0.047869653,0.023367222,0.075845204,0.08517839,0.014012268,0.026574759,0.045010366,0.40913564,0.026822167,0.0049084444,0.012028628,0.087678604,0.013109069,00011702_047.png
0.10334878,0.06421937,0.008538282,0.24144988,0.073969044,0.7592023,0.04289002,0.02431062,0.06419939,0.07835235,0.015710063,0.038494553,0.022592522,0.02570741,00014174_000.png
0.7182502,0.0344173,0.041664798,0.06421734,0.048552185,0.015026728,0.52005136,0.03198007,0.020072851,0.081187256,0.023705006,0.066898696,0.1488662,0.017406303,00011859_016.png
0.043981344,0.0253626,0.025999643,0.07266695,0.16037531,0.022722648,0.014785713,0.5262732,0.045271747,0.010529837,0.66337216,0.03205032,0.19245529,0.019178558,00002702_008.png
0.19555128,0.011634309,0.057154953,0.030294238,0.086207464,0.069605194,0.023940746,0.94350505,0.012791038,0.020876301,0.10091077,0.017319059,0.24977276,0.02454308,00014014_008.png
0.853098,0.028837316,0.5794621,0.64261436,0.24230786,0.106822796,0.018630851,0.15242815,0.12703748,0.0118040005,0.68717086,0.10098704,0.20568487,0.015688267,00010677_012.png
0.0120501965,0.022143759,0.0044514425,0.048759665,0.044910647,0.030425029,0.009131956,0.0216818,0.00818102,0.012190998,0.022614012,0.05573577,0.02210798,0.012183029,00012372_003.png
0.011424503,0.005275813,0.007771964,0.07905889,0.050192535,0.19293237,0.036932565,0.011637638,0.016275797,0.009446278,0.024884418,0.15181169,0.0062417095,0.013401306,00014603_006.png
0.2784779,0.012211756,0.13619813,0.030091798,0.020462146,0.010007367,0.120774135,0.006896153,0.78712136,0.3917913,0.016835164,0.011948492,0.017220192,0.014457224,00018606_003.png
0.1129318,0.008497368,0.030128492,0.029675007,0.05299904,0.008487919,0.011583721,0.041444413,0.06901352,0.010919006,0.7322464,0.031916037,0.42242646,0.014191972,00001248_010.png
0.025583895,0.007196601,0.24440923,0.9571623,0.040177006,0.023063729,0.069813795,0.12224924,0.074554026,0.08046245,0.014199145,0.018939124,0.10885338,0.007776326,00006906_019.png
0.09797958,0.011361469,0.022160016,0.05686267,0.02904235,0.15746821,0.064432226,0.09377402,0.03173762,0.026891263,0.03409875,0.036359612,0.8564153,0.015045299,00018003_000.png
0.017141454,0.014202023,0.44057342,0.52296734,0.0333468,0.05868522,0.01763141,0.7535496,0.022852713,0.011964141,0.018390102,0.5192259,0.26378044,0.0086753415,00001974_010.png
0.022929931,0.025238313,0.656465,0.7177253,0.025851257,0.03861795,0.027188769,0.0061507677,0.0144303525,0.97803044,0.009888476,0.017764183,0.016991934,0.01653859,00010347_001.png
0.022906456,0.008311088,0.10921848,0.33331138,0.18643013,0.03655201,0.15242767,0.031670462,0.038745485,0.9229399,0.006946627,0.012790338,0.016848752,0.013783207,00018558_006.png
0.14282747,0.03151518,0.018288722,0.014887995,0.042495728,0.030509759,0.017186645,0.056300282,0.029771725,0.32322,0.0057846406,0.08963343,0.10605174,0.031466965,00001086_000.png
0.025973566,0.056322657,0.13523227,0.31100538,0.008415512,0.005376776,0.01698473,0.025136918,0.45289153,0.22684382,0.038246613,0.021861041,0.084821075,0.015115971,00011391_019.png
0.052522697,0.029765643,0.017440451,0.14227863,0.14879465,0.062310096,0.011468391,0.76377875,0.028727049,0.015005406,0.9610525,0.012034062,0.013483013,0.01566626,00014731_012.png
0.5196079,0.03178442,0.11218876,0.020936865,0.0556775,0.20503893,0.105955675,0.012754348,0.025203088,0.03329658,0.14068471,0.18333419,0.012787479,0.22857814,00013278_000.png
0.09264595,0.024058506,0.122364365,0.9565919,0.018439911,0.028708762,0.32989326,0.010781759,0.06125514,0.7266493,0.014829622,0.02173924,0.03410685,0.012324103,00014149_029.png
0.9069996,0.01620738,0.834322,0.25290787,0.36679405,0.05775926,0.11457573,0.07061673,0.083361104,0.041668966,0.026111351,0.13961533,0.15027367,0.0280256,00019756_003.png
0.922511,0.012206983,0.09614358,0.03489406,0.096772105,0.094802186,0.10527809,0.057539277,0.01712818,0.056756914,0.07274737,0.02000376,0.026852231,0.011890195,00017325_008.png
0.22321895,0.021886254,0.058556158,0.094764195,0.033420727,0.15692292,0.06811478,0.036044274,0.003279217,0.015030729,0.017505448,0.09386935,0.38498142,0.034420703,00014491_000.png
0.018046785,0.004936069,0.009764539,0.007474236,0.016862193,0.03394386,0.013007009,0.01594947,0.029544527,0.022277934,0.006157864,0.007666158,0.028503194,0.01894531,00018949_013.png
0.37593967,0.032103706,0.11906883,0.3443135,0.02949319,0.00790817,0.036742266,0.023455415,0.9590577,0.11493034,0.03745788,0.028170345,0.028636144,0.0119605055,00015013_008.png
0.010805699,0.0141221685,0.015938213,0.60849684,0.014012729,0.033254568,0.07498242,0.14676522,0.008523215,0.37472808,0.0077782283,0.007878197,0.020238284,0.008774492,00014314_000.png
0.063152894,0.452959,0.15830214,0.0050344532,0.12973548,0.09914053,0.0046333494,0.030282112,0.02939714,0.020123592,0.022135485,0.04282717,0.0036625653,0.014480574,00009969_001.png
0.074736536,0.016214687,0.38356304,0.055495717,0.03878409,0.09643167,0.02764331,0.18419176,0.48726478,0.06226084,0.028408585,0.0128201395,0.5648673,0.012973458,00010007_051.png
0.4706245,0.056008015,0.009897381,0.02935103,0.046971854,0.021613669,0.014689554,0.014894634,0.023694726,0.024115589,0.01665693,0.013250937,0.009361734,0.022016952,00019967_005.png
0.01858451,0.010272029,0.0050620222,0.016531255,0.031774618,0.033131123,0.02099766,0.03199934,0.013316454,0.007998449,0.6536398,0.06867903,0.027500983,0.052339382,00010176_000.png
0.04941754,0.67851293,0.74103636,0.3459443,0.14718643,0.036504425,0.021768263,0.025328962,0.11868206,0.017245201,0.047060378,0.056000657,0.02806736,0.019817669,00012628_015.png
0.05106372,0.029650088,0.666596,0.37514764,0.43819404,0.01291294,0.22387269,0.06533245,0.124224,0.63734657,0.05206553,0.014816273,0.023179302,0.019695582,00016522_017.png
0.115482494,0.029496247,0.2890286,0.18626153,0.19177638,0.06905192,0.11904544,0.052471675,0.10985031,0.013603831,0.018156797,0.0076934914,0.7082376,0.02004187,00005089_041.png
0.019748308,0.011409956,0.018088344,0.18175197,0.017263766,0.009091242,0.016845616,0.43195832,0.027214559,0.005697773,0.7663924,0.04217042,0.06594357,0.011250135,00015530_068.png
0.9209442,0.02294631,0.83745855,0.18401416,0.16174419,0.24426582,0.01758129,0.124325186,0.12394617,0.025625642,0.018690558,0.1288097,0.22726893,0.016312888,00015679_010.png
0.02060502,0.020083252,0.011540306,0.031856686,0.01491392,0.0121555785,0.02046054,0.014409812,0.013303598,0.011222051,0.06965496,0.82852805,0.010728905,0.0137809375,00019522_008.png
0.46548724,0.04197717,0.98733073,0.039597884,0.098270364,0.016821917,0.082142286,0.06308791,0.016471859,0.027652571,0.049019903,0.16888402,0.49961424,0.018269887,00000099_013.png
0.102904126,0.010759237,0.10860485,0.04198281,0.08297842,0.017591769,0.023959689,0.005515621,0.2256546,0.10748431,0.006348681,0.01354572,0.029509103,0.01228284,00014753_004.png
0.035228655,0.08053481,0.2722178,0.36216056,0.023920268,0.021906817,0.051116675,0.017081931,0.15176244,0.636117,0.009097383,0.009189924,0.017966151,0.014492303,00002424_009.png
0.010448582,0.01298243,0.0056243283,0.023117837,0.03673184,0.014346224,0.007718238,0.1924959,0.015582454,0.024806991,0.0071351063,0.023413485,0.0056930715,0.007870062,00010474_000.png
0.17093343,0.029759014,0.10226578,0.045453407,0.38732052,0.9165217,0.10997789,0.031618096,0.11071735,0.013530875,0.009092694,0.042457636,0.08620418,0.04397178,00006819_002.png
0.024385897,0.008766346,0.0053519756,0.0065602423,0.010412033,0.008115702,0.009699435,0.010336169,0.008366085,0.007883574,0.010228872,0.0108883,0.012321411,0.018257594,00003060_000.png
0.7295981,0.11755049,0.5964272,0.34710237,0.10912566,0.027990358,0.1074715,0.01246288,0.9248686,0.12555273,0.035943925,0.04869888,0.049466453,0.015809085,00011237_067.png
0.014793767,0.015506203,0.038678106,0.057880495,0.05406678,0.080997065,0.017175186,0.012217877,0.10646243,0.015647512,0.012621864,0.43412924,0.71358913,0.01733169,00006563_002.png
0.02205385,0.02129765,0.011232209,0.015062466,0.0127135655,0.015324108,0.039812054,0.01082871,0.0055591357,0.013388205,0.24689613,0.6451024,0.019391125,0.011235287,00015056_001.png
0.057363387,0.01582457,0.27770454,0.42821112,0.10708489,0.18716285,0.04136833,0.04356531,0.10609895,0.013389113,0.014147891,0.7802762,0.70596355,0.0165142,00000723_003.png
0.012762184,0.01231758,0.01051137,0.08125222,0.041444838,0.7471751,0.02607225,0.012573612,0.01371434,0.005728641,0.0037537552,0.016846273,0.012922085,0.024929056,00019613_000.png
0.05437276,0.0093904035,0.03335597,0.030205814,0.10302199,0.01730064,0.074699186,0.009967456,0.020306326,0.012790705,0.08590189,0.8795118,0.04931428,0.019628886,00014565_002.png
0.033832647,0.04113143,0.80696464,0.488991,0.014597735,0.024216844,0.10653155,0.005864921,0.21339963,0.9502488,0.016164927,0.01620097,0.047987293,0.016278736,00017405_020.png
0.08280634,0.01718439,0.21718362,0.0829798,0.040529426,0.02970887,0.024963554,0.40218303,0.020385398,0.054608878,0.98519486,0.047449045,0.03055149,0.010913393,00010767_017.png
0.08909674,0.011715939,0.6295914,0.22063178,0.6288007,0.06481131,0.055486143,0.14582503,0.19390821,0.26741332,0.03183234,0.039253328,0.028961265,0.024161553,00012386_005.png
0.06919019,0.011248749,0.01788755,0.4344884,0.029314246,0.0777351,0.040440377,0.06649822,0.2588694,0.69321775,0.0125363525,0.047878385,0.019974396,0.014934082,00011605_009.png
0.31065255,0.012696244,0.8100145,0.07923272,0.100228556,0.14201161,0.02960754,0.03596268,0.435379,0.052514035,0.006370114,0.023053244,0.64867103,0.011010657,00006096_011.png
0.011598887,0.010099198,0.024530465,0.013489251,0.044003997,0.016688202,0.012383599,0.033284474,0.016652565,0.012372802,0.091241084,0.6977379,0.38093978,0.031208592,00019277_000.png
0.12581952,0.08937583,0.6669831,0.85427237,0.017912889,0.013385063,0.015457588,0.019692471,0.8100013,0.082405485,0.015659988,0.017367419,0.055482794,0.0068185697,00013993_026.png
0.01618647,0.0055851853,0.011666721,0.013901327,0.07929495,0.1686874,0.026313402,0.039077286,0.005568444,0.008876623,0.004245829,0.05589222,0.26040223,0.019824436,00003527_002.png
0.044852193,0.020597696,0.009030527,0.06541515,0.0589799,0.12658343,0.13989395,0.019185636,0.029866384,0.2765791,0.00264551,0.04535027,0.03584249,0.017400082,00019774_002.png
0.11820666,0.048447948,0.05923402,0.5957055,0.034225572,0.036026392,0.5134153,0.015189207,0.07463686,0.26085228,0.023771906,0.038401254,0.025333371,0.012939035,00014429_007.png
0.026069742,0.037518036,0.007067516,0.009986606,0.017073415,0.016626911,0.022923486,0.015075545,0.025004175,0.111061856,0.014713972,0.017244231,0.009604584,0.017642695,00003140_005.png
0.010458772,0.45812657,0.015736816,0.028702138,0.017305115,0.015444812,0.13569441,0.012356893,0.0066980263,0.023857066,0.0060839113,0.03050361,0.016613934,0.014643749,00003087_000.png
0.00813204,0.055391703,0.015880207,0.005345084,0.014562837,0.012697344,0.013080513,0.027246535,0.0055169314,0.027917216,0.017065367,0.032865446,0.026991298,0.008224725,00000071_004.png
0.013170623,0.0068958495,0.008792567,0.0088690445,0.012089276,0.019650396,0.041010015,0.021800093,0.019069858,0.018820196,0.013012729,0.01913835,0.040097468,0.012474542,00000732_007.png
0.7915688,0.19297676,0.7601126,0.7007295,0.008876689,0.037362784,0.018521562,0.03878902,0.533567,0.06333787,0.007849878,0.016550368,0.107982695,0.010467777,00013594_050.png
0.00994019,0.028023148,0.034910757,0.5329132,0.22784963,0.57688504,0.06581363,0.018271342,0.020399686,0.020600155,0.04718615,0.023072362,0.006297659,0.018515823,00006233_006.png
0.2688925,0.022877248,0.8783915,0.5601715,0.13717271,0.065510705,0.09759554,0.030591203,0.05724236,0.017658643,0.032138336,0.055510398,0.82699203,0.025859457,00009073_000.png
0.024075285,0.012112299,0.02384354,0.9134208,0.24902405,0.041872002,0.13382354,0.010513994,0.6990913,0.34750023,0.004118068,0.013730124,0.013273744,0.0075739217,00018360_009.png
0.04960198,0.1857777,0.030114993,0.048325717,0.015914043,0.01399505,0.06982426,0.0067097554,0.0071872757,0.042574447,0.024093114,0.03243595,0.01041135,0.013169242,00017199_001.png
0.1593474,0.011869994,0.008091391,0.012933719,0.014521712,0.022127155,0.020187091,0.2564258,0.011478321,0.014432095,0.97361696,0.014708409,0.027680304,0.01873868,00002058_003.png
0.07615895,0.0059545795,0.010386594,0.018914232,0.76943654,0.13184297,0.012973824,0.2481405,0.01528386,0.009608064,0.009871151,0.04268877,0.029505689,0.020283423,00013000_001.png
0.019826816,0.015340788,0.035249587,0.027583016,0.016442569,0.017346885,0.32077658,0.0075719072,0.03101677,0.009917874,0.008409824,0.025812624,0.096594304,0.01547136,00002529_018.png
0.019409444,0.05986116,0.009671426,0.0053168335,0.013065483,0.010101991,0.015762087,0.0068442863,0.022093356,0.0817573,0.01781585,0.0151815405,0.010168856,0.009130632,00017425_003.png
0.06802221,0.021830665,0.09155757,0.80247504,0.027169988,0.03536353,0.11346215,0.008482323,0.08212998,0.9789504,0.009771448,0.020162152,0.007610431,0.015560644,00018724_007.png
0.4013838,0.089538574,0.23765847,0.84513277,0.011441874,0.01993733,0.027420817,0.22765426,0.028373433,0.019492405,0.27092934,0.05530627,0.07221317,0.035530284,00013211_000.png
0.24759805,0.015621447,0.092842765,0.014882464,0.031089803,0.030041493,0.020696074,0.78139544,0.05535139,0.01906734,0.0071800454,0.014432909,0.45699504,0.014360027,00003494_002.png
0.39075193,0.68947417,0.05585669,0.016474394,0.05347883,0.3524864,0.035072625,0.030366067,0.10080521,0.031875096,0.0209678,0.060812663,0.059561614,0.046434548,00004495_000.png
0.13093597,0.75280523,0.013372552,0.036687393,0.024712643,0.13965864,0.0531966,0.018592723,0.017035117,0.033430208,0.010591555,0.058662705,0.07627582,0.025042297,00006469_001.png
0.5795931,0.01236389,0.03934187,0.060276963,0.021542702,0.12767698,0.015209376,0.1680678,0.09289933,0.028514573,0.5087624,0.026556527,0.013932834,0.01726498,00010279_001.png
0.012143428,0.010885644,0.015500789,0.017777935,0.33564678,0.0105049545,0.008771444,0.029644787,0.041121628,0.00809605,0.5845275,0.014173165,0.01386857,0.017495373,00000248_024.png
0.43415612,0.04069945,0.02596423,0.07060636,0.029211206,0.18746205,0.017283412,0.11548745,0.02132403,0.017139109,0.49565148,0.40742475,0.036157988,0.035633568,00006758_001.png
0.07168978,0.0074286717,0.009300768,0.042924374,0.969765,0.24034603,0.014833419,0.02221003,0.16996776,0.012294873,0.030691477,0.030686043,0.0055160937,0.027018787,00007405_003.png
0.072656475,0.035674565,0.71763706,0.5281218,0.017295184,0.02262564,0.02273012,0.012428548,0.60500115,0.38730425,0.014909977,0.011440001,0.22864015,0.010067298,00020213_045.png
0.020835564,0.02895331,0.10946072,0.32006538,0.012429503,0.014940508,0.06686405,0.006048878,0.03264692,0.98455423,0.010390642,0.00844385,0.0072141136,0.0086504435,00017365_006.png
0.077073306,0.013725262,0.019540695,0.010426936,0.6263289,0.38605765,0.015632227,0.02288091,0.17893118,0.05079456,0.0053859237,0.02129468,0.031279955,0.019666744,00018819_000.png
0.14972383,0.019054059,0.25572884,0.8237492,0.07604832,0.4826573,0.013122642,0.021999627,0.6512879,0.040690772,0.01296321,0.1368732,0.019854646,0.012407158,00018360_032.png
0.04322725,0.022464,0.03204728,0.5565034,0.21424459,0.32686156,0.38251677,0.018577063,0.020755986,0.807124,0.0091230115,0.011445639,0.019309739,0.020808473,00005712_015.png
0.10182869,0.020383107,0.1250651,0.08647058,0.2756726,0.3118732,0.038198803,0.24437669,0.12182466,0.017234877,0.054214783,0.08683996,0.91736513,0.059760273,00014822_042.png
0.22115129,0.009782139,0.32021224,0.087066464,0.034791272,0.013725598,0.06152474,0.007039532,0.37132382,0.11118555,0.011347192,0.014700077,0.044531763,0.01159792,00008051_028.png
0.041344576,0.07738214,0.07063989,0.86164296,0.006325405,0.11616569,0.06624418,0.0111033,0.13616501,0.4624813,0.0076801246,0.030608023,0.012831013,0.01901897,00018972_058.png
0.07484418,0.027749205,0.70176613,0.10233786,0.019344652,0.020692276,0.09716595,0.14662686,0.025692333,0.08477559,0.030374698,0.25771204,0.35867962,0.019197427,00005612_002.png
0.083136044,0.009986102,0.07145779,0.07103115,0.12338447,0.026233256,0.013791187,0.028700689,0.014008928,0.0066000684,0.005595441,0.013435248,0.006656945,0.014264063,00011164_005.png
0.1475589,0.022255884,0.9812506,0.1815233,0.039354354,0.056017835,0.008392632,0.59525955,0.05190169,0.030035859,0.014945099,0.02544455,0.31836763,0.008306719,00001775_000.png
0.040844172,0.048344567,0.010176265,0.024887374,0.035954155,0.04478274,0.031606767,0.02805126,0.10855749,0.019176994,0.07822634,0.4763522,0.07728522,0.024793612,00003240_000.png
0.04827995,0.015758544,0.06323522,0.6982127,0.22899747,0.030423298,0.03796343,0.13191596,0.04058708,0.0143768685,0.12947011,0.77449584,0.16337653,0.012939393,00012911_004.png
0.01360248,0.008811742,0.008354147,0.08371387,0.052830085,0.8331583,0.038096342,0.03825114,0.015800348,0.02149067,0.0049964967,0.028124562,0.012486066,0.015923493,00019922_000.png
0.018107723,0.013147515,0.378802,0.09214513,0.13831466,0.038963847,0.05303592,0.037121456,0.02556472,0.012265798,0.0051657483,0.017723983,0.92571306,0.012883793,00007872_003.png
0.69720966,0.12970872,0.08626851,0.19155967,0.039213907,0.012264037,0.089644186,0.011660025,0.761634,0.21220917,0.0124843605,0.025637096,0.020740226,0.021730227,00011702_023.png
0.12186577,0.008417219,0.18525054,0.7754703,0.017069142,0.023452565,0.056266177,0.03356409,0.264454,0.8249625,0.039073214,0.015270589,0.008738169,0.015385489,00015072_013.png
0.012921013,0.00499792,0.008728185,0.08219315,0.44496658,0.07887536,0.01012308,0.06632216,0.025481781,0.016316155,0.011088603,0.017113624,0.008962054,0.011136508,00015097_001.png
0.010283636,0.011036484,0.026290268,0.07078019,0.035893947,0.7381474,0.0117362235,0.020225298,0.023820205,0.06799795,0.003382894,0.0179703,0.018394414,0.014661973,00013003_003.png
0.04353058,0.0044269403,0.023475144,0.12255545,0.8449926,0.04789401,0.016527804,0.27471632,0.11448538,0.033521898,0.0055180797,0.0201354,0.012192357,0.011467894,00019519_001.png
0.061147675,0.009092755,0.06618408,0.010611447,0.37302998,0.22186239,0.04725782,0.0051075807,0.022967305,0.011545234,0.0036100207,0.02176038,0.046424467,0.014211144,00019624_005.png
0.09063008,0.008063307,0.013749179,0.006232892,0.043013252,0.019927815,0.22388832,0.009523448,0.020417193,0.038310457,0.044600654,0.14391309,0.5277995,0.028367408,00000801_000.png
0.014107504,0.011451683,0.024787866,0.55927855,0.008132575,0.027300578,0.0354009,0.007911204,0.21766847,0.96562195,0.0069139735,0.016737577,0.009362336,0.011730816,00018187_025.png
0.013791232,0.009830747,0.13246287,0.86651385,0.68644226,0.13973075,0.029032106,0.06463783,0.27203977,0.008981845,0.009190466,0.022665508,0.36046416,0.008410647,00011925_070.png
0.04720163,0.52310044,0.15651518,0.1039685,0.027066879,0.08767403,0.012832348,0.0141697,0.015113584,0.2693847,0.00480633,0.009677343,0.05040223,0.02409568,00000032_056.png
0.8518883,0.00852404,0.6460748,0.4325762,0.04522888,0.012805665,0.04218778,0.13983314,0.12631427,0.13853787,0.16440266,0.020190012,0.09373883,0.0099399565,00015044_010.png
0.013054813,0.008253225,0.022029959,0.20897347,0.026534148,0.020759383,0.10967481,0.032664802,0.058613915,0.8865919,0.009387924,0.016101046,0.017453095,0.009300856,00018867_039.png
0.017969718,0.008312299,0.008911135,0.03469262,0.022964561,0.04337318,0.020027587,0.018567048,0.01373427,0.011135399,0.2029358,0.5991151,0.026465299,0.017853996,00017991_007.png
0.017900119,0.005904443,0.0073915864,0.03496164,0.2103106,0.048631888,0.018842453,0.32392448,0.028125603,0.008250658,0.022762036,0.08581759,0.058184523,0.018365676,00003348_000.png
0.02378243,0.011244227,0.014334754,0.06338375,0.062163256,0.079761565,0.19095784,0.014434374,0.006296146,0.005637026,0.013784826,0.5053204,0.007269977,0.022817058,00019489_000.png
0.08112785,0.006493879,0.14334357,0.07359451,0.01185535,0.10009971,0.034576084,0.031170314,0.1053504,0.805201,0.011212093,0.05803333,0.022836518,0.020588845,00003186_005.png
0.037037153,0.01132242,0.28811654,0.47251672,0.10483786,0.032891132,0.011294489,0.7361979,0.27654302,0.009178214,0.014258075,0.036469292,0.33926767,0.009928452,00007670_020.png
0.4097725,0.01627427,0.054495487,0.11325657,0.12271826,0.15757102,0.017535744,0.9334855,0.012552152,0.0237281,0.19772013,0.024011279,0.25323787,0.025961969,00016987_022.png
0.036808938,0.0180934,0.07440916,0.029004725,0.019399501,0.13391124,0.013281365,0.674954,0.0087465,0.027387366,0.98524064,0.024576306,0.020137165,0.018637361,00017046_012.png
0.014764446,0.026759395,0.8735488,0.0350671,0.022968674,0.012140872,0.009617911,0.56264883,0.008174101,0.02586324,0.20353636,0.2421474,0.080033414,0.0140086785,00006043_000.png
0.034759413,0.013085932,0.0404308,0.8566803,0.4211393,0.05461102,0.24706455,0.015253418,0.06582663,0.01419809,0.017680544,0.089551456,0.55536747,0.009899457,00009608_010.png
0.040202647,0.006624044,0.014145589,0.015613066,0.14760399,0.06329072,0.03316982,0.010710619,0.022016792,0.009897096,0.0106740715,0.34046763,0.501641,0.01806757,00009993_006.png
0.15696076,0.03309072,0.1488327,0.48524854,0.21556403,0.10575405,0.0273454,0.095314875,0.7503413,0.05898763,0.026057268,0.031521544,0.0070624915,0.017650275,00009641_006.png
0.07782943,0.007844335,0.44549042,0.10915232,0.20812133,0.7041643,0.15064308,0.1525978,0.021210317,0.017858908,0.004006442,0.06829966,0.1234742,0.0245707,00016971_029.png
0.6198474,0.018863177,0.08684726,0.11068477,0.073997386,0.1017364,0.012792452,0.7464019,0.037308216,0.020717366,0.95352334,0.03527031,0.027075589,0.02049816,00001512_001.png
0.054972667,0.026878914,0.012436065,0.06448512,0.029254055,0.015660185,0.12632416,0.012657432,0.010718965,0.02202776,0.036730412,0.8276489,0.038511008,0.017172065,00017991_008.png
0.06797662,0.02226326,0.0054685255,0.1474749,0.036924485,0.02724719,0.21605285,0.013106238,0.0039465446,0.009508037,0.015192031,0.7792495,0.033697892,0.018700864,00008343_001.png
0.02371161,0.026192505,0.112611145,0.23834182,0.16407198,0.6312534,0.17601481,0.009125913,0.23571144,0.0337955,0.00526067,0.030117435,0.07885402,0.016599793,00010452_001.png
0.01765225,0.020458138,0.0070820935,0.010340267,0.019283514,0.027338054,0.03251566,0.0084980335,0.010702378,0.012376974,0.004926567,0.019130385,0.021503044,0.016681528,00016012_000.png
0.015997402,0.03518593,0.010410957,0.028658463,0.037348974,0.20343184,0.011977424,0.03943021,0.039285973,0.0054944963,0.004301728,0.029787714,0.04431172,0.010583769,00003580_000.png
0.019030984,0.010679844,0.023725525,0.020082543,0.89044124,0.044443477,0.016958611,0.027569948,0.05252171,0.031536553,0.023732355,0.020325959,0.055271372,0.018479582,00014018_005.png
0.019000275,0.011827167,0.061990544,0.425038,0.08650301,0.07245769,0.056058485,0.076313816,0.067313075,0.09114815,0.013907943,0.6674984,0.44989368,0.023299512,00006829_008.png
0.017637042,0.018684784,0.01045853,0.07817799,0.025144525,0.8762754,0.031021615,0.01593958,0.00694466,0.017233042,0.0070348633,0.03456228,0.0055659544,0.019427104,00008291_005.png
0.17015533,0.025676442,0.031834275,0.5552515,0.37544298,0.06306451,0.028082661,0.04484676,0.6620913,0.008047312,0.010692547,0.14848436,0.13116309,0.0139710065,00019490_000.png
0.02301342,0.013446339,0.14005035,0.60675555,0.03882984,0.037988007,0.06334471,0.13336612,0.10427364,0.9443621,0.00951198,0.025122253,0.008054665,0.011551168,00019208_004.png
0.04423355,0.014663937,0.010585801,0.019502072,0.16611348,0.22667497,0.12023169,0.023076393,0.030903237,0.013525989,0.0051955506,0.054492943,0.33712524,0.03274334,00005014_007.png
0.042040113,0.008066286,0.0077656484,0.22417296,0.84287566,0.05888061,0.016430728,0.046857126,0.03806636,0.0060463417,0.054447353,0.04824997,0.016085666,0.016953317,00009350_004.png
0.14784516,0.016968703,0.3313723,0.025469687,0.32278922,0.18898955,0.08948432,0.14646447,0.013228366,0.047143593,0.010166745,0.16808145,0.75591165,0.043230526,00020274_012.png
0.01815108,0.015949696,0.085978344,0.03993637,0.21736237,0.030340938,0.024276335,0.080337346,0.0064055235,0.021476507,0.5754825,0.24209106,0.33082384,0.03388627,00019169_001.png
0.866702,0.08822814,0.8938782,0.2261619,0.050262824,0.08822912,0.044841673,0.015887624,0.33313695,0.03406925,0.011109648,0.02403579,0.05462213,0.0105733825,00013993_067.png
0.03952646,0.005258963,0.024877606,0.23874648,0.741987,0.028495353,0.098448016,0.012350761,0.01754153,0.034848757,0.010319081,0.023489757,0.03964289,0.011113274,00010584_002.png
0.038818166,0.013803482,0.013493731,0.019966118,0.016398102,0.030201009,0.025190601,0.04624438,0.027156329,0.018595705,0.96399885,0.024806568,0.0068894164,0.017412039,00007166_001.png
0.015008797,0.018886542,0.004756462,0.005379916,0.023899568,0.08253738,0.014217205,0.03337011,0.04316328,0.017877398,0.11192516,0.025067806,0.045527443,0.017181627,00008470_008.png
0.022759866,0.022965262,0.0113759,0.2569004,0.22006527,0.044767085,0.024666721,0.0057223137,0.28183213,0.7679826,0.00488842,0.010590247,0.0068473755,0.012596775,00013670_053.png
0.005803608,0.009486426,0.02365323,0.036459576,0.017104764,0.01039052,0.027116422,0.23811817,0.016237684,0.06306327,0.4742691,0.012643777,0.0190918,0.010109074,00012094_057.png
0.27403,0.0143385595,0.12974025,0.0631242,0.01292529,0.01664426,0.0120085105,0.009752881,0.9780661,0.06940529,0.009532497,0.018925052,0.028881563,0.008492667,00010828_023.png
0.057115123,0.0199707,0.01708459,0.23810904,0.021141108,0.05409427,0.09998594,0.019815404,0.70460093,0.079981364,0.007977037,0.017649587,0.071873754,0.013715855,00010805_050.png
0.05667629,0.023596395,0.013378887,0.12502919,0.13797157,0.07253234,0.010102692,0.014689651,0.045140564,0.011358807,0.93139094,0.2341702,0.006149905,0.011910021,00017167_006.png
0.57569,0.10542278,0.08184605,0.07991039,0.30462807,0.049445156,0.0061895573,0.1655855,0.05396477,0.020463707,0.04198054,0.05431059,0.03552691,0.01864404,00007857_005.png
0.01657042,0.85977614,0.095478795,0.45394295,0.01608316,0.020677032,0.030709388,0.009960841,0.24435885,0.27633417,0.0065642367,0.01846503,0.026757749,0.015978964,00004344_027.png
0.012044306,0.0034562536,0.02811856,0.015248787,0.17565046,0.07184283,0.013108663,0.01068064,0.010536595,0.01579032,0.0032511358,0.0068649286,0.012982588,0.03192862,00015843_022.png
0.04995989,0.079830654,0.8932674,0.6162747,0.05072145,0.07756299,0.07043344,0.03878462,0.032503307,0.12157098,0.014560545,0.01763696,0.5127321,0.017959801,00010007_062.png
0.47996172,0.060947053,0.7134796,0.18189566,0.06382332,0.036176536,0.02207256,0.20218109,0.019330768,0.031502303,0.37913373,0.017190995,0.8755015,0.031041421,00001501_007.png
0.032678764,0.010806754,0.10871455,0.029607981,0.829007,0.092378706,0.05417423,0.009230697,0.008175652,0.02373036,0.024497055,0.08293193,0.3599711,0.018140256,00007932_009.png
0.21041107,0.03127247,0.06457153,0.62424064,0.027232723,0.05833257,0.08030688,0.051908065,0.056968253,0.91647786,0.028907554,0.056156844,0.019002045,0.028438788,00012072_012.png
0.035328645,0.012912704,0.033331633,0.21267086,0.0249218,0.02759718,0.012441501,0.03574018,0.08548661,0.019670311,0.08830942,0.9180845,0.12788703,0.011207674,00014022_054.png
0.6988866,0.009629982,0.91779274,0.24828592,0.059375986,0.03286174,0.045239776,0.41944844,0.04973989,0.038440753,0.90769476,0.024324186,0.01536524,0.009029362,00019283_003.png
0.67238057,0.01513908,0.014017202,0.12345405,0.031148355,0.019266298,0.04846527,0.042789567,0.03237289,0.012647956,0.140849,0.1574087,0.21825045,0.014661125,00000937_004.png
0.05531819,0.9486919,0.02611887,0.021202853,0.011618966,0.029394697,0.035887726,0.008727978,0.063489534,0.030761436,0.027778452,0.012530233,0.043150965,0.01795103,00003044_001.png
0.12944138,0.046548504,0.0968464,0.7146511,0.027967844,0.106841184,0.040331446,0.30173925,0.60086435,0.013841326,0.038562726,0.49319878,0.5373856,0.012706267,00019445_000.png
0.018452512,0.0055393395,0.057731394,0.018303435,0.031698883,0.061305635,0.011267875,0.015109922,0.03275766,0.017637331,0.16023439,0.23664345,0.08188737,0.029864203,00006868_005.png
0.03762286,0.009346243,0.007390012,0.5960793,0.018845094,0.052516393,0.020248687,0.02581719,0.02212974,0.01257083,0.008489532,0.9587061,0.0694745,0.007573008,00012024_000.png
0.18190008,0.014159154,0.0212838,0.06402444,0.030088346,0.019599685,0.032587625,0.9193831,0.09432798,0.015693732,0.03159596,0.011880228,0.045023415,0.020242743,00006763_004.png
0.045469005,0.008416089,0.011350997,0.039339457,0.5427825,0.4202348,0.0141637875,0.11772382,0.23845358,0.014853111,0.007741532,0.01695892,0.008346009,0.017011533,00011237_036.png
0.045870822,0.02299753,0.05053227,0.31071186,0.025314856,0.19962856,0.011875107,0.15959047,0.018562494,0.012104239,0.00903253,0.022005223,0.04243393,0.01077604,00012094_064.png
0.06383521,0.019386029,0.06767574,0.013072919,0.044010814,0.034129918,0.009446506,0.8096596,0.009264354,0.038487855,0.88707733,0.031483732,0.04746293,0.013548893,00001248_026.png
0.24258049,0.017657511,0.04506664,0.35531634,0.06339154,0.11330983,0.015561264,0.03984745,0.053598918,0.01661032,0.018024052,0.97780335,0.06843841,0.021402357,00000204_005.png
0.017690228,0.010602319,0.02469255,0.054350972,0.02486608,0.012390225,0.014032018,0.021503776,0.012778272,0.008873777,0.037122115,0.9245601,0.46093705,0.026910337,00011423_007.png
0.04214541,0.34801057,0.03990696,0.02724513,0.017907934,0.021279907,0.022438604,0.027879005,0.5447951,0.23508666,0.018967045,0.05428759,0.033579912,0.018732812,00016034_003.png
0.43786687,0.014750205,0.020529706,0.17699994,0.047126073,0.111185655,0.19514038,0.02427733,0.019651081,0.009202784,0.016305445,0.7915051,0.22302398,0.022136403,00017881_001.png
0.026035003,0.007544267,0.57165164,0.05098958,0.03964397,0.018729238,0.010235705,0.010339008,0.6688534,0.11499907,0.007962183,0.008929975,0.02583066,0.015051938,00009087_004.png
0.5980157,0.10025226,0.059613544,0.14900824,0.07577166,0.043266147,0.03830089,0.040854,0.8384854,0.07608272,0.011120854,0.11754287,0.024247196,0.025365528,00012021_060.png
0.20803073,0.022970894,0.65817326,0.5227146,0.8304892,0.24515873,0.04742525,0.03244273,0.24138935,0.028448176,0.026923802,0.021322826,0.3988278,0.021042258,00005089_042.png
0.21251427,0.011310714,0.15907347,0.2112379,0.2555614,0.0122142285,0.020029085,0.08805115,0.19495082,0.073045425,0.014485997,0.044617593,0.05263341,0.019363571,00006948_006.png
0.012758161,0.0096822195,0.012133096,0.121302746,0.023217348,0.00773541,0.3254986,0.013751669,0.4281698,0.09755286,0.011306582,0.028166324,0.04388819,0.008667283,00010544_022.png
0.027145648,0.026501402,0.031411216,0.13957898,0.060341764,0.010671881,0.013040666,0.016917404,0.5372407,0.020026665,0.006819093,0.006142713,0.05472232,0.007916664,00000506_015.png
0.4691612,0.04495138,0.5597107,0.040216018,0.053411316,0.017245825,0.047948297,0.04278447,0.01070617,0.024677005,0.027339146,0.79468364,0.19535242,0.02880385,00017648_003.png
0.03939083,0.02390601,0.9609854,0.35662156,0.039523274,0.015047039,0.4026702,0.010882728,0.03339454,0.13583392,0.10946594,0.01791456,0.05886173,0.015911348,00015537_002.png
0.43014586,0.0049425988,0.039622597,0.10722173,0.90577,0.034314286,0.022093413,0.0166723,0.106141165,0.02610822,0.016843453,0.06976975,0.029067023,0.013664153,00009234_000.png
0.2724573,0.9694373,0.06723875,0.5939243,0.010327553,0.02653142,0.032709796,0.006432968,0.06571925,0.017213026,0.013870318,0.038127284,0.05627814,0.0203404,00005066_041.png
0.16958454,0.02569281,0.080437124,0.2716241,0.094471686,0.066804044,0.014558848,0.30777907,0.05011059,0.036095258,0.98815906,0.04028171,0.041335363,0.012386188,00005666_008.png
0.04425174,0.029434873,0.23024914,0.013073503,0.25864765,0.013161486,0.007203708,0.023840986,0.32004187,0.0075472514,0.007982249,0.1709789,0.20983064,0.013413752,00005089_001.png
0.8958022,0.040441737,0.5694252,0.46095204,0.0802216,0.027769484,0.5128713,0.015551385,0.021954188,0.021841582,0.04366453,0.273266,0.06305301,0.028547311,00014753_005.png
0.031054815,0.04031789,0.028821789,0.018970588,0.041562553,0.021330416,0.014360593,0.012837714,0.029977195,0.015909519,0.12413729,0.89737684,0.055969015,0.036461305,00001833_011.png
0.04390931,0.013256474,0.95472705,0.2001028,0.4968575,0.042703044,0.01817355,0.2561349,0.11965344,0.014924831,0.02562707,0.013101484,0.43245834,0.016273063,00012935_021.png
0.080001995,0.0059818528,0.0073997146,0.019905243,0.45097828,0.15551025,0.014719074,0.022649562,0.01267404,0.009797981,0.050189145,0.028798182,0.01459976,0.02352858,00012973_001.png
0.053617336,0.51692057,0.06824138,0.046691198,0.023477755,0.03325064,0.0128364675,0.026127104,0.034831632,0.8838115,0.012435766,0.049861465,0.03389061,0.022271043,00017532_002.png
0.018104581,0.010214521,0.330222,0.9179769,0.38986158,0.118055135,0.38396263,0.0857612,0.13364835,0.20473574,0.012822976,0.058843195,0.18169042,0.014102451,00009953_004.png
0.57342404,0.048315972,0.100716144,0.3704416,0.044447843,0.014731541,0.84871024,0.0140306335,0.5529004,0.060086086,0.048669342,0.027594378,0.033686776,0.011182865,00020158_020.png
0.5168092,0.13682993,0.6300539,0.6513712,0.053336382,0.025103228,0.016203381,0.066158004,0.6481453,0.02041736,0.07629814,0.07606047,0.029208854,0.014954704,00015031_008.png
0.81960887,0.019038418,0.5295299,0.44877356,0.6585118,0.4222072,0.052508708,0.045527503,0.6126409,0.008967927,0.02491516,0.041144453,0.02201195,0.011018927,00009613_001.png
0.45100993,0.05890895,0.009294355,0.028129779,0.062340274,0.034117606,0.024493761,0.015742451,0.01333323,0.01039519,0.5862331,0.44072047,0.06206951,0.034812286,00003095_001.png
0.008264959,0.050420504,0.06540079,0.03723561,0.012975906,0.010799716,0.02508479,0.0163093,0.016511614,0.018370347,0.025511703,0.5562565,0.42559212,0.013923733,00001286_009.png
0.16279946,0.8641412,0.14038797,0.018233916,0.022604056,0.022262078,0.06238741,0.0056643058,0.076507784,0.02701263,0.012302391,0.010415964,0.025544988,0.018487358,00006296_012.png
0.14147763,0.019262744,0.012981697,0.017091252,0.01981821,0.029417431,0.28727272,0.019951884,0.16428928,0.38790807,0.014905418,0.008903482,0.018200967,0.016148562,00002688_001.png
0.04847586,0.031801436,0.099644,0.26553917,0.3254839,0.02967942,0.02680341,0.83262426,0.050762363,0.03415655,0.84986836,0.024189197,0.0463694,0.017733052,00012094_062.png
0.14321357,0.021813514,0.1963082,0.019097282,0.20296045,0.041883234,0.43515673,0.0044972184,0.27625304,0.06707026,0.012097753,0.009895316,0.047328074,0.023352152,00008051_048.png
0.3603711,0.096493326,0.7218881,0.30752772,0.5790425,0.02485209,0.050157674,0.037215184,0.16983329,0.027088957,0.11992617,0.059389774,0.23166294,0.021268336,00009984_006.png
0.025228122,0.005526313,0.022822881,0.099202044,0.060355853,0.046270147,0.05716127,0.007049786,0.017534371,0.04003159,0.0024067846,0.016542498,0.013836879,0.0072627407,00002505_017.png
0.026221618,0.033325754,0.18766376,0.12567583,0.77955174,0.017440008,0.06383276,0.01631236,0.068435006,0.023591433,0.009578366,0.01142432,0.037024558,0.011600096,00004342_021.png
0.20575729,0.010922637,0.51061016,0.0817608,0.48579744,0.1941713,0.019280761,0.77806723,0.059095684,0.022942616,0.015165843,0.018916147,0.22452237,0.023620388,00011984_001.png
0.008176104,0.008260356,0.009259033,0.023190439,0.014066397,0.005813747,0.034271054,0.028877119,0.27266714,0.33489808,0.033349797,0.020136097,0.012971662,0.00858581,00012364_069.png
0.095025696,0.022458121,0.025979755,0.54428095,0.3221869,0.028873589,0.05398349,0.2418937,0.03664865,0.01280174,0.85516113,0.17231439,0.032836545,0.017247261,00019927_002.png
0.01889381,0.023291025,0.02001653,0.015950857,0.016193694,0.026591578,0.020404046,0.06230977,0.012493205,0.021168385,0.027089773,0.74489444,0.06842023,0.011177241,00009488_000.png
0.022174058,0.0067054983,0.006475983,0.0066913893,0.019603603,0.016753191,0.051928293,0.010155795,0.01954328,0.017887851,0.0073446026,0.06605022,0.017826075,0.011749057,00001855_002.png
0.006521301,0.007656471,0.03834179,0.6362634,0.044444337,0.56046104,0.022620441,0.042769693,0.18952174,0.07580939,0.002212521,0.016278027,0.024419563,0.008889292,00010773_027.png
0.015845815,0.023608273,0.06684691,0.7162395,0.031793907,0.022966577,0.1147045,0.028398007,0.08474818,0.94945675,0.014395651,0.018421257,0.010071675,0.012985864,00018187_036.png
0.015952878,0.018771427,0.00830372,0.7404345,0.014771391,0.8201281,0.0366482,0.03910801,0.024476713,0.014136701,0.028444164,0.03827094,0.01595853,0.013684457,00005694_003.png
0.07709389,0.023074908,0.74841267,0.28456795,0.0375237,0.13648444,0.21807559,0.02205459,0.013541783,0.14039916,0.070881054,0.22054623,0.3353051,0.028229535,00005288_005.png
0.017697504,0.0104775615,0.010780509,0.012138785,0.13764934,0.026370842,0.008023208,0.018150719,0.017764334,0.031159634,0.004181795,0.010838566,0.011156848,0.008931309,00011168_002.png
0.010195812,0.022050118,0.01033036,0.017733268,0.06743898,0.32919666,0.013341972,0.014912583,0.018540014,0.029026773,0.0027875856,0.009252504,0.0073190667,0.015440282,00018819_001.png
0.04664318,0.021700896,0.18981345,0.14705427,0.093141265,0.036507122,0.019169433,0.011904618,0.58001655,0.58977646,0.010344674,0.013648937,0.043642733,0.0154698845,00015058_014.png
0.030202689,0.017066117,0.046289165,0.35921472,0.04467611,0.020107234,0.012117966,0.22367655,0.010411998,0.05891459,0.03176864,0.022469334,0.019525204,0.008674041,00008490_004.png
0.42161593,0.0121513875,0.07533996,0.14191735,0.017841442,0.22983213,0.19228102,0.04031265,0.0751004,0.034979984,0.00752463,0.034617532,0.09995777,0.024139246,00020326_043.png
0.009750211,0.009029393,0.016210726,0.053930823,0.043305643,0.021463068,0.01452858,0.02237331,0.014116499,0.006456637,0.20015694,0.88640696,0.016745472,0.012136796,00002649_020.png
0.18110748,0.020683432,0.10960426,0.07249889,0.018407524,0.03977523,0.13658144,0.042684603,0.0067714406,0.038051758,0.019414954,0.60625225,0.106198594,0.045919776,00000302_000.png
0.034385335,0.005950316,0.0052893707,0.056051288,0.025391782,0.012178021,0.02582014,0.022345314,0.10181419,0.13604368,0.006510802,0.07806194,0.010314963,0.009823292,00009609_006.png
0.115599304,0.03486243,0.65209347,0.24046247,0.37819368,0.03534091,0.024940347,0.016363014,0.58486086,0.01897926,0.011181831,0.02630231,0.13942543,0.018510852,00014398_015.png
0.014244839,0.007424162,0.027112292,0.008862328,0.33949012,0.04590486,0.019005943,0.016580204,0.021746488,0.016050408,0.2869672,0.05088871,0.55983627,0.023124024,00007120_004.png
0.33326617,0.5951289,0.11129276,0.018316172,0.106058314,0.053260062,0.022245944,0.019728495,0.05806962,0.03160116,0.18869738,0.45647776,0.07923885,0.122966625,00000432_000.png
0.018962255,0.010544194,0.25439742,0.08385614,0.047611076,0.13697954,0.017545177,0.04633391,0.14408112,0.009806052,0.0164483,0.18445794,0.44687992,0.012150947,00006926_021.png
0.021277564,0.010229259,0.03628045,0.11758131,0.021757841,0.9696233,0.017773729,0.051021878,0.047194675,0.025071403,0.0057160445,0.05835793,0.061414015,0.013856655,00003769_001.png
0.42745662,0.04433572,0.036811702,0.021519795,0.12740882,0.2954091,0.043208443,0.038437888,0.03667339,0.026518686,0.014307236,0.07213306,0.4854502,0.023495259,00002665_001.png
0.011927529,0.014340212,0.5892428,0.6184855,0.08510163,0.1854732,0.018767986,0.021197224,0.2492931,0.30839506,0.007668371,0.0150856655,0.034680147,0.015873129,00016825_001.png
0.030192504,0.15224932,0.007895042,0.018049214,0.0114898505,0.015031272,0.035246816,0.010511613,0.025902342,0.06630211,0.018892344,0.039519,0.019496983,0.012442503,00004678_000.png
0.07990539,0.010047904,0.049554136,0.013680106,0.5577034,0.01660729,0.0077492944,0.8096138,0.012679107,0.030161843,0.023161324,0.021221848,0.035189323,0.017716654,00009671_002.png
0.02463596,0.02350283,0.018086605,0.052820023,0.19413954,0.065916024,0.016317694,0.07494782,0.024300868,0.01836515,0.8755583,0.19975364,0.02465004,0.014063124,00010787_001.png
0.01780244,0.017266946,0.0202202,0.50682914,0.15442543,0.096352845,0.03530985,0.021196077,0.016952991,0.040015116,0.011784266,0.87884426,0.022449037,0.014006175,00002540_002.png
0.006988954,0.027183998,0.015354128,0.0078366455,0.048792716,0.013409114,0.013072182,0.03526447,0.11537081,0.0156222815,0.19089226,0.009556257,0.09200306,0.013522305,00001561_000.png
0.011551625,0.007661132,0.0063902345,0.020642426,0.024895916,0.43948764,0.018896118,0.065908186,0.016573535,0.029820673,0.015014642,0.2986289,0.17628872,0.017923731,00017089_010.png
0.26249343,0.020239403,0.6235859,0.32936782,0.03855303,0.7345725,0.072262704,0.14964005,0.2557676,0.026148226,0.011589991,0.017832095,0.1724083,0.019058703,00017236_034.png
0.002583896,0.06415203,0.15375122,0.051972754,0.008482921,0.014251971,0.0053656166,0.008599467,0.03783344,0.029723627,0.00503517,0.013471443,0.6139697,0.008279448,00010007_100.png
0.1793816,0.10477516,0.347112,0.43997267,0.62758005,0.8693782,0.033150304,0.019831382,0.10093269,0.04801263,0.030090364,0.05947695,0.033130024,0.027046187,00001278_014.png
0.07477473,0.03852567,0.06021753,0.7178018,0.39930746,0.41022548,0.0089315325,0.2701523,0.23037748,0.0048236544,0.020667182,0.061626058,0.014144333,0.013364118,00001170_012.png
0.01262373,0.7019673,0.02089044,0.013757795,0.012635772,0.019872125,0.027212387,0.012247227,0.028236646,0.016825419,0.12288425,0.024098257,0.031845726,0.01630849,00003058_001.png
0.019971484,0.015965257,0.018991958,0.013689259,0.23183125,0.26751545,0.0079858415,0.018241728,0.02512012,0.01655064,0.027220152,0.3091574,0.016734382,0.014807755,00006794_002.png
0.006419493,0.016532758,0.012666846,0.23073289,0.3122985,0.08909443,0.24150479,0.026871918,0.026227148,0.035414014,0.005023569,0.08513031,0.046790384,0.021378767,00013449_002.png
0.082990445,0.11871051,0.0073718703,0.017691113,0.0053133843,0.014774909,0.066238314,0.0124864485,0.013349356,0.056498446,0.0038076455,0.022312341,0.018991217,0.013585747,00013415_000.png
0.03138907,0.008563949,0.013217304,0.022163559,0.07080196,0.025281802,0.061082974,0.009705634,0.013984163,0.012862755,0.57629895,0.45312014,0.015561944,0.013701109,00009903_001.png
0.123222455,0.029239437,0.12778264,0.2750952,0.15151137,0.051181555,0.039502993,0.1127844,0.028897354,0.018820329,0.52849597,0.5620313,0.73883015,0.021749342,00018055_045.png
0.10267958,0.03486656,0.009737668,0.043810535,0.01230431,0.09454887,0.010353069,0.010950246,0.022394734,0.0077776136,0.010904919,0.018938717,0.019846437,0.01559693,00007823_001.png
0.018846488,0.005555125,0.004189507,0.0055696107,0.010968481,0.010943427,0.012742723,0.012073646,0.013649253,0.00948432,0.009693401,0.009542339,0.00936641,0.010851867,00014940_005.png
0.01585533,0.03213052,0.008430414,0.01183079,0.0067647034,0.013334781,0.014596329,0.039708838,0.022464572,0.037553824,0.006467193,0.007711996,0.04800042,0.011394234,00013152_002.png
0.015487201,0.007420814,0.016645664,0.0484618,0.025717027,0.024093267,0.023378914,0.012425224,0.024009885,0.96973205,0.0073878225,0.012192157,0.011143341,0.006613651,00011122_005.png
0.014744495,0.020999964,0.04814291,0.20338623,0.09626608,0.076718144,0.01398638,0.91603523,0.014959722,0.02128455,0.3955727,0.098947115,0.019532979,0.016516918,00008168_014.png
0.04598653,0.026435181,0.94866914,0.15987313,0.07530443,0.02534568,0.014236203,0.05104674,0.14207637,0.04062082,0.29993853,0.01566581,0.05983677,0.020139424,00005201_007.png
0.08854575,0.015499377,0.021900896,0.036603115,0.5551184,0.013353026,0.0065789395,0.045403633,0.038684018,0.008920413,0.028395414,0.08004054,0.008861168,0.010655873,00011164_004.png
0.01849844,0.011489645,0.026158867,0.030348727,0.017976426,0.0095597245,0.009596124,0.123893514,0.01081726,0.0104258135,0.9747702,0.04136449,0.030972362,0.029502206,00008168_004.png
0.2546155,0.20500496,0.47681597,0.11521345,0.034000605,0.019251691,0.0487739,0.014676585,0.12872176,0.044070046,0.020469347,0.44347724,0.8421516,0.023646096,00012505_000.png
0.009576054,0.009694134,0.004574954,0.004550853,0.009333417,0.008247358,0.02400963,0.0063543115,0.0091395145,0.011393139,0.007092616,0.013718345,0.031435333,0.015368957,00011882_001.png
0.18655966,0.0150416335,0.4425644,0.0064156707,0.033478282,0.009810215,0.06502715,0.04159193,0.003731107,0.021705883,0.21052197,0.052350745,0.29684916,0.1546001,00000499_008.png
0.060766436,0.01706703,0.12431535,0.31752405,0.22050735,0.70266193,0.033873245,0.044517566,0.07094333,0.04490514,0.0026056685,0.32497162,0.2606919,0.027064117,00016975_004.png
0.29134277,0.051270932,0.103211895,0.31738973,0.0335,0.01764376,0.5112231,0.0062009953,0.8066969,0.07760534,0.018944906,0.021405794,0.03315848,0.013044693,00006754_010.png
0.015784733,0.01636524,0.13801347,0.66964144,0.31732652,0.047166646,0.057962768,0.9274384,0.05673122,0.059459615,0.040940225,0.012884216,0.055354208,0.010266485,00017138_087.png
0.0999112,0.04580686,0.9575549,0.54023814,0.17006356,0.029000886,0.065768085,0.3697942,0.05360171,0.04232761,0.44011492,0.01609693,0.029683078,0.01145827,00013993_111.png
0.016625475,0.00873632,0.014165099,0.043406956,0.03590028,0.21581866,0.1430972,0.0348268,0.033510998,0.4631492,0.009238889,0.027189704,0.014147678,0.020148346,00014933_007.png
0.014233882,0.029644946,0.01718336,0.7987494,0.029977094,0.031086897,0.2962836,0.19071558,0.0048036873,0.019007117,0.5705634,0.061245263,0.05807005,0.010736424,00015530_065.png
0.016797274,0.04213671,0.019680351,0.042651813,0.29386908,0.121433,0.0075742044,0.015228986,0.030985136,0.007489196,0.17066908,0.07452369,0.05946189,0.014773249,00015029_000.png
0.039846573,0.023455527,0.015238256,0.07152031,0.21703245,0.018144822,0.006493808,0.07785515,0.015831828,0.051534444,0.023752792,0.036495954,0.014657166,0.008609721,00015814_001.png
0.04437144,0.30147743,0.874712,0.8604433,0.019337,0.041645866,0.022242272,0.019513458,0.103766836,0.098209165,0.007237707,0.011319169,0.048832238,0.011058619,00013346_017.png
0.2307296,0.03516144,0.813581,0.18742251,0.4255948,0.027624557,0.013575987,0.1784526,0.54539716,0.024955485,0.016503632,0.03510543,0.25279433,0.019329157,00019222_005.png
0.016956894,0.4987361,0.007471891,0.06833562,0.025344128,0.030125808,0.09118764,0.015253289,0.041186385,0.010249468,0.0131885335,0.014875572,0.009096691,0.012030407,00009798_015.png
0.80618334,0.11294306,0.10024015,0.35093963,0.17193836,0.2549038,0.22105792,0.04770395,0.027110996,0.030936271,0.030232986,0.14476132,0.20417407,0.062447183,00009629_002.png
0.048041612,0.023461401,0.09195087,0.035547543,0.036017064,0.046653226,0.00974223,0.9019962,0.00861835,0.025512004,0.9097176,0.08780593,0.06238167,0.014698115,00009845_018.png
0.04033683,0.018321207,0.27988648,0.94657296,0.041596632,0.105243504,0.0087993685,0.06338784,0.5080542,0.022222806,0.009773031,0.035822432,0.017196618,0.005407664,00005683_005.png
0.85030264,0.10406639,0.05999493,0.08201667,0.037341926,0.09692577,0.03962629,0.027790915,0.026541654,0.02391597,0.3884022,0.07184214,0.026488885,0.38404256,00008508_004.png
0.08538667,0.009466914,0.050801273,0.051838867,0.5526723,0.08725644,0.027012046,0.033145525,0.040010694,0.01140288,0.07262789,0.06871974,0.83388,0.03327993,00001153_000.png
0.0737314,0.011621502,0.15690628,0.020182164,0.023435993,0.025702098,0.1370669,0.03552462,0.0059760115,0.014409007,0.008991961,0.24976374,0.49566707,0.06048972,00010092_037.png
0.017444259,0.010832895,0.01831661,0.17640172,0.01451369,0.01792343,0.08570724,0.034614217,0.15300743,0.014610314,0.08445834,0.029182188,0.290339,0.006223876,00013111_022.png
0.07455518,0.008625943,0.111583374,0.43988118,0.018516146,0.019324694,0.20614469,0.01369776,0.17384063,0.24797048,0.049572024,0.011168285,0.013782707,0.0089653665,00018126_015.png
0.043059275,0.009553293,0.0063759866,0.007660389,0.022893798,0.0064171515,0.013296396,0.0072755716,0.048728753,0.014999213,0.012670459,0.019640297,0.022050798,0.014541433,00016378_001.png
0.022153689,0.73327214,0.039957423,0.09080447,0.020544298,0.03510287,0.013564791,0.2569781,0.052455,0.023158843,0.011944766,0.024636665,0.026854081,0.012393376,00006317_005.png
0.029336793,0.17014828,0.19610772,0.89708495,0.059525285,0.032316793,0.089270376,0.20814085,0.02566665,0.02265282,0.4426485,0.12458507,0.4311435,0.017437687,00000013_010.png
0.06664367,0.12379406,0.035072535,0.49526668,0.4251337,0.2216658,0.014487973,0.20067093,0.37257317,0.011790043,0.033016387,0.038521502,0.008591185,0.026473945,00017611_002.png
0.16124207,0.01833641,0.077355504,0.08071423,0.03619087,0.054409683,0.012258232,0.7312101,0.014189884,0.028008547,0.99273986,0.022323746,0.034193356,0.013281876,00013111_065.png
0.049128804,0.009302337,0.01473818,0.06207559,0.2704385,0.5547146,0.010858903,0.029838262,0.005971889,0.014400328,0.004157438,0.035184003,0.024327924,0.029492902,00015813_003.png
0.009884844,0.007297377,0.007010992,0.016774226,0.040784054,0.03890838,0.024446443,0.069152825,0.010434357,0.01619278,0.016250582,0.29377288,0.29149312,0.013737318,00000278_008.png
0.073109336,0.018276978,0.1585177,0.39231324,0.7333751,0.1618541,0.021813942,0.606963,0.04738516,0.019846374,0.044593524,0.036755577,0.4719642,0.033961155,00005332_002.png
0.0047342186,0.0183587,0.121061586,0.86223245,0.022776237,0.19857906,0.10964418,0.015522122,0.26629633,0.25426432,0.0036955085,0.009417686,0.032089088,0.008421885,00008745_026.png
0.034539722,0.010945362,0.015988262,0.93248945,0.076855116,0.13647212,0.11200035,0.05697554,0.2117148,0.08453988,0.09629907,0.114325665,0.050876793,0.009237637,00006605_009.png
0.059898857,0.01698984,0.01279303,0.3319046,0.065037206,0.035255015,0.017397188,0.6283672,0.028394809,0.02869689,0.97280955,0.018702287,0.01741796,0.012506684,00014731_009.png
0.025310088,0.022445165,0.010165483,0.06933163,0.050001483,0.026823038,0.07911086,0.6709423,0.043257285,0.012390657,0.36814564,0.023046339,0.02043799,0.017871281,00008013_002.png
0.043259762,0.02472686,0.027899075,0.09887363,0.05789772,0.07815121,0.029573126,0.044547845,0.31457376,0.020352338,0.014861339,0.72294444,0.5315024,0.024254546,00012445_000.png
0.014707336,0.0064493646,0.022994861,0.015961383,0.019501297,0.011320744,0.14704937,0.6513318,0.017441178,0.02230305,0.043616947,0.021212688,0.031967312,0.011605438,00011460_045.png
0.0028208268,0.04056651,0.09442562,0.50164855,0.079248585,0.010298838,0.030091811,0.014176084,0.1600398,0.04483242,0.0095393965,0.01624118,0.016356736,0.008990951,00014223_015.png
0.016152395,0.012225931,0.024955124,0.13985103,0.028485015,0.03035286,0.014724234,0.19352424,0.018635632,0.012276577,0.891716,0.32694966,0.05470193,0.013406617,00011683_041.png
0.5091255,0.013986512,0.1464741,0.090976536,0.1133088,0.02820624,0.06707895,0.33492404,0.78626543,0.027932674,0.0885021,0.066465884,0.06532671,0.023874965,00013471_019.png
0.03388986,0.012016879,0.008381666,0.0480996,0.018592019,0.03566943,0.017764075,0.0094096465,0.08796418,0.020745987,0.0073749693,0.018978277,0.0070524532,0.01712724,00006951_002.png
0.024822457,0.02125864,0.048178237,0.021537147,0.09516115,0.6557464,0.0140142245,0.12035419,0.030847145,0.016068423,0.024086926,0.016162302,0.3983904,0.016079117,00018366_010.png
0.045964535,0.01039961,0.012980585,0.020554315,0.7463334,0.010086444,0.014930807,0.057819076,0.01501149,0.010007834,0.06392783,0.014492972,0.016042856,0.013155807,00012625_001.png
0.02697765,0.015827585,0.01530184,0.035596736,0.018738875,0.026789932,0.011559457,0.2590006,0.023740571,0.011386052,0.9351464,0.017550783,0.022186287,0.020617036,00015530_106.png
0.04153646,0.010044448,0.027661389,0.14062698,0.016844716,0.010689557,0.010596199,0.789483,0.014761996,0.014170013,0.98000354,0.018258085,0.012314791,0.009265698,00008168_005.png
0.20544443,0.023129858,0.77296185,0.1430941,0.034260854,0.023575956,0.09720123,0.041027177,0.037122887,0.037329473,0.92568946,0.030878859,0.018951245,0.02196019,00012315_021.png
0.5517561,0.02242519,0.8380407,0.26145416,0.04750775,0.07547824,0.008935648,0.8868812,0.015179253,0.009772911,0.031891853,0.011331241,0.089146964,0.013790248,00007750_007.png
0.015583823,0.011292763,0.054747704,0.026069399,0.3299296,0.63688207,0.026699925,0.04269807,0.0664504,0.18819633,0.010400935,0.012793753,0.048728567,0.020166975,00013670_088.png
0.026078412,0.024629524,0.03121324,0.30556157,0.05528217,0.027275685,0.07329075,0.1800705,0.30035877,0.12900448,0.0045766374,0.03223848,0.13391377,0.013225149,00001836_001.png
0.014562413,0.019024426,0.016531494,0.387706,0.023084939,0.037298035,0.020640528,0.030794373,0.061700176,0.015009263,0.019119157,0.88089573,0.04805128,0.011873528,00001285_000.png
0.023008551,0.17889725,0.02955928,0.7039503,0.017774004,0.02424536,0.050530307,0.008100627,0.031046031,0.8373769,0.006327018,0.01564243,0.019624904,0.011947441,00005822_003.png
0.02046661,0.0057560336,0.0073491614,0.18504126,0.17031302,0.22840194,0.052850004,0.012065914,0.09626627,0.013431147,0.013249091,0.6420541,0.24244621,0.012337622,00007584_000.png
0.03598821,0.88156873,0.11723827,0.06970023,0.038668044,0.022639072,0.020290803,0.010413128,0.19003071,0.66924566,0.008953719,0.023855241,0.035282344,0.022490548,00006339_002.png
0.011956394,0.015781792,0.03024065,0.13880175,0.06993716,0.92292994,0.012713967,0.016862975,0.03319511,0.020124067,0.0038509162,0.018146163,0.0132716205,0.014999812,00011737_001.png
0.03982695,0.022227686,0.0049405186,0.1182985,0.02040162,0.07645181,0.035542034,0.019404262,0.49303976,0.046972804,0.0066209007,0.046806138,0.012648837,0.01275783,00004646_005.png
0.01268134,0.0099392,0.0070816176,0.0064572496,0.008552195,0.01163918,0.017800404,0.019061133,0.015669268,0.010217028,0.007866027,0.008564717,0.010987383,0.010456477,00005207_000.png
0.020319829,0.01076043,0.03427846,0.46350607,0.042595103,0.03864097,0.59543675,0.02751356,0.074094795,0.92960876,0.0059295516,0.012808709,0.024272067,0.009915542,00015605_027.png
0.03729853,0.059257973,0.15005648,0.14065978,0.15770803,0.0562296,0.012428625,0.6196586,0.021111371,0.024566201,0.9583481,0.022372935,0.01791857,0.016515123,00006447_004.png
0.19619034,0.60937274,0.23547234,0.09540445,0.023531877,0.052638173,0.019294096,0.009671295,0.35738054,0.25168863,0.01099055,0.017655773,0.01270016,0.027673882,00000032_032.png
0.012078847,0.008086425,0.008066065,0.012093143,0.51213616,0.05939368,0.12587991,0.008885209,0.03290301,0.026380774,0.008378662,0.013015177,0.018354673,0.018406816,00019499_000.png
0.87380475,0.00986447,0.029173477,0.17358987,0.009809275,0.024318121,0.01633776,0.014987398,0.060366806,0.3889716,0.031318918,0.02651199,0.013069622,0.01890417,00014429_008.png
0.44950542,0.012808329,0.19056202,0.06898719,0.019926842,0.019134367,0.13593459,0.008925275,0.37178582,0.11217259,0.020821096,0.054997057,0.03786061,0.012921635,00007684_005.png
0.008632274,0.010036371,0.014711096,0.009935255,0.029405395,0.01760966,0.008126115,0.2620753,0.008149817,0.014991184,0.013567062,0.023054665,0.013083942,0.008549054,00005640_000.png
0.12645774,0.013422034,0.40590224,0.31981087,0.66536945,0.06259015,0.008461558,0.1393967,0.7611944,0.015254544,0.019425543,0.08907362,0.020747617,0.015163784,00003990_006.png
0.52524537,0.051839713,0.14402351,0.027398271,0.032492258,0.07153607,0.18573916,0.08811658,0.023782313,0.019545387,0.80365676,0.04710492,0.048784096,0.03254313,00010092_018.png
0.068855934,0.67169297,0.17858316,0.87617993,0.018476445,0.026104817,0.117688835,0.0044385833,0.24951276,0.65156657,0.0053693075,0.013707369,0.014900609,0.011423674,00000032_043.png
0.03954576,0.015002229,0.019005641,0.044262134,0.08658092,0.013343423,0.015603638,0.005463804,0.017300695,0.015603973,0.03802902,0.70492446,0.1367006,0.014808812,00019328_007.png
0.24906895,0.017872894,0.4960122,0.03719429,0.029556902,0.023412803,0.023944004,0.11660245,0.017883185,0.019363338,0.6941249,0.4707372,0.095451005,0.017168107,00009425_008.png
0.279817,0.012883186,0.5538724,0.026583027,0.029536188,0.014186264,0.018380033,0.060429286,0.6854922,0.27117538,0.013234031,0.016558867,0.01282093,0.012371497,00018404_016.png
0.020448573,0.009955464,0.020976663,0.15134591,0.013002151,0.012501874,0.5632148,0.010668121,0.023377191,0.11696025,0.0075487667,0.0242272,0.04184848,0.00824209,00015728_000.png
0.01578443,0.026429523,0.013673269,0.013441413,0.024540216,0.025673969,0.015068975,0.016506657,0.009148582,0.018412314,0.040373545,0.8693089,0.025386166,0.012634236,00008594_000.png
0.087317675,0.3145596,0.1128533,0.37458894,0.19538176,0.06655189,0.106159635,0.014310169,0.71921813,0.10944294,0.008652719,0.010783083,0.17973226,0.01701477,00010333_000.png
0.009814018,0.009989911,0.013119636,0.014640634,0.1793164,0.03621397,0.056818772,0.062737554,0.0054378924,0.040284734,0.014632581,0.024269555,0.13862237,0.010804863,00012681_003.png
0.003530494,0.016802015,0.009196375,0.029132886,0.020927561,0.029452,0.04154395,0.01825157,0.039926484,0.038743164,0.023612093,0.01640331,0.0074525336,0.010346904,00018011_007.png
0.019349052,0.02202888,0.040452592,0.12313711,0.019251311,0.015489615,0.25067702,0.023490626,0.025122304,0.2609679,0.007928597,0.011433343,0.014071914,0.009215167,00011553_018.png
0.059012014,0.015189306,0.80955833,0.049465664,0.021013848,0.0115630375,0.014182449,0.23606177,0.013702843,0.027142154,0.9831889,0.017808976,0.0071110046,0.0057527334,00011752_020.png
0.012328573,0.0071624867,0.010687282,0.1141586,0.037749093,0.78577626,0.04588776,0.051589284,0.013312879,0.04787017,0.013685423,0.08127902,0.15727064,0.03455546,00011782_001.png
0.033310343,0.013285871,0.0380213,0.036322135,0.33925664,0.060805626,0.01785516,0.0283871,0.030635433,0.01254117,0.7779806,0.01850636,0.29418126,0.025574213,00012394_000.png
0.01671818,0.0076290974,0.014320686,0.008668722,0.03234205,0.015393443,0.016837366,0.025152516,0.00674344,0.012194466,0.18310829,0.17774852,0.040378664,0.021866187,00003640_004.png
0.0065408447,0.0146875465,0.01902284,0.032917585,0.03660065,0.29941195,0.13253199,0.010759538,0.0154342735,0.024186084,0.0052883825,0.11896173,0.032664876,0.01917894,00013128_001.png
0.06457652,0.880113,0.020580167,0.030387761,0.009306424,0.035671636,0.02067029,0.013401155,0.021050446,0.009218236,0.032011356,0.047707595,0.060910773,0.020554412,00007776_000.png
0.012491405,0.030756135,0.012661164,0.023552584,0.011139433,0.017532269,0.014670745,0.022255493,0.015855568,0.020311583,0.12127092,0.6847198,0.024659991,0.011104081,00012485_000.png
0.023417339,0.106539376,0.008539735,0.01790956,0.017279483,0.11484815,0.020286527,0.01088469,0.0849998,0.015382102,0.007813708,0.015354062,0.023437068,0.014012768,00004722_001.png
0.098844215,0.026919693,0.16700536,0.39300904,0.04316279,0.043377176,0.023582758,0.072539605,0.040509712,0.021823416,0.14921114,0.9403612,0.15583079,0.024094079,00006577_000.png
0.01142766,0.009091796,0.006475685,0.006376183,0.007653306,0.006233879,0.011731706,0.006620622,0.022576028,0.020729108,0.009224763,0.008832719,0.014249413,0.010943855,00005798_005.png
0.17213982,0.01974488,0.021947805,0.88091487,0.020917844,0.07745868,0.23752235,0.27735448,0.019958034,0.15742557,0.08346922,0.018033482,0.043268025,0.018960798,00019018_003.png
0.07583567,0.033520486,0.7511688,0.024373127,0.022713745,0.016041283,0.2282524,0.025781665,0.008346451,0.022021607,0.15082626,0.2313922,0.07002779,0.021444624,00014022_002.png
0.013606902,0.020008111,0.44399473,0.055303317,0.040564153,0.020324552,0.01473739,0.040478546,0.03000592,0.013497324,0.0802389,0.41834664,0.3768722,0.015662348,00002820_000.png
0.020966358,0.02079822,0.76309633,0.09307916,0.015609411,0.27043405,0.0058151553,0.16694696,0.025720868,0.04915414,0.010341741,0.017645199,0.049823754,0.008086525,00019395_003.png
0.009505096,0.009558935,0.030126387,0.02269819,0.023049809,0.010989512,0.013208619,0.03409917,0.014472322,0.009046758,0.91828614,0.07617953,0.033613257,0.012413055,00016434_006.png
0.08313419,0.071407355,0.20609477,0.060651165,0.06934645,0.04185071,0.046679433,0.012093068,0.085997455,0.7999281,0.062199023,0.01998285,0.014773536,0.028976101,00015732_031.png
0.18036579,0.019269697,0.70965105,0.70429635,0.68252593,0.41522998,0.022139475,0.03662643,0.057474095,0.050084714,0.013435944,0.14768192,0.13260579,0.03126891,00014387_005.png
0.041837506,0.00862964,0.0072469697,0.6201424,0.022211516,0.064596094,0.27274495,0.89785165,0.021837782,0.058416795,0.010390119,0.050639715,0.03556542,0.011318192,00018921_014.png
0.12789352,0.012419545,0.021836087,0.23053388,0.5314015,0.6188742,0.083956845,0.097275816,0.023264745,0.030570958,0.014717712,0.43884218,0.15836175,0.031729165,00008009_021.png
0.008753937,0.009887546,0.015035396,0.024616241,0.023829648,0.034990918,0.020911003,0.015671562,0.0071452917,0.012908139,0.024657395,0.9029021,0.04546592,0.010343654,00005577_000.png
0.028166616,0.034385744,0.076409146,0.17935658,0.028094044,0.09950228,0.008645543,0.6455645,0.018819258,0.034313157,0.05265142,0.031111337,0.0866413,0.011123901,00019892_009.png
0.01813353,0.011397076,0.0065823463,0.0058258474,0.69311434,0.117149815,0.01864302,0.038528588,0.041666277,0.010742756,0.009521694,0.041503917,0.01946076,0.030699247,00017050_002.png
0.04908255,0.029951656,0.008971253,0.045960095,0.30975983,0.3539196,0.033812273,0.05306776,0.03688071,0.012541082,0.35906616,0.016256012,0.03084423,0.05092344,00009507_000.png
0.009883373,0.009320358,0.37236163,0.03918882,0.4498631,0.10156665,0.020766849,0.05714552,0.055795413,0.013322207,0.00936108,0.1467945,0.6194258,0.0476825,00012295_000.png
0.016484542,0.004927797,0.009572691,0.008392766,0.27415082,0.68259704,0.008921892,0.030245453,0.012273495,0.02142488,0.017854558,0.01579681,0.041427404,0.029835356,00019499_003.png
0.0719665,0.013206549,0.8974471,0.03295149,0.11300097,0.026887141,0.018731166,0.04430243,0.08384181,0.022533717,0.0484235,0.030281212,0.5394399,0.011571541,00009163_001.png
0.015310639,0.0071396823,0.011380186,0.013206345,0.052922126,0.22807173,0.016295757,0.06731923,0.013073468,0.011449502,0.005771038,0.19680218,0.8165052,0.022028975,00003177_002.png
0.23906769,0.009643015,0.3559343,0.6041391,0.024277786,0.026570207,0.030270323,0.1128009,0.124660105,0.89011574,0.01693116,0.031084687,0.022569833,0.01691979,00014362_007.png
0.012924402,0.09861379,0.027080499,0.03579687,0.011112253,0.008052635,0.0452792,0.009621913,0.007417615,0.008651556,0.030619817,0.100015126,0.039558094,0.02983404,00018577_000.png
0.021603689,0.007647325,0.14143991,0.0632576,0.04012489,0.011206068,0.05940882,0.020155068,0.020647082,0.025018327,0.34059775,0.50214845,0.04346686,0.012255329,00006008_005.png
0.021573327,0.017180905,0.055240434,0.0921601,0.022660347,0.7453632,0.017210076,0.008224351,0.013065458,0.93802035,0.0067001395,0.013448592,0.011453345,0.010588743,00016568_052.png
0.23322637,0.048801538,0.057836615,0.18758039,0.015112854,0.44820297,0.7895566,0.020879377,0.013534944,0.029685382,0.06729033,0.02843369,0.015379256,0.039533757,00013376_001.png
0.006033308,0.013273257,0.012234375,0.004606904,0.04281943,0.22784501,0.053599373,0.012665266,0.0058081984,0.018122107,0.013268567,0.016082626,0.010040754,0.024180215,00019210_001.png
0.053212356,0.011753098,0.01976708,0.90002006,0.030011961,0.09986416,0.019098837,0.060907613,0.36240008,0.35219738,0.014310122,0.04329249,0.015038906,0.014371194,00017136_004.png
0.011474501,0.4277603,0.0681727,0.08940469,0.025940297,0.15044594,0.058706384,0.013400349,0.04355323,0.36755165,0.004900941,0.017487219,0.03677369,0.015515712,00016620_003.png
0.21244688,0.018699333,0.08298591,0.0076877093,0.22887361,0.03125935,0.011349578,0.13460748,0.024255905,0.019741442,0.078987285,0.016167512,0.2859115,0.020716837,00006102_025.png
0.21642196,0.11406154,0.030744068,0.052019883,0.25078386,0.17224047,0.12619615,0.024461914,0.031068102,0.013893635,0.031236941,0.03108552,0.6102896,0.026593255,00020046_004.png
0.6425697,0.019353885,0.1501245,0.06618236,0.017425962,0.09591011,0.34611174,0.0121913655,0.03504713,0.03533713,0.055456422,0.5593755,0.016706193,0.03727789,00013282_000.png
0.09061343,0.012737997,0.064171135,0.17207682,0.023292601,0.01935007,0.040994447,0.1324483,0.0920938,0.038813855,0.87146854,0.023999805,0.034118507,0.012187346,00010069_002.png
0.022212503,0.0133484015,0.021723934,0.022186741,0.05439154,0.23701276,0.056225035,0.1031606,0.014816788,0.018281404,0.123757176,0.80540764,0.024431659,0.019672593,00020195_001.png
0.0075581744,0.012100147,0.14658438,0.09859055,0.056178495,0.5520651,0.029925562,0.09454465,0.0069174906,0.00868108,0.0051960284,0.0060382197,0.01823028,0.011014464,00003393_043.png
0.049099915,0.12658943,0.19450429,0.036445938,0.03468104,0.015412732,0.14964873,0.02751707,0.0064439313,0.07088264,0.008327064,0.10975927,0.025087409,0.018394852,00004501_001.png
0.1626731,0.008402594,0.31247875,0.3184745,0.07635298,0.12388017,0.11528334,0.044783633,0.011884046,0.92487746,0.010790551,0.018066047,0.021017784,0.016992955,00018373_004.png
0.013674034,0.0075992816,0.009492736,0.15553626,0.014498278,0.01840403,0.01610298,0.014278739,0.025995819,0.008220346,0.03847048,0.96508306,0.027980648,0.0053009167,00018767_001.png
0.038978983,0.022074187,0.0058554155,0.013570252,0.5562956,0.59244144,0.00832177,0.037292235,0.017786203,0.007038276,0.13638666,0.026779208,0.010460095,0.041284464,00000711_011.png
0.066320956,0.010355776,0.2074622,0.24598645,0.36798972,0.73066163,0.057902765,0.15080285,0.024704432,0.033359844,0.005851439,0.018876998,0.0691973,0.027865794,00019181_000.png
0.09099389,0.009810604,0.00826924,0.014318296,0.6601361,0.072898656,0.02431187,0.018196646,0.007787072,0.018400667,0.017902827,0.061096214,0.05578628,0.022547087,00015923_001.png
0.11787925,0.0335107,0.7269271,0.8553377,0.09400856,0.050890412,0.24152635,0.0189539,0.5117521,0.22062711,0.021154521,0.04129232,0.22079222,0.016686715,00013993_077.png
0.41850272,0.011308038,0.11085553,0.013376924,0.24156708,0.038960285,0.012438818,0.45440418,0.12793458,0.013518191,0.00994288,0.052511267,0.044856034,0.0135169,00008232_005.png
0.009948439,0.008181012,0.016190229,0.011705674,0.012554453,0.010236541,0.013919366,0.20530729,0.01580904,0.017476456,0.009761109,0.012576722,0.012309091,0.009206338,00001814_003.png
0.18109956,0.020525359,0.01018829,0.008855972,0.047192957,0.13721837,0.018130234,0.033191785,0.0053993734,0.013198976,0.1008343,0.008791914,0.022950271,0.021062318,00006827_005.png
0.06874643,0.012804906,0.24762851,0.42023897,0.2947174,0.03639934,0.16791111,0.013929764,0.08433291,0.008503251,0.012794808,0.019022457,0.869101,0.01623834,00003556_002.png
0.48525596,0.8301069,0.20327468,0.12066726,0.03539806,0.012865691,0.085188314,0.010089715,0.196774,0.39807707,0.017792419,0.037445303,0.027458694,0.025407707,00006754_000.png
0.09146393,0.010635133,0.1329586,0.0673442,0.044576716,0.027308883,0.027741548,0.047776856,0.019902458,0.060782786,0.979652,0.026995031,0.027713949,0.039326593,00012761_005.png
0.3107952,0.071562916,0.9892993,0.039860588,0.1304063,0.03401104,0.028041316,0.015001918,0.21499172,0.039880693,0.023144314,0.021833176,0.078854404,0.01118566,00014871_005.png
0.48079813,0.013124161,0.04894406,0.66862243,0.056417353,0.04741997,0.03476466,0.039287355,0.05456191,0.012475264,0.015233843,0.9671117,0.102144085,0.015263056,00008490_005.png
0.6668885,0.013491142,0.016192652,0.008121865,0.22012329,0.023860116,0.0822937,0.015979541,0.06866771,0.016484356,0.26337656,0.411996,0.12381029,0.03991348,00002213_001.png
0.8241308,0.0429848,0.93179744,0.8490733,0.10128141,0.24419568,0.11166708,0.021447882,0.120519966,0.10222523,0.011441248,0.009817175,0.05384232,0.01091586,00003803_009.png
0.027882682,0.015702397,0.043212127,0.4644313,0.055731766,0.070133016,0.05431859,0.012768453,0.066471726,0.64912415,0.023031423,0.014831523,0.00658603,0.014121371,00017504_034.png
0.029678024,0.012412996,0.030527646,0.105022945,0.031808097,0.0330195,0.06319093,0.7795909,0.018473592,0.014009403,0.22075298,0.041232273,0.59892124,0.024446886,00017110_016.png
0.051483765,0.009465837,0.0438672,0.33450115,0.255899,0.02187739,0.073050186,0.05716436,0.09557858,0.65687436,0.0137148285,0.008484072,0.015896222,0.011326535,00010012_041.png
0.034519605,0.01889412,0.016305314,0.0140875755,0.013997893,0.098134615,0.004467343,0.69387156,0.0047438126,0.01775273,0.9883781,0.018495852,0.0143772205,0.012884947,00008468_039.png
0.40340832,0.023341073,0.023427345,0.14258823,0.022525862,0.012118714,0.75975454,0.00855217,0.022236204,0.010799187,0.016315926,0.23034215,0.014461635,0.017673142,00015478_000.png
0.008444233,0.006450642,0.054158375,0.0541627,0.03033011,0.007305132,0.009280601,0.059123628,0.022607934,0.008882199,0.44000116,0.02336831,0.013848793,0.0099410545,00003520_000.png
0.009708311,0.012505848,0.0110810455,0.056310896,0.015482338,0.5240211,0.0069614416,0.01780404,0.050022654,0.012669577,0.017699013,0.028802754,0.009833922,0.01309951,00008701_046.png
0.021215077,0.031881094,0.4468811,0.7292496,0.044019364,0.59502923,0.033143826,0.03731849,0.04314988,0.022420382,0.008467253,0.26363012,0.0905946,0.015182853,00005376_008.png
0.009610583,0.016371174,0.020363154,0.14546163,0.05766216,0.17944586,0.0069171865,0.024440292,0.026532138,0.009918773,0.0148448795,0.9211086,0.0916137,0.013485526,00001836_097.png
0.5131129,0.28196758,0.25176087,0.07082549,0.04635945,0.060466796,0.024957052,0.005797148,0.9274862,0.025013937,0.012884915,0.023882776,0.06327304,0.012744894,00017036_015.png
0.04872704,0.00858372,0.0062826434,0.027896391,0.112432115,0.34827426,0.019358618,0.08919792,0.009123231,0.018583577,0.0048539173,0.029597854,0.016395878,0.029668394,00015477_002.png
0.04348035,0.020216284,0.5276271,0.3001369,0.041100264,0.04287395,0.023517504,0.038700566,0.08419814,0.045690756,0.04138727,0.38289887,0.7644947,0.022616077,00014849_006.png
0.017074639,0.019217554,0.08414155,0.025182553,0.011172272,0.008140922,0.019536939,0.03079645,0.010501912,0.017310051,0.1920298,0.7343618,0.029098598,0.013558928,00007793_000.png
0.41237026,0.009865831,0.031009182,0.30387253,0.03305209,0.022728996,0.07865213,0.007021224,0.12501109,0.9228058,0.008074596,0.018409831,0.011630674,0.01875897,00009892_005.png
0.014628751,0.01281924,0.008254498,0.14665116,0.019458959,0.10041328,0.044975832,0.058768064,0.018054096,0.015342762,0.020261524,0.9180127,0.08106009,0.015522641,00002622_000.png
0.047158923,0.027570052,0.90630376,0.5035244,0.020870691,0.038893066,0.034895256,0.017393952,0.36342752,0.51499766,0.011341657,0.016059408,0.051348932,0.016520057,00008858_004.png
0.043985114,0.9059279,0.023212276,0.08311921,0.039677147,0.070251055,0.025118494,0.028489897,0.03560626,0.05103787,0.04612618,0.043445986,0.0082457075,0.022574889,00010531_037.png
0.035107102,0.010950056,0.3075914,0.23305765,0.13043116,0.080534294,0.029613947,0.50646275,0.04817832,0.013095388,0.03050569,0.13839333,0.8771872,0.015603748,00014022_038.png
0.07015038,0.009334542,0.0072281323,0.011411973,0.13375252,0.5784019,0.032082178,0.010728753,0.009199811,0.0075083636,0.005059758,0.06150987,0.0701539,0.03030448,00015671_000.png
0.01874472,0.012912412,0.05935044,0.44660822,0.0110354,0.033437982,0.079075,0.009525355,0.17139448,0.91815466,0.008400528,0.014143676,0.022034865,0.012613475,00006490_008.png
0.01625267,0.005807296,0.009716861,0.00987959,0.19254899,0.019090947,0.09956053,0.01441538,0.031131424,0.019456023,0.020682175,0.1223586,0.6505264,0.02145764,00013158_001.png
0.025234684,0.013021887,0.022256624,0.068671174,0.017572256,0.01639688,0.7821749,0.009584471,0.016764514,0.02186702,0.013978446,0.1344838,0.020493988,0.010503538,00019962_002.png
0.011713227,0.006813789,0.0060371663,0.0055513727,0.011818772,0.010350582,0.021183597,0.006224448,0.0287968,0.018167885,0.013945931,0.013090256,0.007006123,0.012728047,00013251_000.png
0.007569526,0.0046870247,0.010627403,0.0044148434,0.026076011,0.11419605,0.007424692,0.00848108,0.014848332,0.023105623,0.004169116,0.0054251775,0.017485924,0.011103353,00001992_016.png
0.0051380703,0.008058404,0.0058603776,0.011202021,0.021863772,0.07181502,0.00618408,0.020143807,0.018255755,0.0051267585,0.0036941865,0.016096884,0.009978132,0.010990746,00011553_000.png
0.4050265,0.018095557,0.60703206,0.22387594,0.43065536,0.017989347,0.08797552,0.1815498,0.07295535,0.013577666,0.28884208,0.05133977,0.87029284,0.019152587,00018090_000.png
0.21255022,0.009978853,0.0073767533,0.12479827,0.011885501,0.009983678,0.01165413,0.030188527,0.12288578,0.012747834,0.05472038,0.038781375,0.074395016,0.015662502,00011379_019.png
0.0066997968,0.013844658,0.015523814,0.008751603,0.01792347,0.037898988,0.03731458,0.02679139,0.009120309,0.31433,0.013730743,0.007182762,0.012659805,0.0110613685,00007745_003.png
0.01493237,0.032122385,0.045097712,0.02168344,0.4202762,0.84014595,0.018348185,0.011230679,0.019894455,0.016131949,0.006077148,0.05451552,0.0066593634,0.024247866,00019177_000.png
0.046975903,0.031344503,0.8459646,0.6350534,0.10512004,0.10270269,0.1025415,0.14500752,0.019480683,0.04344331,0.027817417,0.63872206,0.30916104,0.017069254,00013884_001.png
0.10936872,0.023525413,0.047054812,0.008423354,0.040301733,0.50364655,0.18825088,0.011784693,0.011084614,0.02161775,0.02002608,0.027391875,0.013501408,0.022199178,00007321_009.png
0.004349228,0.008884588,0.008185002,0.27800566,0.021973245,0.06784481,0.16454221,0.10322353,0.012575093,0.016564904,0.013364192,0.02283495,0.054245707,0.009858878,00000963_007.png
0.03628607,0.02887701,0.14985052,0.1211128,0.022757486,0.018168708,0.042708393,0.010411429,0.10448396,0.92834777,0.024005322,0.012036381,0.013724985,0.015429862,00001736_027.png
0.015497143,0.90737635,0.36992446,0.13406508,0.033236537,0.012057549,0.026301244,0.024633605,0.031214152,0.37816736,0.035767052,0.026822167,0.020871198,0.019328127,00013601_019.png
0.022116996,0.020670725,0.013878853,0.2557158,0.09766982,0.51020116,0.11560699,0.02265725,0.21335714,0.035373963,0.0039146952,0.0079715215,0.009367467,0.010989145,00001255_031.png
0.021457601,0.01785822,0.01615273,0.034553964,0.052388016,0.785275,0.018276475,0.013168851,0.010489775,0.0053721936,0.03327095,0.07679892,0.02446687,0.027784634,00013244_003.png
0.019417586,0.024565505,0.017150648,0.8312598,0.043430064,0.37390333,0.21159074,0.12700962,0.02905424,0.027807241,0.01406179,0.45617625,0.068887874,0.016583081,00018366_020.png
0.013709211,0.014490308,0.056032527,0.0067476057,0.09355987,0.20174746,0.00752696,0.36148444,0.010807249,0.018688455,0.16470273,0.01340726,0.01807336,0.019791985,00002111_013.png
0.11814802,0.20137078,0.7801103,0.5764688,0.033744473,0.04769919,0.15020935,0.010308947,0.5130098,0.83358884,0.01316208,0.01966355,0.023773925,0.016652722,00013036_020.png
0.025808137,0.009903505,0.025306892,0.006078052,0.24942222,0.061515868,0.013952403,0.047038626,0.016124526,0.010012068,0.08499587,0.5177549,0.03804986,0.02888724,00009524_000.png
0.17565136,0.022657923,0.024604447,0.08897663,0.038974624,0.013441451,0.027182382,0.02037889,0.19088435,0.35556242,0.019448915,0.017497782,0.009100508,0.018897628,00014429_011.png
0.19106688,0.008379859,0.3271433,0.17874768,0.91687876,0.027734932,0.0158828,0.048406437,0.09401369,0.011371446,0.05034797,0.025544368,0.10749776,0.01898693,00009592_000.png
0.014330193,0.008311293,0.015255561,0.021317076,0.039789166,0.00883641,0.0058612027,0.36191186,0.02304846,0.012270605,0.97361,0.017450308,0.0120155895,0.011214451,00008168_013.png
0.008694156,0.01884703,0.015497667,0.10848878,0.023328764,0.18830872,0.04687276,0.041378617,0.012352244,0.48329565,0.030593619,0.017109927,0.005090737,0.013872216,00013176_003.png
0.013836568,0.042556897,0.62245464,0.7300016,0.15399309,0.015443921,0.053533994,0.018757623,0.21508282,0.4566911,0.020146186,0.017706195,0.034164082,0.010575717,00017178_003.png
0.41074118,0.011721406,0.3373804,0.0462006,0.39521652,0.3653929,0.03353032,0.17800464,0.020179978,0.10046606,0.010245091,0.014107728,0.021486871,0.02406659,00017403_008.png
0.059822086,0.18332572,0.6881441,0.06039775,0.019344231,0.039007206,0.015600385,0.047290877,0.08201661,0.025033375,0.009103699,0.008507389,0.46356928,0.02235069,00013249_005.png
0.018231384,0.014940762,0.023523996,0.13458943,0.089176185,0.021360971,0.012065255,0.014688616,0.02618403,0.0068173716,0.036818672,0.95721817,0.06472825,0.011195875,00013731_004.png
0.007499936,0.005585418,0.005061254,0.017623102,0.043088067,0.034621123,0.026728291,0.023032453,0.00912071,0.03682365,0.005086367,0.008732801,0.007867936,0.013132805,00001029_003.png
0.005861408,0.017422441,0.03121433,0.120086335,0.015001067,0.029751215,0.015597786,0.020908475,0.013150478,0.017469758,0.00628454,0.8604636,0.1888661,0.016477207,00014725_008.png
0.031500988,0.009432217,0.091499425,0.2810238,0.9126604,0.15030673,0.02033553,0.3125587,0.028556231,0.017980922,0.021594599,0.043543912,0.064276874,0.041203402,00011899_003.png
0.013840369,0.005485041,0.010205725,0.042472325,0.023520062,0.011857852,0.07267529,0.015710345,0.028913861,0.018044062,0.0592679,0.7567341,0.021655489,0.010205837,00018443_001.png
0.07895357,0.957908,0.055349734,0.02903562,0.0068782014,0.018284822,0.02835738,0.01093429,0.0075012674,0.016703576,0.052353054,0.041869853,0.026986621,0.012823519,00003789_009.png
0.6458045,0.024834752,0.31866407,0.9145004,0.0059394217,0.022784324,0.09172437,0.0780275,0.32433861,0.23056161,0.056756753,0.035113934,0.037783314,0.010174176,00013993_140.png
0.009999825,0.0107379425,0.015655424,0.08076428,0.014639382,0.11428649,0.017921273,0.015048424,0.16851336,0.0068053524,0.0031777704,0.05004123,0.037486933,0.008177577,00001986_000.png
0.059356324,0.016815381,0.080454916,0.02406941,0.10257381,0.021110065,0.011331604,0.02228588,0.023128318,0.01576945,0.90202063,0.48720512,0.08091513,0.013820864,00003714_000.png
0.025835976,0.67393446,0.013390285,0.08008609,0.025884993,0.008920172,0.016170949,0.018121611,0.03138023,0.02483,0.015290644,0.16969314,0.01904153,0.013155219,00009229_009.png
0.04270842,0.0144287525,0.040728297,0.717093,0.05455856,0.13392065,0.015802966,0.0789263,0.041017994,0.09057316,0.02641193,0.86228627,0.033665363,0.01672007,00008864_005.png
0.12265059,0.060455333,0.03714433,0.8948174,0.027779255,0.032907546,0.043098923,0.10035831,0.027873436,0.005859608,0.0057779937,0.024833724,0.014301314,0.011030755,00008147_002.png
0.065657444,0.022547806,0.031745452,0.18160696,0.09173043,0.016858716,0.09555006,0.010957385,0.8745953,0.10513981,0.014956216,0.012667286,0.03519813,0.00907649,00017641_004.png
0.072620004,0.019121952,0.41782752,0.17279923,0.116445825,0.008959827,0.0063428064,0.78528726,0.033398706,0.016810304,0.7364648,0.020023474,0.020591324,0.009764865,00013219_001.png
0.5395682,0.05709632,0.298706,0.39474878,0.012151291,0.010606687,0.18083397,0.04070187,0.38290298,0.54318875,0.013111802,0.0461654,0.033533864,0.024959058,00011985_007.png
0.18036947,0.039657958,0.61675227,0.022361157,0.19373502,0.040909156,0.13599521,0.046986498,0.08403988,0.019598609,0.009313307,0.2330057,0.50145185,0.050428625,00013993_124.png
0.03167636,0.011144565,0.009562876,0.45492485,0.120832615,0.025355063,0.09642354,0.015483887,0.03935391,0.0064330655,0.07164934,0.034215808,0.05388487,0.009626795,00001382_000.png
0.00880174,0.13135634,0.022637594,0.91977507,0.026774473,0.021770155,0.03475591,0.037114386,0.11892712,0.5374217,0.020102357,0.057419866,0.010898574,0.012267455,00012635_006.png
0.017554162,0.023195704,0.794308,0.86076635,0.030294709,0.03230594,0.03199482,0.020387135,0.27029228,0.081664845,0.013212839,0.14875281,0.83116555,0.006267924,00012834_068.png
0.02308909,0.019321557,0.011507525,0.08871373,0.40775466,0.047941584,0.021069922,0.18572336,0.18217963,0.009381531,0.05962245,0.08258587,0.060137503,0.020755941,00013659_029.png
0.098306485,0.01332138,0.020050857,0.20427682,0.013539242,0.017950712,0.047899928,0.59587055,0.010655803,0.016907778,0.38310382,0.015695818,0.8210668,0.010775551,00017972_035.png
0.19742656,0.0042743427,0.005997728,0.009825258,0.012957652,0.0045896336,0.01736153,0.022216927,0.05347428,0.020996597,0.0052127414,0.011835713,0.014732725,0.009942383,00009954_000.png
0.018640263,0.026466707,0.0035846955,0.01081043,0.023275329,0.018364651,0.04503493,0.012425973,0.021152008,0.018928695,0.009034586,0.019033294,0.016625796,0.015304132,00000929_000.png
0.021442091,0.009160264,0.1476842,0.012655598,0.021714084,0.012966436,0.011391888,0.0419299,0.051537763,0.015667237,0.07794168,0.063594036,0.4030371,0.019742323,00003413_001.png
0.18188101,0.0035862934,0.012200832,0.033938274,0.60833126,0.06523963,0.03509776,0.030467214,0.13401988,0.009043877,0.010094441,0.017023018,0.07618735,0.015151349,00014919_015.png
0.029018287,0.017957933,0.013727574,0.01277072,0.023997754,0.015263258,0.02009309,0.0126245925,0.01399634,0.044827536,0.007306903,0.015019862,0.01386681,0.014716978,00019660_000.png
0.016883455,0.015072565,0.008379677,0.007275437,0.030434601,0.013390921,0.007752723,0.016363828,0.0056260005,0.016706552,0.009500824,0.01607575,0.018629357,0.0120412195,00007924_001.png
0.014117919,0.03489044,0.051338967,0.22798158,0.019341553,0.08651148,0.22250015,0.0138854515,0.048257165,0.024268772,0.0053671817,0.0049653375,0.5206553,0.009021728,00009600_002.png
0.015904019,0.014309973,0.03889166,0.3728616,0.3150025,0.059507713,0.14280984,0.71295965,0.07224685,0.028716793,0.084207386,0.13856752,0.06180869,0.017725203,00008009_019.png
0.7908168,0.015130061,0.11002288,0.07590086,0.260507,0.46529102,0.05514726,0.052334014,0.50602365,0.21091361,0.019258846,0.07556716,0.03689807,0.030438818,00002505_012.png
0.6995142,0.014791688,0.54163843,0.15361245,0.023470132,0.062376186,0.031208647,0.30920818,0.103464186,0.031603396,0.01589018,0.017569704,0.4849859,0.01307932,00014687_001.png
0.7470223,0.35751024,0.3937671,0.8324343,0.051588252,0.14553799,0.14436723,0.023015985,0.4034524,0.008558836,0.017916465,0.039508685,0.10624642,0.0131971575,00013391_005.png
0.19068602,0.01703717,0.09266217,0.03509118,0.2465258,0.06534546,0.010069161,0.250788,0.039627403,0.017306753,0.90412116,0.02813003,0.03124131,0.036587566,00008866_001.png
0.22511026,0.014261587,0.015933307,0.30346194,0.108456105,0.05284147,0.058357917,0.74485236,0.010288292,0.013860604,0.104678325,0.048463073,0.3544161,0.044174,00005824_001.png
0.008483337,0.04650718,0.025445353,0.70068765,0.12780403,0.066496156,0.52432287,0.046013705,0.01068128,0.6783305,0.01281474,0.03380614,0.16620228,0.018566182,00013964_002.png
0.037915092,0.015499799,0.114913434,0.036670014,0.102190055,0.49738848,0.015965877,0.20727663,0.04165918,0.021218713,0.017533427,0.3423558,0.8977691,0.019130513,00001991_002.png
0.16043638,0.022505263,0.023310319,0.061897196,0.14123453,0.24213544,0.021288797,0.7175846,0.02287663,0.015856288,0.34621868,0.09870777,0.081059195,0.051130753,00008566_013.png
0.02755598,0.0039119427,0.004833826,0.015093264,0.11586433,0.008417919,0.017387604,0.07603135,0.01978934,0.011222342,0.0078026806,0.006632373,0.010809477,0.008099903,00013988_002.png
0.08068475,0.040598657,0.34285396,0.027917612,0.06987529,0.024493534,0.009832928,0.7929318,0.010488399,0.015732931,0.005268638,0.034572087,0.03451671,0.023115145,00005365_012.png
0.058165416,0.041819748,0.024534218,0.034568124,0.039768357,0.87519604,0.01946871,0.07433253,0.03339445,0.00998828,0.060332414,0.097235285,0.04995428,0.07461005,00008892_008.png
0.32851037,0.020992935,0.17521787,0.108197585,0.13708417,0.38258773,0.015659828,0.8938396,0.048151672,0.025561852,0.09188118,0.34772277,0.054658096,0.019007934,00018366_017.png
0.24359135,0.031665996,0.41107357,0.06552682,0.01629555,0.13837957,0.024252493,0.891798,0.05977777,0.019543681,0.34484437,0.014149168,0.2164887,0.01687244,00012094_022.png
0.066264845,0.021585412,0.025702164,0.017633976,0.019550707,0.13590163,0.009296415,0.063394636,0.0033258784,0.026761625,0.0070649125,0.016123747,0.052456744,0.011164363,00004163_000.png
0.038230415,0.009565862,0.005267152,0.009614022,0.07802213,0.10395813,0.008365405,0.026320992,0.021330584,0.041836876,0.004464909,0.02054113,0.014526819,0.012006435,00003478_006.png
0.011371289,0.0070249215,0.005422706,0.008623787,0.0366656,0.033169363,0.011629699,0.013609374,0.008051667,0.006030509,0.0030556705,0.011959576,0.01170419,0.009960578,00003826_000.png
0.21276394,0.03304151,0.009250131,0.034911327,0.035185333,0.08337743,0.014705756,0.04539246,0.068815164,0.02826175,0.6814862,0.050236676,0.0067793056,0.02535864,00017410_005.png
0.1654992,0.016399624,0.017182192,0.0990762,0.028113337,0.0158317,0.13298199,0.12940878,0.07677133,0.05163045,0.026686205,0.5757838,0.2303112,0.039721724,00017531_000.png
0.5748606,0.01728589,0.064508006,0.42553315,0.013271557,0.012056841,0.03608225,0.045204617,0.6358291,0.032152407,0.015330593,0.039604373,0.012500332,0.010808446,00016184_041.png
0.021185746,0.03286959,0.6025717,0.4944012,0.036432575,0.0332324,0.16405395,0.008863493,0.04234117,0.024134634,0.024147393,0.014074746,0.37274367,0.014274417,00016291_025.png
0.013204573,0.007868982,0.0067864535,0.0069670277,0.018190447,0.00549162,0.010059693,0.013888272,0.029985009,0.008147192,0.008513685,0.008315629,0.025230955,0.01362593,00015512_000.png
0.025320165,0.010898523,0.0168124,0.056147024,0.015339678,0.1730534,0.011355626,0.08540689,0.055575635,0.027570786,0.007292132,0.73563606,0.31790787,0.022959946,00013185_003.png
0.03785804,0.09512668,0.6573217,0.045667585,0.4070089,0.03130873,0.04457522,0.012729143,0.18481909,0.2898815,0.04688977,0.10783698,0.12686566,0.038392488,00019812_006.png
0.11957789,0.07406535,0.018872168,0.05316198,0.005041779,0.013052602,0.27438435,0.027792897,0.0069682454,0.026388105,0.10023441,0.020083703,0.041536234,0.012471082,00016860_007.png
0.039948568,0.09132204,0.38753468,0.3809474,0.3185541,0.42755175,0.029401056,0.005965597,0.15754347,0.035111997,0.0043800836,0.030442413,0.24129975,0.018442057,00018663_009.png
0.45942193,0.010576675,0.031187484,0.039159473,0.04117472,0.15507334,0.024914468,0.009825002,0.046678595,0.15066841,0.0076281955,0.012555185,0.019074868,0.01562402,00010462_002.png
0.0217176,0.009512187,0.081833765,0.20149164,0.03386415,0.045483787,0.010141291,0.0072218566,0.26026365,0.8183539,0.0046201823,0.01383059,0.010255052,0.017859517,00011140_002.png
0.026956588,0.022534808,0.016460933,0.57723147,0.21298404,0.27314252,0.02537483,0.026175568,0.031393416,0.03026047,0.021110604,0.114569336,0.011624549,0.018606836,00001814_005.png
0.7154704,0.014709873,0.029948533,0.019964918,0.072148755,0.020466533,0.016498903,0.011903406,0.019869149,0.0153806005,0.015822424,0.94822156,0.10269126,0.04725271,00002878_019.png
0.028933246,0.019375999,0.010431935,0.0069916784,0.024906926,0.030416606,0.083596565,0.08332184,0.0039095855,0.031347487,0.016354006,0.030193698,0.029933965,0.016648069,00007764_001.png
0.02661016,0.01801691,0.07422467,0.113345034,0.0435391,0.020803522,0.009519297,0.8096656,0.041349158,0.011606182,0.33767262,0.15082502,0.42228353,0.013742909,00000269_000.png
0.062580235,0.40241393,0.4332595,0.48360112,0.05569687,0.6196227,0.13954389,0.0059010517,0.04183288,0.022913108,0.008343705,0.03955527,0.042502064,0.024419451,00005066_024.png
0.96146125,0.08924007,0.6603001,0.26651645,0.034036465,0.023454603,0.11896286,0.019491011,0.27716106,0.015592113,0.07844446,0.017648704,0.02836106,0.010911758,00011401_000.png
0.14200464,0.015603104,0.006255584,0.010183135,0.19176818,0.19907647,0.053177252,0.00825116,0.02047181,0.013089602,0.03315805,0.111635454,0.006533487,0.028482363,00005472_002.png
0.028746454,0.016012393,0.011484024,0.0083231935,0.039731,0.45176575,0.022463439,0.058866777,0.010339203,0.014508889,0.038316008,0.016022779,0.119554944,0.038831398,00005653_006.png
0.18895373,0.04833025,0.005084408,0.3570793,0.010920792,0.017215285,0.13697018,0.026477614,0.04251227,0.088189945,0.047043424,0.040980622,0.009630004,0.01366274,00016705_009.png
0.036515225,0.030083023,0.015197739,0.0051678144,0.017278383,0.048671715,0.018440744,0.060963273,0.011407466,0.02033909,0.021900984,0.15111822,0.62780213,0.020324694,00018027_003.png
0.019031322,0.01301652,0.24684736,0.04415979,0.018999826,0.009811045,0.005102875,0.5008633,0.012929409,0.021063577,0.9906398,0.017919509,0.012504505,0.0067153163,00014083_018.png
0.38714683,0.017832845,0.035543106,0.28445628,0.022826614,0.016932707,0.015540751,0.3578999,0.021405889,0.011534106,0.992272,0.007947086,0.016524153,0.01089077,00008291_019.png
0.037757847,0.30847174,0.0283917,0.011805636,0.017079754,0.008507002,0.105897784,0.013900111,0.007853614,0.019238973,0.020445574,0.017045125,0.08949567,0.016246293,00002360_001.png
0.08749047,0.015892023,0.6753671,0.21760096,0.018283427,0.013893936,0.03784426,0.105839685,0.19376992,0.05696334,0.11442882,0.021739276,0.04161561,0.016152047,00020108_002.png
0.014619838,0.008963749,0.026644276,0.18949391,0.030044992,0.07307354,0.0067377826,0.02655563,0.019444907,0.012166204,0.025108736,0.9739039,0.03984515,0.008001832,00011424_000.png
0.057660956,0.02391347,0.40734148,0.02422344,0.22056659,0.052582856,0.014642849,0.15427633,0.05469858,0.010411841,0.010935764,0.012451682,0.034161992,0.016770843,00007830_004.png
0.077704884,0.7300865,0.01333729,0.13439557,0.019262087,0.03359099,0.027756657,0.019679142,0.04794848,0.1383208,0.020658232,0.2007634,0.061966527,0.033386044,00003989_020.png
0.02369576,0.0184394,0.018515417,0.16255473,0.15678625,0.8932891,0.039151914,0.0226068,0.019813381,0.015964266,0.010591356,0.12430897,0.043001544,0.019713202,00017064_005.png
0.008910588,0.007751806,0.004080664,0.005790762,0.010170017,0.015224396,0.012066591,0.02058521,0.010587864,0.005976907,0.0065863016,0.013662328,0.0053936457,0.014817894,00016649_007.png
0.13383912,0.012648278,0.08434678,0.52844954,0.08426448,0.22613335,0.032968327,0.031557932,0.18085974,0.8859799,0.012103932,0.060066193,0.0133724995,0.03229327,00012993_009.png
0.010468172,0.009205041,0.03438117,0.7525988,0.3012997,0.030503245,0.050567877,0.029531784,0.12692599,0.5878109,0.0038705876,0.009698593,0.031926904,0.0068760887,00005712_026.png
0.528172,0.06541527,0.7577684,0.535645,0.11542143,0.04236309,0.15669538,0.01915175,0.059684154,0.2610373,0.04947886,0.5119803,0.023753528,0.024775114,00012350_000.png
0.02944203,0.07382523,0.02615679,0.008644606,0.10522883,0.011786349,0.07195401,0.02499386,0.034961317,0.032932557,0.074761614,0.06489287,0.012061493,0.01697065,00008219_000.png
0.09769246,0.13887946,0.97135264,0.5115954,0.030831808,0.017276188,0.09120665,0.020938663,0.31011444,0.09801474,0.039511763,0.050779264,0.1675239,0.011761083,00014626_019.png
0.020577274,0.004322933,0.027997598,0.014908612,0.100652926,0.022334801,0.03341598,0.14504637,0.0064360565,0.025165988,0.43950626,0.024973417,0.013801815,0.012668636,00016577_003.png
0.015019001,0.016380146,0.004410913,0.004772049,0.02112591,0.037089907,0.013574359,0.008680284,0.010498801,0.018317265,0.005301447,0.018332006,0.009565762,0.009373903,00014674_016.png
0.015210748,0.022362122,0.006958337,0.033883963,0.0038645694,0.02388139,0.015466131,0.0067665423,0.007665189,0.049441915,0.005722772,0.04277751,0.010649215,0.009623598,00016315_001.png
0.75574994,0.022686515,0.24995239,0.031053673,0.3962821,0.13777792,0.030255489,0.017917294,0.19224615,0.24684876,0.0078905765,0.031697933,0.039402965,0.018104475,00011741_011.png
0.034765214,0.011460853,0.1865358,0.24253431,0.67730796,0.276484,0.45725954,0.050273765,0.067867935,0.071156874,0.012653084,0.012897099,0.0432762,0.026939796,00017710_009.png
0.02168817,0.012922321,0.8137856,0.014381235,0.021798836,0.009801715,0.005321425,0.10547782,0.11552907,0.018995395,0.014734136,0.010720674,0.7137178,0.01447433,00005043_000.png
0.026859608,0.017854048,0.048140224,0.70002306,0.035363074,0.78804606,0.10308089,0.014236638,0.1984114,0.033720702,0.0039665555,0.013824985,0.018610716,0.011766648,00015572_011.png
0.02889739,0.033550806,0.02403622,0.063266076,0.076023765,0.40209413,0.01849642,0.033530734,0.014218148,0.007905897,0.021610962,0.015470633,0.011379601,0.1992989,00004654_002.png
0.0068223425,0.014388352,0.043044925,0.9459562,0.08999116,0.09251467,0.23712103,0.05239494,0.22821823,0.16602276,0.0059277164,0.029342616,0.18132934,0.009037123,00017236_104.png
0.0039884103,0.008357666,0.00551679,0.029306391,0.012243102,0.02397868,0.06072342,0.013804658,0.008948406,0.011230732,0.030619187,0.48098576,0.011054491,0.011467402,00016896_012.png
0.039633706,0.7452167,0.048416723,0.024268933,0.03823445,0.035715252,0.024344904,0.020249756,0.014180143,0.029077163,0.06064888,0.38776922,0.02451969,0.059302337,00007510_000.png
0.1095854,0.013998769,0.22213691,0.04558048,0.13967441,0.38416442,0.017904628,0.82752013,0.056189705,0.014791457,0.029996376,0.12548682,0.20516495,0.020809978,00010677_031.png
0.08498119,0.87090296,0.020596331,0.014322713,0.039607283,0.043887455,0.020989,0.020279266,0.08093673,0.02659967,0.027802972,0.018013665,0.012893998,0.021239206,00006808_035.png
0.4452001,0.035771675,0.40482277,0.048228312,0.028523406,0.019141804,0.9146077,0.0060668853,0.016218537,0.017757919,0.068668455,0.06396821,0.0134054115,0.040789746,00017537_000.png
0.018529158,0.04064228,0.050656434,0.7538694,0.014280444,0.054587107,0.326819,0.030905424,0.02550865,0.118921384,0.018958861,0.43341354,0.026436064,0.010798271,00019176_089.png
0.053123765,0.011316089,0.019077703,0.08612901,0.042903986,0.008315692,0.016269797,0.026202207,0.25445074,0.014157143,0.0049202805,0.00897989,0.017853295,0.012205344,00000491_019.png
0.024769088,0.0063682036,0.007736025,0.05781713,0.10709004,0.17089956,0.020392122,0.12993923,0.022027843,0.014830011,0.017334582,0.7453331,0.45952085,0.019093156,00020195_000.png
0.02580837,0.012405592,0.0977524,0.09531105,0.14989841,0.04603826,0.019464646,0.017073808,0.03496745,0.82593906,0.014976426,0.0139017375,0.020767076,0.016156958,00010509_006.png
0.111993104,0.026347166,0.0085640615,0.019413374,0.043779936,0.24839614,0.015945865,0.43214956,0.02273118,0.011280913,0.53237736,0.023287032,0.010292298,0.036031827,00008566_012.png
0.06586366,0.022641731,0.036647078,0.06606497,0.10528669,0.059335273,0.021196537,0.15058105,0.028500115,0.021584995,0.9284541,0.48775458,0.05848558,0.023629194,00020195_018.png
0.033889554,0.07670852,0.7196386,0.70734596,0.10796503,0.2959137,0.05721021,0.12734589,0.05246153,0.05414338,0.020293292,0.1476157,0.8044421,0.020796612,00007034_077.png
0.11976542,0.019826395,0.014731846,0.016680496,0.037113976,0.071278766,0.008720077,0.6059809,0.04259633,0.017650688,0.8478773,0.021295696,0.0106647145,0.018489799,00011873_002.png
0.032552075,0.042950008,0.0983937,0.008244694,0.05372514,0.029512981,0.04313034,0.13323998,0.01357354,0.025309917,0.039111,0.5724051,0.16752505,0.017271947,00011709_000.png
0.07030932,0.021272792,0.9017887,0.022499671,0.080222666,0.14542349,0.010469121,0.42909008,0.023550056,0.04778211,0.04127492,0.03797485,0.20732123,0.011852416,00012256_001.png
0.0070182625,0.006242265,0.0042414498,0.043819,0.034852322,0.016669407,0.017244661,0.010370407,0.03288916,0.011051029,0.0055245287,0.008683067,0.030041797,0.009322181,00018949_015.png
0.11211124,0.043843918,0.06338089,0.041711167,0.05495426,0.039463565,0.02162313,0.16982986,0.011420643,0.019806338,0.98648304,0.019943329,0.029975066,0.02595003,00001484_001.png
0.039811417,0.013050907,0.025643872,0.02041527,0.013539758,0.018364148,0.01134938,0.61515903,0.0062694065,0.018710898,0.977267,0.021941971,0.046869397,0.016874712,00009845_005.png
0.022037987,0.058453374,0.009818084,0.030170716,0.008104309,0.022968922,0.46032453,0.017564232,0.009301735,0.02463683,0.015214148,0.06567264,0.017193,0.009554024,00010943_000.png
0.09687792,0.52487886,0.10815783,0.8681588,0.007875205,0.023338012,0.14142297,0.015570551,0.22710617,0.12823968,0.040967375,0.012516641,0.035416935,0.015942063,00017726_005.png
0.06987713,0.01982709,0.10313581,0.030930102,0.020426864,0.032321718,0.008214175,0.77637357,0.015318239,0.037955962,0.9808452,0.015730154,0.031265154,0.01811507,00013111_056.png
0.2697597,0.009455309,0.021572476,0.077687,0.081041865,0.041498978,0.022301735,0.02464072,0.05117885,0.021542579,0.055984136,0.94197327,0.02810721,0.014285781,00013267_000.png
0.032494593,0.024289463,0.1841108,0.37089318,0.013396542,0.017834293,0.042510867,0.008675616,0.27881676,0.92706776,0.015153833,0.009620172,0.016904142,0.01647002,00011985_005.png
0.043299735,0.0116298245,0.028402664,0.01331871,0.03299815,0.024005443,0.012143343,0.011326733,0.011212874,0.007822981,0.041277308,0.9676893,0.0325067,0.015066364,00006342_002.png
0.40398142,0.030062892,0.033019282,0.11673282,0.10160915,0.098575205,0.030047474,0.079301976,0.013729814,0.029261068,0.035099205,0.92266965,0.04907853,0.027553366,00010648_003.png
0.02391498,0.011009739,0.07700293,0.062793374,0.9094089,0.3212154,0.023992797,0.31642374,0.023197535,0.018999094,0.009002011,0.021345427,0.0944784,0.024920136,00011157_001.png
0.025124574,0.007909689,0.012602547,0.024919586,0.0076481174,0.00855399,0.024868678,0.022531407,0.008932173,0.012025998,0.30098107,0.2187878,0.030107498,0.018657908,00018176_000.png
0.012869508,0.009481888,0.01181293,0.16896626,0.013741932,0.03525164,0.01754664,0.93712467,0.014657407,0.009444297,0.014804752,0.03674198,0.15649955,0.01035847,00020286_014.png
0.14577913,0.013595342,0.021402154,0.038621385,0.006673908,0.08809446,0.5020466,0.03155284,0.008034878,0.034555715,0.008861851,0.106094696,0.058826685,0.017651249,00014072_001.png
0.008931929,0.027325584,0.2572664,0.6704676,0.022481348,0.027877662,0.2862021,0.016409636,0.026140003,0.97136295,0.01059198,0.012274975,0.05468901,0.011629656,00012834_130.png
0.27632564,0.020820485,0.390207,0.14627233,0.11539247,0.1320047,0.022421256,0.15638423,0.12856777,0.0191923,0.01637086,0.027028693,0.94676256,0.01632257,00004750_004.png
0.4982431,0.07744613,0.035683498,0.06062658,0.017895633,0.08692008,0.06537971,0.011086466,0.009167058,0.011471392,0.018144201,0.12942468,0.095392786,0.019169625,00007835_000.png
0.5871594,0.011524433,0.054991335,0.07463751,0.7311228,0.036055226,0.024385026,0.21255955,0.033569273,0.02012976,0.023135375,0.038295243,0.06113226,0.053085048,00009368_008.png
0.02936706,0.9236087,0.014999524,0.03378513,0.014287506,0.019339921,0.01736257,0.015472477,0.04600012,0.13695747,0.0056669735,0.02696631,0.03013094,0.019532586,00009932_003.png
0.028544609,0.008137342,0.014506333,0.033301637,0.03435268,0.02751923,0.79277956,0.012202682,0.007144493,0.021027513,0.010081883,0.07048888,0.024317639,0.020195834,00007856_000.png
0.026857508,0.15698402,0.007572685,0.005328552,0.014889569,0.022151267,0.014046719,0.019399064,0.013677766,0.0043658507,0.016495809,0.020363662,0.023029832,0.032890715,00012646_017.png
0.028395519,0.014008105,0.014736871,0.034884483,0.055436086,0.03579139,0.013066278,0.82839054,0.0113912,0.012589992,0.02364581,0.09742798,0.118420675,0.015016173,00008547_001.png
0.19452614,0.077794984,0.02234399,0.11161497,0.04025978,0.019745203,0.009508796,0.02564319,0.07038839,0.006833178,0.009561702,0.035098217,0.087453,0.014944348,00010805_039.png
0.01791675,0.023908513,0.0126528805,0.007358427,0.43584502,0.45408872,0.0120490445,0.08260755,0.012293854,0.012204223,0.019066751,0.018112497,0.021316642,0.040510897,00014717_011.png
0.39134476,0.010137213,0.1994667,0.27623904,0.1206505,0.14326327,0.09922409,0.035720497,0.019817227,0.076772206,0.009416147,0.034006223,0.011460971,0.018859511,00012024_001.png
0.15029468,0.9122274,0.056292284,0.4851114,0.015418238,0.030755261,0.020771513,0.018349731,0.26360255,0.012300427,0.008548144,0.017025921,0.022588423,0.01190274,00016818_004.png
0.06724493,0.023825778,0.022497594,0.94531745,0.12487572,0.23487377,0.19106041,0.14313917,0.061300304,0.20771149,0.012705088,0.04346984,0.013880158,0.01670555,00010773_005.png
0.20209165,0.12889834,0.09908597,0.110689625,0.02938181,0.011537037,0.022809995,0.019422192,0.057307974,0.021142775,0.026487183,0.919313,0.32601446,0.029580832,00012640_018.png
0.03261016,0.010893785,0.07123879,0.7154583,0.058710124,0.14380182,0.08650088,0.017840115,0.13268004,0.76558554,0.01381627,0.027655944,0.17197254,0.012546438,00012413_019.png
0.4305576,0.027693862,0.04125749,0.2992949,0.05142464,0.021769352,0.3345678,0.012588599,0.015735323,0.022740673,0.21979395,0.3117963,0.03976781,0.036100607,00003577_001.png
0.005644295,0.02087673,0.0058264113,0.030091956,0.04496562,0.038152125,0.024206584,0.032166526,0.01949625,0.06164429,0.006016885,0.35674554,0.04327854,0.023611184,00011984_005.png
0.022258515,0.03100063,0.04570924,0.44308597,0.015926655,0.010101729,0.018887714,0.021624783,0.25448102,0.4707673,0.006640242,0.016109366,0.013394392,0.0110901045,00016972_005.png
0.17004699,0.011026334,0.10760145,0.8880278,0.0311344,0.8959277,0.025998369,0.15498437,0.099387966,0.019025119,0.0047834055,0.03166816,0.040037718,0.013633994,00016550_017.png
0.0366754,0.01852527,0.036928367,0.06773866,0.020594316,0.014855553,0.0064656097,0.33706477,0.007713871,0.009810743,0.9917275,0.012126155,0.035425104,0.009921503,00008468_042.png
0.021384085,0.031280152,0.044379674,0.9254027,0.43960133,0.59095275,0.023899551,0.03204363,0.15973763,0.1323906,0.0072973114,0.031468123,0.011991939,0.018784566,00007354_009.png
0.11589679,0.052602388,0.024009505,0.5033517,0.011677755,0.13569029,0.052239202,0.007942667,0.12525076,0.23992702,0.007409422,0.05034238,0.09344011,0.02426642,00019176_103.png
0.069017656,0.030703662,0.65595853,0.4702207,0.034658104,0.26058885,0.026478617,0.08589793,0.5366003,0.052270915,0.02027494,0.010626992,0.35666546,0.012250289,00010007_046.png
0.015389391,0.026415264,0.007833135,0.11981614,0.16668369,0.17334199,0.01743835,0.013164563,0.4986166,0.017550701,0.008031732,0.019789353,0.02543345,0.0124731725,00009397_010.png
0.02727909,0.025105726,0.08278501,0.0060285367,0.026611716,0.17344336,0.016593708,0.017105484,0.0059157275,0.03728939,0.020242568,0.010762034,0.17605656,0.017020145,00015581_009.png
0.21412227,0.010255879,0.0070554554,0.009697371,0.017641844,0.050819952,0.019711174,0.4631318,0.033952568,0.024183799,0.315526,0.016373264,0.015401411,0.015140823,00002666_000.png
0.05955518,0.032733634,0.042112734,0.034471646,0.060443882,0.025975918,0.08608352,0.013009906,0.019532774,0.013266943,0.46493003,0.22280173,0.28660685,0.023628889,00007730_002.png
0.057163216,0.01645465,0.06980633,0.5396042,0.040080596,0.043579716,0.09652779,0.035125803,0.03016187,0.1393496,0.026139034,0.8771685,0.23629278,0.018432943,00013731_000.png
0.04159666,0.010217379,0.036845617,0.7979836,0.020084266,0.043226276,0.18703257,0.013272775,0.57833993,0.7020228,0.017992945,0.017942568,0.007907063,0.011317627,00004808_042.png
0.019354515,0.006750508,0.006185273,0.024485126,0.22558135,0.29925638,0.0069730016,0.030717677,0.012058755,0.0065761725,0.0027219427,0.033305608,0.012461871,0.019977033,00019774_003.png
0.029421523,0.3206315,0.18013854,0.11685024,0.023764698,0.107001066,0.034117486,0.016354097,0.3303469,0.28120103,0.0046171965,0.01283004,0.046610348,0.015558153,00010478_011.png
0.21250837,0.037220314,0.20449534,0.5680605,0.19396865,0.048119906,0.104640156,0.031866476,0.07718082,0.91058433,0.024887262,0.041397993,0.039836794,0.045678817,00017961_012.png
0.017741317,0.025175491,0.005711177,0.012633422,0.008264353,0.06362998,0.015755422,0.05223543,0.011620123,0.0149095,0.6012362,0.11588137,0.0382519,0.018997937,00001998_000.png
0.43989548,0.23500776,0.014467474,0.021811413,0.012236123,0.015938474,0.1615865,0.009098789,0.039635204,0.0315889,0.014257023,0.011579541,0.021483734,0.016253022,00008349_002.png
0.032092612,0.0057270853,0.0073129404,0.013084829,0.0460873,0.019643113,0.009767794,0.011459388,0.016860992,0.013164235,0.009270304,0.0106803635,0.014409298,0.013947162,00011769_000.png
0.43153936,0.02923561,0.15942761,0.13138226,0.023721674,0.050181285,0.035339136,0.13550943,0.015952684,0.027055217,0.45525515,0.06098379,0.7196212,0.038347464,00001395_005.png
0.041437063,0.02133168,0.33718437,0.22485584,0.011430639,0.032816503,0.059285454,0.01265431,0.08094827,0.91677654,0.011318967,0.024735186,0.024773793,0.019439211,00007296_003.png
0.008195069,0.0127815325,0.0073069097,0.0054766117,0.011564601,0.0100888,0.019251183,0.048858445,0.01690133,0.015147066,0.25961605,0.14647813,0.010039389,0.01439444,00008468_062.png
0.0862949,0.005926084,0.012448985,0.762097,0.39000753,0.047352523,0.2052192,0.03599692,0.12682284,0.076538704,0.0053248177,0.014780372,0.006735027,0.007907082,00013992_022.png
0.029285725,0.013366311,0.010622095,0.0065056197,0.030849326,0.15046927,0.046296522,0.027230162,0.011664395,0.01998368,0.026099116,0.025075225,0.016200304,0.036683153,00000966_000.png
0.04732429,0.019452631,0.09457249,0.1354219,0.22110866,0.008742817,0.07598509,0.08664516,0.015276163,0.007996122,0.6976421,0.02963784,0.44467127,0.03451812,00014675_015.png
0.018913217,0.009876619,0.0077845748,0.026133614,0.025136866,0.01795468,0.031454917,0.032364987,0.008941605,0.009130027,0.0916681,0.8469247,0.021189725,0.010511807,00007109_006.png
0.15547381,0.0261751,0.8696879,0.021658525,0.0145205185,0.057812937,0.022345653,0.18229304,0.012682278,0.05417521,0.027213661,0.024816537,0.533794,0.013484492,00006044_007.png
0.39127234,0.40882084,0.04997785,0.07521854,0.04826627,0.014707689,0.032800283,0.0456371,0.8305908,0.081026986,0.011082085,0.017518805,0.01812405,0.018423244,00015770_038.png
0.039000254,0.053582422,0.9053385,0.15456139,0.035593413,0.023824468,0.007255136,0.011078031,0.8543044,0.14928843,0.010362962,0.0109274695,0.23085165,0.010421161,00018949_005.png
0.18212998,0.015154893,0.019749688,0.008709515,0.022672368,0.13630198,0.16010767,0.03036442,0.009393446,0.050313678,0.052347213,0.095938206,0.019710613,0.02220637,00018217_010.png
0.10194848,0.00886746,0.08142451,0.26018694,0.043241005,0.3262375,0.0064703776,0.052160557,0.6327724,0.05769461,0.024185892,0.083782926,0.132043,0.01748024,00005288_014.png
0.007176865,0.009917102,0.0076921126,0.007868215,0.0322574,0.014603182,0.01356486,0.00908766,0.008896512,0.012361556,0.006695524,0.008973662,0.011530422,0.017033162,00013557_015.png
0.7836663,0.040370036,0.09244818,0.7811568,0.15346456,0.023219937,0.4026529,0.12140773,0.02707001,0.021178553,0.19852008,0.040859345,0.1800941,0.014550626,00020274_005.png
0.22060072,0.8906971,0.038816635,0.030265445,0.014536911,0.025261333,0.19236009,0.008174174,0.013531302,0.01343458,0.030730635,0.039427284,0.01582312,0.024662498,00004079_000.png
0.06346482,0.031480905,0.14315203,0.037410747,0.035089824,0.009054515,0.07509504,0.017631501,0.005712832,0.013865122,0.08124057,0.8569055,0.027738726,0.018206488,00010695_016.png
0.13429815,0.027252177,0.0077112224,0.1056409,0.044787172,0.025183624,0.03332126,0.008858174,0.040395778,0.02395311,0.010329576,0.028260043,0.0075273905,0.015212455,00002529_002.png
0.14469291,0.8174417,0.04477862,0.06700401,0.032839797,0.05036475,0.0600367,0.03358791,0.016505297,0.010541816,0.0107089635,0.07751516,0.041205276,0.016030757,00005853_000.png
0.22542246,0.045017786,0.5992483,0.5743077,0.0134986,0.112997636,0.15094164,0.0143601475,0.16966134,0.8389764,0.0170469,0.027760364,0.10933717,0.026724081,00010887_025.png
0.03782284,0.0112193,0.05452177,0.0861018,0.03460472,0.027245231,0.02816078,0.0060017635,0.07033797,0.9723455,0.0064807646,0.0074336347,0.020039551,0.01239096,00005110_008.png
0.04015602,0.0122946985,0.03140405,0.81146365,0.45443627,0.21364194,0.112068415,0.04707393,0.32084054,0.00785195,0.006130714,0.021057498,0.0170766,0.007820075,00003523_018.png
0.4685073,0.013096207,0.02100313,0.031375982,0.065391846,0.29205218,0.0349925,0.016261632,0.02922937,0.012216877,0.01876659,0.8485539,0.20617492,0.020163668,00001182_004.png
0.040927485,0.014399326,0.6923773,0.34288004,0.07237461,0.07153654,0.088051364,0.23030928,0.03783964,0.027730439,0.08478077,0.0127963675,0.24084394,0.02791082,00010916_000.png
0.022874365,0.010046358,0.04107327,0.12463142,0.04315209,0.016087303,0.013888141,0.27470973,0.19806147,0.0568965,0.0074837473,0.035629507,0.011982012,0.012797271,00009257_001.png
0.073927574,0.0062912945,0.010071291,0.0053112227,0.21622251,0.63084203,0.013093238,0.010855364,0.0069318134,0.009274425,0.0040290914,0.016804254,0.0070860004,0.024303518,00009120_001.png
0.6616073,0.050985552,0.024745304,0.049008068,0.047970023,0.09267304,0.08491741,0.023300419,0.024487307,0.02537845,0.086974196,0.22511283,0.020386573,0.50213695,00006624_000.png
0.34339258,0.07344525,0.7295164,0.32878876,0.08240886,0.043785434,0.03393388,0.028443279,0.016108988,0.9190893,0.016826192,0.016795117,0.08240057,0.021828858,00001249_002.png
0.06623099,0.019559126,0.006838299,0.009161078,0.016218271,0.026464943,0.024915695,0.011091432,0.016453778,0.016027283,0.017600045,0.07452559,0.016034933,0.017504364,00001616_009.png
0.03355001,0.039377216,0.02678038,0.029071134,0.015511751,0.010774093,0.0309056,0.020976488,0.034714114,0.25248536,0.17615919,0.02042088,0.016686488,0.012493529,00017504_038.png
0.13381179,0.01585262,0.011912019,0.054427713,0.0074168285,0.0444494,0.38622344,0.039808583,0.03228564,0.013421124,0.0124523025,0.059504565,0.13123831,0.012437529,00008191_005.png
0.43484122,0.01938236,0.024148276,0.005906325,0.06284486,0.05854089,0.029551314,0.036968157,0.03561205,0.090466075,0.004710907,0.06950198,0.010973096,0.03407773,00000711_005.png
0.80463,0.029457295,0.03676837,0.42091453,0.047877595,0.502307,0.058758974,0.010533338,0.17508431,0.14367478,0.01077116,0.06882844,0.013933601,0.035954915,00007857_012.png
0.72567344,0.50913256,0.6304297,0.17890403,0.020170314,0.026681578,0.087416664,0.011683492,0.32004765,0.100918196,0.015755706,0.017542679,0.124786265,0.026738578,00013993_019.png
0.0086045535,0.00912368,0.007118159,0.0067505436,0.014945864,0.045281045,0.009630609,0.008123103,0.0065953485,0.0072388714,0.0076579535,0.010649642,0.0061227754,0.014499312,00015248_000.png
0.61536455,0.8846989,0.023673715,0.052985627,0.010122726,0.018322933,0.103078954,0.012513876,0.073582664,0.03431649,0.022353644,0.030439932,0.030651903,0.017523507,00004381_037.png
0.11577223,0.010283802,0.10994014,0.043147303,0.3405304,0.20214216,0.025188955,0.04479339,0.022562498,0.008367929,0.01050786,0.71180683,0.08822569,0.02566061,00008748_002.png
0.13697855,0.007274424,0.01507888,0.011161141,0.010596927,0.028701004,0.06560925,0.021803495,0.06827222,0.27127877,0.019902319,0.039170936,0.016232695,0.012167929,00015809_023.png
0.020665089,0.01093969,0.033240397,0.5238333,0.023399211,0.024651121,0.2744026,0.041920256,0.010012918,0.028766776,0.030655047,0.7006585,0.06575868,0.013274874,00015575_000.png
0.12541345,0.018757345,0.38986817,0.16570704,0.2530681,0.06623402,0.036841318,0.13522246,0.09036194,0.016586294,0.079693556,0.08949186,0.9681484,0.023143416,00011436_004.png
0.041379035,0.01418111,0.01469583,0.011367227,0.09375574,0.30385545,0.012807111,0.0077452254,0.015497318,0.0054021655,0.014553199,0.04753647,0.032358043,0.023288356,00010020_009.png
0.014755535,0.012036506,0.014086987,0.3150261,0.039489355,0.030478979,0.012834383,0.10645869,0.34840775,0.35219148,0.00916565,0.07024269,0.0090205725,0.01330716,00009863_009.png
0.030296566,0.023384651,0.87073857,0.9014,0.144321,0.032870855,0.061749518,0.019263038,0.016515393,0.5767017,0.037600506,0.016164683,0.018522441,0.010674998,00016577_010.png
0.013228666,0.008759127,0.034251083,0.008014089,0.09317508,0.9537058,0.0129991695,0.022677481,0.004808132,0.013266214,0.0076663643,0.009659089,0.008582962,0.019531334,00009120_004.png
0.02281294,0.010411154,0.0045386967,0.0076663573,0.009957588,0.07316474,0.01590031,0.006952445,0.020642214,0.008437365,0.006105416,0.026536597,0.029540095,0.012749701,00003581_000.png
0.020795831,0.022842329,0.023681635,0.04008546,0.027127283,0.01684992,0.1421795,0.011043199,0.014638735,0.00859676,0.098514184,0.63622123,0.012201493,0.012730233,00020123_000.png
0.00888191,0.008718119,0.025903454,0.007832369,0.0983254,0.019978825,0.008616557,0.015076578,0.0077734464,0.013248237,0.22747889,0.15004998,0.043126754,0.014095857,00005663_007.png
0.043079328,0.0051283687,0.008998218,0.00842739,0.02021518,0.017303694,0.01183645,0.016551556,0.011135415,0.023271626,0.014021092,0.008732967,0.0070947255,0.013053443,00016860_001.png
0.33692086,0.016684743,0.028810725,0.16901645,0.013628416,0.011893708,0.4949513,0.008911004,0.0068884664,0.042678226,0.07995068,0.18097971,0.015467373,0.013750796,00004857_016.png
0.005328059,0.011949005,0.11654361,0.4862376,0.08741845,0.81424,0.045812234,0.03019696,0.012926136,0.043188713,0.005741467,0.097255774,0.08265752,0.013234368,00018126_011.png
0.011165178,0.009178352,0.005407092,0.011379452,0.0191513,0.009108497,0.011816449,0.0084645115,0.016834313,0.010175333,0.011502422,0.01741291,0.010265429,0.013451332,00016175_002.png
0.020692421,0.023871714,0.3692286,0.027558684,0.019439766,0.020664103,0.031569555,0.52424866,0.0078618005,0.022092558,0.060082506,0.33274707,0.07416096,0.013279177,00017324_029.png
0.03136527,0.0063848114,0.010755894,0.04182485,0.021147354,0.06922446,0.0113031985,0.66255903,0.018975697,0.014885281,0.057644527,0.02901306,0.01867276,0.010691372,00001170_033.png
0.01795425,0.92733765,0.14217967,0.069045685,0.010126822,0.06967656,0.02513216,0.010561017,0.013517153,0.0065562003,0.010395822,0.014643634,0.031116772,0.013195202,00003789_000.png
0.18079081,0.046512954,0.05629243,0.053664677,0.013002896,0.03976172,0.4905115,0.030422011,0.009591684,0.03476463,0.4067065,0.009073407,0.34506115,0.024137784,00017714_022.png
0.011323123,0.011806743,0.10091319,0.17760985,0.012716379,0.010708817,0.161419,0.038188737,0.051303703,0.9074469,0.04471755,0.010111876,0.11541204,0.009894732,00017504_061.png
0.6367972,0.019186143,0.039534803,0.34389526,0.09567787,0.23748192,0.014707875,0.71748567,0.033645682,0.015541971,0.60204625,0.097945735,0.18168254,0.028179107,00005726_000.png
0.05559466,0.0139563205,0.021380333,0.9562418,0.016460069,0.012430995,0.036151543,0.31591105,0.05092956,0.04525208,0.20524633,0.013119636,0.005578206,0.005143711,00015072_010.png
0.011822843,0.007797887,0.008778508,0.006218451,0.011221771,0.010694156,0.014325155,0.019268692,0.028488055,0.008939831,0.008020537,0.016615432,0.034053534,0.013883468,00008347_002.png
0.075196445,0.008902956,0.008633809,0.008754177,0.10804104,0.05856173,0.2158034,0.012313092,0.014795371,0.011516196,0.0946245,0.12985404,0.03218094,0.07011157,00014436_013.png
0.014725341,0.008562406,0.054337345,0.8047485,0.012386578,0.03250512,0.42888096,0.018155742,0.10536276,0.4423176,0.009924628,0.0617218,0.11911367,0.008238599,00014414_007.png
0.011067056,0.009063569,0.0064392374,0.027680395,0.023592928,0.16614154,0.024622494,0.007947177,0.011125637,0.0245803,0.0030443466,0.015256164,0.04042111,0.011559348,00016618_000.png
0.007426763,0.029377963,0.010549887,0.01497004,0.023329666,0.12001738,0.009611958,0.008924658,0.06575829,0.0133090075,0.0052268133,0.0063855527,0.0076164985,0.010967235,00009496_002.png
0.029540151,0.01101342,0.006012115,0.011704305,0.02254884,0.022338657,0.023176344,0.012808897,0.016948933,0.014090674,0.032805637,0.794173,0.014827567,0.015430405,00013611_001.png
0.0151986955,0.010337789,0.01746129,0.08428853,0.019208005,0.03805772,0.019404082,0.01714,0.06304317,0.9325597,0.006384642,0.031869426,0.009740772,0.011362615,00014203_053.png
0.10843643,0.5048172,0.02322036,0.013636996,0.015563844,0.010483851,0.078893416,0.008434357,0.008902775,0.017732885,0.017830323,0.021985408,0.016325267,0.020879155,00004822_042.png
0.07365563,0.02842347,0.09088972,0.47167882,0.012440336,0.51166505,0.076035134,0.54356873,0.011778042,0.020119399,0.024220776,0.013792368,0.042443354,0.015370767,00006436_006.png
0.035592858,0.22909799,0.037748586,0.8140979,0.035927735,0.052911095,0.026350318,0.007386732,0.31653282,0.058901668,0.006042654,0.028722556,0.14304662,0.011491368,00015007_006.png
0.018534409,0.011302483,0.0057817562,0.058916483,0.024022244,0.16270389,0.04521173,0.06282628,0.005724238,0.015540803,0.27334064,0.013659482,0.022857815,0.010973966,00003798_000.png
0.3640176,0.018597113,0.68913966,0.5817486,0.017628212,0.012398659,0.04831607,0.02912063,0.8760383,0.52207446,0.038685687,0.028583838,0.013859275,0.011893294,00006472_002.png
0.8424365,0.015930856,0.59088767,0.07969784,0.035665043,0.023889495,0.014291188,0.07481343,0.7616429,0.030224007,0.8049037,0.013755336,0.015571765,0.012280521,00010828_065.png
0.22660634,0.028965753,0.70366085,0.070333086,0.18630423,0.013737273,0.019297484,0.3305059,0.15668379,0.021566277,0.032008536,0.13575521,0.19165604,0.017565358,00015895_024.png
0.11418936,0.0083131045,0.15135944,0.793913,0.0244032,0.01944278,0.04089365,0.016108654,0.17032942,0.8972741,0.010332408,0.021593729,0.01784014,0.015592962,00001200_014.png
0.4545114,0.01789634,0.21839702,0.093067236,0.049573623,0.014447058,0.02362239,0.9055299,0.03846253,0.039599467,0.20654052,0.01043846,0.0630069,0.014270761,00010936_015.png
0.3473387,0.009223125,0.07666606,0.010868745,0.08290015,0.010128686,0.0076613133,0.03865913,0.037903883,0.03789441,0.016867807,0.05584182,0.008484357,0.011948803,00016943_004.png
0.22444907,0.0124776075,0.050580513,0.046430726,0.6378716,0.22361034,0.12299256,0.033206265,0.2541443,0.012810132,0.00701799,0.110386156,0.3522887,0.022167591,00005083_000.png
0.045739982,0.013777283,0.35980234,0.021881757,0.014281941,0.017875323,0.008638263,0.63228303,0.010571736,0.017497502,0.95985407,0.06218541,0.016052997,0.009341039,00010767_021.png
0.016566386,0.008219421,0.019515818,0.01878237,0.28699896,0.52598155,0.02535045,0.021431506,0.018422168,0.013942343,0.008717707,0.1821395,0.5304435,0.032517135,00002826_000.png
0.9375544,0.0066247717,0.1265586,0.06328163,0.031299777,0.027041726,0.031061206,0.68496364,0.16864337,0.042380348,0.26498306,0.021142103,0.032292854,0.012628016,00006868_013.png
0.7960612,0.018882258,0.057914585,0.18874636,0.054043118,0.17807716,0.08151104,0.049361493,0.0850087,0.022141958,0.12220579,0.82140195,0.120923996,0.021702223,00000324_007.png
0.33360377,0.017507005,0.5972955,0.5449754,0.044289,0.16916993,0.015032001,0.15800916,0.026873158,0.19876069,0.014669982,0.11041813,0.12893736,0.028740562,00009730_001.png
0.1660941,0.08483319,0.35241812,0.8499473,0.011376689,0.031022158,0.30906242,0.018462231,0.2678046,0.4850803,0.012590195,0.019618314,0.021471562,0.019446798,00020171_000.png
0.02500281,0.017424654,0.007445726,0.0063213096,0.15235482,0.05017593,0.013865629,0.015400197,0.039878905,0.004899853,0.015236883,0.010253493,0.004794589,0.039059244,00015981_006.png
0.065117225,0.066303685,0.19688772,0.004917354,0.06533575,0.015970232,0.034341995,0.017489415,0.10781973,0.059950393,0.559694,0.057391174,0.010360786,0.032142803,00019665_001.png
0.013086633,0.08227256,0.7515749,0.7551146,0.2043425,0.017929146,0.007866879,0.028848648,0.3473092,0.08217916,0.010262188,0.018944131,0.057435334,0.01063564,00011925_006.png
0.04234575,0.014080835,0.13275562,0.25031176,0.380461,0.15914534,0.008569752,0.94978744,0.05754767,0.012121615,0.018965852,0.03470486,0.01921337,0.012389005,00008147_011.png
0.17330511,0.007169781,0.012702491,0.010461728,0.20668623,0.020285979,0.0076416065,0.010043556,0.01100254,0.033471648,0.0040927064,0.011497879,0.005415302,0.009433366,00007172_002.png
0.044713244,0.18434729,0.37067544,0.35391843,0.089237295,0.050419673,0.019352103,0.08224556,0.88944757,0.032586407,0.018790733,0.017934594,0.34476313,0.012407624,00000116_013.png
0.09064872,0.027484693,0.7837701,0.030259646,0.071201816,0.022624165,0.054131802,0.04206862,0.015816536,0.0827696,0.04823953,0.7491809,0.15746135,0.02506042,00017258_007.png
0.116032355,0.007155122,0.020807927,0.01960429,0.032989014,0.011473025,0.37706184,0.00693448,0.009942171,0.02576908,0.04104462,0.31614718,0.04540452,0.02179166,00005639_003.png
0.23763336,0.027514337,0.032995913,0.017918,0.017888429,0.025272125,0.030946052,0.005093121,0.34197688,0.1164407,0.0064674043,0.011046486,0.010098602,0.012311914,00004470_004.png
0.18393019,0.012539493,0.022720005,0.01534228,0.09887984,0.02845597,0.02600219,0.030504711,0.024627574,0.016860874,0.6291382,0.43659183,0.13755399,0.041785575,00009644_003.png
0.02873852,0.055246145,0.063796386,0.048080552,0.08192653,0.07096037,0.17228182,0.012055619,0.032922573,0.44628116,0.0044503524,0.013639389,0.026653007,0.02237738,00014141_001.png
0.057779647,0.03192383,0.26694962,0.54415745,0.1362399,0.29930457,0.012499744,0.9300074,0.042437658,0.01701339,0.57340825,0.029988294,0.038439948,0.014053489,00013310_045.png
0.037569787,0.008740145,0.012619363,0.05115484,0.02473084,0.012509187,0.018239914,0.10504958,0.0064596515,0.010208751,0.986878,0.01583992,0.022526855,0.011657746,00017747_053.png
0.0742758,0.009920922,0.012422815,0.22406997,0.9432059,0.08053053,0.05116071,0.019906867,0.036761932,0.067521796,0.016580436,0.027832828,0.00951154,0.016097646,00015018_004.png
0.12146932,0.037875153,0.05267617,0.13858643,0.34485638,0.09853836,0.014406995,0.019257896,0.028435435,0.030740445,0.013383162,0.61394507,0.38598284,0.026218157,00008940_000.png
0.8628712,0.5910575,0.7521339,0.19699289,0.029548602,0.037886456,0.05206206,0.03160174,0.14566697,0.041935552,0.017547036,0.013406219,0.17521887,0.02480065,00015386_001.png
0.016859349,0.30340198,0.8597356,0.8333078,0.03640621,0.11880196,0.021785816,0.010077092,0.11823498,0.6663638,0.011503827,0.019241668,0.011375124,0.017764425,00012413_013.png
0.1346946,0.019368421,0.18658327,0.77855796,0.019140914,0.03532678,0.06568185,0.010564925,0.01087276,0.022070471,0.23804082,0.82813585,0.011418156,0.013537096,00000415_001.png
0.18768205,0.0066734594,0.024447115,0.013988861,0.1006336,0.043086287,0.01646166,0.17548725,0.031765405,0.012381418,0.08245986,0.15472694,0.061508484,0.09731274,00007422_005.png
0.6865699,0.01081297,0.2381365,0.06481223,0.15627487,0.14098138,0.049069397,0.4527324,0.027453348,0.010832291,0.010868018,0.018718513,0.6277562,0.027890662,00005490_001.png
0.005100747,0.0060738157,0.011397231,0.010330068,0.13815193,0.4917229,0.00461639,0.021486497,0.013710114,0.021951085,0.011003557,0.013034193,0.012767269,0.012077829,00019169_012.png
0.00912152,0.036457393,0.07886391,0.02097615,0.10140405,0.006571237,0.01075768,0.020852322,0.03491007,0.013205475,0.05332004,0.027994497,0.04878795,0.014533791,00001255_007.png
0.014261661,0.017243657,0.027230967,0.016049935,0.04954898,0.1078883,0.010228366,0.24751258,0.010459266,0.012955689,0.044517502,0.46483955,0.02319835,0.013351724,00004876_005.png
0.02408093,0.0041206093,0.015765121,0.0149253225,0.580928,0.16039595,0.026402332,0.0064998684,0.05827482,0.054987766,0.00246707,0.02283221,0.025068568,0.013295414,00015196_010.png
0.18967426,0.0687848,0.09219869,0.469534,0.10459612,0.016725253,0.0548773,0.030963367,0.051150504,0.011575568,0.43965137,0.68620604,0.2235266,0.025547765,00012808_000.png
0.022819478,0.00950375,0.03996699,0.24939048,0.027163025,0.022329917,0.015619496,0.012033241,0.8884225,0.063983165,0.016105028,0.03639592,0.028748836,0.010517462,00014452_008.png
0.0791226,0.012525071,0.08130253,0.7745794,0.03579322,0.03471305,0.27204496,0.25923106,0.011412743,0.32605687,0.018773211,0.008333099,0.032027856,0.012640805,00010012_004.png
0.031425744,0.013402157,0.045721017,0.08870257,0.010991321,0.1297754,0.11393902,0.029571628,0.31731752,0.3250191,0.015660033,0.023190869,0.029294617,0.010475955,00009735_001.png
0.027916428,0.017937033,0.03375158,0.011083501,0.011045851,0.080983914,0.18690473,0.01917838,0.0069521884,0.02374378,0.06700697,0.06347194,0.0557409,0.017812846,00010092_003.png
0.038352914,0.0066783065,0.0061497064,0.012674105,0.012806358,0.009070385,0.008879971,0.010824829,0.030304095,0.008192701,0.9825699,0.015927918,0.0048851413,0.009928307,00006333_000.png
0.66034466,0.0905993,0.25817576,0.14190966,0.022630835,0.011728396,0.0512262,0.10619717,0.040446345,0.055516634,0.018747048,0.04071896,0.31184477,0.011689224,00015147_002.png
0.014267957,0.0139604295,0.008708967,0.0070069293,0.015214755,0.015419165,0.029704615,0.010455619,0.014170833,0.018417284,0.0054702554,0.015232706,0.02028566,0.024529163,00013378_001.png
0.07349233,0.013262857,0.11637211,0.011908389,0.08971617,0.050678216,0.013520231,0.06780631,0.015863754,0.01738156,0.9650007,0.038780883,0.015599148,0.018759917,00016410_049.png
0.0069626938,0.005225244,0.012310853,0.007244462,0.14277902,0.09488379,0.01510446,0.035289735,0.0060494347,0.011144397,0.15637055,0.012503804,0.011266121,0.023872139,00010584_000.png
0.08563463,0.14402589,0.31368583,0.12263912,0.09918926,0.29624537,0.0774297,0.042885646,0.037430182,0.27979216,0.013127558,0.010517305,0.14702635,0.03403899,00010172_002.png
0.018285125,0.004685303,0.017968532,0.005437219,0.29121193,0.02022109,0.042198204,0.0071411384,0.01905211,0.008508398,0.01467096,0.010104738,0.0768956,0.035348687,00017234_003.png
0.016865514,0.036733333,0.034543246,0.03258187,0.03414925,0.019330729,0.038515225,0.010162681,0.034361836,0.013809871,0.018555164,0.10897025,0.5819502,0.012903219,00008002_000.png
0.06750314,0.03669223,0.107947424,0.16602215,0.10912263,0.12735686,0.039651066,0.041419342,0.018612493,0.04574702,0.03917523,0.07735801,0.16032569,0.8392722,00000003_006.png
0.33714244,0.02946589,0.65429527,0.5496435,0.03760035,0.022250835,0.255426,0.5724675,0.01144994,0.055447947,0.8577517,0.02572925,0.037665892,0.012910078,00015044_008.png
0.008815644,0.0056113927,0.00487412,0.0044770064,0.008500087,0.0066219238,0.007974287,0.0054961275,0.03670665,0.011847464,0.0132021075,0.007866801,0.0075768437,0.011756179,00019421_000.png
0.03716193,0.0065058903,0.04384227,0.0097277,0.65613866,0.29473078,0.124401174,0.038250584,0.046388667,0.03691222,0.017530002,0.019197319,0.11419839,0.03397436,00004521_000.png
0.12176499,0.024200926,0.015018818,0.2932701,0.02347826,0.03686233,0.056740277,0.03196514,0.024625378,0.121544324,0.011404332,0.026914785,0.06288695,0.017024662,00011553_009.png
0.5250585,0.010286806,0.052717354,0.010342501,0.06661719,0.06247604,0.01898775,0.8625098,0.013673332,0.057702452,0.3989146,0.017452074,0.072676815,0.015017174,00008594_006.png
0.5583279,0.014856334,0.04965022,0.022576775,0.16485584,0.053597607,0.013926941,0.9228349,0.022822818,0.020807663,0.68085635,0.0146254245,0.027136406,0.018420497,00014919_000.png
0.007439494,0.017600976,0.017802913,0.0061032604,0.22032018,0.028731784,0.012366489,0.341741,0.0083055375,0.014781859,0.46873587,0.04067317,0.009010677,0.016402224,00007676_009.png
0.04581008,0.015255339,0.081721865,0.0688084,0.015774874,0.10392864,0.027801216,0.5692245,0.029815348,0.09636612,0.5167012,0.061176445,0.23269965,0.021902066,00017046_015.png
0.12841359,0.009079381,0.031985074,0.07302672,0.9225018,0.39951834,0.02779722,0.065032706,0.06700033,0.026230216,0.018547615,0.023269173,0.013350479,0.025375037,00018496_009.png
0.023052137,0.012886692,0.04449794,0.15403108,0.07456328,0.038892765,0.030285275,0.0513864,0.02786447,0.018523699,0.11612065,0.9249644,0.21625802,0.013400576,00019354_004.png
0.05131957,0.019844778,0.019312799,0.0072486443,0.052235097,0.0182537,0.010945387,0.0094746705,0.011555932,0.013519913,0.109451085,0.80450344,0.015841955,0.036433086,00001944_001.png
0.078172006,0.009507143,0.020865133,0.023307446,0.04482312,0.10281302,0.040458273,0.027616791,0.008351291,0.012997831,0.01953159,0.2975134,0.8004027,0.027351175,00005454_000.png
0.38451403,0.016315864,0.89136267,0.6129123,0.060884465,0.02660656,0.021519775,0.015269729,0.1802598,0.48089895,0.1223444,0.03600842,0.005432263,0.011133626,00009365_020.png
0.22397774,0.032506682,0.047765065,0.08990413,0.88994646,0.26754224,0.093245275,0.018480463,0.07456963,0.108056314,0.008956406,0.03704747,0.015065953,0.028702857,00011598_030.png
0.1029917,0.10667659,0.024128575,0.012150575,0.02772612,0.085532695,0.05383527,0.021167746,0.030476725,0.01953187,0.007814418,0.04087378,0.02629776,0.013438764,00012306_000.png
0.0313624,0.023261532,0.038644478,0.012097798,0.0097569795,0.16699535,0.026804058,0.019275023,0.0048408885,0.011630998,0.012921356,0.17434807,0.032429006,0.04143667,00003574_005.png
0.013063491,0.91303694,0.085135676,0.08049308,0.019293351,0.17365468,0.012439252,0.013205338,0.008294272,0.0068307803,0.018766532,0.019915288,0.015238859,0.017730892,00003837_001.png
0.031293914,0.015941579,0.011893575,0.0197439,0.01376081,0.029412035,0.059910357,0.013415411,0.018487183,0.018399999,0.04067676,0.8810053,0.046590094,0.013078643,00003211_000.png
0.022869905,0.9854424,0.024715966,0.031762604,0.011199576,0.02008453,0.010129307,0.017151788,0.0146434065,0.007974921,0.100329384,0.032878987,0.007373615,0.011503918,00000897_001.png
0.956382,0.031892,0.05323911,0.18020694,0.033346854,0.03689047,0.015116197,0.012850228,0.7247174,0.04701625,0.0050839595,0.03202295,0.010155033,0.011421434,00010828_043.png
0.04021998,0.009854633,0.01161917,0.028500762,0.015280582,0.30834684,0.014440087,0.008671541,0.044848334,0.011828466,0.0047033094,0.018701931,0.0151122585,0.0137893,00001332_001.png
0.6361813,0.021759948,0.10647821,0.0650479,0.06682191,0.23820889,0.01844946,0.01645435,0.14508675,0.050586663,0.08692239,0.023994332,0.03394875,0.081081405,00008911_016.png
0.31836188,0.008139963,0.021153439,0.06534156,0.050874054,0.0136996405,0.03165958,0.027790958,0.5106884,0.1449914,0.3636321,0.057101525,0.007521376,0.019016543,00013140_001.png
0.03831548,0.0065842145,0.008059498,0.03156794,0.10246196,0.3681103,0.30533254,0.019741345,0.014575173,0.010083164,0.007977576,0.15528385,0.013098999,0.033368453,00012336_002.png
0.1061547,0.05915319,0.013849548,0.013003968,0.015855879,0.041418515,0.017649777,0.07086553,0.008822569,0.013157089,0.045300025,0.5293125,0.18242715,0.06929093,00019230_000.png
0.13125259,0.03675645,0.0091060735,0.02119121,0.022236329,0.016888537,0.107531756,0.007866361,0.027657535,0.027517458,0.056628596,0.095897384,0.013902339,0.013534911,00015054_000.png
0.10166942,0.02097432,0.3491765,0.74479914,0.15731537,0.11764236,0.38073847,0.016524209,0.08680909,0.9183528,0.021839814,0.016606396,0.030902872,0.018900592,00010866_007.png
0.34958786,0.018060269,0.28444362,0.66657776,0.076848924,0.15419288,0.025559103,0.7297661,0.087808564,0.01641972,0.08988787,0.07492667,0.64620787,0.017870862,00002720_012.png
0.041561298,0.94650257,0.07701849,0.47649398,0.033310443,0.032437574,0.035439447,0.01769157,0.05255895,0.17890058,0.023222644,0.046445962,0.02954733,0.020342097,00017448_002.png
0.15429288,0.06743983,0.031378247,0.032320112,0.068764076,0.068773955,0.050680574,0.04098767,0.027764808,0.007811729,0.0061066863,0.043360546,0.8961199,0.014881452,00004794_000.png
0.10595395,0.03253334,0.079921365,0.25564578,0.008819288,0.074484676,0.016181102,0.9363039,0.017677678,0.012142611,0.4297351,0.018682405,0.027526148,0.011967631,00008594_005.png
0.006924137,0.00624536,0.028893918,0.186719,0.051830243,0.048626624,0.017209625,0.21693566,0.02703844,0.0055965898,0.059123617,0.011442699,0.15815103,0.010243728,00015187_001.png
0.90182614,0.04432568,0.57684505,0.024459913,0.2794825,0.02512441,0.03185882,0.0175218,0.5366829,0.02568972,0.03911954,0.015192487,0.03836072,0.0140980035,00007046_008.png
0.0068780263,0.013597032,0.025204528,0.277897,0.08770442,0.0054293727,0.21541117,0.044995386,0.008897665,0.0093524875,0.3689602,0.24177748,0.101679526,0.0107646035,00013031_016.png
0.013802386,0.030591542,0.0072990353,0.0067456346,0.030295644,0.049725648,0.045753073,0.009448564,0.05180704,0.004111901,0.0036985523,0.005596094,0.009273935,0.029049033,00007624_024.png
0.008387538,0.114061795,0.010112721,0.018980373,0.08046185,0.32684353,0.014974006,0.008979707,0.021782897,0.045689173,0.006881894,0.10791669,0.015628684,0.016958125,00015147_000.png
0.7206042,0.016391719,0.45325276,0.105763845,0.9165772,0.04476156,0.028811181,0.04843152,0.1456451,0.014244631,0.014205261,0.07266218,0.29384694,0.028548006,00012604_003.png
0.18076879,0.009276405,0.20503639,0.07443817,0.749912,0.106259845,0.022754539,0.84847915,0.017818328,0.01782331,0.008258989,0.021938154,0.26414263,0.023364741,00001170_042.png
0.08531019,0.15858343,0.04427664,0.06512231,0.08963039,0.112804495,0.074416004,0.059532065,0.015233964,0.017489316,0.1559731,0.75716144,0.027086778,0.03649363,00011940_000.png
0.5142005,0.0138986595,0.6314465,0.7937984,0.018277412,0.19813375,0.17005405,0.010788108,0.36531675,0.31895253,0.014061544,0.01597769,0.013911024,0.015125764,00016376_011.png
0.23932332,0.017493643,0.070449464,0.9250351,0.021101642,0.016301064,0.09732912,0.11825156,0.06908174,0.27106985,0.030712223,0.03822473,0.059617013,0.015365934,00016333_009.png
0.028587634,0.47425184,0.25599903,0.2205248,0.11647691,0.377055,0.0822489,0.010946044,0.03983681,0.061357107,0.004628268,0.029491784,0.042833652,0.032800082,00016837_006.png
0.32585067,0.026910182,0.030364666,0.038146935,0.22112349,0.88068366,0.035460155,0.12089988,0.021028731,0.029860988,0.022587229,0.05299155,0.11916935,0.049433984,00011753_002.png
0.041111413,0.0093002375,0.2864745,0.02526987,0.013061254,0.04869555,0.0025651325,0.9149909,0.008468415,0.013913483,0.9947088,0.009012278,0.0051889154,0.0042971205,00017046_010.png
0.0108638,0.0055139367,0.0058285687,0.0063021304,0.010790745,0.010502467,0.0136075495,0.0074095763,0.016884714,0.013293712,0.0073096496,0.010428726,0.018775737,0.0120448675,00009757_000.png
0.019832335,0.013414407,0.024673415,0.042924505,0.02081614,0.05507813,0.010865901,0.12197748,0.010528669,0.015448607,0.0066585243,0.96515644,0.09022027,0.0130605465,00017214_010.png
0.028361177,0.019451521,0.008342813,0.015640346,0.02878472,0.02309731,0.09632737,0.007553205,0.0060893837,0.011042115,0.011348031,0.037168868,0.035747726,0.010547235,00006767_001.png
0.3726217,0.03301824,0.02178511,0.049832117,0.010342433,0.24256752,0.11428731,0.025176687,0.0136131635,0.10450572,0.006549511,0.031258743,0.050836075,0.020363368,00006483_000.png
0.020773767,0.40225855,0.015810192,0.017591529,0.014472288,0.04236311,0.025514197,0.021051668,0.012106138,0.014095531,0.0060019,0.014890618,0.0058495924,0.013644906,00010326_002.png
0.04844699,0.008230121,0.12395069,0.01918383,0.31032717,0.9384027,0.017011164,0.010196592,0.05611434,0.017619008,0.0024412237,0.045994047,0.19748767,0.013937159,00012047_007.png
0.4565855,0.9488824,0.22626074,0.037417747,0.035029974,0.083785,0.019869126,0.0149451895,0.011159594,0.022130031,0.040279772,0.1408398,0.018120987,0.03825996,00012178_000.png
0.028596379,0.051138584,0.8646176,0.71662647,0.030598141,0.044382382,0.1756303,0.030017603,0.022669543,0.8195767,0.03392183,0.02199735,0.039273564,0.016696867,00017055_004.png
0.032807823,0.015747255,0.0083600115,0.010297026,0.013917056,0.04014485,0.057122473,0.0071700085,0.016768862,0.005753456,0.019477786,0.009695662,0.008234002,0.03862745,00002529_028.png
0.0214901,0.9540419,0.012858947,0.02418735,0.010861463,0.025324306,0.023254968,0.009909594,0.009609298,0.008240048,0.026583733,0.02860962,0.006996026,0.014917654,00008435_003.png
0.081624135,0.038478035,0.89497995,0.046867438,0.328547,0.018869823,0.068113536,0.016425882,0.07807056,0.49912712,0.032649186,0.022052385,0.2029614,0.025158409,00012263_010.png
0.0083426,0.044807337,0.0070306514,0.017600408,0.014280102,0.14957362,0.05114888,0.017049296,0.009113314,0.028756533,0.01998954,0.021981377,0.006140574,0.0155191375,00004857_000.png
0.045881867,0.0317795,0.017114483,0.53433806,0.090859085,0.2068409,0.096745856,0.8489633,0.009741959,0.08075772,0.023482366,0.08862841,0.15020402,0.021329086,00018921_023.png
0.034459367,0.016013121,0.06251399,0.2721582,0.0464957,0.06574899,0.014973283,0.0162965,0.22641723,0.018787092,0.012542902,0.7782599,0.86314565,0.012101184,00013185_001.png
0.019818788,0.007964974,0.057166684,0.2697674,0.060461983,0.027348315,0.033180416,0.023287576,0.036924843,0.014121059,0.045147933,0.9134128,0.033685915,0.013136254,00018091_008.png
0.021506356,0.011482883,0.004429345,0.004997995,0.009574653,0.014786733,0.01189025,0.041863777,0.006817975,0.014946145,0.014030277,0.0126429135,0.011111404,0.011570506,00016484_006.png
0.012857899,0.026212117,0.063857056,0.5746202,0.3846209,0.04941217,0.031576484,0.009183822,0.054091558,0.6192267,0.0055638114,0.034146797,0.016675975,0.014602092,00013992_023.png
0.009310774,0.012074979,0.0043323203,0.036753755,0.013468263,0.0180479,0.030215727,0.04265081,0.084848434,0.028764982,0.003745273,0.025066987,0.0066550504,0.009202658,00001122_000.png
0.010646939,0.0075448733,0.005344858,0.004994916,0.012151989,0.021759588,0.020301959,0.007935231,0.010968817,0.00941991,0.006680157,0.015694115,0.013816212,0.013627757,00019794_000.png
0.017252153,0.009071967,0.014230096,0.011355605,0.04393979,0.01437047,0.0071223094,0.30395615,0.021058217,0.011429707,0.1511646,0.012426429,0.015244117,0.012221112,00016550_009.png
0.017070262,0.011559643,0.37137604,0.6427157,0.9504064,0.18445732,0.082121514,0.04022033,0.05572242,0.042715386,0.018495766,0.07630521,0.033024535,0.018324774,00017439_002.png
0.7291991,0.03919578,0.08018187,0.3024015,0.015667692,0.07012033,0.03047042,0.19609268,0.0065597543,0.014163416,0.039374,0.02656764,0.41795877,0.091313206,00009959_006.png
0.17711546,0.01722966,0.11046975,0.23023428,0.7740277,0.85299015,0.1148523,0.048956692,0.061430607,0.017138314,0.010162546,0.032628193,0.060772203,0.03186088,00014663_021.png
0.37269,0.033427667,0.89071673,0.19044448,0.16880661,0.062367845,0.014434972,0.8174382,0.08379387,0.01663815,0.04189932,0.014507696,0.034485385,0.017973555,00013931_001.png
0.012936247,0.011631902,0.1815737,0.05193901,0.017850528,0.12194636,0.009095062,0.041623283,0.055265274,0.020755365,0.013831278,0.0961158,0.9743258,0.013105276,00013884_003.png
0.9486274,0.0094703855,0.374855,0.11249866,0.067953326,0.018432284,0.04423474,0.7302194,0.058509074,0.020919995,0.66075766,0.015068389,0.078921,0.013612824,00008473_003.png
0.020296967,0.96452886,0.013430434,0.10487366,0.023037892,0.033535495,0.023870721,0.025047112,0.029317768,0.028705258,0.013911494,0.0131288795,0.009854024,0.013592023,00004342_015.png
0.00907592,0.01435981,0.077729,0.01674497,0.03135193,0.01632016,0.05023661,0.071758576,0.0060877907,0.017651564,0.19075161,0.6214186,0.13354592,0.017357282,00008473_011.png
0.018221343,0.9842737,0.39012343,0.730457,0.015545202,0.038852353,0.04218952,0.009262218,0.013152454,0.05315432,0.013555689,0.021168582,0.0226758,0.014286903,00013249_035.png
0.02079525,0.032267574,0.044392817,0.66103524,0.023955734,0.0461245,0.07417827,0.023470674,0.019104967,0.9822253,0.006884094,0.018560551,0.025809731,0.011603616,00010693_015.png
0.013258657,0.0112598445,0.017630056,0.079588965,0.0317024,0.5664306,0.0229928,0.020152744,0.018545467,0.018914951,0.0053846696,0.02355079,0.21589704,0.01824954,00018929_001.png
0.47712302,0.014082549,0.03584842,0.4840118,0.038569454,0.12607299,0.04844864,0.021513682,0.07355666,0.90853506,0.014722027,0.026767828,0.011763526,0.024473712,00014389_014.png
0.16023144,0.96430755,0.033852812,0.039124496,0.032455873,0.01785425,0.016223453,0.025133539,0.053548515,0.009766474,0.062059402,0.04739621,0.05321696,0.017866878,00015316_000.png
0.08633021,0.0070145777,0.19848704,0.30098888,0.24763599,0.11615482,0.1161026,0.024147127,0.16923806,0.04732406,0.13889092,0.15687571,0.02489464,0.017902382,00003894_008.png
0.31891194,0.12203678,0.84465027,0.46637604,0.1930757,0.04145922,0.024012383,0.111162975,0.43140087,0.070302024,0.021102741,0.11395761,0.6923006,0.021997832,00007670_035.png
0.0719339,0.029055944,0.975112,0.23576926,0.14615928,0.015505824,0.112936735,0.010104538,0.04135205,0.04146536,0.18557326,0.3269539,0.088934585,0.014748758,00018524_006.png
0.12729558,0.38257346,0.037452172,0.33789736,0.044182766,0.15952925,0.034574173,0.008476983,0.73522794,0.036536224,0.0071184086,0.037437934,0.026627326,0.013258676,00015147_005.png
0.025222322,0.52993816,0.0150433,0.48303357,0.012660997,0.112323835,0.047067054,0.022912819,0.033688873,0.015424321,0.01737813,0.16599901,0.03636586,0.00991235,00012947_005.png
0.4181211,0.0050883438,0.026370408,0.37464932,0.19576766,0.01000627,0.016789865,0.026640775,0.3085344,0.024074655,0.007852775,0.15000598,0.004015233,0.010169494,00003523_023.png
0.01547117,0.007481668,0.012680993,0.03588628,0.9766168,0.16182087,0.0112346085,0.05279416,0.01718335,0.010716862,0.012960213,0.019744653,0.016740771,0.021452796,00006558_000.png
0.55675274,0.012221566,0.03916683,0.024961686,0.3573004,0.057680443,0.13214839,0.039939284,0.045400303,0.013024178,0.032496035,0.04769592,0.54979014,0.02906377,00012758_001.png
0.014175991,0.046327025,0.11653556,0.026837107,0.028906738,0.008131336,0.04192917,0.015801698,0.03578906,0.11906979,0.007551968,0.030832099,0.57104504,0.020316878,00014956_037.png
0.6668297,0.04280405,0.016542079,0.34091136,0.023740238,0.09571608,0.0627849,0.030256439,0.056396957,0.16559134,0.0077781654,0.025237534,0.019926246,0.027815815,00015770_015.png
0.049994826,0.13384645,0.022609793,0.013741998,0.02651629,0.029495308,0.012200883,0.031473245,0.023338478,0.009288592,0.020976145,0.64912146,0.07996985,0.020043382,00004991_000.png
0.04158505,0.0059655546,0.06496863,0.028223623,0.051229488,0.04364155,0.009790942,0.5503986,0.014125022,0.021638725,0.083856165,0.011008082,0.013594959,0.014447486,00008342_009.png
0.3919988,0.010933227,0.5656704,0.007831167,0.08158383,0.056397516,0.030159293,0.06532022,0.09516353,0.01607601,0.007022564,0.021767465,0.2048868,0.021593245,00006386_007.png
0.09971478,0.013726135,0.84272945,0.06203461,0.014312934,0.0124511,0.015694572,0.022171525,0.50929785,0.3330132,0.015534558,0.009500774,0.06847764,0.014800183,00004435_022.png
0.006803783,0.009127293,0.018145077,0.044250105,0.008140318,0.19072123,0.018118713,0.018089306,0.02025896,0.044175107,0.038944673,0.27152973,0.057685368,0.008548241,00007514_000.png
0.050008994,0.009795839,0.013153059,0.018839682,0.3563501,0.5229943,0.012451366,0.019261222,0.0094000725,0.042089306,0.004909129,0.021093804,0.013202696,0.022434548,00019535_004.png
0.034181327,0.024688393,0.5571792,0.63712865,0.5835916,0.017563976,0.050253358,0.48231956,0.028662385,0.02966041,0.29441097,0.117788635,0.041548632,0.016161393,00017467_016.png
0.020948533,0.016262846,0.016287008,0.007389253,0.0144959,0.013727219,0.017369999,0.082009375,0.00845279,0.019876273,0.8328705,0.29262567,0.009359439,0.010422911,00014984_000.png
0.08434115,0.024365798,0.03229471,0.083039016,0.25774094,0.14523034,0.037695248,0.024816006,0.014124033,0.02165542,0.0065438915,0.65430576,0.81889373,0.027562208,00009437_014.png
0.21365687,0.0101909,0.0246133,0.8386,0.012685197,0.1705418,0.02311688,0.01868362,0.47096133,0.556273,0.019893352,0.12879926,0.015572117,0.019467067,00001200_013.png
0.007472945,0.0077073555,0.13363126,0.036795907,0.45742103,0.049378082,0.04583805,0.05124167,0.03178399,0.011825579,0.007551121,0.018701743,0.62183964,0.028558798,00001913_001.png
0.010616028,0.05317908,0.010383531,0.01786621,0.050268315,0.86927795,0.014203118,0.018265668,0.012195247,0.00595327,0.023991201,0.051501814,0.018081374,0.022417236,00006116_008.png
0.03730296,0.012735298,0.01869593,0.08237452,0.007614516,0.020124312,0.053996734,0.3886986,0.021032088,0.042169236,0.39257064,0.012132205,0.06745525,0.013956438,00014813_001.png
0.34594503,0.027328918,0.2567531,0.04692606,0.010946803,0.027789569,0.010012876,0.011058845,0.41754627,0.75428617,0.022407286,0.032597203,0.02927489,0.024965579,00012863_042.png
0.246136,0.033683963,0.0062833964,0.5806598,0.05425958,0.29349226,0.2507558,0.054376066,0.19172157,0.03172257,0.0043390784,0.025227956,0.01064938,0.016755981,00016972_028.png
0.014907504,0.055712525,0.29251933,0.9604187,0.024827097,0.021180492,0.28614664,0.006400233,0.08659021,0.59103775,0.03967388,0.014533769,0.015107305,0.012466573,00016291_027.png
0.020221945,0.007888386,0.006873439,0.28369725,0.013765457,0.03385562,0.021974524,0.028147312,0.07073307,0.099419765,0.016187245,0.28727946,0.10547818,0.0110202,00005836_001.png
0.007407619,0.009421539,0.01288768,0.11543346,0.038667142,0.8955916,0.015620178,0.026837979,0.032204993,0.015499659,0.0063030324,0.027637057,0.027796363,0.014516467,00009247_001.png
0.28616196,0.01285422,0.034537904,0.6236373,0.009716934,0.02979355,0.028887216,0.0065738154,0.13072251,0.91679865,0.010848188,0.019727338,0.0053988667,0.018679328,00011877_001.png
0.07649571,0.011426168,0.036806606,0.047423102,0.019677663,0.051031496,0.06300058,0.01911967,0.013268011,0.042232823,0.10254539,0.74895465,0.13996066,0.020517278,00001500_002.png
0.06510291,0.020486688,0.017715111,0.6861669,0.059037212,0.19286084,0.031148896,0.039819755,0.71758723,0.020373426,0.013542115,0.02154752,0.009585059,0.009380446,00013750_016.png
0.08811632,0.12313476,0.009998866,0.1092962,0.0075458307,0.01932839,0.036000576,0.024693556,0.08988098,0.012046087,0.009364052,0.0045182523,0.037637804,0.009903397,00002072_000.png
0.004713528,0.0036905343,0.0356182,0.015880981,0.08130866,0.06371573,0.0062621264,0.01480985,0.038434107,0.0061409525,0.010033259,0.013237182,0.024064917,0.008741863,00001900_030.png
0.032586098,0.8268067,0.015428578,0.02396092,0.0054857302,0.024085077,0.018874494,0.017615452,0.009885236,0.022924516,0.017679533,0.04216557,0.012086832,0.0141646005,00019801_000.png
0.2938868,0.035520043,0.17078955,0.43877006,0.15767907,0.37670457,0.027923616,0.7755269,0.05855796,0.025206976,0.90219957,0.07815649,0.16658245,0.028346708,00014731_024.png
0.64355564,0.020924661,0.73715055,0.05630431,0.049755204,0.036172565,0.05238305,0.072772145,0.392439,0.08640924,0.04681553,0.019698093,0.5822285,0.019402253,00001900_016.png
0.9314783,0.009520088,0.8055655,0.5182715,0.0324494,0.044918526,0.046629228,0.11022424,0.39117226,0.23451534,0.026954744,0.024079334,0.050982334,0.019433713,00010314_015.png
0.011098156,0.032188322,0.067323245,0.022390384,0.08124543,0.11447185,0.008932862,0.08179019,0.017986838,0.017673291,0.4298059,0.018595368,0.5057868,0.014136402,00003423_006.png
0.20633072,0.01118499,0.8534355,0.06500263,0.054401122,0.039261926,0.011219634,0.079705134,0.6746718,0.018686628,0.013802581,0.011387834,0.007053682,0.0085339835,00009653_003.png
0.009618487,0.0072821113,0.004892509,0.011805708,0.018396378,0.010781927,0.011671736,0.056239154,0.012721977,0.014034697,0.011309179,0.11486502,0.02177702,0.008751255,00003896_006.png
0.16966163,0.5423829,0.22467539,0.7808365,0.016850514,0.077014945,0.052937686,0.45214167,0.016001299,0.011891114,0.08136528,0.026368871,0.043534394,0.015784975,00000211_019.png
0.6482976,0.024250213,0.5337084,0.3999504,0.08099181,0.014156984,0.025378965,0.024136638,0.7051198,0.041133493,0.09746561,0.032666557,0.031179987,0.02872184,00007683_005.png
0.03164092,0.0053363545,0.0052949307,0.014804375,0.028411733,0.011380959,0.009289689,0.1495777,0.05815294,0.010739919,0.007336507,0.025550526,0.020100828,0.014278243,00009993_007.png
0.25417387,0.225179,0.3130694,0.1636729,0.019532928,0.028177395,0.1536948,0.014654674,0.30864584,0.14002672,0.013003618,0.12735736,0.16129276,0.031676657,00013370_001.png
0.34547812,0.52507544,0.075803444,0.5215562,0.049191058,0.5253525,0.043522224,0.014276189,0.05129127,0.018400054,0.009483128,0.15903765,0.09787426,0.022681033,00018451_012.png
0.04100962,0.018143391,0.010742022,0.011218825,0.0316314,0.071948566,0.016314741,0.008272243,0.01831081,0.10942704,0.036311824,0.07134609,0.011773652,0.015189556,00018464_027.png
0.03268882,0.023085363,0.051946126,0.32559812,0.01762222,0.017843692,0.03581119,0.20912634,0.0072216787,0.01910441,0.96433294,0.05529975,0.026147682,0.014794635,00005681_041.png
0.040362816,0.007239724,0.007509846,0.08180864,0.8248998,0.0134793045,0.014970829,0.0314083,0.01770368,0.007713309,0.02914332,0.047454424,0.00905987,0.012238134,00012927_004.png
0.07200437,0.008330227,0.17873421,0.037734117,0.9064433,0.05606238,0.017917631,0.14397395,0.033781264,0.013503846,0.15710619,0.029098805,0.64144677,0.027829848,00017459_000.png
0.102095924,0.035614666,0.089676954,0.122781545,0.03605242,0.017220676,0.580183,0.02671672,0.017311035,0.3231639,0.5180952,0.024165148,0.063188046,0.020398714,00017747_024.png
0.008127841,0.0066910153,0.007242004,0.033195,0.019509383,0.015669847,0.05531247,0.02538622,0.25563684,0.018578293,0.01193011,0.0688206,0.4105963,0.008842619,00014022_105.png
0.12541005,0.008037095,0.6029073,0.09606714,0.7287184,0.4750258,0.027447846,0.31241554,0.24262471,0.017670881,0.007060669,0.040342547,0.090234496,0.025866909,00006449_004.png
0.024386715,0.009077893,0.021106184,0.8439352,0.030766115,0.053469464,0.023109267,0.25202447,0.038234327,0.004262224,0.0025312353,0.01587394,0.0357465,0.0054647946,00009218_013.png
0.40833902,0.022771424,0.64703566,0.47773597,0.06691976,0.025081312,0.010385839,0.07543693,0.17545798,0.41186225,0.026433084,0.042672984,0.008026807,0.017584296,00012236_005.png
0.04219985,0.010410598,0.12974688,0.26204076,0.036160246,0.013411701,0.0049921437,0.9680456,0.01176565,0.011428117,0.97092396,0.010654079,0.010362487,0.0038579958,00015646_031.png
0.366364,0.015206948,0.20369099,0.22373526,0.027711704,0.20948803,0.030280016,0.36354154,0.040702254,0.026883606,0.10068074,0.24769206,0.6986393,0.05020025,00020000_000.png
0.16081785,0.012154548,0.171846,0.2437837,0.81604826,0.15994185,0.09160222,0.5403925,0.101271845,0.024179084,0.023876851,0.015584014,0.42295814,0.03292415,00003611_001.png
0.14759882,0.011201668,0.02632077,0.07132302,0.020399604,0.14271697,0.2799641,0.03718322,0.009278759,0.06865337,0.02992702,0.031940185,0.016240822,0.019929562,00006787_000.png
0.12433742,0.04950963,0.21571101,0.49054614,0.52646065,0.030253084,0.05230674,0.8301018,0.03451666,0.023471637,0.81339264,0.08270437,0.07573128,0.01937139,00017467_021.png
0.3149973,0.09804244,0.041746758,0.010370921,0.07218246,0.030534977,0.028854579,0.0060930727,0.121857405,0.02322116,0.0135802785,0.014769634,0.021596499,0.040421434,00013615_050.png
0.2063023,0.3235705,0.070057094,0.92038554,0.02702549,0.021574827,0.2890185,0.021873059,0.028490571,0.13420205,0.012708665,0.015741527,0.0098324185,0.012374422,00012129_003.png
0.8713502,0.043452095,0.96335983,0.34051293,0.031526826,0.08339855,0.05797745,0.060509756,0.73343366,0.053046934,0.021970099,0.016428262,0.051318515,0.010400071,00012649_004.png
0.01188585,0.006564821,0.008750235,0.014729685,0.074445024,0.17089309,0.048991814,0.014134987,0.023222864,0.0098343035,0.023705639,0.5232375,0.018845694,0.01630595,00010872_005.png
0.058984425,0.041161574,0.9918692,0.056462016,0.056884624,0.021870451,0.0077176974,0.021537539,0.2008798,0.124218814,0.012021727,0.012333178,0.45994624,0.010100818,00009726_000.png
0.45220223,0.023679724,0.14182328,0.022706565,0.050344296,0.041984603,0.0930799,0.052808907,0.009055589,0.022060445,0.06982425,0.6748969,0.048549805,0.049260575,00015831_007.png
0.30470398,0.01726171,0.24764884,0.62915874,0.09896236,0.021858169,0.5468269,0.025253063,0.029945781,0.048535183,0.024690604,0.041783072,0.644413,0.027587974,00007557_011.png
0.045470126,0.2598441,0.90216774,0.79193336,0.008580981,0.14746536,0.037393443,0.0055308645,0.15485394,0.60333467,0.006004523,0.016606964,0.026520465,0.018300837,00003610_008.png
0.022191344,0.1250653,0.016495029,0.008891582,0.03430457,0.061767284,0.017757662,0.08211406,0.009448184,0.012590952,0.049041674,0.04723512,0.19774169,0.042664744,00000107_001.png
0.05285372,0.027822115,0.03896117,0.12920003,0.042718746,0.047004547,0.019352011,0.76952505,0.015319908,0.02334162,0.98947877,0.05196251,0.021531586,0.010374866,00008468_025.png
0.057914145,0.02978935,0.074769534,0.03922708,0.25982022,0.10896308,0.013316272,0.7695876,0.06540306,0.03525485,0.9539922,0.031504985,0.021197801,0.038558006,00011355_047.png
0.89981854,0.02104816,0.0175918,0.03136163,0.10420656,0.084701255,0.13957717,0.0075464738,0.034688946,0.022169735,0.032244004,0.01752033,0.0116071,0.013607394,00008051_029.png
0.018106677,0.007486974,0.026775846,0.017458664,0.04770806,0.015895693,0.02511912,0.124426976,0.05198114,0.0071147257,0.0070637586,0.014894093,0.029216116,0.014871435,00011431_000.png
0.032068964,0.021279097,0.4632515,0.42710653,0.038118497,0.02125353,0.03953333,0.62058,0.114476465,0.03519276,0.03443405,0.13877904,0.027863689,0.01591031,00009393_001.png
0.008101823,0.007515107,0.0074092145,0.008480939,0.022029655,0.018425437,0.011396742,0.02486294,0.036165364,0.013679457,0.008454076,0.01612868,0.007517413,0.009308566,00015606_009.png
0.011569169,0.0039315787,0.0069394466,0.020327933,0.113103986,0.15032995,0.028560817,0.008520458,0.014200473,0.20322645,0.0047809184,0.010522754,0.007713714,0.011718943,00015754_003.png
0.009994577,0.009251556,0.01518249,0.009523452,0.16792303,0.44558585,0.028135914,0.06589825,0.016397372,0.01753806,0.004196284,0.010975208,0.009571461,0.016671933,00001034_002.png
0.2771244,0.046690572,0.015402988,0.081947446,0.23140687,0.33117512,0.1321885,0.1475359,0.013560956,0.008493142,0.012095189,0.028581303,0.011889075,0.028542554,00005528_008.png
0.108791955,0.011097339,0.023898302,0.07945297,0.011221517,0.05109306,0.075036176,0.0100232,0.08685577,0.13218209,0.0034228635,0.031164752,0.010459527,0.014170546,00005870_002.png
0.26269436,0.04116184,0.047647502,0.033630732,0.051099148,0.40538964,0.057010356,0.027516417,0.010655536,0.011013316,0.031689852,0.8619373,0.016579498,0.019021712,00008346_000.png
0.20135069,0.012272506,0.09198058,0.019951073,0.26328564,0.067909904,0.011844115,0.24710815,0.34152478,0.018646646,0.0062314477,0.011028227,0.0326396,0.02489368,00007953_002.png
0.0067272284,0.012546851,0.009646673,0.10894079,0.011703792,0.20425087,0.021371135,0.0067718066,0.019735644,0.02023509,0.008723309,0.1280077,0.19102395,0.016362524,00017807_002.png
0.065151446,0.01615101,0.05430522,0.028142272,0.7326047,0.016959669,0.09508546,0.034887724,0.01933969,0.015371403,0.33000585,0.22884469,0.28289884,0.03167123,00003391_002.png
0.02720108,0.011082471,0.076574035,0.2881003,0.09146514,0.034973435,0.18008372,0.011260807,0.56987417,0.6032158,0.020087335,0.03202898,0.046494346,0.014636672,00009925_015.png
0.033748627,0.011507797,0.012957092,0.069603845,0.10529631,0.03218394,0.040634673,0.012954352,0.1158203,0.0053463588,0.005732741,0.010976124,0.09921624,0.012227326,00019307_000.png
0.031412877,0.07103721,0.10173524,0.7420616,0.046482466,0.19416147,0.100751124,0.011716264,0.74988127,0.066977024,0.010889265,0.02748925,0.028417436,0.013059318,00016291_036.png
0.016514525,0.011211748,0.0076816403,0.10789231,0.015637945,0.08399463,0.028638639,0.018904882,0.015890127,0.030829445,0.014507996,0.92996687,0.029982803,0.010884135,00019683_000.png
0.07695457,0.08709298,0.15046005,0.48358837,0.65671283,0.29965088,0.039295916,0.040474843,0.056654047,0.023128312,0.049551517,0.56925446,0.27434543,0.047747202,00001029_016.png
0.009459697,0.012949361,0.2771582,0.03168196,0.062913984,0.012339116,0.011731994,0.033163827,0.58703023,0.096594304,0.026364703,0.02534585,0.04363707,0.0110141,00008875_022.png
0.09943498,0.3771379,0.105302796,0.42485753,0.022898592,0.037347324,0.03636134,0.009518933,0.06892511,0.90143305,0.0098004425,0.031493098,0.04126372,0.025490295,00006808_003.png
0.006843995,0.011800913,0.0650919,0.6960383,0.0079865735,0.11978201,0.012164709,0.045352127,0.26879263,0.016630715,0.0067506395,0.05202041,0.03171668,0.0061656046,00001814_002.png
0.040948484,0.012998674,0.028974572,0.009398431,0.034369614,0.035105653,0.008759023,0.16219239,0.0144829415,0.01581932,0.9899011,0.015872912,0.012993145,0.019211318,00017136_011.png
0.25691628,0.018327858,0.8966892,0.061113007,0.08825122,0.025345696,0.30145714,0.009771218,0.05778989,0.07265415,0.011680414,0.05188296,0.02007994,0.02159922,00004507_000.png
0.0060712607,0.011385192,0.015041929,0.006080147,0.05836202,0.033144437,0.013886561,0.0166678,0.007356937,0.006010791,0.00990495,0.013000633,0.13712405,0.030070707,00010247_001.png
0.03556482,0.011796583,0.0075343223,0.17320284,0.09655509,0.20955272,0.016099762,0.022141322,0.02578374,0.5716991,0.013510072,0.022427684,0.0070989393,0.01749479,00007864_008.png
0.10414513,0.01110227,0.035319913,0.046754893,0.016916148,0.031851597,0.015088401,0.14225681,0.27049866,0.049373455,0.0084571345,0.017667389,0.08468886,0.017959548,00010384_026.png
0.025396356,0.011327999,0.01874693,0.5013463,0.07354235,0.038511112,0.90049607,0.045570582,0.03646096,0.58919066,0.010614371,0.017238213,0.023973387,0.010867345,00014414_020.png
0.053847373,0.0097008,0.023882953,0.6889656,0.016450275,0.24978007,0.037946485,0.023704745,0.067470156,0.4840156,0.01884691,0.0304458,0.007559899,0.016010258,00009863_003.png
0.020019878,0.9613386,0.051819876,0.1780396,0.019522762,0.022195123,0.027802177,0.01771907,0.024070421,0.24243899,0.023438027,0.024154106,0.015403978,0.019077322,00006296_007.png
0.026034007,0.0076935864,0.005994781,0.16852061,0.027163833,0.04924301,0.025090003,0.14113301,0.040101927,0.010706488,0.02564311,0.9279493,0.28022233,0.010179652,00001429_001.png
0.029905345,0.0073201065,0.0810429,0.2680453,0.067256175,0.13240941,0.01677944,0.048166174,0.69277716,0.109917395,0.00698095,0.035121042,0.019328063,0.015436838,00017138_032.png
0.15218134,0.009935546,0.066626765,0.18191418,0.26844934,0.035008285,0.54942346,0.017372353,0.22520839,0.049039036,0.010839374,0.039272267,0.6013382,0.018177226,00019767_017.png
0.61790276,0.007760727,0.5972654,0.022729384,0.08980813,0.026506187,0.025650378,0.04461037,0.13512531,0.020712102,0.0096985195,0.024361394,0.07586964,0.015093305,00016191_028.png
0.01220055,0.008238275,0.005474394,0.006956934,0.016474338,0.02489689,0.07792407,0.030026808,0.025424337,0.035618536,0.0054996293,0.012379219,0.05979297,0.012893858,00005619_000.png
0.101839386,0.013491599,0.23829532,0.095721886,0.024030108,0.01079908,0.030961094,0.026167853,0.020401433,0.020170592,0.80329686,0.01531347,0.38726088,0.03649277,00009658_000.png
0.06336381,0.018378058,0.34410024,0.018276287,0.022591118,0.01821863,0.014820783,0.030000148,0.022842083,0.02832299,0.059647623,0.54834044,0.9137027,0.017143479,00010103_009.png
0.111376464,0.017017266,0.23695326,0.7602094,0.053642616,0.049598206,0.027555233,0.9439011,0.08697723,0.015738314,0.12841588,0.06966592,0.12611088,0.00874302,00010677_008.png
0.027246345,0.022863066,0.007875846,0.010401651,0.011798428,0.016721277,0.03022905,0.012219857,0.007423013,0.014014422,0.18193129,0.28823096,0.029320834,0.014314703,00013089_000.png
0.53740865,0.041726902,0.03299717,0.731351,0.126331,0.08041291,0.7575051,0.01674242,0.12251385,0.021822592,0.015725318,0.10713877,0.031470466,0.020064995,00002919_005.png
0.124225825,0.008699287,0.09974522,0.029392019,0.8158748,0.3783064,0.02554548,0.22658241,0.024948923,0.0102773635,0.02536613,0.019397136,0.22478694,0.06872982,00004074_000.png
0.059555728,0.021201031,0.019808471,0.016117597,0.009864661,0.03777806,0.09874421,0.005128052,0.069131844,0.026179178,0.007920983,0.012150683,0.0081138145,0.012353926,00002529_024.png
0.023153631,0.019113481,0.0137170935,0.26453415,0.024253698,0.023998704,0.27030554,0.011829781,0.015934445,0.0113192005,0.01284273,0.61063033,0.029647537,0.017218562,00001582_019.png
0.015938453,0.011449081,0.044383604,0.025324477,0.2685871,0.030040786,0.011788504,0.04345099,0.09123989,0.004400637,0.03897718,0.025339501,0.041207124,0.010080899,00011170_001.png
0.28787318,0.007453878,0.01862463,0.012823966,0.0453761,0.042189185,0.014969329,0.48444468,0.011103547,0.010056389,0.0073911804,0.025523547,0.016931994,0.014495395,00008068_012.png
0.17131469,0.2827412,0.03807601,0.021937883,0.014696203,0.05362846,0.016128922,0.03416033,0.15629457,0.11985068,0.0065771574,0.027241277,0.02598217,0.01222687,00011122_008.png
0.39250267,0.070069715,0.487987,0.03149354,0.64978886,0.055560794,0.057900175,0.011050994,0.12822606,0.050452344,0.018939802,0.28552982,0.049965307,0.033338353,00018562_004.png
0.10093459,0.016708864,0.060780913,0.017417062,0.027873157,0.011285993,0.02303418,0.008166485,0.18093672,0.019387005,0.025728418,0.03111845,0.0072507174,0.019156748,00015850_000.png
0.46220127,0.054897245,0.3657258,0.52694404,0.19835916,0.4100857,0.30631483,0.12996699,0.5736578,0.20469554,0.06581557,0.053200264,0.11753146,0.038776804,00012471_006.png
0.017314289,0.021189552,0.20373672,0.8980856,0.10058711,0.8717904,0.029054591,0.018781997,0.024834909,0.2724025,0.009819558,0.035624746,0.015703429,0.022363989,00015506_004.png
0.023456415,0.015604296,0.0066481475,0.018806346,0.010537386,0.025857117,0.054276414,0.0064789685,0.012232232,0.023090329,0.0073149037,0.015357783,0.017264858,0.013798219,00014392_001.png
0.016994994,0.006812624,0.018375145,0.008610169,0.020042758,0.021449953,0.023236735,0.9653586,0.013890305,0.018227506,0.021250471,0.011958838,0.009721712,0.0071571684,00011460_021.png
0.080468856,0.23818739,0.019761134,0.016074711,0.012640216,0.050061703,0.0201755,0.09384272,0.04894105,0.020720983,0.34209502,0.019421006,0.00947736,0.01778322,00012960_002.png
0.061246436,0.006733183,0.03423544,0.021308323,0.01877214,0.01889923,0.047707472,0.22532843,0.08939555,0.11495656,0.0069130044,0.017212043,0.034420624,0.020147061,00006145_000.png
0.10054687,0.023165623,0.21441205,0.16981417,0.16140567,0.03494397,0.051117856,0.034693394,0.025400728,0.027813978,0.94391453,0.059072174,0.057793602,0.021890461,00014083_028.png
0.016416801,0.013502264,0.018714705,0.088449106,0.01476636,0.014071663,0.050415564,0.014735632,0.0101254545,0.009389729,0.016849337,0.9331928,0.128583,0.012061498,00000426_001.png
0.1594663,0.030731559,0.09023262,0.010406036,0.13948208,0.026354061,0.057362635,0.117057525,0.014675495,0.020371098,0.3954622,0.011993052,0.09140501,0.018572666,00004001_005.png
0.06575833,0.012598929,0.07525354,0.022915762,0.036166456,0.01321169,0.17136367,0.012047864,0.009973955,0.01908788,0.7379057,0.093738906,0.030447366,0.04141638,00018429_001.png
0.31779605,0.046512093,0.11411266,0.060642164,0.3927696,0.42821592,0.075960405,0.017063526,0.021331307,0.033010907,0.006448439,0.32896972,0.15319255,0.06372683,00013751_004.png
0.7402923,0.2075577,0.62308127,0.6999539,0.05071775,0.0434496,0.021504458,0.18844342,0.16696273,0.06882535,0.064151764,0.030313633,0.034110002,0.029344695,00015031_009.png
0.009844761,0.011225915,0.01487305,0.0060258117,0.017247932,0.010270337,0.013496886,0.016126562,0.017261581,0.0564663,0.0136544965,0.021769876,0.037575494,0.011683975,00016508_027.png
0.53637475,0.00749808,0.049705066,0.009135369,0.015547613,0.049761493,0.023812074,0.049586784,0.021055713,0.008766756,0.020450918,0.07179913,0.05389857,0.03126564,00002738_000.png
0.49599022,0.23312166,0.97014666,0.69748706,0.08764943,0.052504506,0.011840108,0.049336907,0.25828743,0.097662754,0.030344008,0.021997046,0.01759288,0.018874237,00012628_034.png
0.012078732,0.008231168,0.02497024,0.052190695,0.009924173,0.08876182,0.015074907,0.0209156,0.123404756,0.007249557,0.0041021165,0.031770326,0.010335164,0.011440109,00009198_001.png
0.23139808,0.94405514,0.15710671,0.3333806,0.03927781,0.03359671,0.19826913,0.020760186,0.023844123,0.035295922,0.04290494,0.053604744,0.15210871,0.033789583,00013635_001.png
0.033020917,0.055431627,0.020643082,0.013670671,0.025114182,0.01867069,0.0133162355,0.0141921,0.014057777,0.018093329,0.057665616,0.8538298,0.022550851,0.016895315,00007667_000.png
0.04226655,0.021172173,0.18796293,0.09069786,0.06015881,0.012771826,0.024532015,0.7787105,0.011687594,0.017549615,0.42669114,0.09349972,0.67499477,0.02085777,00013031_015.png
0.0147163095,0.018251587,0.01986176,0.844836,0.033070963,0.62315637,0.077321395,0.024006674,0.16547704,0.19511814,0.0064917593,0.03522711,0.007408132,0.01729596,00006304_028.png
0.12409756,0.021729589,0.026782243,0.016008262,0.015377639,0.2526015,0.13539487,0.05597386,0.008671652,0.028544804,0.019137552,0.19272351,0.13559008,0.063730545,00007407_003.png
0.018089425,0.01109034,0.0288871,0.06600668,0.009435368,0.020025471,0.035342403,0.018845545,0.030185623,0.0131194,0.031964086,0.65752304,0.54702204,0.011136544,00005328_000.png
0.053253874,0.0057247016,0.015807327,0.38395783,0.16248418,0.09077031,0.018440085,0.03077418,0.05234358,0.017626785,0.027189525,0.8409639,0.14409718,0.012050873,00013295_000.png
0.08317725,0.007923328,0.08580364,0.031006806,0.02635219,0.008153861,0.04315302,0.022236789,0.01728508,0.018891772,0.4696602,0.18167219,0.15671608,0.017894302,00001194_002.png
0.015128539,0.005143711,0.005521519,0.008196456,0.01127752,0.0056475773,0.009144767,0.017017618,0.02137711,0.016973745,0.012357422,0.0069883987,0.009417503,0.009456167,00002811_001.png
0.014697569,0.9166993,0.29301888,0.4302733,0.030346628,0.04461614,0.016082354,0.03018036,0.09698753,0.103393815,0.032977156,0.06892198,0.06302806,0.019837083,00000156_001.png
0.028472355,0.016854946,0.2078755,0.6006327,0.072281666,0.08154266,0.066062525,0.09386542,0.043359205,0.01745267,0.07459676,0.05639333,0.6074747,0.012458198,00002227_004.png
0.07670985,0.012352407,0.007540929,0.011420799,0.018179754,0.009456493,0.0103651825,0.009951328,0.008276277,0.0061431965,0.0143616535,0.011420895,0.0076509523,0.010855297,00012694_000.png
0.08692128,0.0103519205,0.52749354,0.5302333,0.035383184,0.050766513,0.022871194,0.0115516465,0.79276353,0.23323628,0.011652187,0.019849356,0.16610043,0.014408221,00013685_034.png
0.041733164,0.0147607215,0.023170043,0.05002272,0.18110415,0.050088625,0.03398083,0.013806151,0.018908506,0.014506919,0.053902622,0.10650086,0.0387517,0.48925257,00008694_004.png
0.039322384,0.028267555,0.06422097,0.59510636,0.017816043,0.117145166,0.12277289,0.024988784,0.039542474,0.014203037,0.10080539,0.025434896,0.057285413,0.0142318355,00007305_000.png
0.005666495,0.10277907,0.018155241,0.14515702,0.1335188,0.1622204,0.008812758,0.011735041,0.01716772,0.008672037,0.005788742,0.083461635,0.015979264,0.013823568,00002280_003.png
0.16973448,0.017172731,0.6697211,0.3379473,0.040217295,0.10458824,0.039409664,0.8876956,0.045724586,0.05162907,0.24874032,0.113249674,0.08484471,0.01322912,00005376_005.png
0.15953663,0.018913705,0.029681899,0.13965632,0.04965292,0.036903344,0.24870339,0.02096249,0.0097264275,0.014851979,0.7444388,0.06912482,0.023580555,0.032723505,00017109_000.png
0.19477798,0.12100049,0.9392031,0.66496986,0.20859928,0.05785637,0.028766422,0.12541126,0.5562044,0.019781545,0.027540442,0.056724194,0.13327974,0.01510678,00011752_003.png
0.4669616,0.009977638,0.052142516,0.08403013,0.066805385,0.019396923,0.029037869,0.02250694,0.7676046,0.039245345,0.62157345,0.0344889,0.020071577,0.014227761,00003990_007.png
0.06273601,0.008991358,0.0050101653,0.01236968,0.06645526,0.018212873,0.059386015,0.04720216,0.020920727,0.016616179,0.007541629,0.20347969,0.06524365,0.029532783,00005711_001.png
0.022865457,0.020024724,0.7772332,0.4918568,0.63539296,0.16346289,0.02016022,0.029435232,0.18250379,0.006669807,0.009344592,0.023204338,0.038712528,0.012713967,00005262_003.png
0.5828111,0.015270274,0.0366776,0.14252289,0.04700259,0.020492982,0.011385472,0.5585803,0.24554722,0.010484633,0.8737332,0.026866209,0.021974714,0.014670725,00001199_003.png
0.10608166,0.004265412,0.012277855,0.021561565,0.06396515,0.08774903,0.0057707783,0.2878621,0.16193059,0.009410389,0.0042751604,0.030455245,0.032382682,0.011168548,00001170_026.png
0.03011367,0.011093096,0.019098064,0.043884713,0.012884812,0.020725338,0.016026244,0.9174714,0.025039801,0.023309786,0.3503207,0.018600972,0.025657848,0.009800188,00017133_006.png
0.07629678,0.74888885,0.055022173,0.340982,0.03790725,0.13321583,0.054461014,0.01802236,0.021120539,0.14496313,0.028953243,0.3850532,0.077312544,0.024258817,00007332_002.png
0.021633148,0.011529084,0.016562277,0.018230293,0.012617391,0.021070281,0.008594188,0.7242621,0.024927808,0.011493724,0.6684511,0.017573072,0.008762493,0.014491745,00008468_022.png
0.0076505435,0.014691978,0.11345698,0.8290608,0.01737122,0.039019585,0.037632175,0.009899615,0.048118588,0.8054493,0.008111581,0.017589848,0.018159354,0.010115437,00006490_004.png
0.14928901,0.03842474,0.31305405,0.12307724,0.040785354,0.04547529,0.022054704,0.06677643,0.02343687,0.016569927,0.14171386,0.920983,0.17826484,0.035588242,00010841_008.png
0.45445102,0.011037966,0.024593648,0.05799025,0.036070563,0.16461085,0.047736023,0.008874567,0.060753245,0.19698633,0.035543162,0.021766307,0.031575747,0.021351453,00005944_001.png
0.20274612,0.021635728,0.054971773,0.54108584,0.007332355,0.03680536,0.031579982,0.33304593,0.016843516,0.121946685,0.7442208,0.036476366,0.16320527,0.017466003,00014849_003.png
0.057672728,0.01597952,0.13570864,0.025930125,0.14115499,0.36001232,0.018909631,0.04590975,0.038414467,0.5666565,0.010034305,0.035248958,0.020120969,0.02450781,00018724_022.png
0.17747375,0.027784305,0.07768329,0.18556105,0.043472916,0.031004114,0.9587583,0.019938035,0.015171705,0.03219713,0.009297574,0.050688382,0.03922074,0.033073653,00002846_013.png
0.26013154,0.013124772,0.031090055,0.43162307,0.2465864,0.037936553,0.20569561,0.07133701,0.014255522,0.02539671,0.6132452,0.035225753,0.0677905,0.0242142,00011683_008.png
0.025352111,0.01653265,0.036893003,0.026828779,0.05088134,0.021977508,0.010186299,0.07139691,0.009925761,0.012475809,0.95955473,0.015419918,0.088342234,0.023461659,00007962_002.png
0.026791135,0.021132447,0.02754122,0.62086236,0.1645348,0.10178792,0.024540842,0.008328584,0.10079987,0.89761084,0.010046614,0.02296126,0.009499922,0.015255976,00003490_015.png
0.13338594,0.011780418,0.04959135,0.006641075,0.03315651,0.01297165,0.037294123,0.009437082,0.024813062,0.015601733,0.67618036,0.13896717,0.012041031,0.02149192,00019437_006.png
0.26995316,0.2736181,0.019747933,0.02105077,0.033404287,0.48007557,0.029020214,0.03647567,0.021083418,0.013488247,0.038615003,0.093284935,0.021515906,0.060482156,00004714_001.png
0.09386019,0.010847242,0.019604543,0.022482272,0.032128733,0.013114116,0.051213287,0.2967209,0.008088916,0.022890368,0.7535371,0.18092372,0.05752308,0.015800793,00009845_004.png
0.019571973,0.02326722,0.02042253,0.0479578,0.03353803,0.08216312,0.31813782,0.007869912,0.0057270853,0.006896159,0.009499208,0.08904134,0.014071589,0.041071806,00013662_003.png
0.034602642,0.012997079,0.46285835,0.034494925,0.054586638,0.008570445,0.027486784,0.011447888,0.8949821,0.10220121,0.011247954,0.007472864,0.03177232,0.009167457,00003867_010.png
0.05235143,0.017567217,0.47066492,0.035211217,0.58086187,0.02169509,0.022409802,0.47888574,0.017656086,0.01814421,0.03513954,0.037555877,0.5849996,0.02269212,00012582_001.png
0.42845657,0.021852273,0.08172714,0.16425742,0.10616268,0.053521194,0.026376486,0.021304032,0.064207725,0.04186089,0.080970235,0.920779,0.09020067,0.077459775,00007894_007.png
0.012508427,0.008218138,0.014354553,0.02720189,0.021536885,0.020161329,0.066181146,0.011794682,0.009273619,0.013690559,0.017974708,0.88763183,0.072279185,0.010302712,00009166_005.png
0.019945908,0.016218675,0.18332699,0.73288506,0.043540288,0.023953706,0.040886804,0.023723755,0.08304586,0.024953384,0.034881014,0.79333204,0.3540092,0.011430773,00003254_000.png
0.021188948,0.04239928,0.020275729,0.008671684,0.021838594,0.05891541,0.15259634,0.016385132,0.007370063,0.019987935,0.106426634,0.5774375,0.015269522,0.017851882,00015056_000.png
0.01902867,0.006366062,0.06559602,0.012278362,0.13580918,0.007069155,0.018648682,0.023451855,0.103103794,0.010905578,0.5709191,0.04725989,0.019258043,0.01258646,00015136_005.png
0.0153150465,0.007430384,0.021048753,0.671589,0.0693534,0.038892284,0.0590043,0.0126184,0.025058927,0.01734789,0.028135385,0.13040668,0.3072304,0.0067322934,00001723_001.png
0.10080279,0.09887944,0.02545132,0.109682485,0.02329763,0.031646583,0.0140567925,0.014572838,0.4427047,0.066321746,0.0098150475,0.059978094,0.12398939,0.016135521,00010007_075.png
0.1297208,0.0126776155,0.0287047,0.021963963,0.021775426,0.029943982,0.013626181,0.22628829,0.009354481,0.020049287,0.8669496,0.011561942,0.022240033,0.018933097,00016685_000.png
0.025757007,0.14480743,0.009531291,0.038605295,0.024170589,0.018529067,0.035554804,0.029289313,0.021493105,0.018930014,0.0035259156,0.006789398,0.00834974,0.013773079,00013615_045.png
0.293098,0.017443907,0.028789187,0.4367366,0.08374845,0.047710843,0.17995079,0.009219426,0.064717874,0.018956516,0.22653235,0.16076346,0.0124152,0.022238359,00011638_000.png
0.008201583,0.020902175,0.032055106,0.32394385,0.022900779,0.05220451,0.01364377,0.012465674,0.057607297,0.83018583,0.010274492,0.0144421505,0.009703399,0.013971605,00003323_000.png
0.17270792,0.006557129,0.01591716,0.0038301537,0.13645239,0.07799874,0.028024998,0.05614207,0.025120832,0.024244942,0.0037373903,0.0060961205,0.03930065,0.017370578,00008911_018.png
0.012802169,0.0096489135,0.01525049,0.004781819,0.31746823,0.06581645,0.010415556,0.08361509,0.0060497643,0.02034547,0.00871131,0.0076329797,0.013907636,0.015238007,00006338_004.png
0.037900742,0.8397664,0.13223308,0.021692209,0.026943626,0.0513489,0.017744908,0.0083296085,0.016292954,0.008207038,0.023046108,0.019694122,0.1774368,0.025000095,00008073_000.png
0.027844448,0.019501576,0.19287053,0.008981993,0.02773432,0.023949275,0.3336409,0.010950876,0.010603395,0.32714882,0.00993991,0.0075447517,0.02306347,0.017469686,00016860_006.png
0.047804743,0.009023489,0.012799806,0.008099735,0.042095006,0.022721551,0.016991824,0.008390501,0.030838141,0.4538517,0.008383881,0.0108044045,0.0060246866,0.010946172,00009863_004.png
0.31513476,0.01031615,0.919581,0.16787611,0.020741923,0.016500691,0.017573869,0.018704066,0.29362997,0.92061865,0.027363008,0.019190198,0.0054188264,0.012847773,00002860_005.png
0.070453435,0.036060274,0.0147877345,0.015601258,0.026553148,0.21079075,0.04410025,0.015253706,0.0128546385,0.012548128,0.10946357,0.36024743,0.018692423,0.042202096,00002570_002.png
0.05925102,0.043429572,0.7536545,0.3475202,0.18005368,0.81966114,0.058960874,0.07254992,0.034173455,0.021368766,0.0075490875,0.3143743,0.4500867,0.026718667,00018133_000.png
0.027024541,0.0048004882,0.03903035,0.00730645,0.8795705,0.08790727,0.010343752,0.038207393,0.011896499,0.014906433,0.0066063423,0.009323118,0.035468735,0.020856373,00009120_006.png
0.012501449,0.0061368905,0.06840074,0.004171391,0.06346682,0.038006384,0.021960782,0.5260328,0.011699525,0.04688876,0.024210973,0.0057733064,0.044698816,0.0133720795,00015214_011.png
0.74052864,0.017899456,0.057312313,0.16771047,0.112769045,0.048978783,0.2313187,0.012328317,0.12774204,0.036695164,0.055110354,0.71135956,0.05497293,0.042844728,00012291_015.png
0.39999875,0.027734494,0.045705143,0.021319201,0.7252713,0.03598252,0.046262205,0.03035796,0.016726641,0.013440894,0.083896905,0.0317515,0.08097062,0.037688036,00007804_008.png
0.051175326,0.004675441,0.03414237,0.24195643,0.061987225,0.01466639,0.117528155,0.7019576,0.17833579,0.017341424,0.024442373,0.07697288,0.02216906,0.00972652,00014022_031.png
0.010764314,0.009173804,0.0064122705,0.012465833,0.013369801,0.009451594,0.0105620595,0.042441174,0.020080822,0.02414713,0.47324914,0.031145928,0.011407531,0.013568601,00003945_009.png
0.018502783,0.01628626,0.04232526,0.28395596,0.03332504,0.049470115,0.08310653,0.1250298,0.018471306,0.03215623,0.49037886,0.7053195,0.03200905,0.012874384,00014016_000.png
0.012698642,0.020296354,0.0057184384,0.0039090114,0.006195702,0.0071456498,0.013068884,0.009157461,0.009150437,0.009183683,0.006563264,0.007008732,0.011640775,0.012013285,00013635_003.png
0.02551836,0.03733794,0.010312159,0.008278329,0.030223489,0.0793201,0.013751508,0.01731277,0.05862087,0.17576069,0.015221394,0.0091057,0.051764272,0.01977047,00018606_013.png
0.09428391,0.02117292,0.2856811,0.25496358,0.028390592,0.6574309,0.12239616,0.017735567,0.040215302,0.60574555,0.007837761,0.05713761,0.15852496,0.0354074,00008701_009.png
0.029653957,0.92444396,0.029305529,0.09058368,0.010274158,0.017026536,0.026033184,0.01168163,0.019634461,0.020581283,0.010351017,0.057900175,0.011482336,0.013899811,00004893_054.png
0.085059896,0.020392423,0.037141394,0.087195374,0.020458184,0.017700894,0.026455486,0.060830727,0.008731081,0.8846249,0.035827965,0.014896179,0.012078152,0.01166721,00019508_006.png
0.15220115,0.042318612,0.04530076,0.02548757,0.011764447,0.04497228,0.045090925,0.26800236,0.44411013,0.027779114,0.0911221,0.011412915,0.010399933,0.03273772,00013615_026.png
0.012042343,0.025350746,0.041610047,0.047047485,0.0047446033,0.02848196,0.03818042,0.021666348,0.048067734,0.10514898,0.00920205,0.008243676,0.05424687,0.011512592,00016860_005.png
0.07339651,0.013579474,0.16777559,0.051861383,0.06297447,0.06057262,0.011031431,0.95045644,0.027913893,0.020374672,0.17535795,0.04388794,0.16135599,0.01768925,00009349_019.png
0.096547775,0.11865564,0.14119613,0.78998107,0.010672499,0.02594484,0.05608265,0.008213017,0.6525103,0.4146613,0.030244857,0.021130936,0.028899712,0.014550785,00016732_001.png
0.0063129496,0.007777827,0.02244467,0.022821983,0.07640674,0.37645945,0.01056978,0.025961287,0.047165595,0.02007274,0.003430636,0.055544674,0.24003619,0.01765561,00005609_029.png
0.062451415,0.008262915,0.021406543,0.33152968,0.29605734,0.19147278,0.051643398,0.12325723,0.108001314,0.05126461,0.0067079253,0.010275132,0.012342922,0.012938846,00016821_006.png
0.014218976,0.03540709,0.05212441,0.73865366,0.07985712,0.019899454,0.012809583,0.86100346,0.028437706,0.012531489,0.7141549,0.026445726,0.058868263,0.0075713876,00012094_044.png
0.016930334,0.02886022,0.074027315,0.053805556,0.6269358,0.8853614,0.03404682,0.036897898,0.052382965,0.020508718,0.00884641,0.03564257,0.30020773,0.05551871,00009022_002.png
0.04309965,0.011425359,0.020179924,0.01586112,0.13011615,0.0653379,0.010823211,0.14080001,0.077645704,0.012346765,0.07349255,0.020750277,0.21905437,0.012275975,00003129_002.png
0.07009458,0.022531396,0.023301564,0.08958966,0.16856153,0.49033815,0.13280386,0.0142119,0.12510851,0.017610047,0.010764208,0.014933773,0.6325226,0.018083356,00010350_006.png
0.3931849,0.8493543,0.024798092,0.14429945,0.02488054,0.043866623,0.060220066,0.015271048,0.031483673,0.032653075,0.026631758,0.09464726,0.0154293245,0.031458173,00004893_026.png
0.08015824,0.012979063,0.012216335,0.77437735,0.044521518,0.02860763,0.09370038,0.029296856,0.37773982,0.018732905,0.0056795133,0.05054515,0.14818063,0.007053014,00011553_015.png
0.08448702,0.0108760735,0.017118245,0.12679584,0.08047725,0.07186152,0.09685186,0.025941791,0.024570374,0.89740133,0.0089615155,0.023070453,0.016150964,0.011308331,00003548_010.png
0.030106211,0.3727061,0.22603689,0.081536554,0.023680402,0.017503988,0.1837541,0.01055235,0.18983772,0.7300349,0.026114644,0.027825281,0.046009734,0.019231165,00015732_032.png
0.1367357,0.21956837,0.9609884,0.77096,0.10745076,0.034984704,0.031922337,0.011170434,0.391013,0.018651862,0.015841182,0.04356169,0.75385696,0.012335734,00017036_026.png
0.020892266,0.013048088,0.005336848,0.0044857943,0.0625176,0.29719782,0.008754172,0.08114049,0.0045266775,0.014247886,0.04172466,0.030881977,0.010647126,0.02150172,00018245_004.png
0.020377785,0.0097730355,0.0070407554,0.010860598,0.0148680275,0.020694867,0.010820128,0.016041545,0.012519423,0.0139975585,0.008853144,0.015383162,0.017984636,0.013648065,00016068_000.png
0.015248134,0.009969168,0.0059498334,0.0070032217,0.013837226,0.009251604,0.012016993,0.0068932795,0.015690949,0.009905539,0.0077189063,0.009232738,0.016959295,0.016673723,00018191_003.png
0.081369765,0.09418096,0.016654393,0.34660518,0.019503836,0.0593255,0.03115924,0.009835521,0.3317887,0.70852804,0.009034822,0.048651356,0.01697158,0.027245544,00015605_024.png
0.36471933,0.014328731,0.6535733,0.1546504,0.050984025,0.014640868,0.029424561,0.555035,0.10045538,0.021313326,0.7537617,0.018071996,0.07235621,0.010907723,00016797_014.png
0.09152037,0.027756073,0.013218244,0.064200476,0.079210006,0.021238212,0.024349399,0.009122137,0.06977493,0.07164749,0.01855318,0.06098457,0.023354445,0.04184331,00002529_004.png
0.036623012,0.2776068,0.09380011,0.029851144,0.03598099,0.034078635,0.03393453,0.01981075,0.026606547,0.010836487,0.83011305,0.023916218,0.021480847,0.02150633,00015719_005.png
0.09692,0.017731316,0.41698804,0.5639198,0.8856493,0.021987638,0.020886146,0.122655734,0.12563692,0.020519579,0.067115836,0.070507325,0.30702648,0.022765547,00011925_074.png
0.015975837,0.0074544316,0.0059174835,0.008667713,0.014482119,0.009565993,0.019015444,0.008196542,0.023628928,0.016074343,0.008217971,0.011677178,0.024585336,0.012160991,00019940_001.png
0.009164867,0.014766802,0.046991922,0.14656702,0.04468093,0.04185301,0.010456932,0.5477047,0.009917781,0.01572831,0.52067214,0.04232014,0.14287108,0.012297768,00003400_002.png
0.39194855,0.010343326,0.098953955,0.122043185,0.017282302,0.092837095,0.012861513,0.64784557,0.3186971,0.019265005,0.11454434,0.054601725,0.1004619,0.017722556,00003028_074.png
0.01974847,0.010136448,0.05313631,0.8827277,0.014189618,0.019468397,0.057914924,0.19554944,0.6857688,0.026192943,0.011577898,0.03032654,0.03863579,0.004637996,00011237_005.png
0.048782557,0.024132403,0.06605391,0.05518131,0.06314533,0.038151335,0.111342296,0.44150567,0.025682833,0.15404369,0.94238794,0.042619288,0.012326606,0.018892657,00014773_003.png
0.32034212,0.0534962,0.046770763,0.085520916,0.12339568,0.054525666,0.034132376,0.016641848,0.06423303,0.04525136,0.07662076,0.817105,0.4058567,0.11781939,00007894_006.png
0.021252098,0.0064129876,0.01155815,0.024115212,0.15992837,0.021373635,0.009151976,0.017867573,0.029171444,0.008148807,0.9425473,0.12798746,0.017266113,0.013240608,00014607_003.png
0.012542983,0.022277096,0.009478723,0.010326076,0.025864061,0.014765111,0.010777087,0.005409285,0.037305053,0.013249086,0.004671945,0.0077603883,0.010166629,0.008349791,00004649_003.png
0.032581568,0.0050932732,0.01923615,0.185313,0.9064162,0.058115017,0.04565861,0.116669685,0.020866785,0.011901747,0.032489747,0.05964455,0.46083257,0.016023373,00007772_000.png
0.72245014,0.05531597,0.6996643,0.08820719,0.020042581,0.03255074,0.09561822,0.017481616,0.01271954,0.06201477,0.09544038,0.57180923,0.04945447,0.060363457,00016119_001.png
0.06548143,0.01565752,0.010826524,0.20794405,0.007883995,0.03627548,0.04898748,0.025866417,0.039961915,0.018361209,0.0068641584,0.74354553,0.01781424,0.011556237,00012053_002.png
0.006828037,0.027783332,0.0087487325,0.08794763,0.32510173,0.010428008,0.009325123,0.018650712,0.07303016,0.019808605,0.015688429,0.01442301,0.025053704,0.014393791,00015266_006.png
0.020457,0.025774509,0.004984107,0.0134469215,0.040650483,0.038805287,0.04818393,0.019034207,0.010533672,0.017208187,0.024699964,0.082362205,0.062378738,0.014878438,00004237_000.png
0.018027175,0.0060035447,0.0051729726,0.124625646,0.024126684,0.00662862,0.018983647,0.021152684,0.014958189,0.0148431845,0.038490545,0.019074846,0.008861286,0.009597266,00006294_002.png
0.009055247,0.006992863,0.017663103,0.53982335,0.017410878,0.03412214,0.07354308,0.030473027,0.053287793,0.013694815,0.00845955,0.7060102,0.44819042,0.006984964,00015279_002.png
0.022999428,0.010261743,0.24773921,0.7384703,0.0354338,0.038162325,0.010181386,0.011584666,0.5838476,0.4560079,0.012768616,0.033274494,0.008716904,0.013257534,00017207_018.png
0.15991993,0.33691844,0.07500229,0.9231945,0.039291315,0.04407346,0.17655043,0.03950355,0.02439913,0.009089275,0.05949944,0.36869618,0.15557271,0.0155051835,00000398_002.png
0.09170172,0.026420986,0.11196225,0.026213828,0.034795895,0.022062898,0.01868727,0.051276915,0.6147654,0.019881694,0.0048152176,0.0085527,0.19674186,0.010265298,00010007_066.png
0.24573763,0.023591159,0.40461072,0.886721,0.7149559,0.111013025,0.031154575,0.015024313,0.019091088,0.019719146,0.008331534,0.19799438,0.087100886,0.015521913,00017753_023.png
0.33300087,0.5232613,0.09139732,0.43881658,0.0116441725,0.050485123,0.028077593,0.011601145,0.37689066,0.14491989,0.011286094,0.024583392,0.07158323,0.018676465,00017605_007.png
0.02699589,0.0118356915,0.04942891,0.01574141,0.05242197,0.025476258,0.030200748,0.21401723,0.029485637,0.025545385,0.017928272,0.016447606,0.045619186,0.008866384,00001006_009.png
0.024575211,0.008228125,0.0035155604,0.0129509745,0.01178782,0.010661545,0.01494163,0.009197899,0.01755858,0.006837846,0.021144457,0.019389136,0.009903286,0.011502878,00007500_000.png
0.016204627,0.044244267,0.045087505,0.05678825,0.049176373,0.04805096,0.042580977,0.027180944,0.05543434,0.8617,0.12833649,0.015819758,0.03944243,0.018335063,00012310_003.png
0.5458263,0.08916845,0.01312494,0.01744524,0.5201413,0.06403526,0.01919777,0.016804585,0.036314495,0.008044237,0.015972374,0.11939374,0.07697742,0.038101673,00008451_016.png
0.34535813,0.0041928124,0.051624693,0.19411282,0.062317576,0.11323996,0.020268425,0.63141775,0.1594363,0.016570192,0.09922835,0.04521198,0.008992832,0.011799556,00003053_007.png
0.8909873,0.012725272,0.058770724,0.13718568,0.023058325,0.03026294,0.025593115,0.05850282,0.547997,0.030244961,0.0072973697,0.02897867,0.023072168,0.011882248,00014320_044.png
0.86988914,0.017594067,0.19929934,0.08767176,0.24690577,0.17798443,0.09757588,0.0756203,0.08184155,0.024750201,0.08853864,0.35324702,0.5655096,0.033558678,00006404_002.png
0.6434374,0.09076561,0.01586674,0.20518762,0.02178704,0.10857971,0.022373656,0.30201775,0.14308047,0.020293271,0.5973888,0.0144324545,0.03355758,0.029555785,00012891_002.png
0.43198544,0.03518365,0.06620938,0.031345256,0.094812274,0.056031752,0.14380287,0.017338205,0.4485192,0.16699055,0.0541479,0.035145327,0.02352366,0.022678036,00019935_002.png
0.18898109,0.120874986,0.046695136,0.78145677,0.09029805,0.05013753,0.14833832,0.08788716,0.026023827,0.014382526,0.038950827,0.044446547,0.5095677,0.025690619,00007670_028.png
0.033572678,0.019698454,0.03793503,0.01617163,0.022897184,0.034810007,0.011570423,0.944345,0.013954516,0.028561575,0.59710294,0.01789307,0.012662786,0.012050168,00003658_008.png
0.10767562,0.062386066,0.054627206,0.7385789,0.21245368,0.04457376,0.07725553,0.027817808,0.58110493,0.063378416,0.08834666,0.42065114,0.053447288,0.018911391,00001836_110.png
0.0068965647,0.01426999,0.019496132,0.047334477,0.050003253,0.0789021,0.030451894,0.089719705,0.007297256,0.015951224,0.6686887,0.18086407,0.10732607,0.021361608,00018294_001.png
