Atelectasis,Cardiomegaly,Effusion,Infiltration,Mass,Nodule,Pneumonia,Pneumothorax,Consolidation,Edema,Emphysema,Fibrosis,Pleural_Thickening,Hernia,filename
0.0104302615,0.012096613,0.008213188,0.38124165,0.017934404,0.01673206,0.021286352,0.0069892383,0.012862961,0.0117311645,0.01156107,0.94936264,0.016436756,0.019067504,00014584_005.png
0.023804184,0.0057022017,0.0069685588,0.009345831,0.021008436,0.6557284,0.028561793,0.013690371,0.023334036,0.021771517,0.0152572235,0.016610857,0.03889336,0.0120228315,00009864_001.png
0.056931593,0.96813387,0.11992503,0.5364845,0.008846535,0.02441138,0.02334899,0.014891856,0.06715167,0.36525816,0.008399102,0.0115859825,0.017135477,0.017878119,00000211_041.png
0.022629507,0.0032874234,0.06891613,0.007100515,0.011614954,0.00415375,0.015796663,0.022927308,0.10112776,0.03031903,0.013405089,0.011727887,0.010195336,0.00833797,00012045_005.png
0.017865414,0.01933922,0.0019773224,0.4394997,0.04150285,0.4775149,0.02348588,0.025861586,0.014432624,0.021584217,0.023182612,0.1623247,0.0039671585,0.0112181315,00003460_003.png
0.020275267,0.0027407971,0.004314911,0.03660329,0.11398619,0.0077297613,0.008743404,0.31591055,0.03050508,0.007029373,0.0082112,0.027731003,0.18789957,0.0077361423,00008009_017.png
0.19834724,0.010232692,0.09318074,0.027507307,0.04503586,0.0032711942,0.09143394,0.10008266,0.013183597,0.010798642,0.82523066,0.010975642,0.13718303,0.016277293,00005140_012.png
0.005598429,0.002339862,0.017786637,0.17973518,0.27274725,0.020331327,0.029395439,0.017703904,0.013572641,0.010334828,0.31172365,0.13485332,0.05290558,0.012186439,00012892_007.png
0.1314395,0.007204861,0.015890859,0.016805056,0.016079267,0.013381984,0.011439338,0.9529256,0.014570708,0.008191322,0.09453053,0.014092257,0.029119281,0.011395217,00007676_001.png
0.31062642,0.096256144,0.005914828,0.005915873,0.019312544,0.083835766,0.009883476,0.023721138,0.017765757,0.008829118,0.009466726,0.110457845,0.03640947,0.010850756,00007218_005.png
0.17813876,0.022245685,0.01191459,0.16117257,0.049198624,0.009912599,0.22992355,0.0135305,0.02191973,0.027415704,0.13794574,0.06683187,0.03305666,0.2447937,00006713_017.png
0.010797277,0.0046644164,0.0029110515,0.008180563,0.011932887,0.026006132,0.015263364,0.006692204,0.011172171,0.010371465,0.012782833,0.015633043,0.014481778,0.0063485974,00001720_001.png
0.010095517,0.0034321784,0.017019507,0.06327965,0.12228163,0.051718637,0.041071504,0.0060256063,0.37152854,0.051063787,0.009461429,0.04692236,0.012092437,0.011253518,00016508_013.png
0.012270686,0.56861216,0.013731628,0.009350721,0.012249886,0.019004783,0.014239363,0.016607782,0.015421576,0.015794706,0.008431734,0.010918768,0.057823144,0.014314191,00004003_000.png
0.028163355,0.053174686,0.01030052,0.108017676,0.030567339,0.012065398,0.016541801,0.004239475,0.015400818,0.026826967,0.028112791,0.06786257,0.014097605,0.8908238,00000942_002.png
0.04310842,0.009841986,0.0846152,0.66486984,0.04803483,0.013076679,0.28293365,0.029572885,0.035207953,0.028248878,0.06761221,0.72912616,0.13867146,0.03754446,00015171_019.png
0.008506608,0.014394752,0.008044134,0.58095616,0.014101046,0.9212299,0.021219557,0.0054539046,0.0645149,0.17001103,0.007824061,0.012722049,0.041844074,0.008503974,00002437_025.png
0.006135396,0.0060319323,0.003798735,0.007848994,0.010233093,0.04038337,0.007615752,0.002571652,0.0241392,0.017296666,0.012163064,0.04648368,0.020410094,0.008777798,00019680_008.png
0.019328574,0.004438478,0.012683429,0.7981195,0.019602614,0.005795838,0.772508,0.005390194,0.010508812,0.1527782,0.023218798,0.020611841,0.042296574,0.01136353,00010693_012.png
0.031677242,0.08776436,0.4354377,0.061462466,0.021458631,0.03395266,0.035040107,0.7474947,0.0072281975,0.0065471875,0.0103897005,0.04051833,0.3648666,0.013863041,00005759_005.png
0.0107071595,0.0065904837,0.0037437112,0.04777438,0.0071701882,0.04054592,0.011282802,0.008722728,0.009650432,0.013341106,0.019171067,0.97832656,0.02349036,0.0071390155,00013429_003.png
0.03072403,0.97453725,0.028576378,0.022753725,0.010860664,0.00817123,0.008690223,0.012653197,0.014464958,0.013408874,0.010600999,0.008567799,0.00937854,0.013727224,00006481_015.png
0.01422839,0.04883681,0.01105706,0.20095432,0.020997696,0.6451393,0.014138278,0.02747578,0.02844869,0.0145779895,0.011368643,0.6567684,0.02728929,0.017544866,00001836_054.png
0.34914353,0.0034026918,0.005960809,0.05525299,0.066661365,0.0050653713,0.030702928,0.18025465,0.04141347,0.004872878,0.054623842,0.05219977,0.15892933,0.009254109,00014022_083.png
0.06839228,0.0111112,0.0054980516,0.018334191,0.20851934,0.026416147,0.012050413,0.010146989,0.011799224,0.026751405,0.013658814,0.009998201,0.023428798,0.019652633,00008694_001.png
0.005764068,0.008632572,0.024009595,0.029979981,0.009704957,0.026055815,0.021130819,0.0080044335,0.059571628,0.5486238,0.008627318,0.005239639,0.03831908,0.008378428,00016399_021.png
0.039178334,0.012652536,0.008743404,0.74179745,0.02585217,0.023848563,0.55230445,0.009639,0.011714215,0.18336329,0.0073857494,0.014307928,0.011940181,0.010034424,00006991_003.png
0.013230988,0.0070400424,0.0072810254,0.9572106,0.003301272,0.26648876,0.025734112,0.16228269,0.008800225,0.0300864,0.068021595,0.07387705,0.027406927,0.004742293,00006605_020.png
0.12431998,0.015479824,0.01724597,0.6350925,0.124375984,0.07125312,0.025531404,0.28959775,0.031476993,0.017726,0.9260476,0.016047668,0.025042968,0.020565962,00016410_051.png
0.010432319,0.0050018476,0.0029407928,0.017677397,0.034644447,0.07576492,0.038162738,0.0063126627,0.0281143,0.007389176,0.009629495,0.05153012,0.023336811,0.011466364,00001480_001.png
0.5824203,0.0123431785,0.32430235,0.6527887,0.06829691,0.011976351,0.028446639,0.84362525,0.028329192,0.005073139,0.08227292,0.009562579,0.2848308,0.012706677,00009349_020.png
0.44122842,0.0049231364,0.046903726,0.35896707,0.0105945645,0.0076569896,0.03474653,0.0059623774,0.017850537,0.014458862,0.3601563,0.58544576,0.0103719635,0.009946031,00018379_008.png
0.027740698,0.07455947,0.0060280026,0.48344958,0.005044607,0.03856413,0.01298122,0.0042240755,0.12870833,0.026572809,0.005377054,0.054596137,0.021449992,0.01486793,00001684_006.png
0.010265617,0.016794298,0.008099528,0.0055100005,0.054062963,0.437446,0.006677548,0.018818356,0.01176336,0.0066847974,0.0029220823,0.011197026,0.020820353,0.008743376,00006338_009.png
0.19545168,0.008302784,0.057893362,0.027383434,0.025311835,0.017639719,0.014905203,0.47015274,0.021880085,0.007920267,0.9743764,0.009053848,0.16757715,0.017883252,00003945_003.png
0.28143686,0.00966918,0.09188926,0.30803147,0.031919446,0.04153134,0.11571066,0.059474953,0.69712716,0.0801329,0.03655622,0.01230952,0.29062307,0.014287728,00013527_004.png
0.043560233,0.11070268,0.04987758,0.49706292,0.02361953,0.1623641,0.042274524,0.008525023,0.08276224,0.097154826,0.005136603,0.013285752,0.02479206,0.03171881,00005573_004.png
0.020038128,0.010760501,0.024866303,0.95386434,0.014796595,0.9067984,0.007467228,0.024436131,0.19408435,0.023159886,0.008409251,0.017943375,0.038611673,0.0061662854,00005793_004.png
0.012365351,0.018159559,0.013754929,0.7989509,0.028054912,0.017033506,0.18878138,0.010597828,0.23253067,0.1559421,0.012084499,0.045585655,0.07685562,0.013637701,00003426_017.png
0.01677307,0.021830648,0.004399315,0.027670654,0.008767523,0.013835,0.021013333,0.016073165,0.0052414834,0.007009996,0.025072442,0.20550671,0.01918263,0.011887708,00002451_007.png
0.04470755,0.010437913,0.079961956,0.009525787,0.07441774,0.021854276,0.010904652,0.65945166,0.018717915,0.009938408,0.03655101,0.005342483,0.023698699,0.016127521,00007830_003.png
0.59779376,0.008213557,0.605188,0.06551547,0.061065942,0.011274406,0.072758555,0.07046393,0.59535474,0.015437751,0.01722099,0.012568682,0.15838644,0.013712572,00013993_117.png
0.03171257,0.9833815,0.088932596,0.04274871,0.019117706,0.04012244,0.018439073,0.018281177,0.01329955,0.018675972,0.015958747,0.030394815,0.021007655,0.024322404,00010388_001.png
0.023292705,0.006081732,0.0077373977,0.014494518,0.07415928,0.0050641457,0.003527442,0.113276884,0.02795578,0.008848442,0.003982533,0.0056349225,0.018091807,0.013708811,00008232_014.png
0.102595925,0.009685933,0.21365361,0.006807493,0.17000765,0.11104037,0.03590432,0.07224126,0.054503057,0.008644696,0.0026990653,0.042738143,0.63756233,0.015566029,00009354_000.png
0.010363412,0.020775054,0.0028329324,0.01395367,0.009828747,0.11837274,0.0038060432,0.007368458,0.032607887,0.0112785995,0.0033817415,0.023413217,0.03199804,0.0076182787,00008222_000.png
0.414634,0.028496193,0.025477128,0.079962045,0.038011618,0.037328206,0.005047394,0.017629106,0.12234695,0.008640395,0.0071852007,0.015287759,0.03192067,0.0068396465,00019967_014.png
0.0069381683,0.013914935,0.050019413,0.9587411,0.01862865,0.019050445,0.13170736,0.018995045,0.07886185,0.39375633,0.0125675285,0.010488117,0.01518532,0.0058111376,00018187_068.png
0.022261146,0.008543264,0.17236364,0.08441758,0.17733058,0.33683464,0.012596615,0.02646264,0.016628923,0.0108247055,0.0119119845,0.024236953,0.8072503,0.016216347,00005506_000.png
0.0050790464,0.012029285,0.0073099546,0.043390106,0.005902521,0.014817825,0.10963682,0.059346892,0.024231259,0.025111761,0.31855798,0.0049792803,0.01925618,0.011677931,00010995_009.png
0.029368872,0.02922911,0.0070999335,0.011505209,0.0042748298,0.012011203,0.006752222,0.085431285,0.014460894,0.0057152347,0.008181565,0.0047323606,0.0076928874,0.0073682144,00004169_000.png
0.06095518,0.010939525,0.007072021,0.021937309,0.059025675,0.13135214,0.0568137,0.007066933,0.015113706,0.0062897173,0.016292417,0.006598693,0.010530299,0.011074677,00010365_009.png
0.07056949,0.017062679,0.010088072,0.35111678,0.100023024,0.649758,0.018443234,0.46216494,0.04898553,0.062919,0.03492454,0.013994215,0.01854693,0.012097911,00013508_000.png
0.0069568614,0.0054971236,0.007649454,0.010423477,0.042643007,0.051043216,0.013496676,0.01598815,0.015688363,0.006736162,0.049096696,0.052166384,0.3316982,0.017112404,00009658_002.png
0.004989326,0.0056344657,0.013427269,0.35560778,0.042761996,0.012185508,0.03925589,0.7302956,0.094709426,0.039304215,0.031252775,0.02802284,0.0061957636,0.012240173,00008376_000.png
0.04544752,0.0064729466,0.023817677,0.03129272,0.19954404,0.016796494,0.1282028,0.011460242,0.02918935,0.005794272,0.007874866,0.062165834,0.013093293,0.008418094,00007007_018.png
0.36546573,0.005702951,0.121812485,0.035956603,0.025553338,0.0110951,0.009313413,0.10636981,0.013138892,0.008341784,0.94927627,0.049199313,0.030931653,0.027185047,00002323_002.png
0.003728977,0.0059742136,0.012205885,0.30745825,0.01797476,0.009796611,0.037737977,0.049565937,0.016887467,0.016237836,0.70063734,0.5154146,0.015135655,0.015787851,00012014_005.png
0.17671753,0.035147112,0.013531143,0.0632448,0.054509703,0.08784877,0.17522486,0.007382604,0.069176786,0.044338062,0.018096581,0.6961257,0.021946883,0.2464657,00001386_000.png
0.014845394,0.011167969,0.006063034,0.010066913,0.016864754,0.0622585,0.011890643,0.014923017,0.010751424,0.017296318,0.0772621,0.5496015,0.07752997,0.026771804,00001756_000.png
0.05789846,0.004712622,0.015979676,0.021335563,0.024388472,0.062139943,0.0077011073,0.021722905,0.017394684,0.009292894,0.10215012,0.12823449,0.22800101,0.010283525,00012380_000.png
0.09078812,0.01163992,0.21970202,0.5885294,0.016996691,0.006461396,0.04751587,0.419033,0.007643588,0.010779126,0.98838544,0.011392408,0.031707637,0.008294504,00000013_001.png
0.25699317,0.008007424,0.0550292,0.05995401,0.06190514,0.04203406,0.050077487,0.012076691,0.08329296,0.01965951,0.3643105,0.7686803,0.015626514,0.04971373,00012804_000.png
0.078280486,0.010188399,0.0085461885,0.0059225485,0.33113745,0.22483383,0.010208654,0.012160114,0.03163221,0.011025934,0.026603954,0.018129833,0.0811091,0.012611167,00007916_007.png
0.011866381,0.0068924376,0.00965779,0.04992814,0.05132615,0.043523315,0.008026252,0.5076577,0.33303517,0.01045594,0.04821449,0.011919514,0.011650918,0.013998216,00008566_008.png
0.0307645,0.023374602,0.08012326,0.36807156,0.15127994,0.1159115,0.6212046,0.008567633,0.028726146,0.96678156,0.016164396,0.019847121,0.007459941,0.017328264,00018972_042.png
0.07253158,0.45633125,0.108042724,0.045100197,0.046935167,0.0089387065,0.01537198,0.0165219,0.007845794,0.014330226,0.010526905,0.004854431,0.02554387,0.016033502,00007551_016.png
0.009375215,0.0031761487,0.009604538,0.06794513,0.20619746,0.09896997,0.04411058,0.012987617,0.015651267,0.0069313776,0.033079617,0.041687317,0.023202691,0.012236029,00016508_044.png
0.005167626,0.014136562,0.0014771157,0.17948355,0.02342191,0.024274416,0.05763685,0.015948176,0.019156404,0.046128593,0.009742842,0.0074834595,0.003963153,0.010696675,00001255_030.png
0.027400138,0.012077658,0.007319684,0.06769868,0.15779795,0.07144917,0.08870228,0.017503882,0.0091968905,0.01487551,0.0052702907,0.1513127,0.016911639,0.021782402,00001992_013.png
0.0055613476,0.022557834,0.0020528545,0.027645238,0.009991194,0.15117024,0.045930244,0.014141533,0.03720708,0.88683915,0.009560763,0.008870701,0.0050387257,0.011230441,00013377_018.png
0.01860732,0.0060092984,0.0065950113,0.033020765,0.011896943,0.5437815,0.039711922,0.008590479,0.029640313,0.007628599,0.018462844,0.020987168,0.019638533,0.01116809,00008734_000.png
0.0366235,0.029660476,0.016286619,0.038339805,0.96221304,0.08147833,0.008361407,0.018474894,0.00933511,0.01108805,0.015215811,0.0061193057,0.04941474,0.018061329,00009848_000.png
0.045290932,0.01868369,0.08306559,0.035731368,0.021613905,0.0052553206,0.048886247,0.018796511,0.0048594484,0.009263819,0.3416691,0.026001472,0.32118347,0.00539438,00015375_009.png
0.10548377,0.009688353,0.017726075,0.91692275,0.003132859,0.11539537,0.06760713,0.14512737,0.022553502,0.043708794,0.049445786,0.10270111,0.025570733,0.0066803535,00013310_014.png
0.013823522,0.0053536743,0.003272124,0.007848136,0.022277087,0.10834605,0.006838737,0.022870645,0.05907332,0.009020236,0.0045071775,0.03954021,0.30027428,0.008879492,00012087_017.png
0.00581049,0.021227686,0.015187808,0.113777354,0.037202783,0.009589066,0.19015026,0.04965398,0.020237386,0.025128085,0.66548306,0.02396169,0.022064334,0.016972441,00016434_001.png
0.08050778,0.02151608,0.36601976,0.29268986,0.45002142,0.09056083,0.1887745,0.021221,0.030399192,0.03323514,0.016570076,0.08166876,0.08154048,0.013764084,00010335_001.png
0.028055446,0.0067569697,0.02333642,0.01348111,0.013672439,0.8919194,0.0086462945,0.018643552,0.016773973,0.014842188,0.014832408,0.014928106,0.05412105,0.0114169605,00018819_004.png
0.09667606,0.012080014,0.017121397,0.09478042,0.013910893,0.04589749,0.796737,0.016532037,0.015534253,0.013732629,0.09257564,0.035186335,0.004482042,0.008467041,00013249_056.png
0.17429213,0.04184846,0.01637304,0.01807041,0.011465039,0.015982127,0.040485963,0.14971086,0.0057611335,0.02875644,0.015564121,0.004990176,0.04971702,0.007264452,00002090_004.png
0.16178392,0.0049012573,0.07913078,0.9282058,0.19060102,0.095771894,0.103605546,0.034408994,0.009035937,0.025794448,0.032623634,0.021284658,0.09840491,0.012476056,00018360_026.png
0.020874657,0.004364754,0.0047784774,0.0030457492,0.017953612,0.03455904,0.008727792,0.0073870816,0.05020025,0.010646467,0.0124995895,0.009442965,0.00796788,0.007621924,00009811_000.png
0.010188736,0.0065686908,0.022874646,0.05961988,0.081226714,0.028096227,0.005799009,0.02438541,0.15980797,0.22865309,0.015961863,0.009121645,0.00583472,0.0059707314,00008371_002.png
0.17606263,0.007912171,0.05635818,0.07292743,0.038795445,0.023671657,0.015062778,0.82555157,0.010019226,0.008961415,0.93648195,0.032302935,0.4370325,0.022309316,00003945_002.png
0.059757013,0.02364526,0.8658883,0.0379844,0.64239234,0.025109425,0.027007697,0.3428943,0.043695226,0.013225864,0.28474024,0.035299398,0.07235652,0.017028252,00008561_007.png
0.014610328,0.0076722465,0.058696534,0.39753166,0.038660824,0.007245821,0.025413841,0.41996494,0.03174935,0.03569767,0.032370638,0.03203451,0.09302615,0.010902595,00012437_000.png
0.020753795,0.016006984,0.32804674,0.16294889,0.049212545,0.35138744,0.046592973,0.044858985,0.08894554,0.052514583,0.0041666557,0.02628502,0.39307225,0.017795244,00009358_001.png
0.033597726,0.9625014,0.01467471,0.21875788,0.0039525977,0.0153673105,0.039331917,0.008211467,0.025381897,0.053563166,0.0077157146,0.03724159,0.032052845,0.014073951,00006808_007.png
0.014130143,0.005046716,0.012442398,0.010165746,0.07329885,0.8343342,0.0073977388,0.0052974126,0.035796456,0.01421899,0.009738422,0.01436648,0.01983667,0.009733764,00010433_010.png
0.086774744,0.008430183,0.039331313,0.15753263,0.0073902295,0.026844125,0.018563788,0.02664038,0.017623745,0.017521752,0.755995,0.32606137,0.1350314,0.013282202,00015765_000.png
0.008168319,0.003731224,0.0017811549,0.025248878,0.019036282,0.030404724,0.07611184,0.0114944875,0.009892696,0.006302474,0.030811291,0.25910565,0.1547537,0.013636258,00007623_001.png
0.03664726,0.008028287,0.017591331,0.0046304325,0.077086546,0.11864618,0.013654548,0.44262972,0.023178315,0.007978757,0.63336253,0.027812734,0.016757403,0.015815238,00005460_004.png
0.011804646,0.006067596,0.005456021,0.95441824,0.025086995,0.04546738,0.014510717,0.31145108,0.038209777,0.0079346225,0.01222136,0.10870344,0.030511517,0.0036713332,00013310_011.png
0.05774781,0.004415254,0.022791093,0.71372306,0.16817227,0.033305068,0.19214755,0.012632155,0.009948416,0.0072865584,0.0134059405,0.163136,0.061085083,0.016923154,00000218_000.png
0.007675431,0.005184715,0.054781806,0.14805077,0.055372316,0.008385717,0.010126267,0.7864836,0.13227959,0.02075261,0.24666587,0.012434204,0.01567892,0.008958773,00003028_071.png
0.0071267714,0.019074585,0.007607216,0.015494045,0.048833057,0.03402289,0.0077352417,0.007571047,0.013864978,0.021725435,0.00608698,0.010240929,0.0070194486,0.009521802,00012573_006.png
0.5124663,0.023359628,0.46682042,0.8726781,0.014093683,0.08519871,0.160469,0.03445781,0.05274866,0.050826807,0.00830044,0.01322734,0.37990505,0.011231061,00006906_023.png
0.1921226,0.16748628,0.99222374,0.028473642,0.021515444,0.010520074,0.037247635,0.010820888,0.051967468,0.2924444,0.023314515,0.022507282,0.013951505,0.0142900925,00018387_030.png
0.012596218,0.00511272,0.0069593424,0.18696617,0.061691046,0.086969785,0.00994719,0.9744993,0.015963802,0.009625694,0.028809458,0.011454798,0.014004187,0.004963126,00005448_008.png
0.71055645,0.032341905,0.27951393,0.06054092,0.016773194,0.33840004,0.3133528,0.0060711456,0.11114603,0.012299859,0.015791534,0.2783899,0.03188498,0.025149768,00010531_074.png
0.10681049,0.0053121476,0.056277752,0.28780082,0.010617877,0.008073053,0.03881063,0.060509883,0.15707077,0.07267202,0.058023956,0.025144694,0.19371325,0.008749944,00009234_001.png
0.01392584,0.009249821,0.020532573,0.13604495,0.007226569,0.005155745,0.014504302,0.006901406,0.010665529,0.032629684,0.019289128,0.039183658,0.69473416,0.008092478,00005433_000.png
0.023154732,0.0061848597,0.0049590226,0.020732611,0.08607506,0.065467164,0.01195031,0.05733665,0.0036678517,0.005415618,0.37539068,0.014119692,0.011448002,0.0120565845,00000825_003.png
0.09814278,0.016439416,0.08349542,0.08991783,0.101843975,0.9815652,0.05012597,0.010201223,0.07930236,0.014369269,0.0091436,0.075743236,0.018343376,0.012933548,00012609_008.png
0.3823061,0.021736559,0.099585235,0.31957805,0.055021577,0.08115391,0.067673,0.06070511,0.06605332,0.007843418,0.027749788,0.6821637,0.651628,0.026728315,00005567_008.png
0.015837742,0.0032424082,0.0054744123,0.004311698,0.3331778,0.012961318,0.0061113858,0.017918201,0.02286005,0.0035300106,0.0063539264,0.026335934,0.15228729,0.008027646,00009375_000.png
0.0567864,0.013115648,0.054303396,0.16957283,0.030807568,0.009224593,0.04177576,0.96232975,0.012780908,0.027605915,0.8821998,0.018750018,0.03209736,0.019713381,00011831_008.png
0.03948062,0.004237332,0.007922276,0.044516996,0.15863688,0.026128838,0.013359484,0.012225602,0.06653857,0.009323895,0.005276308,0.024311645,0.10588116,0.0069892155,00002078_002.png
0.007243046,0.005369964,0.002430151,0.06365715,0.011688398,0.031246312,0.009719725,0.05906817,0.04780618,0.018092066,0.004875885,0.010275273,0.025603825,0.005859533,00011287_005.png
0.032994274,0.010680014,0.4150184,0.03853889,0.020708263,0.10355316,0.006656437,0.09704812,0.03700316,0.0069534592,0.019514404,0.31160682,0.33682033,0.008809073,00010619_000.png
0.007393556,0.012906099,0.004290966,0.0040863752,0.010704937,0.029776152,0.010061231,0.0064793094,0.013418605,0.008222185,0.010184294,0.008502945,0.01534117,0.0074102185,00008697_006.png
0.43551826,0.0078881625,0.46328428,0.2408574,0.019943332,0.065539375,0.4469483,0.07795836,0.15354684,0.021156665,0.025309708,0.011298525,0.119484864,0.013252171,00008112_001.png
0.0066329357,0.049096987,0.007342204,0.2577471,0.0062528397,0.07111735,0.022153389,0.006727706,0.116267845,0.23351662,0.0059430883,0.22772455,0.031590015,0.011255382,00001836_048.png
0.15953709,0.8947169,0.028182764,0.40437862,0.007869917,0.013590246,0.090808,0.01106703,0.018494995,0.03948666,0.028168654,0.01648615,0.020576928,0.015572124,00005066_003.png
0.09615074,0.012091292,0.021594023,0.16245772,0.032278642,0.013091388,0.021833058,0.03799801,0.0062095285,0.013083851,0.9924355,0.006613328,0.007715426,0.006391848,00001256_007.png
0.7296731,0.0071596187,0.0794183,0.15186511,0.02375005,0.0111401,0.54745775,0.079878196,0.0061439797,0.0055356533,0.12109756,0.013487245,0.022687515,0.007326682,00017549_002.png
0.026836703,0.0030310554,0.013495318,0.016050491,0.08999544,0.04979086,0.015798435,0.027322637,0.6425024,0.0036134527,0.0027270918,0.028748617,0.034057237,0.011820737,00005089_011.png
0.022796996,0.016750805,0.005403762,0.0074785245,0.024573077,0.016647944,0.0071772584,0.020700447,0.012757579,0.0053333887,0.009006773,0.006747031,0.017102238,0.006440305,00006147_001.png
0.013564357,0.009950582,0.029038459,0.0953159,0.036986563,0.013760447,0.012254318,0.95188487,0.021685196,0.034342565,0.9393588,0.012125195,0.012365765,0.010515106,00006425_028.png
0.016223712,0.0045121955,0.006589344,0.0048963153,0.028027194,0.16180329,0.0077997977,0.046683453,0.016324684,0.011173899,0.03196276,0.005962507,0.01685523,0.008225261,00020044_001.png
0.09657818,0.010426428,0.0064792545,0.015547967,0.013164881,0.083078966,0.03123891,0.015862636,0.006111191,0.0062004724,0.053171266,0.111626215,0.049705315,0.009978001,00005736_003.png
0.17016143,0.011157737,0.018800773,0.024272133,0.009586526,0.0035441045,0.046805635,0.019031504,0.0067643314,0.0038463462,0.08724847,0.4147756,0.15055026,0.009016252,00008042_009.png
0.7619075,0.03705657,0.17504466,0.049837325,0.05640853,0.03697324,0.016344659,0.4829553,0.07383227,0.011235763,0.93780744,0.068623796,0.08915002,0.059307322,00011804_014.png
0.4497987,0.21787746,0.025605453,0.26905942,0.011681256,0.18659605,0.54954404,0.025722811,0.09844617,0.07939408,0.01289614,0.015073627,0.016268354,0.012790899,00012622_015.png
0.0065579526,0.0051183286,0.0023585786,0.007553147,0.034792475,0.03344001,0.008012736,0.0105792545,0.015180436,0.01093101,0.008409912,0.00711733,0.00983656,0.008368352,00008855_005.png
0.031271372,0.0063826484,0.0021629948,0.097097546,0.0170492,0.04229499,0.00847746,0.10790159,0.018988552,0.014145843,0.3387689,0.13222997,0.040613014,0.01224912,00020286_009.png
0.018917823,0.007361134,0.004479177,0.028807444,0.026687294,0.3507468,0.028200235,0.016538683,0.01722233,0.018043026,0.011280807,0.014000843,0.008568314,0.011838614,00009117_004.png
0.019829022,0.59161407,0.07265172,0.052225407,0.011434244,0.015058574,0.022177165,0.26293504,0.014623939,0.016865166,0.48500738,0.030251496,0.018355038,0.030554146,00009723_000.png
0.13441673,0.8338708,0.029667407,0.035875022,0.0070217727,0.012794169,0.034307998,0.00998746,0.021241743,0.105442375,0.014143416,0.014112167,0.01587716,0.015153512,00008649_010.png
0.528886,0.007516374,0.4691356,0.031494215,0.17169811,0.08528045,0.020715434,0.08337547,0.10903134,0.01189604,0.7897836,0.15811837,0.13633783,0.031305034,00015556_010.png
0.022121618,0.0058650044,0.0034951097,0.93667233,0.06844551,0.061853476,0.1285095,0.12944323,0.012731377,0.010728147,0.020978529,0.05704846,0.07710277,0.006933646,00001006_017.png
0.033564825,0.039771218,0.04465681,0.015802128,0.052637946,0.042970818,0.010252351,0.007938827,0.12663282,0.075826496,0.0029854935,0.0066024517,0.016241226,0.016109487,00004659_000.png
0.07537519,0.0068518724,0.006819361,0.06930818,0.09739173,0.00835517,0.015903458,0.2264081,0.014305032,0.017755533,0.9503957,0.019234303,0.010699127,0.014463674,00011544_003.png
0.03437778,0.0029906954,0.0027154812,0.0038554734,0.012930377,0.04310488,0.045952108,0.018253414,0.020642042,0.013658287,0.029057385,0.007366244,0.009532753,0.0075714197,00002194_000.png
0.008800541,0.009562763,0.0055033886,0.0051047294,0.009220301,0.0069690137,0.009236341,0.0055522914,0.006745673,0.014287802,0.0070632463,0.008647083,0.010620597,0.0062486543,00001855_001.png
0.0121469125,0.00500911,0.00909764,0.055787526,0.012523083,0.023955228,0.012064885,0.03456997,0.005053063,0.009178009,0.4493066,0.085722715,0.124795265,0.011457131,00004571_017.png
0.015970118,0.011257249,0.01727103,0.1726795,0.028455595,0.0072440337,0.01572946,0.025687266,0.0062029613,0.0064694635,0.025875656,0.10345998,0.46548668,0.014406251,00002081_002.png
0.0025234986,0.0055189175,0.004565691,0.022178458,0.027814846,0.011543842,0.0154292025,0.33381563,0.012051565,0.0056981756,0.081493996,0.037978787,0.018684823,0.0058456864,00009934_000.png
0.13042417,0.0064355503,0.116637886,0.17377637,0.06995866,0.014384276,0.032882676,0.98307186,0.036828037,0.010595963,0.05999572,0.013622975,0.1452603,0.01639994,00001170_027.png
0.025843844,0.008235385,0.009062092,0.020690342,0.04708119,0.8751722,0.040909234,0.015911669,0.028762953,0.04760809,0.012061368,0.0646777,0.03709855,0.015376389,00006585_013.png
0.09825489,0.007880952,0.016752832,0.030883234,0.010578121,0.004704403,0.007614487,0.14163025,0.032709382,0.0042388914,0.9428022,0.027228914,0.16293916,0.017803814,00001248_003.png
0.011544506,0.0027529122,0.0018986824,0.030764421,0.028560754,0.10159128,0.01357971,0.011022643,0.020447446,0.005631632,0.0067067877,0.058280353,0.053871833,0.006730722,00009451_005.png
0.008281223,0.032835327,0.15998791,0.24023654,0.009625808,0.01432401,0.022447571,0.013939839,0.71866924,0.48920515,0.0051090955,0.010017026,0.007378507,0.009247658,00011702_053.png
0.03287803,0.012756503,0.006340661,0.008095365,0.014439768,0.016250836,0.010663809,0.007287735,0.011022612,0.01117096,0.008279805,0.0121885855,0.011130218,0.007600074,00009573_000.png
0.22596453,0.011286818,0.003563804,0.022986166,0.012626132,0.14209317,0.048974466,0.037115008,0.008408842,0.009958843,0.16908723,0.2963015,0.03672065,0.010070497,00015940_000.png
0.04302074,0.008196557,0.005920112,0.06968767,0.055743508,0.018929085,0.015513264,0.19920482,0.013531321,0.008280481,0.9480961,0.006101216,0.023700904,0.0148788495,00010814_001.png
0.035235994,0.0040385127,0.047629643,0.07797568,0.76040983,0.29110238,0.0132592,0.013673983,0.08835327,0.027881544,0.13891886,0.007587841,0.010940165,0.011799101,00014398_023.png
0.005203033,0.017100861,0.006856306,0.15485768,0.011267732,0.013129524,0.02706471,0.009839979,0.022417754,0.66116834,0.012016608,0.014869418,0.010817274,0.007835277,00015034_004.png
0.013558132,0.0048981276,0.011704957,0.019376995,0.3694093,0.47799084,0.02197827,0.015462311,0.013998261,0.02182452,0.054564647,0.0484872,0.062451005,0.021664407,00007866_000.png
0.031806488,0.07281163,0.15492333,0.47699457,0.02298357,0.07649726,0.16383663,0.034402102,0.019742735,0.80725235,0.008456867,0.0077094412,0.0069980505,0.014043998,00015770_030.png
0.023775905,0.0068445816,0.0076460624,0.44224727,0.018449828,0.053266052,0.23202676,0.016031517,0.01700811,0.97419465,0.04028027,0.009108862,0.0073394487,0.01044273,00010012_018.png
0.13498421,0.013021562,0.5580674,0.05634727,0.03226369,0.018444004,0.18335514,0.3287346,0.087000005,0.06435734,0.296395,0.015879208,0.022528503,0.012554328,00016797_013.png
0.019746633,0.04809764,0.018012932,0.24855848,0.010289283,0.026319647,0.42446613,0.025375722,0.01574022,0.6754599,0.0154772075,0.068637475,0.013750344,0.026461441,00019176_078.png
0.011441388,0.004673905,0.0026361458,0.6290682,0.0065241894,0.016724853,0.02400939,0.018504735,0.08035059,0.20308127,0.009634885,0.017430263,0.019439615,0.007555067,00004646_006.png
0.071607314,0.008354826,0.25254485,0.064862,0.01239413,0.012264255,0.019245863,0.011703931,0.027007056,0.03232416,0.015688945,0.009050067,0.051605083,0.00801354,00018251_008.png
0.03385431,0.01291477,0.009755165,0.0140973665,0.01002612,0.010293051,0.016316501,0.017422033,0.014663144,0.014211725,0.9389012,0.016461696,0.015338189,0.03677579,00002536_000.png
0.056644283,0.006184075,0.028123623,0.24393414,0.06370028,0.031750083,0.38982195,0.016996976,0.07409031,0.011100134,0.13168289,0.25023958,0.0051699304,0.036656007,00005741_002.png
0.013151797,0.020375282,0.012744493,0.3292872,0.026284952,0.020771982,0.15564199,0.009407668,0.010228018,0.97381073,0.02218757,0.011754577,0.0053017964,0.010092806,00017424_030.png
0.108482994,0.029689705,0.042042,0.54712987,0.10224423,0.077557325,0.77876925,0.031454533,0.019918755,0.6831737,0.066001296,0.022500154,0.02755384,0.025532663,00014223_020.png
0.03364918,0.010559992,0.15251894,0.52715296,0.20282644,0.50285107,0.017213728,0.008883673,0.7543621,0.028984925,0.010940443,0.10759808,0.0558029,0.0131560685,00009365_013.png
0.044964917,0.023966921,0.027995236,0.51001817,0.15680712,0.018557705,0.028249986,0.6428772,0.11814408,0.030332014,0.7915183,0.023533043,0.05715937,0.024327094,00011226_026.png
0.10056441,0.0062058545,0.004285778,0.012897148,0.009838256,0.019739093,0.020977356,0.0048921444,0.12314003,0.011232903,0.0128323175,0.010728844,0.012776239,0.0073883366,00014323_002.png
0.56064004,0.06012596,0.03970139,0.2817973,0.31909823,0.29836565,0.08078818,0.10118706,0.04784159,0.40385073,0.05010294,0.012942853,0.0444562,0.050157882,00014717_002.png
0.02737398,0.9386081,0.025483236,0.028637655,0.029914757,0.015866352,0.009894331,0.02820615,0.012725811,0.019963227,0.031626936,0.0064145043,0.032178853,0.02023059,00018204_000.png
0.01502962,0.0083906595,0.5643594,0.42556587,0.057503697,0.042273317,0.08380637,0.8207584,0.009394081,0.036396775,0.44618508,0.32449752,0.2907405,0.016284587,00010677_020.png
0.04059081,0.0122727025,0.010452343,0.9831571,0.019499637,0.012751491,0.034675505,0.019154849,0.061178066,0.08955612,0.0703318,0.051033154,0.008265365,0.0093639335,00015530_018.png
0.016140329,0.0043614046,0.0075349687,0.019090068,0.46625572,0.5428598,0.014793982,0.009456961,0.036104888,0.007328927,0.0112145515,0.014944594,0.03366174,0.010481769,00007057_002.png
0.02002167,0.0053553884,0.02130789,0.009671527,0.012864693,0.031276625,0.02321366,0.011493582,0.019498894,0.013688209,0.013501724,0.03287374,0.88294995,0.00995465,00003322_001.png
0.22685167,0.004259545,0.066869296,0.44995365,0.01488652,0.014049777,0.88623446,0.037470017,0.019962797,0.025313973,0.051304936,0.030426266,0.04004923,0.007583766,00017605_000.png
0.016448902,0.17354457,0.011650194,0.038224116,0.008395068,0.0177101,0.009171945,0.12092812,0.036860306,0.011006239,0.0075050383,0.014289306,0.015643753,0.010753844,00012622_017.png
0.24572663,0.0062075984,0.0027077892,0.045278966,0.025420735,0.013208315,0.010595758,0.028486747,0.010371661,0.0092463,0.03330671,0.0849633,0.015862519,0.007775915,00008590_001.png
0.024660852,0.71438575,0.03075583,0.011980979,0.017644687,0.017351957,0.17081082,0.014174784,0.008591872,0.038251523,0.037023872,0.042898584,0.037447177,0.055487562,00004342_030.png
0.0380439,0.008772795,0.010884751,0.17256658,0.09845846,0.0070560835,0.5453448,0.044088352,0.02159272,0.010262352,0.075543165,0.08793402,0.029208388,0.032652803,00008043_002.png
0.05827204,0.13369721,0.020476224,0.042028952,0.012486571,0.02696084,0.006357685,0.037892684,0.5327709,0.31734797,0.014189151,0.014343447,0.003344043,0.024987778,00016732_012.png
0.04808165,0.013262607,0.015074654,0.07466404,0.023462944,0.021093456,0.009967465,0.058730487,0.005298099,0.019578261,0.9576027,0.0138125345,0.028941976,0.009074205,00019927_004.png
0.12594856,0.008674804,0.17797342,0.626253,0.079586916,0.05984977,0.026417386,0.021395821,0.022710865,0.018055387,0.08487804,0.30407792,0.89152855,0.022549717,00003730_002.png
0.052482516,0.003898976,0.0565453,0.101579875,0.0069732955,0.024797937,0.010148013,0.00965452,0.2534746,0.048152987,0.008842576,0.0354557,0.11008821,0.010486924,00004316_004.png
0.017603382,0.08134893,0.015122339,0.009158603,0.023328269,0.027642343,0.0048340894,0.0135856895,0.13546401,0.014795872,0.0021585536,0.0038601514,0.010167854,0.009372371,00002067_000.png
0.0186929,0.16872665,0.010490996,0.014820163,0.02272387,0.022412816,0.04461657,0.009892888,0.01039719,0.019385232,0.0076668323,0.019420592,0.01321067,0.013446156,00019660_001.png
0.0066998033,0.010366351,0.14453848,0.03827523,0.007017532,0.002743435,0.013218672,0.06701163,0.010231653,0.035802078,0.015307727,0.0049119624,0.1961981,0.0076693106,00010007_041.png
0.14863111,0.041426677,0.017040493,0.7175423,0.008955686,0.2766966,0.19445528,0.052375972,0.69268423,0.12717476,0.03910732,0.044225406,0.009513818,0.020059474,00010544_014.png
0.08092091,0.003562543,0.004244438,0.008270424,0.023635196,0.008052125,0.01195623,0.011400435,0.012401842,0.01067806,0.027662164,0.10192293,0.017408432,0.006754765,00001686_000.png
0.019225206,0.0043897554,0.013940935,0.04107122,0.8519609,0.026183533,0.039095834,0.02066379,0.067685746,0.00759802,0.008799955,0.009028296,0.020295648,0.010812781,00017753_008.png
0.03649971,0.0066212425,0.023680551,0.021249296,0.95126,0.024432363,0.011632396,0.020682465,0.059830975,0.011954422,0.010098182,0.0070500863,0.048934437,0.0102635585,00010092_043.png
0.02134568,0.009195453,0.032144554,0.054607276,0.027968643,0.04626901,0.021945184,0.94347364,0.011420885,0.02536165,0.9160648,0.011822219,0.028024374,0.011993352,00002275_004.png
0.01582997,0.024020279,0.005285388,0.10727375,0.010938132,0.10635265,0.056960344,0.011814785,0.012995072,0.065608956,0.046834566,0.031142605,0.051267084,0.028209554,00009587_000.png
0.42687878,0.020666078,0.027469518,0.053180184,0.01145247,0.009845807,0.029626993,0.010508524,0.012973054,0.019725598,0.0092137,0.80497426,0.08291608,0.008873837,00009355_000.png
0.014041595,0.03649197,0.023317546,0.0061929105,0.046439633,0.013898895,0.008992825,0.07289117,0.012753537,0.0064310334,0.016991267,0.009881447,0.008042882,0.015354221,00014519_000.png
0.17719334,0.0064576743,0.010567771,0.072237186,0.33249882,0.0063210973,0.020951664,0.2179073,0.010105806,0.009104715,0.07180412,0.019567292,0.32448137,0.010044841,00000248_002.png
0.50323266,0.04063579,0.1268409,0.017560892,0.04182485,0.009726133,0.020579893,0.027924452,0.19929306,0.0033417568,0.100447826,0.011389466,0.045655157,0.008506492,00005650_000.png
0.0051799878,0.010477882,0.0055066934,0.0030695042,0.038267534,0.09717114,0.0078525515,0.006064132,0.008492455,0.0076356963,0.004303697,0.014423898,0.009664237,0.008290418,00014364_005.png
0.016706144,0.028600493,0.017601198,0.025832154,0.012854475,0.09584094,0.016111497,0.00859333,0.01680802,0.014500145,0.00327987,0.060074203,0.045785125,0.010512095,00014120_003.png
0.053336404,0.21456431,0.0154744545,0.036768798,0.008590564,0.009853903,0.069322966,0.08282733,0.023467472,0.2022599,0.02552783,0.02756104,0.058547422,0.020631388,00015646_014.png
0.018064251,0.008925562,0.016229374,0.18573762,0.006968278,0.01571965,0.020526903,0.050245017,0.5169342,0.09735508,0.02314257,0.008355735,0.013267761,0.014458137,00001952_006.png
0.043487214,0.004166205,0.8039963,0.112595715,0.15398522,0.009548335,0.016052825,0.013297659,0.053423595,0.014550423,0.0092021935,0.017833538,0.85613275,0.009208896,00005612_011.png
0.011120277,0.010810226,0.0033469035,0.0096274,0.011097805,0.019553747,0.045057695,0.010654658,0.014230851,0.03498372,0.019842029,0.007079673,0.010824359,0.009229301,00015007_007.png
0.022962373,0.0035815493,0.022747222,0.021485949,0.9719114,0.07445367,0.009667458,0.012493617,0.073418014,0.0131101,0.012839829,0.011494504,0.012579599,0.011413502,00017313_002.png
0.006000586,0.013167538,0.013281566,0.7356705,0.22321284,0.07403954,0.016958913,0.0056844163,0.100958005,0.6365388,0.0062081283,0.010602519,0.008775052,0.006749147,00013670_073.png
0.3295205,0.003938775,0.33363882,0.032234438,0.03941245,0.035402577,0.033491608,0.03689035,0.9058809,0.0072974144,0.057385482,0.3115658,0.02805923,0.014988932,00003426_030.png
0.0060907113,0.00732325,0.0040524784,0.006035676,0.022348337,0.005945106,0.013728388,0.005019509,0.005318291,0.0046055764,0.0075631407,0.01335413,0.016351115,0.005733929,00001277_000.png
0.014830764,0.009766572,0.009422282,0.02225515,0.06824964,0.027996916,0.018997138,0.92038065,0.016529534,0.017410634,0.4409602,0.006405402,0.009430599,0.013034206,00010695_012.png
0.05579711,0.012660293,0.02499371,0.028647626,0.028993737,0.5999797,0.051650185,0.014403657,0.02640705,0.013145238,0.022048976,0.9187392,0.17504889,0.011419292,00012543_005.png
0.20840023,0.019557592,0.027643071,0.015804723,0.0033890554,0.004560264,0.026738135,0.016299075,0.06294728,0.15873252,0.027960446,0.030303529,0.024921665,0.012599897,00004578_004.png
0.0071003437,0.60606015,0.26118675,0.13874678,0.008498094,0.012223276,0.021621663,0.019967854,0.017681165,0.099590026,0.0049333177,0.0073675234,0.0252149,0.008837099,00017138_023.png
0.005880182,0.004107914,0.00318342,0.002538224,0.021377848,0.018989682,0.012716175,0.00847566,0.017597133,0.0127803,0.0082118055,0.013293125,0.008065252,0.006231484,00018940_001.png
0.013732972,0.011258688,0.0075548845,0.011402697,0.044020407,0.06568234,0.054748986,0.0072031016,0.013476807,0.021672944,0.012545707,0.019725474,0.0161944,0.018486744,00004274_000.png
0.0083572045,0.012787057,0.0925742,0.0061033187,0.01637712,0.024668023,0.03164674,0.02918655,0.01832479,0.009254074,0.06845625,0.16303957,0.05535429,0.04557037,00017263_000.png
0.1268222,0.027272392,0.08416581,0.90885985,0.0050834315,0.4158604,0.07435593,0.015076169,0.03188826,0.017227875,0.03642821,0.040872324,0.054583903,0.009874279,00009953_041.png
0.027306478,0.01423528,0.5304737,0.91121155,0.024548398,0.16891524,0.4495494,0.028010985,0.019664759,0.28147274,0.021402357,0.12792112,0.032774206,0.012139391,00002300_023.png
0.018076936,0.013892826,0.0072778896,0.100403205,0.012984728,0.0091127455,0.074803405,0.008959052,0.024316736,0.16238691,0.0052834935,0.0070400923,0.016162537,0.006591935,00017425_006.png
0.044400003,0.0072837453,0.018690882,0.11534972,0.057367187,0.0491269,0.029520309,0.97450805,0.0065113576,0.010491215,0.9360956,0.008124021,0.041568376,0.011162156,00017747_056.png
0.010203766,0.0028750654,0.014304776,0.0584787,0.9785169,0.07014314,0.035034206,0.04180105,0.0145914415,0.018227166,0.015538957,0.01014265,0.013920249,0.0103040105,00013499_001.png
0.0117626,0.015307382,0.22781618,0.14783007,0.3182515,0.013064635,0.0157394,0.016961489,0.14794566,0.18476339,0.010553188,0.010308709,0.26848337,0.012172946,00010007_158.png
0.03166835,0.0059406077,0.03361094,0.030681062,0.94702625,0.5550986,0.013889247,0.03761112,0.021299742,0.012475446,0.032470074,0.024428714,0.04237425,0.011133735,00013911_003.png
0.0066971,0.020050462,0.008685559,0.9666895,0.04016174,0.10168527,0.072578155,0.0070869704,0.19215511,0.43688354,0.007736944,0.02404968,0.025001349,0.007661124,00013616_043.png
0.022280898,0.012268397,0.027698686,0.53807706,0.008314292,0.055718854,0.04575039,0.7978878,0.010090958,0.009587852,0.82314086,0.0141428495,0.061626747,0.009923264,00017972_014.png
0.00599745,0.2863007,0.048591692,0.010447413,0.015390027,0.012777978,0.04302541,0.0073088882,0.016094694,0.022971032,0.0059904438,0.020146614,0.04598611,0.049430314,00007798_000.png
0.011432881,0.008637398,0.0040584835,0.008441786,0.025761036,0.013476216,0.02337204,0.0042787143,0.018501926,0.00813399,0.008389045,0.0064890687,0.009857602,0.0076625603,00001855_017.png
0.016733285,0.0041315975,0.005811562,0.47781533,0.20244783,0.035913866,0.021649843,0.04716491,0.5910455,0.013592613,0.006911031,0.025125563,0.016913367,0.008724658,00003981_016.png
0.041879233,0.009198468,0.4374189,0.08771885,0.011508349,0.030277567,0.019595856,0.95721686,0.030881451,0.017697837,0.22493923,0.013226661,0.31159666,0.014020623,00018366_028.png
0.013521987,0.012000812,0.0071438476,0.20633936,0.014902393,0.09804088,0.025900323,0.60537905,0.021703923,0.0058069075,0.009324991,0.05852729,0.047327153,0.006129671,00005365_011.png
0.07674611,0.0153413,0.18252352,0.09336352,0.83964086,0.07626587,0.01098845,0.0059029767,0.061175745,0.009745654,0.05497843,0.08243079,0.66433436,0.065772586,00013659_012.png
0.02352738,0.08174608,0.60758835,0.45636672,0.3754843,0.011650506,0.05808808,0.012215161,0.18346009,0.3822121,0.008577226,0.011892386,0.034685846,0.02488367,00017036_019.png
0.011054417,0.0060471348,0.045605894,0.033601258,0.37266955,0.056275252,0.005290106,0.011602091,0.011964107,0.014401443,0.06128491,0.026022745,0.7331888,0.010269678,00016541_003.png
0.39616793,0.014633839,0.21656485,0.03289765,0.06512972,0.15847328,0.024190878,0.36207965,0.028718036,0.011688398,0.039638206,0.051616758,0.032813042,0.022280218,00009820_000.png
0.0051465817,0.0061439043,0.0065679788,0.00515473,0.01011265,0.00936503,0.008451215,0.014765187,0.010773371,0.0061237356,0.0067535914,0.006577388,0.018589986,0.005175196,00002117_003.png
0.00970158,0.025369426,0.012868065,0.045894414,0.024533642,0.008789306,0.0061094686,0.007568425,0.014131014,0.03385514,0.005673686,0.005357413,0.011888481,0.008024741,00015732_034.png
0.07760359,0.0121917315,0.027247166,0.73698884,0.07322246,0.094165765,0.3497748,0.009089915,0.053120255,0.9681505,0.013405576,0.007914147,0.028526142,0.013779829,00015793_006.png
0.2515796,0.0069020498,0.054021645,0.03080107,0.022021439,0.012409103,0.049540456,0.8626056,0.167465,0.059856147,0.07663,0.011805441,0.02402648,0.0136492,00011226_028.png
0.08552222,0.010125421,0.9017779,0.18012364,0.021816922,0.034080204,0.025428543,0.088461764,0.025801344,0.008469139,0.1548346,0.562649,0.7502596,0.023049073,00014253_029.png
0.011697115,0.01921656,0.024833702,0.45429105,0.44791666,0.6033412,0.010752831,0.005957696,0.09324044,0.020061743,0.0177065,0.010203775,0.017861757,0.009058833,00013312_001.png
0.27555534,0.0069312914,0.7095025,0.08021303,0.0329694,0.00986386,0.06532967,0.09843553,0.031132467,0.011928491,0.09333459,0.04813899,0.30909577,0.015073804,00004577_006.png
0.29059386,0.009459057,0.048868373,0.032729343,0.09117699,0.073594026,0.08982656,0.007570639,0.011459011,0.010949265,0.016255455,0.23003222,0.015865056,0.014467298,00003241_000.png
0.34899497,0.023968626,0.50349605,0.0055327527,0.0067274896,0.01155713,0.12314985,0.101464674,0.02385358,0.0041075805,0.08665999,0.15272717,0.092513226,0.015375105,00003593_005.png
0.01976025,0.006051413,0.01635692,0.15366016,0.032453388,0.14188841,0.02091568,0.009016426,0.0119336685,0.015608392,0.026943242,0.9611996,0.15133776,0.01165149,00018015_016.png
0.14911513,0.0056267264,0.032351095,0.22855519,0.05006854,0.019374946,0.0112704085,0.032666456,0.20027986,0.010747707,0.9584756,0.02617152,0.025122413,0.01623916,00004922_000.png
0.011033174,0.0022961851,0.0072607915,0.3594684,0.02793502,0.016583618,0.039430294,0.0057881163,0.018953253,0.08839678,0.03341689,0.36486918,0.1133444,0.01580916,00018080_006.png
0.044353593,0.0073227542,0.018711224,0.02841967,0.017614296,0.05761079,0.035143975,0.61749166,0.012954183,0.008643348,0.8620856,0.0070965593,0.063069746,0.009503596,00009890_002.png
0.02619104,0.006838698,0.00729091,0.015845034,0.023284951,0.014436137,0.031459305,0.0053971363,0.05108269,0.03727151,0.007016986,0.0127972895,0.008462459,0.011251095,00019550_012.png
0.045486037,0.007211297,0.008487952,0.3205776,0.45488033,0.024194125,0.047842927,0.11135915,0.10895648,0.067263514,0.111557044,0.022952195,0.021550726,0.018164547,00005593_000.png
0.053863864,0.0058861976,0.01004947,0.014315698,0.02355749,0.026206654,0.0061476785,0.046518207,0.010617065,0.006901504,0.06870555,0.019381,0.90220255,0.009120093,00010179_007.png
0.0072752098,0.003924857,0.00205661,0.00556536,0.01802932,0.028478784,0.004224884,0.021411069,0.018469118,0.008056052,0.054156445,0.4653012,0.21507533,0.020342072,00001081_001.png
0.16076899,0.008171577,0.11834946,0.16484821,0.28540102,0.029564165,0.017874544,0.5622666,0.019603197,0.0091911135,0.9916535,0.014967355,0.09304183,0.023218919,00000118_002.png
0.052190024,0.011257521,0.023067698,0.022053558,0.00897191,0.00501818,0.01930926,0.027890967,0.01384555,0.19540197,0.029340886,0.016218727,0.01249856,0.006112298,00006096_000.png
0.021760816,0.0048729195,0.0069365753,0.0033845583,0.012618823,0.0019325938,0.07768198,0.0019728886,0.010946637,0.010756294,0.009575843,0.031439357,0.010048554,0.0072006467,00000459_017.png
0.028451558,0.011866376,0.0029775992,0.043884538,0.03007074,0.0056407745,0.025201363,0.010011974,0.04726325,0.4464408,0.013779577,0.014231112,0.0077353767,0.009988931,00013575_008.png
0.01916723,0.72413135,0.025420155,0.010756102,0.015431804,0.07826402,0.007915039,0.015076183,0.014396152,0.01584455,0.008636593,0.009403302,0.034195222,0.01764396,00018181_000.png
0.0790814,0.11497941,0.4864088,0.008465544,0.09382147,0.0097315395,0.015549363,0.032709308,0.018628823,0.014621269,0.012153203,0.0044570947,0.01153259,0.011600133,00013615_059.png
0.10563359,0.18045476,0.07129627,0.04685854,0.08413296,0.036569197,0.021045715,0.0042802608,0.13487715,0.04251906,0.015338708,0.011960291,0.0068093985,0.011086763,00001232_002.png
0.06853673,0.9811478,0.20735751,0.6771429,0.008990092,0.01651633,0.028098224,0.015323698,0.0804902,0.19928068,0.0084331855,0.02714058,0.028018925,0.017425478,00004344_043.png
0.0077715255,0.0059916307,0.024483077,0.10529527,0.016273193,0.09944713,0.018573856,0.010049783,0.02485218,0.018882077,0.03766357,0.022721324,0.68218625,0.012371871,00009166_000.png
0.07573931,0.006173183,0.007731733,0.007613064,0.011552104,0.0132733695,0.029526696,0.028167017,0.27253768,0.010125564,0.18698594,0.026397403,0.020161157,0.024160506,00002720_010.png
0.016245965,0.14101146,0.0049738544,0.03323102,0.016692912,0.021846116,0.021547506,0.031299945,0.0055742003,0.007934537,0.22655529,0.028494598,0.012909355,0.018967848,00000424_000.png
0.011113514,0.024555389,0.0035008108,0.012398706,0.008442136,0.017980006,0.13654564,0.06140679,0.009454996,0.0097908825,0.028174778,0.024437938,0.00904934,0.010939014,00007624_032.png
0.026595475,0.008423752,0.0030021444,0.86676544,0.04432281,0.17809483,0.047422837,0.018499935,0.015773505,0.010523021,0.10214759,0.01907792,0.059825726,0.00883216,00016778_014.png
0.048211932,0.005392405,0.021622024,0.25340313,0.005902501,0.0023131135,0.037216656,0.007156257,0.014491867,0.01251713,0.07891698,0.68342686,0.039493345,0.018061921,00005653_009.png
0.0043936837,0.009992048,0.0056157666,0.29984793,0.33944425,0.07450777,0.009270458,0.0376211,0.047831032,0.1479715,0.01685911,0.011011317,0.015301274,0.009072335,00001814_006.png
0.018580757,0.017425137,0.004905375,0.2169923,0.00451781,0.015583181,0.14742833,0.01236569,0.04564093,0.5598562,0.009828608,0.019721335,0.021825634,0.00934223,00001911_014.png
0.021769075,0.012621253,0.016113598,0.88094646,0.01530422,0.0075855213,0.072194055,0.012641918,0.018396063,0.8973518,0.0429823,0.019018823,0.010140247,0.008591612,00010773_008.png
0.058033496,0.011461711,0.021545596,0.053114224,0.0504606,0.016139882,0.015859434,0.6668277,0.00980954,0.0126012545,0.9852594,0.008594923,0.042876992,0.01325254,00013111_062.png
0.1086977,0.020920455,0.06075024,0.0150743555,0.005498972,0.01575699,0.08363228,0.0063981987,0.023711605,0.011471927,0.009932259,0.097054794,0.15333757,0.008726138,00016672_002.png
0.19638602,0.07039987,0.62936896,0.28214088,0.007781626,0.30266836,0.45002452,0.027687415,0.058336735,0.051774263,0.009533109,0.035374817,0.10378054,0.020766128,00012045_032.png
0.011473901,0.0050385655,0.0049763448,0.016854977,0.0076280655,0.9780397,0.009921508,0.008955526,0.013794872,0.0076208753,0.007407851,0.016820041,0.008804848,0.006756707,00019479_010.png
0.023320986,0.013693451,0.007928912,0.04236387,0.3079135,0.033270273,0.047556028,0.008525362,0.025473218,0.027808523,0.02405417,0.005058976,0.030454203,0.008972199,00003465_004.png
0.020890282,0.010780966,0.004386508,0.04769956,0.029406413,0.30053443,0.024648277,0.022366757,0.060917147,0.23943967,0.018671319,0.012478401,0.01608885,0.011211702,00000652_007.png
0.0073059695,0.0040538986,0.015778517,0.4838998,0.0076203444,0.025225075,0.12109673,0.15046339,0.048311334,0.15113978,0.2063965,0.0718713,0.027991071,0.01530277,00006425_024.png
0.20732932,0.003746262,0.35779873,0.05321919,0.5710894,0.017510789,0.07068359,0.006166709,0.4602533,0.029113702,0.017653756,0.008003569,0.023770051,0.010172581,00016732_010.png
0.01329567,0.0033396867,0.0070899404,0.83794165,0.012893748,0.030258566,0.3155598,0.14508432,0.013284153,0.012119616,0.063128866,0.0290767,0.044023145,0.00598413,00017138_044.png
0.0048152152,0.0038597814,0.016745323,0.4636046,0.11174408,0.21796079,0.01137811,0.012442855,0.0131036425,0.24791698,0.032125857,0.01037311,0.047647588,0.007137934,00004911_017.png
0.028029291,0.0053164396,0.005899212,0.0068286136,0.01740945,0.013178689,0.015278658,0.010014549,0.02344209,0.0062338463,0.008956596,0.005452361,0.010698814,0.00755512,00019098_000.png
0.7077001,0.009535203,0.11894267,0.0796412,0.42093998,0.017384306,0.029848227,0.19827332,0.5259257,0.0071956916,0.048802137,0.054613676,0.05893867,0.015268726,00008154_000.png
0.0693999,0.008987497,0.057164434,0.37859076,0.24527884,0.14107855,0.014966518,0.2028382,0.086918935,0.010882502,0.067657016,0.8882801,0.6811568,0.03600555,00011054_001.png
0.06052679,0.64604765,0.786565,0.684,0.016305866,0.030247984,0.016165039,0.027217532,0.18462428,0.25524598,0.021611808,0.010332892,0.21610191,0.021937853,00001301_033.png
0.052715853,0.94689745,0.021501744,0.009242552,0.016201619,0.021883775,0.012379168,0.01375427,0.010798183,0.015444095,0.028384134,0.019716598,0.007928386,0.03779604,00003989_012.png
0.17617594,0.010474506,0.0155571755,0.05027573,0.058083348,0.04547119,0.0049363077,0.054188486,0.061791018,0.013694977,0.02508226,0.047983408,0.20650488,0.020360839,00008326_000.png
0.15073252,0.0025913035,0.02936924,0.97565925,0.03318888,0.061756387,0.14795543,0.025852937,0.00362368,0.017552963,0.13220283,0.0737909,0.11937528,0.0055769975,00001483_012.png
0.43576115,0.020242725,0.45408735,0.043563012,0.07447598,0.01842908,0.016627286,0.024237236,0.8368828,0.017248372,0.01691187,0.015654381,0.005393395,0.007088235,00007718_011.png
0.015325355,0.0107207345,0.06777981,0.15960008,0.048450183,0.02523484,0.008729368,0.51665413,0.01886462,0.026580995,0.42201075,0.00859713,0.082071595,0.008422012,00014731_022.png
0.015890017,0.008068572,0.016113622,0.005456192,0.056074586,0.012640974,0.015262088,0.045716353,0.0074473787,0.00951548,0.9642776,0.006196287,0.013352937,0.00837894,00005316_000.png
0.017609,0.073195025,0.017751142,0.88261867,0.011308352,0.007236829,0.24896255,0.0046707876,0.020910364,0.11745654,0.060139116,0.039031066,0.03597128,0.00653554,00001582_012.png
0.030908473,0.007571327,0.37980434,0.87241155,0.073656514,0.21353048,0.29616305,0.20631902,0.01520722,0.05801054,0.030832473,0.19079742,0.67669326,0.010977557,00014015_016.png
0.09572539,0.9537193,0.056716703,0.040927693,0.005222746,0.0068322006,0.028437106,0.01038093,0.017623566,0.041582976,0.07520811,0.41933966,0.023127114,0.036454316,00006481_013.png
0.020460965,0.8271424,0.025914898,0.14618179,0.01701268,0.083387405,0.0076296027,0.078391306,0.020413121,0.008418465,0.0052411477,0.027763948,0.017829055,0.013415987,00005066_033.png
0.018281415,0.0028987345,0.004953668,0.33683097,0.88552344,0.021347724,0.057976186,0.027810208,0.011706115,0.009431709,0.022431223,0.009802692,0.0224268,0.01178421,00011151_001.png
0.09852576,0.0049500973,0.010080956,0.12698996,0.03300547,0.03745615,0.017134393,0.9185009,0.016496623,0.015506057,0.15287088,0.012820061,0.030920701,0.013229587,00010841_001.png
0.061470654,0.012672823,0.026540162,0.3970947,0.025055125,0.014256146,0.15176469,0.018402755,0.041139666,0.96211547,0.010987589,0.012858335,0.009705607,0.01423886,00014452_007.png
0.013994905,0.0070507405,0.012164622,0.3477755,0.026717044,0.020736847,0.036250714,0.018055234,0.012495818,0.73501146,0.07121504,0.007336288,0.0058397227,0.0065541887,00016291_053.png
0.10774735,0.007776337,0.049232155,0.071862936,0.05075261,0.010376252,0.018833699,0.9824399,0.047157507,0.016691543,0.015528493,0.035480276,0.03879919,0.01609141,00008864_006.png
0.041167848,0.005689984,0.019610647,0.006336465,0.30238825,0.013918102,0.004950266,0.022542683,0.5857677,0.0072275717,0.004419075,0.021025006,0.06727707,0.013287684,00010007_049.png
0.0964873,0.94355714,0.027177874,0.019986777,0.013009128,0.016199034,0.01839385,0.019462094,0.009676483,0.015904004,0.019957572,0.026620233,0.020245582,0.04880011,00009323_004.png
0.21328087,0.5649489,0.92598283,0.5379812,0.013345713,0.06281364,0.034503188,0.017547593,0.02966554,0.12206175,0.008884416,0.019216321,0.007498708,0.018566739,00000032_050.png
0.4205617,0.046763904,0.3211776,0.05440459,0.0057027293,0.012725499,0.061842117,0.0073652673,0.10795025,0.78533584,0.010235576,0.009371318,0.005016854,0.012015175,00015732_014.png
0.014173471,0.018143337,0.008517046,0.10438738,0.031511683,0.25244504,0.11825635,0.037734397,0.01939288,0.034723666,0.014738788,0.007875019,0.17499276,0.012519017,00003916_002.png
0.014196248,0.23571253,0.005027908,0.04281741,0.0049548084,0.044034947,0.02451455,0.04574145,0.018575743,0.013736221,0.039958674,0.27512518,0.0771478,0.0211519,00005032_000.png
0.5606243,0.005818393,0.009334439,0.019007066,0.009296222,0.02228722,0.01421194,0.049564198,0.027611354,0.007412249,0.100446284,0.01160406,0.0257206,0.008682948,00006906_014.png
0.050482504,0.23544963,0.009653299,0.039401826,0.0059452327,0.012191249,0.005429067,0.013661061,0.08369696,0.072015904,0.0063870014,0.015781658,0.016390052,0.015801815,00012021_072.png
0.0064034904,0.0069459886,0.011750696,0.14283183,0.009717806,0.008064687,0.07195166,0.011594641,0.14390147,0.76177055,0.010058098,0.014547497,0.009534686,0.010033018,00010012_023.png
0.012436159,0.3339323,0.005842176,0.19055763,0.0065397727,0.05912567,0.016851677,0.0071205185,0.023761991,0.020265937,0.031794574,0.29864243,0.010409469,0.011152797,00017370_000.png
0.12605366,0.010061307,0.5009612,0.060051028,0.01782039,0.018032752,0.056214307,0.7506686,0.0108322855,0.012535284,0.9774789,0.009399647,0.05956298,0.011463899,00019242_013.png
0.031073695,0.03446005,0.8839062,0.67534417,0.07933499,0.26461458,0.035450257,0.050684117,0.24849668,0.03392227,0.01675991,0.15489134,0.2986175,0.0136311725,00013993_081.png
0.37614095,0.017271874,0.6037791,0.05736211,0.031440128,0.03900819,0.022919104,0.3545113,0.008397128,0.00952226,0.020031812,0.016419135,0.42031875,0.011175544,00002939_003.png
0.008053043,0.0055363225,0.0026347907,0.2916387,0.108215384,0.19294116,0.011180788,0.00683035,0.015410772,0.023919888,0.012477138,0.09843476,0.028443694,0.017259592,00009116_002.png
0.010395777,0.02097359,0.028923064,0.62270707,0.6857214,0.04097369,0.035085868,0.010620155,0.0056854757,0.29100794,0.018674443,0.013151277,0.009303409,0.014464448,00004299_011.png
0.010615467,0.014601879,0.0077359364,0.08018308,0.052073866,0.5664032,0.013785254,0.013190216,0.011425069,0.02782437,0.019262642,0.017210994,0.014421091,0.014951124,00002927_000.png
0.11369759,0.011826013,0.00674206,0.04712914,0.015866695,0.030643605,0.01791815,0.3197744,0.007866031,0.004142199,0.08385756,0.009840727,0.019039849,0.008080652,00009850_002.png
0.026251663,0.006218307,0.2135641,0.1405584,0.057279665,0.014720125,0.02279152,0.009413892,0.027266111,0.931546,0.024091197,0.00733899,0.01300878,0.0130822295,00005113_001.png
0.083970174,0.01651097,0.017604562,0.8223483,0.45348415,0.07462977,0.0496872,0.050125476,0.5796263,0.03855691,0.14323114,0.01422415,0.0085645355,0.013125162,00015112_005.png
0.04726253,0.004272918,0.0045904503,0.005389626,0.0030427405,0.013244179,0.00991257,0.081300594,0.17754638,0.011894005,0.10081038,0.01585164,0.016655056,0.014454135,00009166_003.png
0.08315171,0.041202243,0.0020497954,0.014033055,0.018744435,0.028828276,0.01682149,0.015196126,0.007290689,0.011612145,0.15891321,0.02160385,0.015032191,0.010491675,00009638_016.png
0.3832778,0.004724455,0.049380515,0.2520013,0.064738184,0.010070878,0.03966056,0.20141557,0.14832762,0.07025903,0.017336516,0.010698249,0.071376674,0.009720363,00008256_002.png
0.09372437,0.011315845,0.018743558,0.009689364,0.009809049,0.012993848,0.092402816,0.0075933007,0.025652578,0.0064748107,0.04966386,0.41440818,0.008196864,0.18926401,00019059_001.png
0.013601163,0.017499266,0.005350021,0.10994985,0.012930309,0.09155638,0.05288693,0.004270304,0.029180992,0.030357342,0.019728795,0.9609117,0.009277348,0.018135687,00000723_002.png
0.21659102,0.008483102,0.04282969,0.0056353295,0.007903417,0.022312066,0.013616216,0.034299877,0.08434706,0.19216892,0.023341376,0.0076375464,0.01835232,0.014051043,00015401_007.png
0.13386686,0.008612889,0.061975215,0.012467305,0.008001836,0.05134047,0.007951403,0.48900506,0.0068534105,0.0052684164,0.5984563,0.017968077,0.059635147,0.010586284,00006485_003.png
0.028809164,0.007320103,0.013992511,0.88023615,0.025670253,0.007920469,0.33748555,0.035936344,0.013223763,0.038216658,0.029790696,0.20245782,0.15695854,0.013812276,00002711_000.png
0.073528655,0.8800666,0.012494764,0.026510192,0.0063133924,0.029502122,0.020539809,0.014503641,0.007280443,0.018873667,0.05225011,0.056468256,0.037630472,0.036595944,00004725_001.png
0.03748795,0.004462309,0.07742848,0.1560076,0.04042527,0.034977354,0.1124927,0.002958703,0.033950612,0.06439998,0.0032143479,0.019518146,0.17847057,0.0078674825,00015343_003.png
0.023371963,0.0031300175,0.0061195726,0.72128505,0.014640848,0.044782504,0.018760413,0.120276935,0.039702527,0.036927048,0.022209859,0.016641332,0.020381192,0.010252879,00011033_002.png
0.017642124,0.0032069145,0.16214554,0.3357934,0.977437,0.07092639,0.01629079,0.005200302,0.028740276,0.013980035,0.01107394,0.17089336,0.075658254,0.010316993,00013648_026.png
0.021897122,0.893979,0.033680182,0.008093838,0.050122432,0.038365975,0.012360123,0.015485682,0.016478738,0.024833487,0.028879358,0.008782184,0.020781025,0.086142674,00001739_000.png
0.016663438,0.010222478,0.0144776,0.51014143,0.045232885,0.8827315,0.011846845,0.082437515,0.052177254,0.01063864,0.024431556,0.030489596,0.027704712,0.011156353,00001200_012.png
0.020398453,0.009628868,0.004318672,0.009675803,0.0071952455,0.007868531,0.012971045,0.0076287184,0.032352414,0.017088337,0.006707439,0.0061567375,0.009979028,0.00593925,00006220_002.png
0.011596323,0.0057092872,0.009738794,0.14949517,0.014098242,0.022968154,0.028420696,0.010199177,0.021159286,0.018104564,0.029349558,0.8527276,0.017737886,0.022148767,00001205_008.png
0.21390186,0.009753866,0.025371736,0.012866242,0.185879,0.039188005,0.0062814467,0.06470573,0.018078433,0.0060644737,0.124134645,0.044985667,0.020919513,0.013205792,00015831_006.png
0.0207227,0.006687606,0.019310478,0.20569365,0.5955538,0.09830563,0.023003634,0.023834871,0.37199825,0.2222534,0.019028658,0.0094556445,0.010727256,0.009270601,00014398_017.png
0.19337913,0.006883888,0.008360422,0.0077737104,0.018934315,0.008478061,0.0058071963,0.26898104,0.03495789,0.004052003,0.074238576,0.082892016,0.09205552,0.011804474,00007411_003.png
0.023321074,0.66558534,0.012763633,0.10944303,0.006772714,0.09096348,0.02834565,0.015122878,0.013700628,0.013937678,0.021963492,0.017017387,0.014199039,0.050780967,00004251_000.png
0.0063716536,0.007850149,0.0034638694,0.2905875,0.14965975,0.08333406,0.025926325,0.05051442,0.033987883,0.046543434,0.0129431635,0.007793317,0.007486953,0.006608265,00019700_004.png
0.012590852,0.006730218,0.01762804,0.004920654,0.07747477,0.009118005,0.012746647,0.013278397,0.053293724,0.02893103,0.017589724,0.012914302,0.011976142,0.010020887,00011402_007.png
0.007900176,0.0099029485,0.0051633203,0.6833934,0.032248575,0.067794435,0.10607281,0.044945378,0.021123614,0.0369874,0.007957002,0.17629,0.22978841,0.009493315,00008888_004.png
0.024587728,0.09510035,0.045686774,0.093353964,0.008302627,0.12860449,0.008647504,0.010403203,0.06558065,0.021536052,0.00599878,0.06800623,0.39661908,0.020956267,00006166_000.png
0.2441904,0.010164513,0.085177995,0.091383316,0.023046983,0.0061798682,0.014775505,0.76724815,0.05405688,0.013124846,0.08565829,0.007010481,0.01502298,0.009578991,00010123_002.png
0.29016864,0.010438469,0.044959944,0.098323256,0.021156797,0.118806906,0.019562844,0.08267962,0.01859519,0.025858235,0.68769044,0.08159055,0.023395736,0.15788549,00011347_001.png
0.019317022,0.011529649,0.034899425,0.027554484,0.15149716,0.30196962,0.0060892683,0.040881813,0.02654957,0.008033066,0.0034757573,0.013458464,0.48461208,0.00868769,00016772_026.png
0.0210161,0.009003757,0.0043422477,0.23957485,0.07105491,0.062321875,0.041863397,0.16706562,0.007945019,0.024883248,0.8186741,0.019282466,0.0054385164,0.011859892,00016270_002.png
0.038043197,0.8799224,0.0175551,0.10863705,0.016741076,0.013648892,0.007130754,0.011656928,0.065848604,0.019507183,0.014087416,0.010889135,0.011505719,0.011149732,00004526_010.png
0.017790094,0.0065397075,0.030328209,0.07170044,0.38995543,0.82321084,0.05788214,0.020404449,0.029010836,0.15156403,0.020994294,0.05130457,0.37466204,0.01678855,00013937_009.png
0.009821311,0.0043391404,0.0047107795,0.51686686,0.013242908,0.56123906,0.28334782,0.018323114,0.038982913,0.3475772,0.020199928,0.019954247,0.02297788,0.009492028,00011702_014.png
0.03687139,0.0075582643,0.10166956,0.73743725,0.27924156,0.052547127,0.105131626,0.018720655,0.25517458,0.021476142,0.0062152226,0.031238366,0.03975998,0.010053104,00007007_003.png
0.014659425,0.008917497,0.010325678,0.06646482,0.014391186,0.084490225,0.015120309,0.008401838,0.40965968,0.00810154,0.0032763458,0.022573315,0.025376724,0.007828419,00008510_001.png
0.08337614,0.028349182,0.18685836,0.26051292,0.05600607,0.037890896,0.051879548,0.009996888,0.050341062,0.969269,0.0121492995,0.009783465,0.009580949,0.0131402165,00019730_001.png
0.010824079,0.0069443975,0.0054524723,0.003282204,0.011612605,0.0055024675,0.020440992,0.00736357,0.022141183,0.011088316,0.012894902,0.0076271994,0.0042059645,0.00861253,00017004_001.png
0.011346577,0.017086502,0.010113727,0.053771883,0.006198736,0.008507082,0.007889371,0.29491344,0.017781107,0.014126185,0.025415024,0.020880038,0.026409306,0.008130625,00012094_035.png
0.011829023,0.0095001,0.020303294,0.10683408,0.022952035,0.04042084,0.024818446,0.9489996,0.010579939,0.028488204,0.9330899,0.04065149,0.025698097,0.013287965,00011460_056.png
0.02585214,0.008207441,0.008091215,0.017818328,0.038716454,0.16942851,0.053596355,0.08568049,0.0068731876,0.008111473,0.008141957,0.03848602,0.19240573,0.009056401,00017001_000.png
0.013934414,0.0037359241,0.025699811,0.8102646,0.1385818,0.09680776,0.28418913,0.017327324,0.020348102,0.5532258,0.0074827624,0.027036881,0.026238421,0.010260744,00013342_007.png
0.09890461,0.007324609,0.922713,0.5145396,0.15202025,0.03556331,0.3935774,0.12671392,0.021138703,0.02736012,0.022041995,0.033944614,0.6191016,0.018632462,00009925_040.png
0.046172265,0.005611691,0.020018665,0.0055002444,0.020260738,0.03344025,0.06937856,0.0075518,0.016847156,0.0057074167,0.061031148,0.07908607,0.2928859,0.013930477,00003219_005.png
0.1564058,0.011565533,0.039468933,0.29088983,0.0065253396,0.016725348,0.07277277,0.35288462,0.025745867,0.033032157,0.05645011,0.15136099,0.024768103,0.007471488,00006717_006.png
0.00827483,0.025800262,0.13433196,0.9256157,0.0380375,0.023419153,0.10657431,0.020495404,0.77522045,0.06958823,0.012994937,0.014239156,0.028856758,0.00897935,00011702_028.png
0.09432306,0.008924596,0.034041144,0.44489485,0.023774046,0.06671234,0.20130281,0.028071538,0.34094515,0.6121954,0.010775775,0.014586792,0.06581832,0.019486617,00005372_008.png
0.34891653,0.028775277,0.112749524,0.78680676,0.009865597,0.0063454877,0.10288294,0.018096713,0.017636886,0.020723242,0.026709411,0.9096964,0.038549013,0.010574694,00010125_003.png
0.02674381,0.005828209,0.8094142,0.08726101,0.61499816,0.028673803,0.02935898,0.0049513723,0.5886789,0.035769977,0.013221925,0.043861724,0.041479047,0.010439622,00014398_005.png
0.025916964,0.013847627,0.01644428,0.010860392,0.01545356,0.44240338,0.005574763,0.0037659255,0.035452474,0.011338321,0.0054386375,0.014225167,0.009678837,0.013223295,00003248_002.png
0.07841422,0.010115613,0.9045881,0.13617569,0.27841374,0.043657124,0.061651763,0.0068099983,0.023945529,0.046778318,0.06280703,0.2941526,0.12795448,0.08610869,00012003_001.png
0.013732398,0.008672016,0.020556632,0.42044544,0.004816088,0.013755168,0.18646972,0.011078616,0.0076628174,0.95658374,0.010497151,0.011461906,0.010007654,0.006703641,00014362_009.png
0.014782261,0.01949755,0.012188465,0.015495295,0.03104179,0.02610957,0.030539801,0.016845237,0.012922741,0.00642965,0.023849422,0.0095632505,0.027315872,0.010401067,00010904_000.png
0.02284382,0.0082374215,0.011315792,0.057588216,0.019748377,0.05445674,0.074820764,0.005138592,0.01234704,0.0067965467,0.023769967,0.88070995,0.1304438,0.022633672,00010439_000.png
0.017846055,0.013534891,0.004665617,0.007469886,0.008315559,0.018605238,0.021779882,0.00733358,0.009309476,0.00793784,0.010093845,0.012408414,0.013164893,0.011325697,00010857_001.png
0.025412897,0.008149863,0.012666214,0.063894495,0.012234116,0.15314116,0.051407687,0.5964611,0.025485514,0.021584053,0.06588909,0.019382078,0.3999466,0.010607983,00001170_040.png
0.014082615,0.0062976107,0.0033923197,0.22509536,0.079250954,0.43548816,0.12822488,0.011564939,0.034858186,0.6297102,0.019181358,0.015065226,0.0064427042,0.013491155,00012364_029.png
0.028984731,0.11701214,0.6846151,0.44735214,0.1619568,0.09872785,0.06511828,0.0092462385,0.39065266,0.78211886,0.019231543,0.034134194,0.016402494,0.028887805,00000766_013.png
0.054332774,0.057162795,0.0937867,0.029153125,0.01793242,0.0039976044,0.016655643,0.007095357,0.084100425,0.5439448,0.008588688,0.019009562,0.0043071583,0.01259413,00014798_005.png
0.16729064,0.0051274174,0.06536542,0.19470452,0.060778424,0.008888389,0.07664858,0.011952051,0.037726723,0.013350639,0.012720821,0.9318819,0.047542747,0.024956191,00016166_012.png
0.15067703,0.13282658,0.5818117,0.88594484,0.00437936,0.033165403,0.49085835,0.012436352,0.14043672,0.6474339,0.0071306997,0.022555787,0.019704776,0.009261291,00016291_031.png
0.62689024,0.0081879245,0.0405153,0.009069639,0.40481058,0.055514235,0.011042887,0.0439202,0.15736482,0.0049665133,0.022627182,0.0098856315,0.51855767,0.014498115,00014919_014.png
0.049157225,0.04295173,0.015022704,0.5994389,0.02512809,0.012598667,0.011622659,0.01999469,0.26553187,0.06562587,0.012299008,0.017062798,0.033339914,0.013498105,00010384_002.png
0.017661482,0.0066223685,0.00632125,0.9475335,0.04932195,0.021060914,0.052887194,0.7712959,0.00626383,0.02298063,0.08270045,0.05010578,0.009562398,0.0041817795,00018921_008.png
0.07394027,0.017396625,0.016829371,0.08599622,0.11737777,0.009932423,0.010090801,0.0056523564,0.07061468,0.010136285,0.006158018,0.0077127838,0.22738709,0.009879255,00011553_038.png
0.22960481,0.018285943,0.04477767,0.8552631,0.09108719,0.5325188,0.011529824,0.21270436,0.060042694,0.01377716,0.044607546,0.02282219,0.027002623,0.00936318,00002611_005.png
0.38129246,0.09447434,0.6519024,0.33135208,0.13063712,0.14380157,0.03950248,0.010726744,0.5602732,0.010061251,0.0031496135,0.00760565,0.029860362,0.016723905,00005270_005.png
0.022183726,0.03564681,0.021068923,0.16093956,0.015495716,0.006252961,0.06263504,0.0359817,0.0046194782,0.020989358,0.004876496,0.16967008,0.16301633,0.010581351,00000778_000.png
0.03531608,0.014534137,0.015305291,0.07090925,0.018079765,0.06851726,0.03376022,0.44800133,0.016170759,0.0035325026,0.06196881,0.010356005,0.038353946,0.0076873926,00006549_005.png
0.017886285,0.0066316007,0.011011202,0.7423292,0.011620417,0.012143485,0.30760363,0.21653555,0.028384082,0.041175444,0.2301735,0.014457457,0.013880229,0.012076087,00015646_060.png
0.29082888,0.9811395,0.54819983,0.1577831,0.0057467604,0.007934645,0.022800867,0.02155772,0.025402434,0.03395818,0.01989423,0.05727991,0.044904385,0.018048285,00000211_024.png
0.03597014,0.018788014,0.002446954,0.8591262,0.013990354,0.015340032,0.08262046,0.036349103,0.016567225,0.0715683,0.66716105,0.024126986,0.0058483495,0.011300181,00014032_010.png
0.007215169,0.009758911,0.0039137197,0.7923654,0.1837167,0.75913703,0.12322025,0.37915146,0.054305017,0.06583453,0.018204248,0.028063424,0.015651405,0.0075870943,00018126_033.png
0.027701443,0.0066769845,0.024370447,0.012634261,0.06981951,0.9243319,0.011323882,0.0059616338,0.015734939,0.0074136485,0.019775355,0.06597273,0.06206347,0.013642449,00015369_001.png
0.31276834,0.034492176,0.24877939,0.41364148,0.009029537,0.015761444,0.06292052,0.013442791,0.10923046,0.8430794,0.014828137,0.021044148,0.0054498175,0.011327673,00010222_015.png
0.029174868,0.0030905467,0.024846844,0.03910274,0.15346575,0.021032078,0.015928283,0.0043654814,0.04866251,0.034522936,0.009113714,0.011769067,0.3545564,0.007479594,00018610_012.png
0.02644417,0.0054004593,0.07310954,0.1408453,0.7072696,0.12393891,0.03609286,0.0027598983,0.027532922,0.006279628,0.006712801,0.019045474,0.1349404,0.015663775,00017685_002.png
0.019276934,0.0071921735,0.047508683,0.83363676,0.06291584,0.013797278,0.1791602,0.0071135103,0.2788825,0.3285689,0.016194133,0.021723578,0.02490938,0.010533648,00010773_017.png
0.07881827,0.019972982,0.020097429,0.12041329,0.02577866,0.070484534,0.022465136,0.090484336,0.04129583,0.03524953,0.40520647,0.5398551,0.055527866,0.238731,00015384_006.png
0.031640843,0.038065076,0.6191332,0.012184373,0.086203165,0.013609136,0.02241488,0.013441508,0.029367557,0.02426541,0.0037522803,0.030709194,0.03422,0.033825908,00018044_038.png
0.010113652,0.006345497,0.019733148,0.51822007,0.02456907,0.09656837,0.20240119,0.061565544,0.025492746,0.71481335,0.15679881,0.043359302,0.018956542,0.017258404,00017405_018.png
0.2478288,0.012599813,0.14057362,0.66898006,0.21628939,0.08669181,0.023420801,0.035123937,0.23841996,0.018172598,0.012447754,0.014971523,0.83096796,0.018728275,00013471_022.png
0.072145246,0.0068478007,0.3735131,0.05222715,0.50110793,0.042325705,0.014153345,0.010242224,0.39469668,0.015421353,0.00406509,0.009220633,0.13203405,0.008602886,00010007_067.png
0.02153318,0.008925777,0.00585692,0.0067904405,0.014920556,0.0086807525,0.009660211,0.71809417,0.018476766,0.010014961,0.11153437,0.0066927583,0.015754653,0.009532794,00012087_020.png
0.020517943,0.0035845304,0.0032138145,0.042579025,0.06575512,0.32304683,0.020664783,0.04993085,0.01210404,0.007969195,0.020885186,0.03448929,0.06585197,0.011178194,00001781_002.png
0.043372363,0.0063097975,0.038271755,0.03746706,0.035108395,0.14149933,0.037130296,0.18327329,0.13948283,0.006135277,0.038445264,0.06404455,0.69064957,0.01250686,00014022_028.png
0.02931428,0.011224538,0.004483636,0.5274065,0.42981917,0.03797287,0.13960391,0.008577708,0.019106066,0.1426232,0.015004258,0.011327304,0.02421255,0.015801942,00002505_014.png
0.011601774,0.005304913,0.005304702,0.021140581,0.0067071468,0.02931654,0.010453813,0.007209856,0.011194375,0.008714436,0.059527054,0.9186699,0.019834287,0.008137234,00013837_000.png
0.52554137,0.115047365,0.14835185,0.10358234,0.8243445,0.15782875,0.052884426,0.09494358,0.5933616,0.18248625,0.015002335,0.007120839,0.020299766,0.01498841,00015440_000.png
0.2510663,0.016729614,0.8200195,0.120830804,0.08589778,0.15858003,0.03703829,0.017519297,0.047098834,0.018897817,0.02188342,0.3458752,0.870676,0.021664785,00014813_000.png
0.0072910893,0.015097396,0.010593344,0.017186983,0.009291699,0.10304111,0.04045323,0.017598625,0.0063712243,0.018982735,0.018887306,0.5719338,0.09609472,0.011079514,00005577_004.png
0.14910811,0.008994142,0.021608945,0.2274862,0.040491693,0.026858922,0.015937913,0.9759253,0.025304472,0.0040179896,0.19300051,0.02116871,0.029424844,0.00587778,00018366_018.png
0.030971572,0.004218922,0.031566832,0.01623322,0.01718046,0.009064172,0.008272685,0.05737898,0.012802566,0.0077958535,0.99012226,0.011497289,0.079273075,0.009298976,00019238_009.png
0.05465005,0.0041903285,0.016956042,0.012920224,0.037829373,0.008111596,0.23417763,0.0056363842,0.010514417,0.0054320027,0.18445428,0.06415001,0.011990319,0.011790821,00010315_000.png
0.065177284,0.007859509,0.0050723855,0.3859652,0.011463987,0.06578864,0.010607041,0.13354617,0.32629707,0.0075580277,0.007910692,0.0158321,0.031036975,0.0066441013,00010805_045.png
0.014421586,0.0069619757,0.023193745,0.0778903,0.12459273,0.018854927,0.0073082,0.012855103,0.019708306,0.007242278,0.21438767,0.18982898,0.6285565,0.01802382,00002628_002.png
0.034284703,0.98591787,0.25693333,0.03265595,0.00795785,0.007750046,0.01024764,0.015540051,0.01266984,0.0371598,0.012384252,0.03551975,0.019030442,0.020632962,00000728_000.png
0.0130687365,0.006208811,0.015023954,0.044995796,0.014828541,0.038805958,0.016578728,0.71038145,0.005095093,0.013701935,0.99398154,0.010687903,0.0089717405,0.0067826807,00008468_033.png
0.03742922,0.0048623364,0.012937341,0.077259265,0.021280622,0.070079744,0.014646598,0.05423681,0.0073467623,0.024746384,0.9914014,0.010197213,0.0064929402,0.008251009,00016455_001.png
0.06120597,0.008530047,0.0299157,0.03046897,0.02015649,0.011154286,0.064082876,0.33284032,0.007375088,0.013534242,0.9347194,0.007781081,0.016713565,0.011725356,00017747_005.png
0.043248113,0.022347497,0.025966497,0.01603731,0.8653804,0.2548526,0.012850953,0.01376703,0.009457882,0.017487489,0.0045197452,0.0045690276,0.015843598,0.011736274,00012413_009.png
0.013851561,0.014234597,0.0034434816,0.116241254,0.004085312,0.008972453,0.07797277,0.04183918,0.01874165,0.12007012,0.03922072,0.061631855,0.02032572,0.008236311,00007328_008.png
0.03353315,0.62321806,0.02196638,0.072211705,0.014099256,0.04934561,0.017162723,0.015623843,0.06521183,0.123643614,0.005617686,0.0057711117,0.0035195516,0.0139678875,00013407_003.png
0.043126,0.00853542,0.08671369,0.18383797,0.05104908,0.021514675,0.02934107,0.60952926,0.013055698,0.012040556,0.89722186,0.027609639,0.09134658,0.042488948,00020085_008.png
0.033357546,0.06459914,0.025110066,0.03346962,0.011027749,0.018023167,0.10313089,0.021984344,0.044364385,0.2248174,0.007103144,0.015229717,0.03507708,0.020048032,00017124_004.png
0.01184421,0.014203352,0.002856394,0.04906436,0.0370005,0.20705703,0.031844027,0.0038603751,0.09713692,0.022103913,0.02400898,0.017255548,0.010681179,0.015629865,00009185_003.png
0.006443061,0.014964,0.053740717,0.00765386,0.021135045,0.029050505,0.0061728843,0.016027763,0.054744568,0.04205601,0.0031562515,0.0050715823,0.08102308,0.0093990825,00014871_006.png
0.053936463,0.009285205,0.038808197,0.08750342,0.25709692,0.05148135,0.05228814,0.44136316,0.03180347,0.02792673,0.9535828,0.011385145,0.022541087,0.019204773,00016064_017.png
0.014755876,0.0078608,0.0043593715,0.008554831,0.02455085,0.011604387,0.013445549,0.00867916,0.05538656,0.23669681,0.00867976,0.0060913637,0.0070628896,0.006965827,00015572_003.png
0.012830941,0.0058418848,0.011857729,0.024758235,0.016820308,0.07764917,0.007952284,0.025741635,0.011799663,0.01010468,0.19107477,0.7287722,0.5484726,0.017224606,00000204_000.png
0.0504257,0.078291096,0.009356181,0.03647076,0.053209268,0.11664375,0.027804656,0.005075563,0.027986147,0.008692187,0.025845844,0.032001924,0.021992907,0.018200034,00013894_052.png
0.08150603,0.005025771,0.003373196,0.051235504,0.026595565,0.052660104,0.018596191,0.010942719,0.024899166,0.010624947,0.064257376,0.67519164,0.2413148,0.019710917,00009431_000.png
0.085069425,0.007916918,0.011429399,0.7087596,0.015472325,0.018858906,0.33616227,0.028895637,0.0509335,0.74311537,0.023523042,0.012803,0.009226511,0.01216213,00011966_012.png
0.25605237,0.8036589,0.018258588,0.01671626,0.091520295,0.030986456,0.031824443,0.05498649,0.058950864,0.024100555,0.064600766,0.04729113,0.02470629,0.039150093,00004822_051.png
0.019018935,0.0033916428,0.004766293,0.19379306,0.010298624,0.007927742,0.019929254,0.017018415,0.01070921,0.013477681,0.029669818,0.82118994,0.06832762,0.0111589255,00015557_004.png
0.028539471,0.031732634,0.011762945,0.02383311,0.0080558965,0.024982568,0.34559414,0.0059340554,0.0085329665,0.010376291,0.02246474,0.7064246,0.016691362,0.020239793,00000552_001.png
0.024580471,0.01217751,0.032718662,0.24380814,0.77822703,0.69883347,0.023338588,0.025262225,0.057829298,0.13781495,0.01812972,0.007893739,0.0067165247,0.014638894,00018213_000.png
0.00992826,0.01461986,0.0033145708,0.07826968,0.03458441,0.047194675,0.0045821364,0.009428051,0.00790086,0.04463677,0.0041661947,0.012684904,0.055876397,0.007143096,00019088_000.png
0.016431909,0.018709179,0.007661124,0.10079423,0.010080604,0.01052057,0.06691209,0.052667633,0.0066087525,0.007593107,0.02062129,0.049490817,0.12657654,0.014700209,00007700_002.png
0.04440488,0.021463614,0.006709661,0.3261947,0.49647567,0.43826148,0.20948443,0.013976112,0.06628259,0.5160844,0.037253853,0.012378963,0.022519218,0.016989155,00017236_089.png
0.08968571,0.013902739,0.16676944,0.6929932,0.23516937,0.37752834,0.0106643215,0.022055542,0.7587727,0.05034042,0.010952652,0.014173786,0.11436165,0.013080114,00012609_007.png
0.0058055115,0.009616398,0.014909277,0.42036277,0.018662315,0.041307367,0.015335366,0.8078981,0.015116865,0.030332869,0.86056805,0.10139187,0.022282593,0.013375936,00002275_005.png
0.005881548,0.0049886466,0.0038769266,0.005636211,0.028160743,0.083550565,0.052007735,0.010146098,0.015846195,0.015931325,0.07524822,0.05848847,0.023205401,0.022342155,00009878_000.png
0.019643972,0.0022757158,0.1066211,0.30677828,0.40757012,0.015827332,0.10476076,0.0092599075,0.085600406,0.009334779,0.007330269,0.22748782,0.18652497,0.013198052,00006188_001.png
0.24472155,0.037884045,0.19988221,0.8005816,0.043010976,0.14632484,0.20003922,0.057991117,0.071174085,0.84095824,0.026095267,0.014900071,0.008352479,0.0182049,00018187_030.png
0.01824263,0.020799289,0.0048600226,0.0035577796,0.005963118,0.015047908,0.016131373,0.22092791,0.016749289,0.032422896,0.07411601,0.020360155,0.01834994,0.013569755,00003337_004.png
0.019803945,0.015459241,0.0057394984,0.009138313,0.009878433,0.17872547,0.0349003,0.018836148,0.017285103,0.010597643,0.03214367,0.027892908,0.036881387,0.060337953,00001328_000.png
0.1269281,0.010839569,0.01729417,0.04118826,0.048375554,0.017117523,0.034520585,0.0045414483,0.031126002,0.0147284055,0.030726388,0.9569166,0.011831358,0.017195007,00012245_003.png
0.20505516,0.0048692445,0.0034481431,0.07208542,0.037997086,0.003958296,0.033463113,0.08417211,0.018316494,0.00548917,0.037835103,0.2612461,0.14551832,0.011831308,00019233_004.png
0.5949806,0.012745363,0.047972646,0.061156884,0.0065572504,0.009750334,0.11245648,0.23511384,0.013545101,0.0282189,0.018034922,0.020174302,0.020020476,0.010968527,00005372_025.png
0.44068778,0.01075944,0.0056694783,0.043018658,0.049553886,0.023336377,0.013018707,0.026773153,0.03039766,0.00870765,0.0056854296,0.03439344,0.031855643,0.0062666293,00009621_007.png
0.05477026,0.9651369,0.46391994,0.33927736,0.024327913,0.018870777,0.037308037,0.014296132,0.057394076,0.14689586,0.009015413,0.023666713,0.10963441,0.025978746,00010897_010.png
0.005819016,0.786242,0.007000864,0.02208477,0.003504854,0.010454574,0.011196224,0.022512449,0.006084488,0.013844724,0.023876958,0.0146392435,0.011720274,0.0122781955,00010095_000.png
0.015732309,0.52513653,0.121305116,0.6613146,0.022224862,0.024182186,0.14015725,0.0053889514,0.06136183,0.7217919,0.012509004,0.011096816,0.0065271603,0.01418889,00018187_028.png
0.17899567,0.012378666,0.008657439,0.04016409,0.0072419797,0.0074511897,0.044122044,0.0072226976,0.013364475,0.014292389,0.13632666,0.7474882,0.011244885,0.016970675,00005203_000.png
0.02857313,0.6819266,0.10034712,0.029631749,0.0056294887,0.007909277,0.09233482,0.018473556,0.027809948,0.03179381,0.01239309,0.07537778,0.019673595,0.019584555,00001582_023.png
0.011289883,0.0072455774,0.13734537,0.6102445,0.022434892,0.20025094,0.047725815,0.105615415,0.008389294,0.049454886,0.022590317,0.033288468,0.90588117,0.006974243,00016244_005.png
0.027619813,0.0051442743,0.0052313516,0.5653663,0.034311354,0.051379927,0.046308536,0.083429284,0.38843536,0.0695344,0.013327474,0.0132052265,0.011154092,0.009976291,00008745_030.png
0.036489412,0.13683979,0.0095664,0.2394746,0.016546208,0.054830417,0.028367655,0.010340505,0.09049226,0.014978768,0.008335719,0.8499191,0.04494688,0.052953154,00000901_004.png
0.011102537,0.05616012,0.042889383,0.030825613,0.058337774,0.04698068,0.006394438,0.004576342,0.07477194,0.088539846,0.015217306,0.006997484,0.0034814123,0.010690338,00002763_006.png
0.80221695,0.034222588,0.012204286,0.5537902,0.063277125,0.019643059,0.12887992,0.11643602,0.007497253,0.0058478285,0.14024256,0.029055025,0.045488797,0.009154913,00013052_008.png
0.09979199,0.0075780693,0.06496515,0.020339416,0.02410962,0.10863806,0.41290468,0.019787516,0.034920324,0.10816807,0.0056741117,0.02224161,0.0223982,0.014931705,00017846_005.png
0.0034941963,0.035576165,0.25158182,0.2232411,0.047137864,0.0059775785,0.016229589,0.022738166,0.28605938,0.14432971,0.0044578332,0.021540936,0.0067269765,0.005991517,00018867_038.png
0.1628547,0.009170021,0.056608126,0.09428376,0.12623069,0.08206423,0.016606536,0.10859068,0.020593561,0.034326825,0.97930557,0.0088928435,0.01693158,0.012263083,00014731_015.png
0.24212275,0.07788987,0.4675033,0.14588979,0.04135967,0.0220189,0.030936874,0.01139106,0.64026487,0.6306823,0.0155329555,0.009892477,0.007645965,0.013151661,00009892_015.png
0.026115233,0.0044455105,0.010865393,0.037739165,0.018187981,0.053023513,0.049273632,0.005324177,0.07522442,0.3237455,0.036767904,0.008486647,0.018936047,0.0104134185,00004065_008.png
0.37981254,0.009521928,0.0049661435,0.077959605,0.011182833,0.07076755,0.040053044,0.042667095,0.11749473,0.0047289976,0.0129667185,0.022574699,0.05659416,0.014448774,00006047_002.png
0.006891289,0.018804489,0.0054324693,0.0054421006,0.0064297724,0.0059470423,0.01603278,0.009822772,0.0072402735,0.012700422,0.009776538,0.0062681767,0.00843881,0.0059475666,00002214_002.png
0.2510221,0.016628651,0.08284454,0.25549725,0.013896163,0.014407319,0.11479205,0.007841623,0.016043548,0.025217218,0.13929279,0.710272,0.008528854,0.022116717,00003996_011.png
0.12867206,0.011276351,0.053454436,0.5843605,0.029409114,0.111662015,0.022633312,0.00727365,0.009031556,0.7251643,0.0491609,0.01675845,0.0067526605,0.012811833,00011291_004.png
0.03276915,0.0780375,0.009245553,0.9060465,0.008245678,0.028996328,0.060130592,0.005839127,0.12692298,0.17879234,0.010281855,0.020309804,0.011887489,0.011016676,00017504_035.png
0.02855628,0.011154092,0.004617017,0.015589361,0.00835049,0.01058241,0.011173236,0.14666066,0.0046601924,0.009373469,0.9836578,0.009044543,0.007369247,0.010231349,00015530_059.png
0.026893342,0.01603151,0.015267047,0.8250813,0.14749967,0.021504022,0.015707219,0.012432594,0.10350652,0.049966943,0.005109522,0.014287709,0.016090339,0.008136807,00006271_004.png
0.0051867426,0.008822768,0.015222515,0.86815727,0.021791942,0.015535509,0.06282825,0.005532414,0.026875861,0.92276484,0.009682115,0.033674456,0.008917816,0.0056735035,00016696_003.png
0.06514819,0.0042876094,0.012578704,0.020617,0.008884101,0.032039013,0.05119316,0.9250187,0.0129696475,0.006762019,0.18057042,0.012598176,0.015198354,0.0081566535,00011460_044.png
0.13371629,0.036272995,0.2551082,0.033542253,0.035192583,0.004769085,0.038571548,0.50080615,0.01024987,0.004239908,0.6011041,0.028618818,0.12798218,0.023060367,00014358_017.png
0.69371897,0.012271767,0.05032922,0.0132921925,0.045303546,0.031427648,0.035492264,0.20656487,0.11993346,0.01720056,0.8743432,0.011511719,0.021171942,0.018342393,00015848_003.png
0.41630498,0.0064328583,0.06333487,0.011714017,0.019470809,0.06695294,0.061537463,0.0039743343,0.096827276,0.049530048,0.009407859,0.010408722,0.008868202,0.011970377,00011672_002.png
0.14040722,0.0069692116,0.42414802,0.10188732,0.22326802,0.012380777,0.011083763,0.2900936,0.14142025,0.03700657,0.5052254,0.015432447,0.03511782,0.011630357,00008561_006.png
0.29636008,0.0043048416,0.25440073,0.1132006,0.2777292,0.04386254,0.07448332,0.045372672,0.10623136,0.023821848,0.01838771,0.081775114,0.010994535,0.0111664515,00018427_004.png
0.010295591,0.006098447,0.0016337198,0.55374086,0.013625275,0.08017104,0.082522064,0.02490663,0.12487588,0.04690207,0.011771446,0.061961487,0.010345055,0.007693069,00012620_001.png
0.029673722,0.1025657,0.021853918,0.0071359947,0.29723963,0.05786363,0.039895687,0.010886984,0.052291118,0.017105741,0.0053013037,0.0054221405,0.0070256004,0.016404618,00011886_001.png
0.5790886,0.007981781,0.022955965,0.8179482,0.07910001,0.02158212,0.06446845,0.118893825,0.012001989,0.007317948,0.12601689,0.03778046,0.023492437,0.009789902,00011808_011.png
0.09733223,0.00656786,0.2623743,0.21641634,0.7565337,0.115423664,0.016581744,0.038012836,0.1455916,0.09144084,0.005851445,0.009197717,0.18277803,0.014301556,00002785_001.png
0.11543495,0.003649406,0.0041124206,0.0073363334,0.0723832,0.05651161,0.016826848,0.017728692,0.02149016,0.00429344,0.016742442,0.011531416,0.0062140534,0.0065025967,00009237_011.png
0.12966709,0.114560455,0.01720909,0.11455003,0.03605639,0.0062648235,0.009941078,0.014333532,0.00989025,0.008200276,0.0070062634,0.006871746,0.036383737,0.00970273,00017504_017.png
0.6804463,0.66129565,0.16801873,0.85595936,0.086898774,0.120065846,0.04952011,0.06737999,0.01814171,0.016754616,0.044885043,0.012951842,0.056051012,0.012601017,00003361_007.png
0.058822792,0.0069810296,0.045048006,0.06277556,0.022480965,0.060823705,0.026306929,0.6396373,0.048962995,0.012473437,0.7685721,0.06323295,0.47976124,0.02561474,00011683_040.png
0.13762687,0.004914272,0.39005166,0.05399979,0.08024681,0.042266,0.018312734,0.010632116,0.049376003,0.008532487,0.03815726,0.063215375,0.24423169,0.008607064,00003426_018.png
0.057640593,0.011161993,0.17502211,0.034726672,0.16131416,0.005111386,0.014462565,0.92050356,0.051162083,0.00966472,0.15718815,0.01056467,0.27547804,0.053123873,00000090_005.png
0.013357863,0.003341628,0.0051219887,0.5695665,0.18242992,0.03194568,0.010180367,0.13054718,0.07613533,0.009112112,0.07643018,0.27944848,0.17119779,0.0135614155,00009022_001.png
0.54703563,0.0057012965,0.5808617,0.8137293,0.15233546,0.01360902,0.07376873,0.02594501,0.012348639,0.014986467,0.5367255,0.084410004,0.41607225,0.018894916,00018860_034.png
0.047721416,0.009445587,0.0064286906,0.034845445,0.021921402,0.051761266,0.009019861,0.16722485,0.04822847,0.011427681,0.60181105,0.016461242,0.100987464,0.025594546,00004458_002.png
0.041156095,0.058471978,0.023533223,0.028337318,0.006821253,0.0074940072,0.05490964,0.015814934,0.006427351,0.026514003,0.032324728,0.015271372,0.06133767,0.013623244,00019550_004.png
0.16926213,0.0033487075,0.0060702018,0.41448796,0.056192417,0.031242589,0.022807922,0.004153186,0.069989346,0.08286365,0.009636791,0.0117927985,0.018902477,0.007488353,00006653_030.png
0.8150461,0.017417701,0.92998606,0.16553758,0.014620882,0.029123997,0.023633424,0.631947,0.18171994,0.014548461,0.1134882,0.018653339,0.01609817,0.01165368,00009348_000.png
0.057373427,0.007075702,0.30316612,0.7300375,0.07039485,0.41770586,0.034624137,0.01580137,0.27161202,0.22273879,0.005625545,0.010778494,0.050251205,0.010491759,00010773_022.png
0.013865591,0.029278344,0.041293245,0.5739835,0.012946344,0.06708087,0.19893306,0.003984355,0.0103983395,0.9381389,0.013694359,0.02478338,0.0075333775,0.015663046,00016399_011.png
0.07110792,0.41692212,0.03322984,0.53705806,0.014177729,0.09287606,0.081576794,0.014002587,0.04109708,0.023423243,0.005741861,0.3852539,0.0143197365,0.016465101,00007485_007.png
0.31188777,0.06902616,0.023996592,0.06460353,0.20911083,0.042950317,0.03495258,0.03137834,0.011019031,0.0045136134,0.0072217714,0.050416797,0.28083566,0.012464342,00004822_033.png
0.005031359,0.0036964528,0.0040986696,0.054944944,0.03184637,0.07817185,0.017453121,0.009329917,0.05172423,0.011478358,0.08946884,0.05033965,0.041441083,0.011452034,00002954_006.png
0.2070011,0.031400234,0.014878417,0.21021831,0.10707245,0.065736905,0.017429601,0.15371267,0.092748225,0.0040136543,0.0037545823,0.0133111235,0.043545395,0.011712791,00009608_038.png
0.051309764,0.0073828623,0.0038773962,0.12163828,0.028010279,0.4600763,0.03596958,0.035328418,0.010836507,0.014851853,0.019045906,0.7468127,0.07553545,0.007252262,00015826_036.png
0.020747501,0.007777415,0.059277,0.0768645,0.02775741,0.06956398,0.019668901,0.94029325,0.00915695,0.017597867,0.9550938,0.0753451,0.0801814,0.012739351,00020195_016.png
0.0038726712,0.006790321,0.0026861005,0.058320563,0.07156404,0.26273102,0.0110710645,0.007514197,0.013927995,0.0133437365,0.011372529,0.09103442,0.053538166,0.011247965,00014332_013.png
0.33401534,0.004568876,0.31935158,0.020669932,0.10455912,0.10618888,0.009804367,0.06621244,0.34862378,0.0037215955,0.0076047066,0.0043966337,0.08773946,0.008436978,00015799_028.png
0.007553222,0.07191528,0.5628175,0.88103443,0.014633088,0.010543786,0.018880066,0.0111180805,0.23097038,0.86881644,0.007139955,0.0072490354,0.0103054065,0.007844431,00016490_028.png
0.010748159,0.58901507,0.008790934,0.045256935,0.005784462,0.037871186,0.015934795,0.0083835,0.027625281,0.040814042,0.009125499,0.08749754,0.04126356,0.0116790105,00006875_028.png
0.05696262,0.0050025787,0.056432735,0.696607,0.016457113,0.014944656,0.05977288,0.008621378,0.010639939,0.008728048,0.025034504,0.93526846,0.08073688,0.01112216,00017776_000.png
0.4350695,0.005751583,0.025900494,0.02962759,0.015360956,0.0083232885,0.021633996,0.48962864,0.021612005,0.005707988,0.74151516,0.0064888876,0.12986389,0.009569721,00012144_029.png
0.09725871,0.0075312858,0.020512315,0.051670346,0.0103919525,0.0084129535,0.01856144,0.00482768,0.008997122,0.011951742,0.20621036,0.8616398,0.02299964,0.0077187717,00009378_011.png
0.021649757,0.019277334,0.005372252,0.046131298,0.014088224,0.7074954,0.124663085,0.0067761857,0.013925225,0.092990115,0.020861305,0.039924063,0.059065733,0.01640374,00004469_001.png
0.16421555,0.027780468,0.10879777,0.14062016,0.044054743,0.5757241,0.018254843,0.008503447,0.062007245,0.10142988,0.011085765,0.026945643,0.7921139,0.049272485,00018027_009.png
0.011406492,0.0074779093,0.014771106,0.07161329,0.03214701,0.053511713,0.09743136,0.18743604,0.008422828,0.01916366,0.05112763,0.1738965,0.7908965,0.008609493,00014022_069.png
0.6119749,0.051797926,0.03515215,0.011744174,0.08866736,0.029300747,0.024224326,0.013031641,0.31374642,0.07891845,0.028079923,0.013924321,0.0077261045,0.014084821,00000979_005.png
0.4263764,0.053332865,0.16058023,0.009067132,0.12080366,0.0064906864,0.02317871,0.007045571,0.11702056,0.03155586,0.019367794,0.0068780426,0.021193944,0.008294305,00015572_006.png
0.039167944,0.035668734,0.058873452,0.007081667,0.014305408,0.008823636,0.02503306,0.07611707,0.016289735,0.016356008,0.22116691,0.062238142,0.044988554,0.082083344,00006441_000.png
0.25488904,0.027546551,0.10938939,0.37900165,0.032971267,0.010058335,0.115823105,0.14557023,0.008928983,0.0052865217,0.0975473,0.015090073,0.5422983,0.01734386,00017755_002.png
0.02592909,0.008923989,0.007171485,0.006228035,0.019025102,0.02172408,0.009956366,0.23662403,0.013681575,0.013052258,0.9410073,0.015100224,0.018757524,0.0122762825,00001248_021.png
0.014034395,0.0058179074,0.0037074608,0.042583942,0.020480016,0.08208986,0.024154654,0.0071412376,0.021884201,0.034245532,0.019783532,0.021067394,0.03178857,0.013852433,00001850_001.png
0.007229624,0.01015894,0.011840884,0.028329002,0.03338063,0.39384937,0.0046859216,0.010629013,0.052985616,0.61042553,0.0052142628,0.005852385,0.0034104718,0.008060969,00010308_018.png
0.036286455,0.009638202,0.5800327,0.13480264,0.21444158,0.08409707,0.09235952,0.09758767,0.024096478,0.10198717,0.022285074,0.00827242,0.4063793,0.014115145,00010007_021.png
0.2919155,0.0058951946,0.13679677,0.024499835,0.88690084,0.07489716,0.019238474,0.020930478,0.062529646,0.008255181,0.0056539914,0.0136280265,0.016162803,0.01302717,00018610_046.png
0.56682044,0.0076355524,0.024572207,0.25599912,0.043369874,0.009764658,0.48734573,0.20343226,0.03364487,0.007984761,0.105136715,0.011448763,0.029949473,0.008548254,00007520_001.png
0.060389556,0.94286025,0.6893825,0.40084806,0.012199205,0.014173618,0.012897687,0.042435303,0.038934447,0.030767899,0.013004635,0.040562056,0.027091682,0.011605459,00010949_005.png
0.024601774,0.014505966,0.0032420086,0.006073413,0.02712377,0.015032317,0.006138817,0.012709903,0.025802314,0.004187468,0.0030302699,0.012419797,0.011911311,0.0055857995,00006714_004.png
0.038717967,0.6724603,0.10918498,0.6142892,0.0121706175,0.03750633,0.13182117,0.009134239,0.040934835,0.49655873,0.011340134,0.012592838,0.008027057,0.01924768,00013249_030.png
0.016335614,0.0064667645,0.022237193,0.01836828,0.23534118,0.042078406,0.008982822,0.030974701,0.009247104,0.0056453715,0.036776144,0.015532145,0.91155285,0.012889591,00014716_014.png
0.008557594,0.0067015295,0.045640815,0.74002796,0.039207805,0.010521016,0.033943303,0.017365573,0.065119274,0.07446302,0.023345316,0.0050870166,0.024429578,0.0071124695,00015606_031.png
0.53814566,0.01812956,0.093718275,0.08504708,0.1602739,0.36596304,0.10620488,0.013377076,0.34525466,0.045624133,0.014957481,0.0507747,0.097857885,0.02727546,00019967_008.png
0.008661427,0.0046067904,0.003237046,0.0059282137,0.007138861,0.0066988957,0.07244505,0.008155018,0.008754938,0.00824057,0.014829496,0.009981907,0.011004029,0.0061922767,00015774_000.png
0.07059431,0.8039727,0.10097267,0.15226676,0.08945613,0.08456612,0.056712568,0.012609973,0.04232433,0.053537816,0.004659493,0.023676213,0.021811461,0.018574677,00001373_031.png
0.022398895,0.022154674,0.048740827,0.051547136,0.031674106,0.011749184,0.030159282,0.024908563,0.1555968,0.050288495,0.794967,0.01490075,0.0051481347,0.010676333,00016821_001.png
0.015792755,0.043731,0.006825248,0.007837788,0.007870821,0.0069366377,0.020056399,0.0064009065,0.014201396,0.0081479745,0.016981194,0.012962996,0.008793108,0.009629285,00013615_014.png
0.03132182,0.025388632,0.093776345,0.13312851,0.4773733,0.06593282,0.0049836696,0.012025721,0.013179272,0.03430204,0.0068334853,0.011531758,0.307961,0.013310773,00011164_007.png
0.025693895,0.17683205,0.0135459425,0.083843485,0.028719109,0.22230212,0.027673813,0.013892681,0.004901318,0.0053336443,0.011508908,0.016528355,0.084615104,0.011456105,00003503_004.png
0.012412278,0.006523287,0.009060862,0.028183538,0.006048285,0.006541161,0.009897681,0.14313802,0.03381925,0.115052976,0.015130728,0.009268569,0.0516307,0.006738115,00010384_023.png
0.007129839,0.059853602,0.026419563,0.013989584,0.020491742,0.013724515,0.009830579,0.007630755,0.010669415,0.023108859,0.0067326087,0.006385386,0.016208695,0.015247297,00003228_003.png
0.0035885964,0.0045753927,0.008699233,0.20718454,0.099393636,0.3043978,0.0059071444,0.0053113988,0.0695252,0.36467996,0.0039424957,0.024381146,0.0715231,0.006189639,00009479_003.png
0.036203176,0.008956621,0.0189979,0.020461315,0.7145093,0.13489053,0.011425903,0.11810055,0.08624479,0.011626241,0.007230799,0.008626678,0.009617611,0.011497858,00016839_000.png
0.00956345,0.004773718,0.003786918,0.073202014,0.009761169,0.01252506,0.016416086,0.18806903,0.0054066665,0.015042678,0.9921747,0.0048496188,0.0041753463,0.008497989,00017603_022.png
0.055025566,0.8991095,0.22327432,0.066538915,0.056670777,0.05760072,0.013802782,0.010746928,0.05087547,0.01901006,0.0041345158,0.0079272175,0.01754594,0.019548418,00006808_020.png
0.06206084,0.25080535,0.09618718,0.45231205,0.013439118,0.014191672,0.03566279,0.04708809,0.005398449,0.01150881,0.024490874,0.014038247,0.008786282,0.01122466,00012470_015.png
0.005840127,0.0057821623,0.08167496,0.020266086,0.015443362,0.017892534,0.022436118,0.04715955,0.09230833,0.07608666,0.0059207324,0.015540285,0.16420412,0.011842843,00018126_016.png
0.105463445,0.015630856,0.005186907,0.4499938,0.016606318,0.015953649,0.011660465,0.030369226,0.045416534,0.011864077,0.0064107003,0.017493585,0.017595807,0.00954197,00009912_002.png
0.03575329,0.008478534,0.22453237,0.047336392,0.02102228,0.012602037,0.060502186,0.4026816,0.0058025843,0.00916562,0.98987377,0.0048588836,0.020490855,0.009715539,00019242_014.png
0.34866914,0.01545065,0.17170927,0.59269214,0.008716442,0.03285505,0.2829249,0.016003028,0.03442541,0.08131858,0.69447315,0.055551276,0.06868816,0.03519771,00010380_003.png
0.11196021,0.01423864,0.026458718,0.018210733,0.009267488,0.039091203,0.027038913,0.03466458,0.03135135,0.01120396,0.8623249,0.007939008,0.012450039,0.013434421,00016410_053.png
0.020537902,0.01129707,0.04173364,0.021791287,0.0121093895,0.0053779217,0.019489985,0.11877243,0.0068039345,0.008309312,0.92530197,0.009250263,0.025123816,0.007833673,00009845_013.png
0.0057481807,0.011651683,0.010671952,0.022168983,0.14033651,0.023381729,0.019289596,0.046503995,0.011454447,0.022358052,0.8001723,0.043748703,0.03915013,0.023639085,00006535_003.png
0.009920089,0.29173836,0.0038869516,0.019243477,0.011469267,0.015712142,0.012375144,0.0057896334,0.006324878,0.01765269,0.011465104,0.010329327,0.013534587,0.012578083,00013249_045.png
0.20777807,0.008300609,0.014460126,0.043232843,0.08226624,0.12375677,0.063073084,0.024836106,0.056574386,0.0038142006,0.016024131,0.033980433,0.38455933,0.012474976,00007514_011.png
0.05226076,0.8931274,0.025719281,0.011365501,0.012677393,0.037412938,0.052545242,0.013800776,0.008578069,0.014337967,0.04436749,0.036964882,0.031985782,0.027422516,00005090_000.png
0.12414376,0.0111200055,0.104421236,0.04297318,0.09271375,0.10311615,0.023084242,0.93160146,0.037135974,0.01207718,0.84080845,0.04602245,0.24627487,0.04791583,00002359_009.png
0.0055908263,0.0051493826,0.0021503158,0.047435287,0.03077345,0.008389861,0.02285709,0.05155835,0.014809035,0.06345854,0.058878675,0.010270027,0.01516793,0.00850508,00010723_003.png
0.34118095,0.011573272,0.02228656,0.16312185,0.03334696,0.008717646,0.020014998,0.06407124,0.10188546,0.040475417,0.96676296,0.012042178,0.0037545792,0.012162725,00014018_006.png
0.59346277,0.028190047,0.0068783155,0.10733686,0.019611761,0.005082269,0.28467602,0.015429911,0.010981555,0.030855006,0.014696567,0.5484712,0.011356124,0.013187921,00014546_013.png
0.028014284,0.0052540246,0.0029346377,0.018989608,0.038696762,0.0044099647,0.015895303,0.4331814,0.032047637,0.0069770343,0.015350227,0.024620306,0.085788734,0.010503938,00018003_001.png
0.009218411,0.019007418,0.0036355688,0.007921283,0.011564536,0.041073132,0.019518811,0.0076701264,0.02755995,0.008660521,0.0066658203,0.023961607,0.014900189,0.014758813,00005497_008.png
0.0072835283,0.0076352563,0.009067702,0.113991365,0.028056707,0.08215095,0.012122846,0.006010984,0.037581068,0.011958917,0.0053688595,0.4064716,0.031936478,0.011579835,00000508_000.png
0.024659414,0.013408471,0.006451494,0.013556319,0.008410988,0.0029498292,0.07001134,0.015095028,0.0051377974,0.013748144,0.086405456,0.22893977,0.0325927,0.007982676,00004924_000.png
0.59350884,0.023372572,0.16874999,0.43847096,0.02968819,0.037535466,0.012599308,0.016682828,0.82655025,0.013720255,0.041550834,0.014363112,0.026324317,0.009591236,00001558_018.png
0.026590824,0.6682303,0.0630804,0.014589947,0.015873449,0.015604891,0.023824003,0.061316807,0.0716086,0.04656078,0.015655784,0.0073046447,0.014068402,0.023601443,00002090_005.png
0.008691444,0.07959237,0.003895594,0.032740764,0.035524156,0.042802315,0.08311273,0.010184515,0.007279826,0.10561636,0.0058798334,0.0150561575,0.0051651527,0.016987387,00014296_003.png
0.022624632,0.866569,0.022934532,0.358989,0.010932789,0.03217803,0.026357261,0.019654768,0.009510718,0.06296948,0.009614873,0.023568882,0.013288517,0.02480654,00013249_029.png
0.06873869,0.00750229,0.05492616,0.07998208,0.017761214,0.025483048,0.029994573,0.98429626,0.028024998,0.015050368,0.14467707,0.04061085,0.057158817,0.009499163,00003611_005.png
0.020875672,0.016612945,0.040295023,0.005232702,0.15585753,0.020128807,0.0067486037,0.0049232673,0.054427866,0.013839509,0.009756008,0.0039244317,0.007915113,0.0055785207,00013950_005.png
0.36108902,0.06910405,0.7494451,0.032798354,0.38505584,0.2850881,0.028367143,0.00792171,0.045717563,0.02674073,0.008014685,0.012085182,0.047328696,0.027707543,00018562_007.png
0.037998322,0.010024705,0.01727606,0.047304995,0.07335895,0.7560747,0.015333451,0.004460136,0.06753657,0.03413341,0.0044221305,0.013544668,0.0256514,0.012148772,00008807_000.png
0.014086198,0.006392296,0.0032911862,0.00752629,0.021348087,0.19745971,0.007908635,0.019045282,0.018630624,0.00637631,0.0059881164,0.025757903,0.010671534,0.010008835,00008504_000.png
0.12577993,0.98789936,0.035271257,0.10156031,0.013161101,0.025470538,0.023689928,0.0062862104,0.01602432,0.04930232,0.011009053,0.01839633,0.007637124,0.012292037,00012992_001.png
0.016787859,0.0068872883,0.0015269745,0.008117211,0.010239532,0.014575735,0.024249613,0.09610863,0.007948124,0.014032763,0.013415467,0.037747186,0.0074122734,0.0062184245,00009218_012.png
0.07001183,0.011248346,0.26560003,0.075325124,0.31716526,0.5242847,0.014706909,0.037921537,0.28198618,0.0043514255,0.006305533,0.031980284,0.2926697,0.008078286,00010148_001.png
0.010568918,0.022046734,0.051943302,0.037148904,0.030323979,0.049556747,0.08070074,0.049360633,0.0032651364,0.04956809,0.049207155,0.008106453,0.017166642,0.05176077,00005260_000.png
0.5001555,0.06927015,0.77031296,0.20276107,0.028717564,0.009021601,0.44649196,0.4157241,0.0225846,0.033849157,0.01832876,0.13621436,0.0649781,0.03420783,00019646_002.png
0.01230056,0.011553682,0.075436175,0.687937,0.0558204,0.031005705,0.20719133,0.9548991,0.012571706,0.10377493,0.11361717,0.04008722,0.045590132,0.008895617,00018921_036.png
0.054884583,0.05102509,0.63554806,0.93710816,0.1403367,0.034931857,0.37450072,0.0042544394,0.06335966,0.28281114,0.012818812,0.075699136,0.024990333,0.013015112,00000766_027.png
0.025720334,0.005498169,0.012526416,0.6358046,0.038284272,0.04626572,0.011820426,0.009020288,0.028775165,0.008066672,0.014226772,0.8871029,0.02870551,0.01196187,00007552_000.png
0.025026493,0.020624341,0.2532057,0.97721195,0.055325594,0.079288624,0.014447051,0.029418115,0.07443538,0.48592395,0.0073532052,0.023517758,0.0058876933,0.006431536,00008068_016.png
0.11195493,0.014856125,0.06926108,0.0059582246,0.01383444,0.017669111,0.054728605,0.32757652,0.016850363,0.009362208,0.048259206,0.011240708,0.40252334,0.021173859,00003945_007.png
0.86339885,0.014284586,0.47715533,0.18161614,0.014240963,0.029536188,0.040055636,0.046095833,0.05500743,0.0032773362,0.039692905,0.15025279,0.62347883,0.0065068733,00007451_002.png
0.010683356,0.038556036,0.0061134743,0.020702023,0.036118746,0.029965091,0.0122565115,0.010462824,0.0035014234,0.014957438,0.011057311,0.010884325,0.016547326,0.010408059,00018614_001.png
0.010945796,0.004292702,0.012125817,0.5458,0.01312597,0.007448126,0.021874895,0.07326002,0.01449131,0.018533744,0.9925438,0.0083685415,0.005749821,0.0053892327,00005681_025.png
0.0770873,0.010189726,0.07769513,0.19650263,0.01421341,0.03564391,0.25724986,0.23047936,0.009652742,0.29280382,0.16476603,0.026644455,0.015595782,0.013277804,00005680_002.png
0.051900446,0.032099012,0.08294151,0.72207445,0.008954899,0.014326831,0.1346899,0.007577704,0.04385444,0.98412293,0.014547243,0.013457179,0.007751586,0.011552676,00012863_004.png
0.07331443,0.0069434764,0.011697369,0.05678781,0.027092097,0.019237438,0.01114215,0.24387462,0.005608058,0.0077707754,0.9913856,0.0065478235,0.021623714,0.010145853,00015530_093.png
0.03727116,0.011118658,0.00871355,0.2877841,0.016938774,0.005623936,0.0152673265,0.17568792,0.009195897,0.005490891,0.81512153,0.0200662,0.027504375,0.009103097,00002843_008.png
0.008515677,0.005919405,0.004027567,0.004576603,0.068958044,0.022761324,0.006961557,0.02215294,0.014166958,0.0061743534,0.0075951302,0.0030177555,0.007652161,0.006663071,00017035_001.png
0.00974401,0.006127091,0.014803221,0.0074400576,0.78585476,0.0146974595,0.0053037032,0.012469901,0.011211569,0.0051804595,0.012770821,0.014337785,0.17737086,0.007981547,00017234_005.png
0.5780329,0.118115366,0.08717113,0.17295952,0.016270583,0.0839205,0.031521186,0.017368827,0.13372712,0.7113257,0.027968455,0.070609435,0.006719197,0.018304268,00016376_003.png
0.07977961,0.022515936,0.044059876,0.6160321,0.015375603,0.016937083,0.08953761,0.009001149,0.05659781,0.04038903,0.021972112,0.9290583,0.014460697,0.015607864,00002991_001.png
0.031642087,0.004498901,0.0036211107,0.22706759,0.01646894,0.035210334,0.020342158,0.025684701,0.009833918,0.0076862397,0.020370955,0.78961104,0.07647004,0.008808077,00000316_000.png
0.09532549,0.0055655316,0.010219768,0.022183262,0.06499331,0.0069539864,0.008674509,0.013102661,0.020284915,0.004213561,0.011244487,0.0074439566,0.024980925,0.006868337,00017518_001.png
0.04129508,0.045306027,0.018115046,0.56898004,0.05040518,0.015520942,0.024506988,0.008186191,0.25933123,0.042723935,0.02545514,0.0057396027,0.009305567,0.0057619973,00015606_025.png
0.058943428,0.04462163,0.0036438983,0.022254825,0.012789177,0.011676759,0.04526301,0.0075681675,0.015375047,0.028586991,0.38433316,0.40463895,0.005643795,0.05605698,00003039_000.png
0.025677143,0.014841072,0.0090061305,0.0122751305,0.030315587,0.029524291,0.050555423,0.0048732804,0.0070578177,0.0154376,0.019529672,0.006933465,0.010764076,0.015023376,00000493_000.png
0.20944686,0.004567865,0.032841675,0.78032017,0.0836346,0.1249253,0.1931047,0.03746532,0.011176392,0.52298015,0.018019453,0.027000776,0.013090767,0.013680537,00020213_028.png
0.014746595,0.0044512055,0.0049595195,0.036856323,0.031372815,0.022282936,0.021588625,0.006409783,0.01551156,0.012568002,0.023509074,0.90285975,0.033826288,0.017391318,00014437_000.png
0.011759764,0.03754757,0.0034687896,0.038061254,0.012122117,0.034991577,0.025965761,0.003519896,0.015107894,0.24657193,0.007387931,0.020996781,0.0065392307,0.011868031,00012129_002.png
0.026221346,0.012715462,0.018870981,0.71830904,0.015988758,0.09379281,0.3531302,0.027569102,0.036913943,0.012372971,0.010746258,0.020554462,0.007622119,0.005197145,00010360_005.png
0.0075892266,0.007194551,0.14280038,0.94919825,0.7723808,0.23956771,0.02279929,0.05603612,0.014430081,0.065672435,0.038699646,0.034293693,0.027726337,0.011121646,00003393_022.png
0.015681796,0.0072551114,0.003742557,0.019662375,0.01618196,0.029278949,0.017361717,0.0081231445,0.012527596,0.005143367,0.012198665,0.0026937951,0.008256954,0.0076507605,00007307_007.png
0.037726343,0.008417744,0.04159724,0.07029431,0.03595851,0.038664013,0.017789604,0.76427853,0.04449756,0.026024522,0.92935807,0.023553316,0.013107304,0.014514877,00006874_000.png
0.18878268,0.035421807,0.26868716,0.43995824,0.0074487566,0.017057152,0.035577532,0.009613129,0.25146952,0.49731672,0.0215158,0.03121113,0.009289689,0.011579807,00014472_011.png
0.023291148,0.09807653,0.008908945,0.022567002,0.03965984,0.040972732,0.014657,0.0067165853,0.015079413,0.014187918,0.009315076,0.039643504,0.008409454,0.90118825,00000942_000.png
0.014194122,0.012290565,0.0068230596,0.010245072,0.053222205,0.06545814,0.010863245,0.009489598,0.017472886,0.007456065,0.024450134,0.012382566,0.00848205,0.011594657,00013600_000.png
0.014797805,0.005342521,0.0046845875,0.03396316,0.052047845,0.0082237795,0.011180456,0.4192067,0.021853046,0.005097145,0.0040986678,0.031957477,0.14915222,0.007696259,00004126_001.png
0.90742004,0.01627934,0.06546645,0.69262594,0.030207809,0.11957182,0.20402038,0.024349898,0.04655706,0.04944518,0.022871317,0.022051979,0.22672874,0.016412145,00006386_006.png
0.0349327,0.8507745,0.036625594,0.20668766,0.0082138255,0.030862052,0.0089482665,0.02025488,0.023224682,0.033337384,0.024202712,0.027111001,0.01579135,0.011102641,00015520_001.png
0.009815001,0.0077916766,0.016636511,0.05464206,0.019972794,0.0053238333,0.016935287,0.06393797,0.015411443,0.053676628,0.10964441,0.0048162,0.01614494,0.006408611,00011723_007.png
0.019737635,0.026762271,0.010469422,0.38578025,0.007925116,0.023937965,0.13732474,0.025131175,0.021476708,0.99025095,0.015642188,0.008589914,0.0059170118,0.009044923,00019157_005.png
0.0063160043,0.008555304,0.0037708052,0.0077733505,0.021538861,0.005775869,0.006708062,0.021948285,0.00914195,0.009563508,0.008448582,0.006515545,0.0070457347,0.0054799374,00010304_007.png
0.009720197,0.0058509614,0.056099504,0.014215359,0.016069598,0.01762311,0.018495787,0.9086815,0.006241499,0.008891082,0.9404081,0.0058542388,0.062195282,0.00832774,00001248_023.png
0.008033932,0.0072000436,0.27726564,0.13469744,0.11733818,0.01397813,0.0074276207,0.008687985,0.978288,0.018911587,0.00754069,0.012618424,0.011950108,0.003985021,00010007_027.png
0.023966191,0.015209833,0.0072146878,0.09017169,0.020675417,0.014929599,0.04552377,0.020755854,0.014970947,0.010960621,0.00989357,0.7791824,0.082353406,0.011566084,00014055_000.png
0.020874584,0.21689135,0.010789787,0.50086564,0.06171004,0.1116838,0.16445482,0.013011713,0.0069031776,0.5064509,0.016809989,0.0252636,0.068766855,0.019084726,00001075_003.png
0.018440368,0.013538248,0.0054330644,0.22766356,0.16017549,0.19777901,0.30744368,0.02368519,0.012147415,0.012822083,0.019458981,0.030077938,0.012792513,0.016090775,00006699_008.png
0.046338405,0.016575042,0.21680668,0.72559917,0.02880798,0.06826701,0.09875599,0.1430839,0.8284327,0.33859575,0.018899597,0.025731148,0.08861763,0.020470003,00015605_031.png
0.040704828,0.008038041,0.0074293325,0.02770242,0.011611484,0.047617584,0.027274573,0.016166821,0.008962876,0.013320315,0.03591834,0.8849716,0.044233926,0.0105987685,00001555_001.png
0.037393793,0.0043266863,0.0045637,0.80333406,0.028238088,0.08932416,0.04246047,0.1905789,0.033430845,0.00475432,0.009924163,0.06133837,0.31461015,0.005725207,00001946_019.png
0.011202961,0.007386298,0.033863187,0.12735559,0.0121679,0.025561389,0.11987688,0.014049471,0.012118646,0.012020023,0.0357298,0.75371385,0.23624235,0.017422026,00006919_000.png
0.108062595,0.005386271,0.01889039,0.27911416,0.07009962,0.036225036,0.20402773,0.012440218,0.096888244,0.02207406,0.020839985,0.012321393,0.008854399,0.009783534,00009553_001.png
0.019206215,0.0050433204,0.008211047,0.27073804,0.70402956,0.015119747,0.018470073,0.042185575,0.11213733,0.0091229305,0.004738129,0.010335008,0.075240724,0.0136788385,00011144_026.png
0.03188186,0.020938,0.6829121,0.8211894,0.0740332,0.05606123,0.26901588,0.009719784,0.008708548,0.7822184,0.013557104,0.020644426,0.09478873,0.016443718,00006446_008.png
0.08740952,0.97725236,0.40467694,0.35321638,0.022906573,0.02927831,0.022109402,0.043556113,0.03821555,0.07192995,0.0140301855,0.01876007,0.12614077,0.035327993,00000116_000.png
0.04110437,0.007009578,0.21198334,0.008741293,0.01699881,0.006067544,0.020139689,0.2639454,0.008796301,0.008437313,0.9726651,0.0072146878,0.07390415,0.013124644,00016422_006.png
0.9830084,0.0051091844,0.1007723,0.10835361,0.012629538,0.021735018,0.012339871,0.04936995,0.20735061,0.007225324,0.021618329,0.018497078,0.013544132,0.0040927357,00008051_008.png
0.039048873,0.006420682,0.014823506,0.029223286,0.031558268,0.018805422,0.027024304,0.32839423,0.012690309,0.0068903915,0.1863284,0.67091584,0.22582078,0.013332341,00016142_049.png
0.013295371,0.0060681594,0.011173036,0.011830851,0.025741521,0.007648114,0.005986751,0.007665171,0.11640567,0.019732172,0.0077727507,0.016637899,0.026153456,0.014629027,00007762_000.png
0.039980046,0.005033877,0.0806842,0.045196854,0.017333047,0.13533133,0.011226285,0.095014624,0.01787965,0.011129651,0.9834419,0.05770192,0.04320427,0.013663098,00020070_005.png
0.17940725,0.0050679287,0.0051758913,0.0058535365,0.007412835,0.02306382,0.11480841,0.018822746,0.013438278,0.0056749135,0.024023188,0.022152314,0.019090442,0.008107899,00006827_003.png
0.016658086,0.007081657,0.005125151,0.029319627,0.0226069,0.59964705,0.016676547,0.036013156,0.011743338,0.00718875,0.035310686,0.19427289,0.20580435,0.01150207,00018853_001.png
0.135684,0.035291716,0.07499761,0.27599406,0.010704099,0.07742627,0.07252664,0.013004207,0.053881172,0.7252666,0.00949165,0.07294738,0.016340949,0.021579612,00018104_010.png
0.17294112,0.010282913,0.008937777,0.7951497,0.4609092,0.0068168715,0.022264477,0.07819941,0.21964638,0.006158089,0.03180408,0.025495483,0.039150666,0.012317476,00016175_004.png
0.25220746,0.13377072,0.013089954,0.024073038,0.04498473,0.015682828,0.018899756,0.036734834,0.057214353,0.016126009,0.37442872,0.040650364,0.035775077,0.16959393,00002262_003.png
0.025610272,0.00849062,0.0028893377,0.5398329,0.12295405,0.28859276,0.023388932,0.42747396,0.013573324,0.013935127,0.01255493,0.019601515,0.041707113,0.0073473984,00006440_002.png
0.029543526,0.003971887,0.0054697623,0.080702804,0.22710893,0.021970123,0.025819438,0.11927854,0.08151888,0.03107952,0.038512703,0.009976913,0.006110757,0.011568951,00016550_005.png
0.0743525,0.008930342,0.1047929,0.26903406,0.013339222,0.026068397,0.017650481,0.009659317,0.03379367,0.08330692,0.008298526,0.021717342,0.8866393,0.008321931,00000061_015.png
0.013951917,0.007983238,0.04972699,0.29940727,0.01063585,0.016645977,0.15020607,0.006008213,0.007881459,0.99033314,0.012654883,0.011060618,0.010364566,0.008784231,00014839_026.png
0.00644257,0.0063204775,0.004146232,0.0027968811,0.007614952,0.0059303776,0.0080656335,0.008738872,0.007375636,0.013982494,0.019159548,0.007238981,0.0044518844,0.004945212,00009262_002.png
0.04790753,0.005413086,0.24822527,0.49790514,0.04106943,0.05087714,0.0718024,0.0059502763,0.17727256,0.8593521,0.014133565,0.012737558,0.06197451,0.009982689,00016719_025.png
0.065799415,0.016764978,0.020113863,0.21892025,0.062480755,0.13935217,0.022532886,0.895408,0.036157914,0.016931359,0.02903814,0.009937671,0.05047702,0.010368014,00009138_006.png
0.10070977,0.014664455,0.39369467,0.5870688,0.058027327,0.905628,0.020535257,0.045854997,0.03623116,0.016441543,0.027882162,0.052476037,0.25524998,0.013178013,00003393_021.png
0.038290936,0.1424191,0.03633046,0.45939028,0.16130924,0.021113886,0.011296,0.50605035,0.5924929,0.025223175,0.016876848,0.008148414,0.1496161,0.025711194,00013557_016.png
0.42599618,0.013771679,0.4204953,0.7103531,0.5088246,0.07406874,0.057880763,0.055709936,0.035016213,0.016607346,0.017599847,0.045107026,0.79622585,0.019012846,00007848_006.png
0.10730081,0.017307935,0.041631036,0.12614603,0.15117057,0.39454767,0.49293303,0.0071773403,0.03847273,0.039217263,0.014851386,0.38904527,0.025110755,0.050425276,00010744_002.png
0.10533555,0.004607925,0.007832683,0.060157664,0.028588329,0.13851166,0.02869998,0.008348793,0.013102506,0.0117342,0.032034475,0.8295898,0.042924225,0.045206122,00020072_001.png
0.11570521,0.07634403,0.27981588,0.03369567,0.012378275,0.011066705,0.031279918,0.013369746,0.04574026,0.030768638,0.01885217,0.005195107,0.027084196,0.010734554,00004451_001.png
0.017251732,0.0073036766,0.005339367,0.057776622,0.0063553536,0.0746042,0.014286694,0.0485385,0.009343704,0.004848701,0.008077044,0.10309835,0.3407852,0.0072201197,00003098_005.png
0.18688631,0.0050007063,0.42906103,0.04244134,0.30653766,0.04638673,0.015216457,0.023983277,0.17071614,0.00752483,0.012706588,0.03824458,0.60772955,0.019887595,00004833_017.png
0.036307756,0.008556357,0.06548136,0.060733233,0.09588695,0.018235585,0.010118795,0.047134917,0.059708413,0.017263168,0.8814298,0.01226689,0.02655482,0.011723179,00013219_000.png
0.066677004,0.0067204423,0.048313614,0.20531115,0.5852158,0.044878554,0.018656923,0.063634336,0.023744056,0.007279819,0.7604187,0.009775408,0.1265136,0.012056186,00007772_001.png
0.05225715,0.0029740823,0.009719981,0.05219861,0.015343938,0.04319146,0.10499681,0.020618625,0.082627065,0.005944351,0.03227698,0.015054107,0.098204926,0.011016245,00010610_003.png
0.042843465,0.015280309,0.34688553,0.018861378,0.03963129,0.101594575,0.1579364,0.009225634,0.0044005075,0.1646408,0.01081323,0.019026257,0.05280019,0.014186117,00000980_004.png
0.01568888,0.005944393,0.019854134,0.56379086,0.005127515,0.019663997,0.031303834,0.244919,0.014946742,0.036543258,0.04108744,0.05439614,0.5072813,0.009646377,00009138_014.png
0.118366,0.00486524,0.005799433,0.011609146,0.010906046,0.013779932,0.044566013,0.0047836774,0.016514147,0.009694912,0.012854613,0.9048168,0.029225975,0.015399828,00015442_001.png
0.092613764,0.010125397,0.044440847,0.03192871,0.014139426,0.003864331,0.035049025,0.018339707,0.012007282,0.0065609636,0.71602523,0.15048692,0.082287826,0.012913233,00011343_000.png
0.008983136,0.0024774806,0.0045647314,0.2585413,0.05484189,0.019629387,0.0974336,0.009817063,0.014970876,0.019638784,0.039662354,0.62805617,0.039639592,0.012609291,00016355_000.png
0.043282237,0.002888857,0.3244863,0.04509921,0.014342281,0.023063034,0.023090895,0.01070759,0.014044763,0.111208074,0.0082015665,0.004451635,0.06863662,0.004684196,00010007_157.png
0.011242833,0.0032238676,0.003609628,0.0152044855,0.013398287,0.010157268,0.015364179,0.020612834,0.0115235215,0.00971865,0.033735316,0.011677822,0.03407176,0.009123964,00008541_000.png
0.010705377,0.008990109,0.005015469,0.013124507,0.009656745,0.014036478,0.007756454,0.005902999,0.00980992,0.006540603,0.0057718316,0.0057032863,0.018758938,0.0058907336,00001551_000.png
0.051766597,0.009760782,0.0088760685,0.032796152,0.0085526,0.05462653,0.21729502,0.28035286,0.007995612,0.03502123,0.6898811,0.012256471,0.034036018,0.00891635,00005079_015.png
0.017012425,0.00803568,0.26678395,0.26778015,0.011397033,0.16485144,0.12965429,0.11321802,0.058384337,0.14588398,0.025909308,0.12981206,0.5573508,0.010381356,00001974_015.png
0.1532442,0.011654416,0.8649247,0.0555095,0.43797913,0.20434286,0.015066301,0.010243539,0.059593115,0.046019763,0.015639348,0.038081948,0.26984423,0.028738959,00019923_000.png
0.02740326,0.005210747,0.0075952015,0.007686072,0.58238155,0.02280123,0.005442366,0.03707409,0.012391789,0.0076692235,0.008020021,0.009619591,0.05006796,0.011683998,00012927_001.png
0.2924939,0.003608911,0.15988792,0.025616003,0.070292056,0.028680915,0.018297166,0.021704186,0.014720831,0.0054691215,0.16766548,0.12595737,0.12934993,0.048895963,00007451_000.png
0.51487005,0.06687398,0.20047948,0.42141172,0.15746221,0.022275949,0.35273492,0.015813412,0.656112,0.018819299,0.026173206,0.050428886,0.038875625,0.017839823,00015770_033.png
0.6008789,0.012868459,0.03577914,0.39040345,0.03721447,0.026898267,0.5896428,0.017458394,0.024694495,0.03864242,0.036476996,0.558004,0.008062754,0.042428713,00014201_008.png
0.007943283,0.016359875,0.0067441138,0.75344825,0.022913171,0.35216904,0.026245045,0.021948991,0.092811,0.025278999,0.0024107792,0.011186066,0.0833326,0.0065118135,00009608_027.png
0.008337099,0.007106841,0.008163635,0.044113427,0.011554162,0.010483674,0.01164449,0.5837733,0.0051059863,0.011880849,0.93614656,0.06322715,0.008675108,0.008372223,00008008_014.png
0.11276261,0.0021094347,0.0048394855,0.030546028,0.042853117,0.017949393,0.32075748,0.050256133,0.021910153,0.00406801,0.019204728,0.04224451,0.043787792,0.0080348365,00014556_001.png
0.011025725,0.0047822343,0.1102078,0.8909671,0.8850814,0.062397692,0.017669931,0.05454755,0.03240498,0.033922356,0.017766513,0.011536259,0.035350185,0.0071039177,00013670_089.png
0.021748958,0.010618407,0.01523473,0.016186599,0.0065912013,0.0061327824,0.008257766,0.011925665,0.021767292,0.0088967895,0.42051613,0.44707587,0.1801266,0.021139445,00000461_000.png
0.1336407,0.23124085,0.036651548,0.03384218,0.02791468,0.31128353,0.044962212,0.015665459,0.12719384,0.049406566,0.013707071,0.012231886,0.0105685145,0.049897976,00020213_025.png
0.1659237,0.00457029,0.056360964,0.021359835,0.008766511,0.0032955268,0.01576327,0.030413916,0.014142299,0.0047442922,0.99385923,0.005297096,0.032146882,0.005234378,00017266_003.png
0.021614522,0.0037930284,0.0059825247,0.008452418,0.012817099,0.029024243,0.011397764,0.0452219,0.0269766,0.004817151,0.009269349,0.01641724,0.09757343,0.0065618744,00000682_001.png
0.25166446,0.06281095,0.09746566,0.8704814,0.12668544,0.01414509,0.112307854,0.0066270535,0.024192741,0.51638323,0.014244028,0.1003081,0.02027449,0.027937837,00017365_003.png
0.013079165,0.0052195415,0.014523011,0.0092762215,0.35018268,0.07933536,0.007862019,0.016289132,0.01138347,0.009311741,0.013503897,0.01714584,0.02322956,0.02114433,00007402_001.png
0.90007055,0.0075964746,0.005628989,0.079571865,0.055227347,0.018083716,0.085501604,0.012747252,0.11284866,0.029033128,0.015813101,0.06425075,0.005696714,0.008525825,00006304_001.png
0.022226036,0.010739791,0.013190756,0.0045577143,0.042469416,0.08458067,0.010307017,0.033313192,0.029446978,0.009738031,0.01185335,0.73096865,0.45606202,0.015604196,00005757_000.png
0.8121441,0.09287695,0.39495608,0.057309363,0.011570718,0.004130322,0.009163564,0.039028205,0.2084026,0.10156036,0.008084356,0.022464408,0.047295574,0.008301858,00006906_003.png
0.020565577,0.008173416,0.0074580656,0.5610052,0.03904305,0.041392643,0.042986948,0.005518734,0.09062415,0.0123185795,0.0060014394,0.05352489,0.029157672,0.007211266,00013678_006.png
0.12479322,0.0047999118,0.09727778,0.07617976,0.398172,0.021867877,0.024908612,0.23209912,0.3042845,0.0056505287,0.009983156,0.02297302,0.13012765,0.010375611,00009889_028.png
0.008087331,0.015729157,0.18125145,0.039346684,0.011205698,0.008229078,0.006200034,0.0076537295,0.14473867,0.48397735,0.005147309,0.006002424,0.038931035,0.0092295455,00008649_011.png
0.16121633,0.0042487974,0.013483622,0.016756264,0.08517944,0.30645415,0.016296698,0.36964715,0.028464267,0.0065463157,0.010872031,0.033805285,0.024316711,0.01168554,00008841_048.png
0.07134231,0.020821447,0.0038294662,0.77832663,0.026831467,0.2251286,0.037183072,0.037972096,0.008465828,0.0049386225,0.008273777,0.08714859,0.035297856,0.013859118,00019471_000.png
0.7504615,0.022561608,0.84799904,0.09502104,0.57315254,0.06999192,0.012222931,0.16245317,0.39883402,0.0073713157,0.015235616,0.008428581,0.035238247,0.012149545,00017478_000.png
0.007730789,0.0119225355,0.0034730595,0.053565778,0.006230849,0.016694658,0.08348922,0.014092815,0.004257503,0.018886497,0.031233428,0.059742894,0.010517894,0.006013301,00007018_032.png
0.67399526,0.033422004,0.09144256,0.15228713,0.08242734,0.023860553,0.02625883,0.12985542,0.089388445,0.019410497,0.019409603,0.06963327,0.032019593,0.12806998,00016732_036.png
0.021070402,0.004560716,0.0076831784,0.07536009,0.044336163,0.01475098,0.024296453,0.013948554,0.012382222,0.015689151,0.07195992,0.83979934,0.034059443,0.035505813,00017141_001.png
0.24739619,0.021770978,0.027392745,0.052801333,0.04917217,0.010928324,0.007156444,0.17145053,0.033755615,0.00842374,0.004834819,0.00687716,0.237364,0.011744456,00016009_027.png
0.0056162374,0.023406252,0.005627564,0.017001033,0.007907673,0.013563968,0.014386041,0.0071578524,0.009423025,0.011725029,0.010876011,0.011890424,0.016082829,0.007484703,00001279_001.png
0.06061161,0.009508782,0.46871734,0.039424133,0.9075648,0.0072946446,0.027385445,0.0057845446,0.08467926,0.019888958,0.008890993,0.009504427,0.10062067,0.012286103,00014635_002.png
0.058516167,0.3944639,0.058652326,0.311958,0.011639668,0.10229422,0.15759602,0.01941643,0.01268159,0.019344617,0.013520188,0.0756771,0.050942954,0.007997979,00006642_012.png
0.047599066,0.0052292584,0.01195235,0.032550726,0.11246997,0.11930588,0.024055209,0.1668582,0.010203481,0.009265334,0.4410112,0.025157303,0.011427304,0.010768027,00013670_137.png
0.4513186,0.0038145883,0.040001314,0.016796818,0.40732202,0.02556759,0.006133603,0.26496124,0.21861875,0.0039543724,0.04469118,0.0064390856,0.022751562,0.010840622,00005505_001.png
0.48996577,0.07180441,0.3441212,0.031979177,0.098667346,0.19464377,0.057981268,0.014723474,0.58049214,0.04516177,0.022269085,0.009997719,0.0068423944,0.014862861,00016291_042.png
0.02797276,0.0150086,0.019094205,0.037612,0.21694377,0.009164247,0.02558624,0.69514215,0.0054894206,0.013114691,0.85702986,0.0045041083,0.10014335,0.011214287,00002702_011.png
0.095899254,0.029957948,0.4189055,0.07386158,0.06665851,0.005990895,0.021093534,0.113636546,0.056234293,0.014471227,0.09580049,0.008412484,0.019632805,0.021253362,00011379_027.png
0.013473497,0.142067,0.029462598,0.060562976,0.010374866,0.0072875284,0.010999645,0.011381077,0.0113506485,0.011880004,0.005201363,0.0061269957,0.010240711,0.011604678,00003361_012.png
0.011592454,0.015767066,0.007960432,0.029818805,0.0064331517,0.09689799,0.016364949,0.006920108,0.04737959,0.013417406,0.005448401,0.030876175,0.06894762,0.008176653,00001364_005.png
0.06069827,0.9322194,0.05439269,0.05089321,0.008944588,0.015523391,0.033916924,0.03288833,0.024505232,0.05078232,0.020630544,0.024826381,0.12298318,0.035992686,00011023_004.png
0.012949727,0.011351317,0.008255002,0.0076332837,0.012512055,0.007832224,0.0047472897,0.008087175,0.040419232,0.043292426,0.003984466,0.015957564,0.005512499,0.0069277314,00016991_013.png
0.111201204,0.005072711,0.013297647,0.00880201,0.04187399,0.009847481,0.0094734,0.038628597,0.37028402,0.011904798,0.0126900235,0.014766118,0.0068170233,0.009117892,00001948_000.png
0.19053705,0.565594,0.32667777,0.027564261,0.015798805,0.12829489,0.07281964,0.043025173,0.021265319,0.013605936,0.35316265,0.31601006,0.057235986,0.03452999,00006532_002.png
0.0049446416,0.006233616,0.022541622,0.8844201,0.23010686,0.078243725,0.21313621,0.010406021,0.03989862,0.71640795,0.012591628,0.009483384,0.011102546,0.006763361,00018724_042.png
0.38238993,0.84458864,0.91184676,0.072206736,0.08747045,0.078516,0.07908523,0.015831439,0.050955236,0.11415642,0.0153314,0.05546121,0.020710545,0.024373546,00000211_011.png
0.012467928,0.011641867,0.05834232,0.08047101,0.17906536,0.822039,0.0119155105,0.025537858,0.013644078,0.021317787,0.0070486674,0.0062324908,0.06311978,0.0097763855,00006700_005.png
0.04761677,0.0030836556,0.029000524,0.12314535,0.082924224,0.0076105283,0.0072554173,0.045544844,0.0064030234,0.0067175524,0.9865899,0.007872676,0.03773572,0.010262106,00009349_003.png
0.007570536,0.005480844,0.008488088,0.020224186,0.06478045,0.69336325,0.0069240164,0.08740857,0.0099490695,0.0062642246,0.025368256,0.024316411,0.17936808,0.0084375525,00007585_000.png
0.023337116,0.008645796,0.012778489,0.03445461,0.037690345,0.032453068,0.013301815,0.20861438,0.009000289,0.009754994,0.5233444,0.0036593352,0.025667928,0.00950212,00008468_035.png
0.067769244,0.024387022,0.6152601,0.85058165,0.40081793,0.029085092,0.11310867,0.010879583,0.5306174,0.03494015,0.08127759,0.40905717,0.05325481,0.016796794,00019395_016.png
0.045006923,0.0076373518,0.018085519,0.23971276,0.052390717,0.07269425,0.06204327,0.71344286,0.018918639,0.012229917,0.9264862,0.011420723,0.041411825,0.0125972675,00019373_003.png
0.00838628,0.007338056,0.02465931,0.08445089,0.21006803,0.17012952,0.0671621,0.012363926,0.0054621673,0.32281655,0.014009039,0.015344031,0.15091184,0.010391863,00016719_015.png
0.005294542,0.4142151,0.025763532,0.02062857,0.013161206,0.040209215,0.01830729,0.010932572,0.010660318,0.025028143,0.0076698186,0.0068581505,0.0083349785,0.016606472,00007228_000.png
0.08218078,0.009693556,0.027366865,0.8316417,0.037179723,0.009351502,0.038940363,0.0110178515,0.73320717,0.0067840302,0.010276974,0.01853532,0.021691078,0.007693124,00010805_008.png
0.00317492,0.007917723,0.01713866,0.41509563,0.014069916,0.021221995,0.040379126,0.43035585,0.030168379,0.08010805,0.8341405,0.015816106,0.017457953,0.008581894,00015606_039.png
0.013044773,0.01254976,0.30977952,0.73500556,0.29482433,0.7895638,0.1740551,0.014030376,0.013269717,0.4093756,0.013228124,0.03795933,0.04273888,0.014547728,00012373_004.png
0.04229956,0.017233722,0.023881508,0.21762206,0.01880412,0.0056617977,0.050664123,0.3905687,0.008820913,0.020249633,0.61980426,0.006145628,0.038961846,0.0133875515,00016937_008.png
0.47422716,0.013180518,0.05489153,0.78370553,0.085097745,0.10548547,0.061493147,0.039578155,0.0409497,0.028437706,0.34758547,0.405971,0.027206298,0.17216769,00009368_016.png
0.0051599364,0.017941315,0.1036883,0.80990225,0.22853582,0.12290269,0.049755365,0.0146855945,0.0438173,0.10776503,0.010789304,0.76012737,0.030085653,0.010080633,00001836_096.png
0.024297165,0.0068122204,0.009808029,0.022994295,0.20797354,0.022945294,0.011354974,0.61507237,0.01763558,0.011446998,0.11326428,0.0075473594,0.5121912,0.014149147,00008295_040.png
0.026125962,0.009341449,0.00420223,0.26597422,0.037922457,0.06619927,0.0766745,0.012795518,0.016346077,0.005687139,0.060645334,0.008193697,0.06656941,0.017327307,00018852_001.png
0.19740164,0.013879381,0.98563784,0.06274625,0.71243894,0.2518154,0.039401103,0.05874073,0.085570976,0.048360713,0.018071033,0.024741719,0.077309996,0.012413055,00006948_011.png
0.038127545,0.02099299,0.0028051161,0.23336273,0.060150154,0.02784328,0.23311725,0.028559068,0.0047437046,0.012596122,0.30968478,0.06488318,0.015009517,0.022046514,00002371_029.png
0.007827124,0.0021936367,0.016020214,0.028469624,0.20028286,0.009705437,0.012052963,0.019018156,0.024079911,0.011986787,0.0125883985,0.017423233,0.01968111,0.006888708,00008371_003.png
0.46746275,0.035261605,0.010123133,0.065028846,0.016380414,0.007487981,0.009405145,0.024162011,0.01986746,0.010734868,0.11192867,0.04414845,0.07120555,0.014484923,00015268_001.png
0.06577795,0.44732344,0.09267368,0.01698816,0.009456506,0.037387777,0.15701583,0.009120025,0.02931586,0.013085519,0.012610856,0.1153503,0.030104123,0.078073174,00009966_000.png
0.08453223,0.0063019455,0.26554835,0.008472122,0.032351,0.012649069,0.012243142,0.03156226,0.46858528,0.09948171,0.013545612,0.006087482,0.05217776,0.03305341,00015013_007.png
0.017388517,0.0076971618,0.31873325,0.590032,0.8222768,0.11241679,0.011794749,0.0034487331,0.34772596,0.05799261,0.0064474917,0.009148177,0.083098516,0.008320903,00018964_014.png
0.23960069,0.042531747,0.03644312,0.14455819,0.014112538,0.012303533,0.13740091,0.029000757,0.0060300427,0.052414715,0.03145502,0.24100685,0.34625003,0.013953394,00016205_000.png
0.054543506,0.0030754851,0.022642555,0.18171012,0.18584573,0.18965226,0.005364654,0.010000754,0.033812508,0.0052226493,0.009162221,0.040785354,0.27106082,0.0080995625,00004582_005.png
0.005108063,0.0049215695,0.003943621,0.19961727,0.04942481,0.016455892,0.06883524,0.0032481009,0.039224397,0.292373,0.009937572,0.033769384,0.015348836,0.010264262,00016291_005.png
0.055088628,0.016551608,0.097748116,0.012169276,0.0037457657,0.0053519043,0.023309715,0.07943356,0.30161223,0.278337,0.024938144,0.0094725005,0.022311142,0.009540488,00014618_004.png
0.016280355,0.012669917,0.07455285,0.20705776,0.018564196,0.32996294,0.06115391,0.042181775,0.29487112,0.5094133,0.023733774,0.012180419,0.034650367,0.010426984,00015041_011.png
0.096259385,0.008959789,0.041733254,0.02416905,0.009219809,0.021464773,0.04210964,0.6722693,0.021898843,0.015634246,0.9548845,0.011298648,0.08868129,0.016547231,00012144_028.png
0.019426137,0.022614203,0.02801381,0.071124576,0.033848807,0.06466481,0.009378553,0.4147743,0.25600365,0.025140341,0.010978676,0.0065578404,0.007916686,0.009810887,00002335_002.png
0.15209562,0.00515988,0.060247906,0.08366784,0.101059675,0.03327976,0.118915044,0.11646437,0.37095642,0.07980216,0.0076154885,0.029748049,0.0149627775,0.014531543,00017524_008.png
0.00748062,0.015001509,0.008715239,0.07580067,0.10109982,0.008567395,0.0038630608,0.013257609,0.3799303,0.014714034,0.0060505522,0.012018579,0.04174709,0.008447856,00013670_142.png
0.004337768,0.013514121,0.008905485,0.15315443,0.013930445,0.011608217,0.06021348,0.08263549,0.0073835542,0.09082495,0.009009954,0.018487021,0.117050156,0.013731034,00000877_030.png
0.012760576,0.0063030804,0.0130621465,0.0063477703,0.02177692,0.024875537,0.009091393,0.024254061,0.0062755262,0.009949275,0.16890174,0.056814454,0.11053361,0.015861759,00000710_003.png
0.09261313,0.015347366,0.5345396,0.041031644,0.2446266,0.021889083,0.009763063,0.19178407,0.07728905,0.007778619,0.028525362,0.010321201,0.3982217,0.009196078,00017443_000.png
0.14407077,0.013387028,0.10069947,0.010986186,0.18847801,0.96119297,0.028553354,0.018261956,0.065395504,0.009109801,0.008653602,0.03230673,0.0123966215,0.014681393,00014663_049.png
0.0415862,0.007681284,0.007580548,0.03937276,0.02815715,0.07674968,0.03032949,0.0094379475,0.022217477,0.0161932,0.032073654,0.86698025,0.024511825,0.014501521,00012620_000.png
0.31299245,0.016633797,0.073658474,0.20493777,0.15242703,0.014504684,0.07022807,0.08248335,0.24659617,0.015387021,0.0831758,0.49769124,0.46900824,0.045552116,00002583_012.png
0.0064582643,0.007953514,0.0054798955,0.0057977256,0.031198364,0.21138804,0.020239031,0.01116042,0.012411119,0.03429086,0.014901064,0.010813873,0.009978274,0.015035878,00005194_000.png
0.2890487,0.006019997,0.13774794,0.07325539,0.008482222,0.00982644,0.5956902,0.056097407,0.0057693277,0.010681939,0.008578175,0.11961894,0.15067033,0.008719751,00003665_003.png
0.24195614,0.05620142,0.048160505,0.8492374,0.06435133,0.0102834515,0.2230896,0.01935809,0.037831776,0.7836083,0.041447803,0.0152668115,0.0056158677,0.01767046,00004344_022.png
0.014915918,0.007308425,0.03445177,0.75403416,0.0043364298,0.00995732,0.01805859,0.099319495,0.10751088,0.038343824,0.005938358,0.011913568,0.1320598,0.007868829,00009302_019.png
0.050712537,0.042114407,0.054197017,0.13302547,0.17958838,0.027126553,0.04346798,0.0059031337,0.051746335,0.004742154,0.0067488044,0.3667158,0.28346986,0.021777753,00009600_007.png
0.030945087,0.14500776,0.012464482,0.03463183,0.016834326,0.013277043,0.011176491,0.25146168,0.009320922,0.017959489,0.8742043,0.06672279,0.017979978,0.019879417,00000013_042.png
0.019320372,0.008713567,0.010482551,0.25612703,0.023807513,0.39169195,0.014486713,0.013886679,0.01199164,0.009317382,0.014334982,0.97918016,0.071880035,0.009288557,00016006_001.png
0.030980118,0.005079719,0.0038471718,0.018447068,0.005413237,0.006527698,0.016139215,0.013320508,0.020987555,0.009086522,0.015421143,0.0066668275,0.009654114,0.00932289,00011461_000.png
0.03782861,0.01763706,0.042971015,0.029673543,0.046668198,0.02591015,0.1972186,0.049338832,0.039760917,0.048194703,0.8523354,0.018410409,0.034129668,0.028309759,00019027_005.png
0.09169791,0.00581868,0.024346273,0.0077757523,0.0034500803,0.0064315572,0.018790442,0.016537776,0.041743115,0.11560305,0.01782705,0.037937425,0.06963089,0.008065004,00006039_010.png
0.5023584,0.009096252,0.1894808,0.045233835,0.74092394,0.07322016,0.022775706,0.008752199,0.22357774,0.02067508,0.013136389,0.011472365,0.031714533,0.011801704,00013659_023.png
0.010068681,0.02920874,0.0030407868,0.0029388869,0.01600368,0.007428141,0.007822348,0.011714178,0.0061206315,0.011564001,0.005477887,0.008732488,0.009367932,0.008640538,00002636_000.png
0.015312702,0.008454645,0.0074023064,0.0069049792,0.028099969,0.037059713,0.010726355,0.0058757155,0.019907337,0.012017576,0.006155217,0.009997563,0.011185681,0.008255681,00011007_000.png
0.009884727,0.0071189343,0.006525039,0.033139363,0.03513818,0.43679842,0.024747007,0.014539889,0.014478457,0.28897175,0.0083011985,0.01624857,0.027482841,0.014812598,00014454_006.png
0.12115668,0.0076363827,0.026974661,0.03256401,0.033818826,0.028448625,0.013935127,0.049230594,0.023310764,0.01363175,0.98342854,0.023948243,0.027552046,0.012377231,00011808_019.png
0.01148925,0.010043504,0.0074532563,0.014217854,0.032040823,0.093384966,0.07933166,0.005769098,0.015653852,0.6888906,0.009666879,0.013004383,0.0056655332,0.012946223,00001576_001.png
0.040507708,0.1568547,0.3571129,0.85949486,0.28734294,0.13454908,0.015826656,0.10662195,0.5306371,0.13499406,0.005662348,0.014194821,0.024518812,0.011744788,00013594_038.png
0.0049135494,0.006939288,0.004630874,0.017672561,0.04064727,0.11854085,0.0047170017,0.012477673,0.0075554713,0.00592468,0.0074490495,0.16487026,0.08381353,0.014368964,00006752_005.png
0.0057900753,0.006298823,0.012352809,0.07190002,0.02086188,0.008531611,0.4096261,0.008632279,0.01685008,0.010833247,0.014297524,0.09226634,0.007298085,0.009865373,00007618_000.png
0.23496598,0.0064190673,0.04575338,0.083338685,0.00735521,0.023131484,0.098300464,0.0062466054,0.009510988,0.027075902,0.45580694,0.18900396,0.008683485,0.0054812026,00016416_000.png
0.01618801,0.004599892,0.05605606,0.06638872,0.012983029,0.006008236,0.010192579,0.44654298,0.109269895,0.024567407,0.024097834,0.057857264,0.024203945,0.007146774,00010677_024.png
0.06441762,0.12738065,0.6711019,0.017733807,0.20953538,0.045338936,0.032697074,0.09267114,0.06968385,0.0062274598,0.05109358,0.013625879,0.02125994,0.01339978,00010980_002.png
0.015758337,0.0096352585,0.02545718,0.5134372,0.5912189,0.27602482,0.012583824,0.023342893,0.013529368,0.018386347,0.012204856,0.015487469,0.20041768,0.008371143,00004928_004.png
0.019835154,0.98221725,0.029843869,0.13974975,0.0055150846,0.010567831,0.010305781,0.016434452,0.010692634,0.024222257,0.019419424,0.021817029,0.03111805,0.0107334005,00006875_003.png
0.017936628,0.009143207,0.008952238,0.018589804,0.1535684,0.004335195,0.019560868,0.023738112,0.018691476,0.07364014,0.00847934,0.008747443,0.012140341,0.00659944,00001992_008.png
0.3054666,0.029895073,0.020286163,0.87006307,0.039802093,0.024651242,0.1990278,0.010784582,0.13928254,0.78646296,0.013313717,0.007616549,0.010324342,0.016011544,00013894_004.png
0.025129171,0.015527276,0.009228647,0.01644843,0.015349039,0.35268295,0.009060991,0.05699804,0.012031511,0.0046539614,0.013055698,0.009191427,0.0112950215,0.009590918,00010384_001.png
0.009255652,0.18154487,0.004852455,0.021531275,0.0049998094,0.030363288,0.01608337,0.036889467,0.018941764,0.044724792,0.008623551,0.040352657,0.028239707,0.067227535,00007659_000.png
0.09523542,0.00869848,0.014709542,0.6999392,0.045487087,0.38408828,0.10657367,0.12958105,0.38269806,0.08211403,0.033773296,0.056249075,0.04271168,0.029511545,00004360_012.png
0.019934166,0.014604349,0.012198258,0.010315347,0.03548726,0.029334057,0.034396157,0.016043564,0.01905847,0.01517033,0.021869488,0.012970893,0.03134775,0.013579308,00018571_000.png
0.010261228,0.0030597956,0.0015689888,0.014433201,0.09769662,0.20692387,0.026194679,0.021493785,0.01958597,0.044203926,0.009695479,0.035021596,0.013464602,0.009741346,00005069_001.png
0.027957553,0.060194865,0.00878558,0.036282293,0.006519154,0.0065536886,0.12613629,0.032985855,0.0107687935,0.01754106,0.33958194,0.010398604,0.009444258,0.011740544,00004361_000.png
0.30661458,0.07084931,0.013766059,0.099243216,0.0072522652,0.015885603,0.22432701,0.0059543727,0.010633231,0.016073158,0.04947271,0.7240585,0.012428185,0.013764959,00010399_001.png
0.0066286046,0.0041142036,0.0033498297,0.013441053,0.1393492,0.04157396,0.0077168033,0.012365934,0.017974794,0.011914444,0.009491213,0.009685293,0.011430266,0.0062142718,00018989_001.png
0.035876967,0.08684924,0.03225696,0.035574317,0.028644124,0.0118883075,0.011472706,0.05300155,0.008824153,0.024720984,0.98271734,0.010402103,0.009045442,0.007774557,00000013_026.png
0.02699748,0.0038539057,0.0050085774,0.23733297,0.020429313,0.013174207,0.0059632473,0.1308332,0.038338106,0.0057309857,0.14550681,0.016315788,0.1412471,0.007859272,00000831_001.png
0.7760664,0.013939237,0.037634213,0.017072136,0.014170728,0.014336881,0.08901749,0.010952757,0.014992284,0.011282525,0.013284463,0.82943535,0.018217547,0.008775524,00000910_001.png
0.31570202,0.024945652,0.3748308,0.7867102,0.010138228,0.072483145,0.13112752,0.18050927,0.17846286,0.04575547,0.0051705707,0.005774779,0.06296942,0.007265099,00014346_021.png
0.2730995,0.0057060183,0.21481508,0.12818035,0.33342782,0.025629314,0.011965212,0.043039124,0.77254146,0.004342866,0.014216711,0.011651562,0.15923657,0.014898111,00008232_010.png
0.07638973,0.010426714,0.09402579,0.035589002,0.03843792,0.011329964,0.011729031,0.017236572,0.64048856,0.031610534,0.00564645,0.016993146,0.0069542793,0.009802533,00008387_006.png
0.013164378,0.008305372,0.0064507215,0.01436642,0.006438124,0.012446968,0.007245687,0.020675354,0.005230888,0.007932949,0.03343715,0.032971114,0.12535897,0.005344384,00008748_013.png
0.028097123,0.005824014,0.5926498,0.043720208,0.054286547,0.06281593,0.053849693,0.023499943,0.029027438,0.012302836,0.016527038,0.820953,0.6261224,0.020130176,00005612_007.png
0.014021547,0.0060002925,0.0136021795,0.21495691,0.015004046,0.025017679,0.04343833,0.06724091,0.009497956,0.017314134,0.096639216,0.80486614,0.15794481,0.008993249,00001429_008.png
0.026284367,0.0070717963,0.005490345,0.71877605,0.24136204,0.07648949,0.04126912,0.014570592,0.16778764,0.03722788,0.009108088,0.048069872,0.018767625,0.008019782,00013875_005.png
0.023626268,0.030543836,0.05631396,0.35006973,0.030046131,0.70141315,0.0999478,0.07241043,0.040664937,0.021933848,0.009701149,0.040479697,0.052640017,0.008954383,00001872_012.png
0.011401166,0.013224216,0.0039600446,0.66364133,0.02710782,0.0361018,0.3458757,0.012909495,0.031352423,0.934594,0.017331107,0.017696245,0.0081259,0.009506883,00018104_004.png
0.32400566,0.011377226,0.009329785,0.05971752,0.020940082,0.32980108,0.21616174,0.008111247,0.026324725,0.016915707,0.018649653,0.41957837,0.013471906,0.022758344,00016213_007.png
0.042074308,0.0675201,0.04112818,0.009898279,0.019106263,0.058947876,0.048777614,0.07027663,0.022105176,0.00513061,0.025064854,0.006527309,0.04738311,0.022308167,00011849_001.png
0.08006965,0.006817795,0.013314269,0.04576512,0.04739877,0.20527871,0.023422623,0.5694127,0.017276505,0.01580367,0.18857655,0.02935155,0.38394076,0.018019054,00003995_002.png
0.025488317,0.009687328,0.73992574,0.20657831,0.010333506,0.01898277,0.029515808,0.009901167,0.01384193,0.9904021,0.01268356,0.009148013,0.015326534,0.008149177,00010347_003.png
0.04117717,0.048847318,0.25216228,0.0398993,0.049120374,0.08467414,0.013344666,0.0069289356,0.02419363,0.05481045,0.043675076,0.0043876055,0.6189577,0.014224618,00010007_165.png
0.2392528,0.027327493,0.030128533,0.012350535,0.0066844844,0.01813421,0.022838524,0.014712617,0.011175922,0.012674768,0.012057283,0.9044881,0.020635935,0.017900595,00015275_000.png
0.034698054,0.0062807295,0.11888083,0.007828645,0.08537498,0.0035357703,0.0130231315,0.008305388,0.12107486,0.010788317,0.008422641,0.019172085,0.016999973,0.016128045,00016009_025.png
0.44003975,0.002790863,0.06959052,0.75230443,0.04833096,0.005970508,0.04570557,0.014904844,0.40968698,0.5528977,0.021180654,0.013923195,0.008841453,0.011310229,00006039_004.png
0.015019559,0.0063520065,0.005488218,0.08102323,0.028495923,0.016000826,0.03747786,0.00710266,0.08806165,0.1433319,0.0044908524,0.008274325,0.013630333,0.010086791,00012470_002.png
0.006310662,0.23914433,0.006261215,0.14232971,0.023325082,0.00579717,0.014968978,0.028103817,0.0065527414,0.017878037,0.051350385,0.1187839,0.06992506,0.018149838,00015361_000.png
0.028156947,0.0458858,0.04154935,0.91273093,0.04556962,0.022077428,0.4758076,0.02927905,0.076747164,0.28735727,0.007396731,0.010880804,0.00844064,0.008029783,00010350_018.png
0.051007368,0.018354785,0.0043291417,0.005807227,0.036413096,0.08606645,0.03315526,0.02987504,0.004902511,0.0026991884,0.016544687,0.012982094,0.007944151,0.010009535,00008675_005.png
0.13750471,0.0034747631,0.015277547,0.030739602,0.0077015734,0.021639407,0.12284213,0.0024295058,0.027805656,0.012041055,0.048156817,0.8197233,0.0057246042,0.015542038,00015273_000.png
0.0049197897,0.6387118,0.0031055019,0.2319979,0.01990709,0.28036356,0.018433958,0.020811489,0.07162769,0.04257601,0.015153093,0.04687048,0.032931007,0.016219046,00003989_006.png
0.02502702,0.024289666,0.118859515,0.019912489,0.07174629,0.01726214,0.09339251,0.0048140865,0.23535839,0.2333174,0.0131992195,0.0071529346,0.011137102,0.0107785305,00013249_017.png
0.020586973,0.027214546,0.19076684,0.09350413,0.1612888,0.004194298,0.01627288,0.032774266,0.06114886,0.017363887,0.004506604,0.0070106233,0.21996875,0.0076672067,00007557_014.png
0.05226546,0.043692376,0.07659461,0.0060942513,0.07745367,0.12251531,0.012036665,0.2373601,0.012206282,0.004700047,0.02845139,0.013540114,0.4041858,0.028147645,00000608_001.png
0.08643415,0.008225331,0.28483275,0.45183417,0.5066891,0.21451618,0.14082476,0.005639159,0.048287027,0.8433662,0.06507776,0.07160017,0.02287956,0.020727608,00018091_022.png
0.019873254,0.028926596,0.3205533,0.015892455,0.01258358,0.070064954,0.009214135,0.34300822,0.023669932,0.017497888,0.023496846,0.45181116,0.030194797,0.05800002,00003046_000.png
0.01732876,0.0061741746,0.029129926,0.0067056096,0.2390596,0.03947693,0.020527044,0.026307972,0.00502293,0.005533674,0.072057314,0.1592851,0.38460568,0.011495467,00018608_002.png
0.018983,0.0045727594,0.068632625,0.010563973,0.026442459,0.05104789,0.02040149,0.013793841,0.013457685,0.014927939,0.018664282,0.6525258,0.35242176,0.009470877,00000092_002.png
0.063483045,0.026555998,0.04737463,0.383723,0.017492233,0.011055746,0.22438625,0.01208492,0.28632972,0.85888904,0.022050025,0.008985645,0.023947526,0.0136315655,00017138_004.png
0.19459526,0.0050771935,0.020645155,0.1300149,0.068413004,0.43367058,0.024743758,0.30524337,0.0164705,0.0068561374,0.03002181,0.01418001,0.022776261,0.009028378,00003367_002.png
0.71259826,0.03881612,0.12441905,0.05836806,0.028088642,0.034433164,0.08266633,0.018009918,0.028632093,0.01082797,0.05717919,0.81423175,0.10675183,0.02514336,00012536_000.png
0.006016901,0.005292274,0.00383173,0.009438474,0.011362031,0.05528988,0.011927957,0.009079956,0.006910936,0.0047738333,0.0391813,0.035129044,0.03226966,0.0108376825,00009165_000.png
0.037045848,0.0042113084,0.0047114347,0.088792704,0.5317339,0.05603637,0.011221733,0.056941487,0.16312206,0.012070308,0.07021693,0.0062688296,0.11115149,0.014160692,00008397_011.png
0.03795161,0.006746826,0.16690618,0.18314111,0.00722516,0.013907544,0.07883679,0.07013571,0.12177412,0.9199758,0.04633295,0.0053586992,0.032134652,0.01093378,00009365_021.png
0.11156719,0.017856538,0.963864,0.093054965,0.14752513,0.06753682,0.023747483,0.039324153,0.40045363,0.05889226,0.02483141,0.013566425,0.011761465,0.0089534735,00017541_027.png
0.030540548,0.005192619,0.03801915,0.0100533515,0.05340602,0.036629934,0.0076180194,0.06921657,0.78335816,0.011314047,0.008562458,0.010337476,0.011882192,0.011858568,00011303_003.png
0.036761474,0.91910136,0.037747316,0.2018223,0.06346767,0.05659795,0.011689565,0.095019415,0.037445087,0.025746107,0.05710619,0.021958238,0.022780163,0.026705729,00004182_000.png
0.015079375,0.020681513,0.0058996477,0.5381912,0.011892598,0.00997147,0.04360122,0.33851758,0.013701593,0.05097471,0.16108884,0.07537214,0.27613878,0.014817337,00007034_070.png
0.014760568,0.0033284444,0.0076569896,0.88229185,0.04877767,0.0074953195,0.19596648,0.014543497,0.047485273,0.8862994,0.009174385,0.015352484,0.0061581437,0.0067172092,00016991_008.png
0.041072875,0.024770137,0.035715904,0.009814941,0.38916507,0.5058425,0.013912777,0.006037181,0.7147401,0.011511507,0.0032260811,0.0067886068,0.00925428,0.008700261,00009457_002.png
0.00952298,0.005759626,0.018983684,0.2821812,0.017332941,0.63587713,0.07013266,0.022154128,0.02768639,0.73402834,0.015923463,0.016964551,0.014830597,0.008977793,00020156_003.png
0.18700476,0.007149972,0.49091,0.17903997,0.39319637,0.016644916,0.054478537,0.15195723,0.6337124,0.015339362,0.006130278,0.012039251,0.06421669,0.013782376,00005756_014.png
0.085441664,0.005843602,0.043952674,0.065762185,0.013009637,0.05051478,0.011632949,0.016178204,0.011818081,0.016475037,0.01117303,0.37306273,0.8204469,0.016137633,00001524_000.png
0.101697385,0.55042756,0.033835717,0.6393815,0.014551435,0.015254086,0.014494864,0.05825786,0.07170798,0.064556696,0.01733611,0.016053323,0.0039111064,0.014833796,00001249_005.png
0.009904814,0.0334382,0.023546917,0.00787033,0.01303442,0.005368597,0.0065720556,0.008872168,0.017211769,0.04562299,0.0106520085,0.012523473,0.005754225,0.007203313,00015406_003.png
0.017820524,0.023922428,0.09754041,0.6200909,0.010378994,0.004814352,0.03934938,0.01892932,0.13901159,0.70039284,0.017330952,0.009325136,0.009154203,0.012530086,00010007_005.png
0.03687053,0.009201268,0.37673467,0.175448,0.61014295,0.017033769,0.023744605,0.6973902,0.016203525,0.016113378,0.826943,0.015427008,0.1049207,0.014858128,00013911_015.png
0.0067621116,0.0075775785,0.009182932,0.011955988,0.014798291,0.015473161,0.025101699,0.3443975,0.014396619,0.010859522,0.4692599,0.02530116,0.20471355,0.022199797,00005986_016.png
0.031701773,0.0073164487,0.01081877,0.09347868,0.15895069,0.030072344,0.050382942,0.03587723,0.007934987,0.010335681,0.32761395,0.031040095,0.11340567,0.010495145,00019718_004.png
0.0055465205,0.011461063,0.0052654203,0.04609152,0.016695684,0.017345933,0.012279323,0.1678932,0.008983501,0.006418198,0.019076545,0.007814581,0.033528518,0.005513633,00007572_001.png
0.08666205,0.0124222,0.012594006,0.44809783,0.1558744,0.019594349,0.0107567,0.24102774,0.37872624,0.01383554,0.0036685888,0.0071608727,0.00985583,0.010144129,00007046_007.png
0.0364313,0.0060477313,0.016080724,0.002988214,0.06702001,0.28880742,0.01158204,0.017519806,0.012723439,0.026955457,0.014414445,0.16818109,0.08647952,0.02380907,00012882_000.png
0.0075863935,0.004827923,0.0037996483,0.026516529,0.057890214,0.0063981074,0.016381044,0.15304738,0.029886883,0.01677715,0.016114581,0.008625989,0.0040762154,0.009384882,00015075_004.png
0.021672407,0.008748105,0.009774326,0.017933369,0.017677778,0.07130118,0.017595608,0.11993831,0.02559811,0.015368234,0.026027193,0.62929285,0.32735157,0.018668838,00011969_000.png
0.15389572,0.01362791,0.14903632,0.017434813,0.31883577,0.0425655,0.007712474,0.024184836,0.042825263,0.009899438,0.57057124,0.01084895,0.4177833,0.018554665,00014635_005.png
0.010174655,0.00870644,0.005198539,0.0050636535,0.008588351,0.0188051,0.014206716,0.01732402,0.005300155,0.014482112,0.9139313,0.0502279,0.010171338,0.013321619,00019097_002.png
0.029235667,0.004569377,0.013168419,0.40783495,0.018270193,0.06827414,0.26719743,0.011322082,0.08051889,0.00467497,0.021720158,0.015779888,0.03974452,0.008516213,00006271_002.png
0.0047281673,0.0067608943,0.009622485,0.14453872,0.012893299,0.013313122,0.018152758,0.03575379,0.016181458,0.65227574,0.01421641,0.013744066,0.034670435,0.0059106657,00009018_002.png
0.0206377,0.019358102,0.01343444,0.020245453,0.015945677,0.2579762,0.029930515,0.07916338,0.46354926,0.025969902,0.04000639,0.751578,0.35820127,0.019654162,00014022_071.png
0.052866478,0.01714866,0.020837441,0.034834743,0.06991514,0.08960796,0.007549342,0.010975932,0.016063275,0.034858502,0.0067504733,0.022493614,0.021733735,0.018277377,00019940_004.png
0.11525585,0.007924985,0.078912005,0.091060884,0.011540883,0.014155666,0.026231375,0.9258472,0.017165523,0.012490323,0.9879788,0.008597828,0.0111232875,0.010569367,00016807_013.png
0.12047766,0.002062983,0.0080443015,0.38287592,0.18816693,0.0074031055,0.10914766,0.022261217,0.17504323,0.13357852,0.01030438,0.027146291,0.052484076,0.016163288,00000652_006.png
0.0041145496,0.011179475,0.004708571,0.00568502,0.009265307,0.015065006,0.037285745,0.0060987067,0.005784454,0.019430356,0.013150651,0.00892957,0.011349648,0.006433154,00016484_001.png
0.14042175,0.0041737133,0.008259512,0.12167182,0.033923738,0.024021694,0.019073002,0.03754133,0.027366854,0.005284621,0.0102216955,0.92152137,0.15078337,0.009777355,00000524_001.png
0.068594776,0.004519046,0.005760749,0.2543497,0.061691087,0.012056249,0.07131657,0.02235567,0.6558942,0.044446353,0.006552071,0.020604845,0.12521662,0.013233682,00008341_002.png
0.04846624,0.0051306076,0.02366537,0.14013352,0.048044235,0.012613465,0.014972044,0.95559776,0.13124016,0.011531976,0.0073337364,0.0112320455,0.023157235,0.0072368467,00001170_028.png
0.083742894,0.020549294,0.015387787,0.003937922,0.016424857,0.022952918,0.012515463,0.010708477,0.016606769,0.012874446,0.13348514,0.018830555,0.106661946,0.011622587,00008103_000.png
0.5643599,0.013804645,0.023481162,0.009799776,0.012603082,0.06560804,0.014976053,0.104623094,0.013152105,0.0078283455,0.780747,0.012265486,0.022376632,0.010716776,00008841_021.png
0.029461652,0.28260434,0.009607157,0.09964092,0.021876482,0.024668189,0.017695514,0.009184689,0.04479806,0.01395867,0.0053727715,0.018154848,0.005201,0.013596161,00000193_019.png
0.0148043195,0.03804578,0.008413133,0.0431716,0.008018139,0.014809593,0.023699703,0.12860385,0.02251928,0.5373934,0.008672078,0.0094998,0.010206559,0.016775852,00011010_011.png
0.01080204,0.005967998,0.011703958,0.27463707,0.024182426,0.062188473,0.09649352,0.004498038,0.012808173,0.9377769,0.023135945,0.012856109,0.008385907,0.0071306424,00014362_008.png
0.010524045,0.0038402558,0.0035872157,0.13449208,0.8645044,0.055423427,0.012903802,0.09570657,0.010941043,0.0116694365,0.025756227,0.004477827,0.0075967824,0.007176151,00014251_003.png
0.15620568,0.008342612,0.019853001,0.04186347,0.09930425,0.07442194,0.023386754,0.77515465,0.0502276,0.04163133,0.15729538,0.03548144,0.015311393,0.015026361,00009890_001.png
0.008185269,0.010897855,0.013071911,0.062096667,0.054497417,0.14534657,0.009570191,0.0068975245,0.03235083,0.012100568,0.0026441868,0.052755553,0.011531649,0.006113865,00011553_001.png
0.0220119,0.007332288,0.023431797,0.13086317,0.009928677,0.01911041,0.026141515,0.96441126,0.017760914,0.023459632,0.93282044,0.02119501,0.029473739,0.009948374,00013031_011.png
0.062065322,0.005824917,0.03115335,0.041479416,0.016398016,0.017046468,0.01868397,0.032679707,0.014751702,0.009709233,0.0044942303,0.017516878,0.21420446,0.010314675,00000499_002.png
0.012604738,0.9694462,0.03369798,0.016744405,0.0062370966,0.010353787,0.007627611,0.024626508,0.00857444,0.016138222,0.007848345,0.013328891,0.013151723,0.017427586,00012381_002.png
0.013642712,0.0103143975,0.008905797,0.0025396901,0.012865467,0.015978528,0.011611741,0.023934333,0.008711479,0.0044448692,0.01422962,0.009474698,0.011313999,0.0069954,00002529_013.png
0.23571005,0.004908316,0.012392653,0.009048147,0.010780691,0.0071070124,0.03954692,0.052022655,0.01942374,0.010587333,0.05210099,0.15846983,0.0077430555,0.020422272,00016937_016.png
0.8292412,0.07171941,0.24433571,0.69053894,0.079709224,0.027419169,0.08132398,0.014808103,0.15501305,0.105553314,0.03091128,0.039894,0.011582166,0.009051132,00007718_003.png
0.010354906,0.3765503,0.052250322,0.019094292,0.011838234,0.015930526,0.02120121,0.009695026,0.028008265,0.12837158,0.0055965264,0.0061636236,0.054225467,0.017129907,00015563_011.png
0.095920034,0.003645258,0.008268024,0.002447201,0.028501078,0.010987222,0.010156922,0.12972453,0.027513891,0.0039160307,0.19356136,0.004531014,0.013763133,0.009251425,00017227_003.png
0.11838169,0.59249204,0.14725508,0.020088837,0.019521043,0.021776011,0.030082015,0.0068686716,0.60236555,0.6507768,0.011755437,0.022015966,0.01903738,0.025927793,00006304_004.png
0.010636668,0.0124740945,0.033861086,0.009166959,0.0119369915,0.013354118,0.011132785,0.046145875,0.007892186,0.010176961,0.81009716,0.018794676,0.3140723,0.009738215,00010932_002.png
0.109740056,0.0039340225,0.011471154,0.033295896,0.025734143,0.053949367,0.05495717,0.012808299,0.02237908,0.013397808,0.09105461,0.32095888,0.023205856,0.021291953,00003678_001.png
0.37219355,0.94122535,0.2861943,0.333513,0.020394003,0.041132204,0.07416595,0.08835354,0.054685723,0.09135188,0.035371784,0.028659841,0.013863218,0.024996143,00000211_016.png
0.08115318,0.009732726,0.021455323,0.04405082,0.03529628,0.0077754976,0.03114047,0.1596416,0.009684575,0.008682537,0.9584758,0.022263994,0.021694383,0.01349905,00011355_002.png
0.016510198,0.8906369,0.024907233,0.025557501,0.006576749,0.052612655,0.0132682435,0.016166944,0.02029284,0.014320713,0.011101029,0.011355235,0.020602787,0.017628692,00004012_000.png
0.012312965,0.0030251602,0.0014198046,0.04727358,0.11605724,0.028318174,0.016920917,0.007881649,0.067787364,0.004600914,0.0030183455,0.043194693,0.009765751,0.0052699284,00001637_011.png
0.031977072,0.023249969,0.058006234,0.22380744,0.406566,0.009889908,0.082632095,0.01503121,0.037206423,0.009664761,0.015049737,0.013820909,0.017293222,0.008603412,00011122_018.png
0.2810114,0.032427568,0.21744953,0.021033723,0.020444743,0.038461227,0.00811662,0.029520754,0.25002277,0.050704733,0.003133005,0.011681702,0.30881113,0.009665788,00014307_006.png
0.024034524,0.009267978,0.02193888,0.16863245,0.09370348,0.027733661,0.01216028,0.3439754,0.008911534,0.032968424,0.99646276,0.006395214,0.0069971927,0.007201955,00003523_035.png
0.023661183,0.005034938,0.003452831,0.1954588,0.18194659,0.028536277,0.015646094,0.01188832,0.34796816,0.1018761,0.0114211645,0.01351641,0.016000751,0.008616447,00016696_002.png
0.18755375,0.025102137,0.01555502,0.0340561,0.02072345,0.0069021126,0.009542096,0.1030042,0.4265762,0.011408617,0.0064411936,0.00866184,0.0056824763,0.007867884,00017524_003.png
0.015359585,0.015222366,0.14934093,0.285237,0.3448176,0.21659285,0.022498863,0.3528701,0.3694013,0.012695383,0.017726274,0.01704515,0.022447074,0.010660842,00007830_005.png
0.018359156,0.010473374,0.015234121,0.02081336,0.023132887,0.012129028,0.5660676,0.01645532,0.0072422125,0.027489811,0.011037435,0.019970564,0.03950485,0.0128726335,00007016_001.png
0.036785033,0.022192562,0.004075443,0.025683388,0.0042803297,0.0077530313,0.022327127,0.004828292,0.007196374,0.010100814,0.011294733,0.9537265,0.010659513,0.008310715,00017323_003.png
0.09000465,0.018514028,0.081047714,0.9773818,0.051413573,0.032733317,0.04497538,0.027379973,0.041768737,0.10744724,0.008809714,0.0114761125,0.12514652,0.009775219,00012973_023.png
0.031249218,0.9618412,0.04929601,0.023563314,0.009537581,0.015421719,0.013874859,0.022810409,0.018932734,0.01776202,0.018905433,0.101964094,0.042721126,0.022271452,00017999_006.png
0.057075083,0.015769383,0.0084365355,0.008662319,0.015238772,0.041616663,0.32568893,0.019846518,0.009100483,0.017137598,0.007350985,0.030821582,0.039442305,0.011462701,00012082_003.png
0.027588263,0.08459971,0.01155034,0.09085297,0.014130728,0.08259724,0.025606971,0.0049706176,0.024682658,0.01950939,0.0073330174,0.029384216,0.027753577,0.016277263,00002072_006.png
0.024183039,0.0839932,0.012984734,0.08482057,0.06829427,0.051508326,0.06969874,0.05726458,0.006316229,0.0072742836,0.03855351,0.07126535,0.0114694135,0.019769764,00013363_000.png
0.051329285,0.027253525,0.10293049,0.023415586,0.27122185,0.009968692,0.00837309,0.10349754,0.008622706,0.014435703,0.5759182,0.0068909917,0.1046394,0.0117421765,00002702_014.png
0.018879965,0.0105665745,0.0050603417,0.024057113,0.010258595,0.015197568,0.02072932,0.012970514,0.019830005,0.014549403,0.03774041,0.21320246,0.0453667,0.029437814,00000529_000.png
0.005417711,0.0062899883,0.01347775,0.14320621,0.035014834,0.14437442,0.015012773,0.004121169,0.062249202,0.33998585,0.0100302715,0.0055181817,0.034431,0.0078573385,00010708_000.png
0.058003865,0.02592586,0.016209805,0.8774738,0.015124718,0.0062306183,0.09832528,0.0037843555,0.026069432,0.46088326,0.022861935,0.009970933,0.005748867,0.010681738,00008051_027.png
0.13132711,0.012048601,0.013610308,0.11659628,0.11763339,0.07049631,0.017752571,0.68831027,0.027232192,0.020143136,0.9653611,0.01284013,0.0140086515,0.017893992,00002868_001.png
0.013206283,0.5880963,0.012567783,0.046704065,0.019919775,0.039249867,0.03439033,0.009067818,0.015609064,0.09216167,0.00848047,0.11664553,0.021632297,0.025028313,00015370_007.png
0.06679318,0.0026295658,0.0117406715,0.025355157,0.008073359,0.0040561445,0.14315481,0.0102054505,0.019178392,0.016887382,0.014630078,0.03163484,0.09393306,0.015037959,00014178_004.png
0.015513738,0.006746964,0.005834236,0.0073822653,0.010410902,0.06489066,0.013045994,0.11674726,0.022156509,0.008380054,0.01020613,0.901981,0.15071724,0.012536937,00000199_001.png
0.036236096,0.006340853,0.0681774,0.07437338,0.029730128,0.045165718,0.055384867,0.061014604,0.010793626,0.025207708,0.094998784,0.45334193,0.56139195,0.027029337,00015997_000.png
0.11203367,0.031677797,0.23139016,0.047170963,0.019368023,0.011941942,0.014761185,0.011346829,0.50564873,0.08570921,0.008852244,0.08175502,0.22307716,0.012855515,00007718_013.png
0.28401384,0.012870979,0.4048016,0.03507713,0.03439862,0.5650867,0.08343251,0.0699751,0.04603091,0.008937811,0.017516606,0.12981397,0.17163467,0.012181079,00015914_011.png
0.024990782,0.006163738,0.32349488,0.74264413,0.07317195,0.08506873,0.14288847,0.06234349,0.3455771,0.63716835,0.022538124,0.024956457,0.03547902,0.011948256,00020037_004.png
0.115070105,0.006038068,0.015787954,0.00835257,0.020739328,0.5429033,0.102220245,0.012234519,0.021445578,0.010173134,0.030929716,0.14524005,0.102722794,0.015305103,00006650_000.png
0.007948989,0.013575055,0.0039342185,0.0055583133,0.006551162,0.015350235,0.007473843,0.006361458,0.0070175882,0.00833328,0.010599919,0.0042297593,0.006736823,0.007499475,00012470_006.png
0.0403001,0.0053883228,0.059193693,0.012220249,0.13198623,0.06227827,0.009237868,0.025097104,0.7977576,0.02963544,0.004472102,0.0071124285,0.05061198,0.009713928,00013073_006.png
0.044213768,0.0036774743,0.0073617855,0.027609777,0.032880962,0.03362205,0.056776144,0.0043166545,0.021002283,0.0041415445,0.035249814,0.37169594,0.009020104,0.082299925,00019059_000.png
0.019178743,0.045419704,0.009273816,0.09440821,0.003066698,0.024678074,0.01962305,0.0630817,0.022172851,0.0108372895,0.2553568,0.019711046,0.009183709,0.025648275,00007076_019.png
0.024452824,0.0092366645,0.042189993,0.11909534,0.05178142,0.06834567,0.023763089,0.3626956,0.009148855,0.011778475,0.21464755,0.070455424,0.93265647,0.013201486,00019222_009.png
0.116020665,0.037771363,0.35895646,0.78755677,0.011897671,0.023849411,0.032181747,0.048365723,0.80144626,0.067677386,0.015732406,0.017902743,0.028853212,0.008621251,00009595_016.png
0.005166731,0.0041826293,0.15932615,0.13084911,0.0071924697,0.0131655615,0.02358659,0.3198136,0.049677216,0.027219873,0.089597404,0.015868064,0.055761635,0.008984048,00016797_015.png
0.020729586,0.012269362,0.14146101,0.0218062,0.1292572,0.02730223,0.009453697,0.0031863688,0.07284113,0.030697428,0.007603998,0.0039655743,0.011928788,0.0053193355,00008068_009.png
0.03961103,0.19632769,0.008746711,0.009396327,0.06001461,0.006485436,0.031639665,0.013460294,0.0075353463,0.009189269,0.18556523,0.013991656,0.01067248,0.15011653,00013380_003.png
0.21482335,0.005477848,0.38651377,0.0419428,0.5679735,0.017090844,0.09901326,0.024256628,0.12525263,0.040499546,0.04483525,0.016684884,0.06948671,0.022721358,00011144_006.png
0.45237672,0.010089868,0.004402589,0.16409685,0.036987014,0.10261943,0.021972084,0.20594157,0.0103940265,0.021888902,0.06025696,0.10359853,0.072635114,0.014378943,00008013_006.png
0.03999146,0.0072309054,0.025176238,0.18046127,0.1914871,0.62136173,0.02901569,0.017613966,0.04233133,0.016410474,0.0059406157,0.01527972,0.015921036,0.009215629,00011737_003.png
0.010807483,0.0055756937,0.07713078,0.30844277,0.19550163,0.017794253,0.03224836,0.19022368,0.02102084,0.31250888,0.17316924,0.0074624266,0.006975306,0.009588604,00017467_020.png
0.07676937,0.0059286826,0.17712785,0.6596219,0.14539796,0.21398117,0.078949325,0.22084932,0.023073753,0.014760658,0.15364343,0.16815165,0.9107302,0.033745423,00017712_005.png
0.016321622,0.024260154,0.0064722197,0.012841913,0.01327651,0.082730465,0.018615829,0.005464211,0.012159771,0.035014424,0.010199947,0.0135218855,0.012345573,0.0124654155,00006205_000.png
0.2351585,0.4933384,0.031192297,0.15544605,0.012363746,0.0049701673,0.12601309,0.011066696,0.0060228165,0.011190987,0.018660558,0.046181448,0.012945467,0.011987703,00007018_011.png
0.019453455,0.032545477,0.0063533126,0.017069157,0.008393302,0.039774794,0.09612029,0.048863888,0.0053092153,0.0052202567,0.022610324,0.13451988,0.016817186,0.017673904,00007700_001.png
0.18556434,0.014939323,0.06537652,0.87539214,0.013729794,0.05569474,0.026337475,0.5100257,0.43643576,0.019841416,0.22836,0.026973277,0.023391655,0.012637759,00008509_002.png
0.1923852,0.0041978206,0.0333295,0.0259323,0.04857892,0.0021619895,0.009042099,0.050852366,0.09565633,0.004524457,0.014546286,0.027510133,0.16920206,0.0081137335,00010357_002.png
0.08393118,0.03990121,0.111119755,0.6783184,0.0074909474,0.015055471,0.08558094,0.01187884,0.7007545,0.49526983,0.016089931,0.022908624,0.005389013,0.0091326805,00011966_011.png
0.061867543,0.009564569,0.032791443,0.024062699,0.28235582,0.017868502,0.008151525,0.06244374,0.036813036,0.0028876362,0.008191473,0.00693423,0.015896834,0.0065853433,00016234_000.png
0.026137272,0.05284096,0.9085861,0.6795525,0.06343617,0.14960484,0.07172916,0.039660826,0.02044909,0.07849323,0.05304,0.10608554,0.53562933,0.07370319,00004832_002.png
0.4742151,0.009006765,0.016203487,0.04199255,0.026061086,0.009444271,0.029346393,0.014242262,0.32428804,0.01119178,0.009815951,0.022747809,0.016181359,0.010835224,00019967_020.png
0.028113784,0.015765965,0.008232928,0.00963156,0.18731526,0.10204259,0.011725946,0.0042705005,0.045997515,0.032767277,0.0056070206,0.008283532,0.007218131,0.011906475,00017819_006.png
0.029110838,0.9537116,0.13678625,0.6494903,0.024399918,0.06629765,0.018148663,0.062430937,0.035298765,0.030642083,0.01029563,0.0575013,0.03841145,0.034830187,00004893_085.png
0.028888298,0.013062433,0.0440902,0.64246887,0.043210026,0.96421456,0.036615234,0.02451027,0.07136752,0.015792668,0.018318858,0.20530553,0.081782326,0.011740931,00005030_000.png
0.018567307,0.007017037,0.009992704,0.22468406,0.010351594,0.012418076,0.004248063,0.008990615,0.26748815,0.15187043,0.0072603645,0.014391396,0.009047116,0.0063838223,00017524_028.png
0.017726956,0.022941984,0.0050914614,0.2327109,0.018338721,0.69490427,0.030006375,0.023928022,0.005510588,0.013933085,0.007478174,0.035917077,0.21406102,0.008719929,00017839_000.png
0.0060748383,0.080131315,0.20015584,0.1888269,0.013333194,0.007044077,0.042755604,0.006936789,0.06733031,0.93822575,0.008003407,0.008377173,0.0034931258,0.00856198,00013594_049.png
0.016337546,0.011425963,0.0062750564,0.0295443,0.096146196,0.7941697,0.010239856,0.012990155,0.008296376,0.018738065,0.021652667,0.013305695,0.015072776,0.012337297,00018448_000.png
0.066346765,0.019759804,0.08116776,0.07542016,0.012057998,0.017922513,0.031321023,0.40798512,0.026834164,0.034394693,0.95880115,0.034026634,0.086322434,0.02552713,00014849_004.png
0.06828112,0.016594352,0.6529496,0.61646265,0.43462408,0.022172537,0.032500535,0.96111774,0.026652489,0.00973587,0.09494112,0.06637588,0.17826921,0.015510426,00009349_024.png
0.16660438,0.010372478,0.009578353,0.027742956,0.028930949,0.021893824,0.04646134,0.0068755513,0.06869339,0.031601757,0.01684489,0.008287663,0.008940549,0.00807528,00019967_002.png
0.08722449,0.011800769,0.021573422,0.027686356,0.008461438,0.006636321,0.035087474,0.015112016,0.11412072,0.018027643,0.005804733,0.010788384,0.024000289,0.016846746,00001643_003.png
0.91206366,0.02473139,0.06367656,0.21559744,0.07810967,0.023208456,0.03416139,0.0970472,0.02866451,0.008338897,0.9817187,0.0068729827,0.026662363,0.017751044,00011808_017.png
0.09847205,0.028989648,0.97607803,0.2129519,0.019003222,0.02671941,0.05023771,0.0063727912,0.064182155,0.926592,0.009484862,0.014867539,0.023693273,0.010583523,00014362_011.png
0.09833464,0.0054608276,0.1128119,0.4166687,0.14182179,0.005936253,0.018006574,0.008746773,0.8030732,0.043490198,0.040181436,0.023034979,0.012939133,0.008496949,00007762_010.png
0.07509495,0.0031486405,0.005083393,0.0032795223,0.008542016,0.023439785,0.009070603,0.11388432,0.06218593,0.011450311,0.022875648,0.008459207,0.008044051,0.011229456,00010571_004.png
0.023846138,0.80432755,0.11125551,0.026215412,0.011672066,0.14958414,0.009996384,0.038346507,0.015328355,0.008035969,0.0028143197,0.012416883,0.023361495,0.022530282,00003015_000.png
0.022736253,0.04290908,0.023540882,0.13820115,0.00815942,0.005759747,0.099162206,0.009164455,0.014858875,0.72444296,0.03443645,0.031538315,0.016384795,0.017580044,00012834_074.png
0.010646623,0.008501562,0.004510139,0.010974756,0.01172498,0.013048604,0.012006145,0.02736193,0.007952454,0.009275836,0.009876292,0.006480298,0.017204873,0.0050831395,00009560_000.png
0.013709903,0.006057516,0.041596565,0.021784423,0.00992408,0.0051989774,0.037894905,0.062410675,0.009499235,0.009737723,0.990815,0.0048625437,0.024340702,0.005882114,00010120_021.png
0.0064517604,0.009097877,0.005106684,0.006320932,0.008281891,0.0054495353,0.00994265,0.009553071,0.006739727,0.011867953,0.012140747,0.0074144704,0.009629636,0.005435667,00012662_000.png
0.63658404,0.025650796,0.06338325,0.09576266,0.005494158,0.08767061,0.601065,0.0072296383,0.07461378,0.03831291,0.04963112,0.1721062,0.010840024,0.015882092,00012410_000.png
0.37977326,0.009783881,0.025096547,0.3399017,0.00862031,0.01664597,0.11364024,0.009479572,0.060930833,0.04992923,0.082237594,0.7557115,0.00565519,0.03233286,00002350_013.png
0.03018673,0.0050314516,0.02723469,0.037030026,0.020279119,0.6803121,0.074296065,0.11527756,0.08964504,0.018133424,0.11609283,0.03139264,0.01640825,0.022057656,00006874_001.png
0.017925628,0.6936827,0.7858889,0.92909443,0.023994872,0.0117027275,0.038131375,0.008221314,0.14552996,0.6616868,0.0046899705,0.013149117,0.024448438,0.010589502,00017055_000.png
0.01917243,0.010935579,0.19016248,0.01929204,0.69414216,0.009991492,0.065409936,0.12527244,0.010209392,0.012572719,0.038965996,0.014534308,0.11333183,0.023055274,00017467_003.png
0.025182161,0.007704438,0.017525183,0.010989539,0.46878293,0.01993208,0.022450952,0.02085368,0.011245436,0.026721055,0.51146156,0.008193395,0.0181593,0.01191852,00018284_001.png
0.02071823,0.0069680335,0.021416664,0.2605033,0.010040167,0.18418536,0.0726823,0.028456993,0.15259768,0.054515414,0.018999683,0.38991538,0.27620998,0.015843019,00006329_010.png
0.21982795,0.0077573056,0.091063865,0.78594095,0.082275026,0.008878679,0.026918331,0.7412162,0.17222011,0.019463755,0.026487349,0.013041053,0.07979643,0.008742078,00013993_128.png
0.015089967,0.00468963,0.012710646,0.16117123,0.19886711,0.7371154,0.013103136,0.012379913,0.057902012,0.007695123,0.0074892524,0.44561705,0.40895543,0.01504313,00019823_005.png
0.019381996,0.8128438,0.013676118,0.090112954,0.005642767,0.04231568,0.023673644,0.013110025,0.036736075,0.015136521,0.037916977,0.06693203,0.018563837,0.015384471,00012659_018.png
0.021488365,0.041088905,0.8291226,0.028540486,0.28130206,0.063791566,0.0121733295,0.0063490877,0.15738721,0.07981156,0.008978485,0.0046670074,0.0047393907,0.008414286,00000506_013.png
0.0076563805,0.01011834,0.06766136,0.073451795,0.008403519,0.005959786,0.016960027,0.013099665,0.029195732,0.9304485,0.022817032,0.0061038393,0.018698279,0.0071880007,00012620_005.png
0.019856744,0.014305872,0.019822326,0.53141856,0.04772637,0.039932396,0.026728073,0.008754474,0.044537656,0.94267803,0.008974862,0.010419931,0.011646511,0.013071511,00016232_006.png
0.57226497,0.0063420697,0.090311736,0.39672607,0.008004141,0.07009897,0.018758921,0.01240939,0.25006333,0.0046362886,0.025984572,0.011407363,0.015358122,0.0053432607,00019967_024.png
0.16766217,0.004381796,0.0041875215,0.037367057,0.031258788,0.010826555,0.02118773,0.004039228,0.075681634,0.09772791,0.03197799,0.031853855,0.01528928,0.009294548,00012753_001.png
0.024003517,0.006945535,0.005678756,0.8313511,0.04238683,0.055887938,0.15806217,0.014859755,0.02616293,0.77629936,0.013490372,0.007481998,0.027148651,0.009748774,00010509_005.png
0.04441055,0.009783987,0.044691477,0.9313741,0.028097332,0.3840077,0.19483103,0.008006728,0.0811325,0.713449,0.0068964437,0.010120604,0.01575481,0.006869156,00005094_016.png
0.039368697,0.31629774,0.008429861,0.09554761,0.00829203,0.09678382,0.030214515,0.015848849,0.024371624,0.015333949,0.043864254,0.30307317,0.02337887,0.035156753,00004350_000.png
0.5454011,0.005454937,0.03263052,0.23252739,0.018850014,0.0072046807,0.017200923,0.121503815,0.24658597,0.0047235875,0.012561181,0.18781994,0.03519419,0.01681822,00004156_000.png
0.6424287,0.03589484,0.23597395,0.016682912,0.0608405,0.07024641,0.028604103,0.03007955,0.10530351,0.010271171,0.016275248,0.24049555,0.032501344,0.67249,00000385_000.png
0.016048908,0.023459652,0.057285104,0.48243535,0.022989994,0.01707956,0.028783327,0.008832135,0.07726581,0.61472845,0.012246817,0.042602193,0.00422846,0.011409182,00018724_023.png
0.01043673,0.0047944295,0.010154257,0.4162292,0.04540211,0.046580903,0.05938048,0.058006875,0.010416199,0.011781062,0.013887887,0.2752022,0.4831913,0.008985148,00002112_002.png
0.06335126,0.95333976,0.109343894,0.11228243,0.008543595,0.0133755645,0.010078296,0.017745415,0.033706654,0.0109004,0.00868847,0.011800487,0.016918648,0.009241819,00006875_019.png
0.050712537,0.9748335,0.09827515,0.18131235,0.003893626,0.023796776,0.0138281705,0.030494628,0.0463318,0.023370657,0.017804548,0.25687218,0.014144273,0.013947196,00007735_035.png
0.010516038,0.0033379684,0.00279914,0.03759686,0.022543052,0.0066772914,0.031327326,0.0075305696,0.02042428,0.006252072,0.010271064,0.688776,0.15629156,0.011474712,00013031_019.png
0.14381595,0.009334031,0.04981812,0.03706317,0.0121702505,0.012525172,0.016623225,0.0436093,0.010951124,0.012536937,0.98862445,0.01529669,0.01427645,0.009819066,00013653_003.png
0.04839427,0.015443377,0.75734997,0.4884372,0.011882109,0.028114896,0.025463995,0.04343142,0.20509094,0.4822691,0.005899816,0.008997492,0.03390525,0.009026137,00010832_006.png
0.05935582,0.0087836245,0.0100802565,0.033988096,0.0089913625,0.013918502,0.013087053,0.029902203,0.022491246,0.0119702695,0.14883189,0.67833173,0.08352204,0.012256195,00006600_000.png
0.046189893,0.016632212,0.009504441,0.34304157,0.061453562,0.09077604,0.16901815,0.0100431675,0.11231319,0.9590645,0.022337368,0.019067092,0.0043444065,0.016834345,00010627_000.png
0.47514996,0.00504885,0.11312891,0.00914901,0.04278535,0.041916866,0.061211612,0.0044621606,0.16873825,0.03645518,0.027450856,0.011166057,0.017429456,0.012853113,00008051_012.png
0.062343344,0.013543273,0.061288994,0.02547632,0.06133048,0.015902003,0.010660308,0.64238906,0.0096366415,0.024155935,0.9872823,0.008209744,0.0143505065,0.011535189,00014358_011.png
0.16428316,0.005831427,0.026969442,0.1430469,0.010109933,0.003968681,0.013143841,0.03739442,0.009709417,0.010467684,0.057579152,0.94649327,0.056870166,0.008163276,00004022_001.png
0.009684661,0.0040600197,0.003845089,0.022442402,0.011402622,0.049208187,0.013837043,0.0153881125,0.009948848,0.007884364,0.010168761,0.4507197,0.20970254,0.00908075,00012624_000.png
0.028664947,0.029391583,0.09101746,0.5959274,0.3604437,0.028292969,0.0068240943,0.027177244,0.43874905,0.008919915,0.0041907122,0.023123158,0.021944717,0.011685639,00011702_047.png
0.4699204,0.012449103,0.005556645,0.0782603,0.06867148,0.42642844,0.020321026,0.0053458847,0.049715586,0.008840826,0.01512104,0.07001315,0.013350668,0.016335698,00014174_000.png
0.26619008,0.012208632,0.023735525,0.2534571,0.032508235,0.026285684,0.79741985,0.007637807,0.09960139,0.3439994,0.018290652,0.050039653,0.014366088,0.020861778,00011859_016.png
0.015424009,0.0048148953,0.007729918,0.09177905,0.0637291,0.006448078,0.025557982,0.28542486,0.0066749165,0.012623855,0.9592212,0.00550877,0.035890453,0.009665025,00002702_008.png
0.36364463,0.009888297,0.11977117,0.51403534,0.053333696,0.084061496,0.049214058,0.95959425,0.017394766,0.015133664,0.4489485,0.02083229,0.33970925,0.01386679,00014014_008.png
0.040093035,0.006949328,0.6409323,0.034021325,0.027000906,0.017593168,0.017849775,0.4486997,0.012693262,0.009742731,0.60144055,0.050020356,0.09741911,0.00877134,00010677_012.png
0.024986539,0.009173891,0.006926895,0.0025212767,0.031952005,0.013333256,0.018105783,0.011323648,0.055865757,0.006209561,0.010656342,0.010088649,0.019539861,0.010534865,00012372_003.png
0.05471786,0.0058208895,0.016463334,0.015825845,0.0071644606,0.023585169,0.023632329,0.0052586817,0.017791027,0.0098965075,0.09535085,0.37824783,0.053197693,0.020542717,00014603_006.png
0.036675878,0.026171936,0.06757772,0.02597245,0.04009388,0.026708154,0.13891965,0.012730851,0.48018482,0.47732985,0.019782616,0.022176068,0.007585888,0.019715598,00018606_003.png
0.5045805,0.0070288577,0.02417726,0.17563973,0.011265144,0.012765635,0.011683971,0.058097553,0.05192786,0.0037712853,0.7907189,0.025767243,0.2095103,0.009666509,00001248_010.png
0.14317465,0.012994338,0.85016745,0.39939308,0.018036898,0.035217293,0.040723454,0.54623085,0.14241537,0.051653262,0.09989938,0.010246629,0.25715524,0.02314741,00006906_019.png
0.021209486,0.016393749,0.0691985,0.036099188,0.047859546,0.012245133,0.006090125,0.012086389,0.008698694,0.009828288,0.021224225,0.08301556,0.82169974,0.0077282838,00018003_000.png
0.043313436,0.0086414525,0.13839771,0.0924613,0.019495176,0.38101017,0.05781052,0.3296158,0.015126081,0.011608234,0.034358997,0.77862144,0.08269119,0.010107514,00001974_010.png
0.018752681,0.01435558,0.7557277,0.1410809,0.06784051,0.02772401,0.025006356,0.006170542,0.31869674,0.9405891,0.015645888,0.009817342,0.012268756,0.0072867204,00010347_001.png
0.004983007,0.004892068,0.015056716,0.73748016,0.18011749,0.5493138,0.016608803,0.0051069073,0.008094354,0.72097015,0.013846084,0.010899305,0.032972913,0.008826385,00018558_006.png
0.034464438,0.0077606826,0.004867734,0.048044935,0.023779305,0.009801539,0.030308692,0.10033407,0.028981777,0.008547437,0.0062689604,0.039141897,0.2660214,0.02326644,00001086_000.png
0.1115393,0.017619833,0.24957585,0.14151709,0.009974055,0.0049805464,0.011561696,0.014443832,0.63136005,0.076029964,0.017303225,0.023961322,0.13174342,0.0072232685,00011391_019.png
0.052424636,0.0055121463,0.023056122,0.0795084,0.14662588,0.09416535,0.011371028,0.17508899,0.015123112,0.030539552,0.9625784,0.009897993,0.011984473,0.011515023,00014731_012.png
0.112643644,0.00669403,0.0071908566,0.10491131,0.0150394505,0.022349767,0.011587129,0.03320806,0.012564659,0.0119064255,0.40697026,0.5761096,0.042911705,0.046807107,00013278_000.png
0.03461225,0.0066355974,0.012675473,0.98792577,0.017109485,0.013900967,0.60027397,0.013506437,0.013425185,0.54843485,0.019546801,0.012695969,0.019745488,0.0065657296,00014149_029.png
0.108191624,0.0053689256,0.119783595,0.05695927,0.019343046,0.049067486,0.05105191,0.019022712,0.06406038,0.009316951,0.0037948792,0.008764983,0.03501965,0.0044388953,00019756_003.png
0.45207632,0.040866558,0.016865095,0.34910107,0.02655185,0.0400567,0.024331577,0.08942594,0.01312258,0.029427659,0.094260916,0.023558483,0.013579717,0.008491837,00017325_008.png
0.0655551,0.0050144005,0.0074531436,0.21335195,0.04363778,0.7747525,0.043881387,0.009477155,0.014001204,0.030810487,0.059808787,0.18083136,0.03834306,0.01945004,00014491_000.png
0.0071845273,0.009343211,0.00518458,0.005443646,0.022777686,0.009627985,0.010493071,0.008923285,0.015030341,0.03714388,0.0050561493,0.00654912,0.006952517,0.006708046,00018949_013.png
0.08378622,0.0075185476,0.11911071,0.60346675,0.17426045,0.030677099,0.009639773,0.014013578,0.5446529,0.07338173,0.020690449,0.0077815116,0.022260392,0.011938836,00015013_008.png
0.013036101,0.014237221,0.0029017983,0.83377177,0.004452081,0.037811402,0.025202196,0.052100193,0.01844911,0.67383355,0.029143272,0.013932069,0.011553628,0.007802185,00014314_000.png
0.005749254,0.028388843,0.043299686,0.004822201,0.24956986,0.10982186,0.004292755,0.06101263,0.034428723,0.009120766,0.0032781418,0.0070396126,0.011033393,0.016842159,00009969_001.png
0.012729754,0.018048218,0.012146866,0.20447184,0.034802493,0.018528307,0.0098897405,0.023014154,0.5321137,0.023141908,0.023636706,0.0133136045,0.03421395,0.010500367,00010007_051.png
0.061639093,0.023036314,0.010740263,0.008444417,0.01741926,0.008543176,0.016992755,0.0066224947,0.007969686,0.013440155,0.011763432,0.009560185,0.018539349,0.008987139,00019967_005.png
0.022260971,0.010560644,0.0047941296,0.009288207,0.009802455,0.011773098,0.02002834,0.009437961,0.010383056,0.011028685,0.8086704,0.049176365,0.009088657,0.017213825,00010176_000.png
0.16832119,0.2017966,0.09510118,0.17987633,0.24722159,0.0151654575,0.007994549,0.18830344,0.29999182,0.026799982,0.008932503,0.0065375953,0.011362229,0.0203491,00012628_015.png
0.009002203,0.012408881,0.021948092,0.89656067,0.6880741,0.04490291,0.108000666,0.010550823,0.047120657,0.16750039,0.007038732,0.011371439,0.05217268,0.011051577,00016522_017.png
0.054512672,0.0065976833,0.22677492,0.1521645,0.21980228,0.056196958,0.11198366,0.6151064,0.20519128,0.061301492,0.18212624,0.008545305,0.09360789,0.020506224,00005089_041.png
0.006031864,0.006395589,0.004655503,0.021827584,0.005409447,0.024986234,0.018252,0.0927123,0.0095120575,0.05646457,0.5846606,0.0128644565,0.032951035,0.011240432,00015530_068.png
0.93089336,0.0113350125,0.7955908,0.66897833,0.014763398,0.009478776,0.03219511,0.023483453,0.50788015,0.046796322,0.104675286,0.016901359,0.024861196,0.005616275,00015679_010.png
0.018991362,0.0062260055,0.02605581,0.043985292,0.011748597,0.0043101036,0.04058563,0.011593039,0.028774664,0.006175047,0.031757478,0.8913057,0.023103299,0.012161431,00019522_008.png
0.115317956,0.02932336,0.9871551,0.25926998,0.13491838,0.03922401,0.23486407,0.07303551,0.05564048,0.016448114,0.020692928,0.34380776,0.08487615,0.017767763,00000099_013.png
0.022536064,0.005261454,0.01661156,0.16212459,0.04557272,0.011625627,0.029200925,0.011621326,0.75745815,0.03516271,0.007671891,0.010295281,0.036114912,0.011953767,00014753_004.png
0.10730417,0.0046474803,0.045703534,0.022357667,0.27951285,0.034939423,0.053669736,0.009861001,0.6527951,0.014122027,0.012982937,0.024566561,0.011318427,0.012371818,00002424_009.png
0.011375075,0.013647948,0.0025937497,0.0073762992,0.00999619,0.006335253,0.010097996,0.02994109,0.0088785365,0.0105687985,0.008310734,0.0050390414,0.01039724,0.005285358,00010474_000.png
0.038954616,0.025480552,0.15723999,0.04049697,0.022659602,0.96475273,0.014559251,0.016663274,0.04991392,0.0064134914,0.0063995593,0.03332673,0.023684591,0.011207526,00006819_002.png
0.03274959,0.024292096,0.009461112,0.0038142565,0.010167302,0.035510443,0.013427705,0.01728257,0.008006819,0.012778002,0.013168045,0.008754943,0.021666478,0.00891737,00003060_000.png
0.35818163,0.010577718,0.82119894,0.07637202,0.029098717,0.025677254,0.055824973,0.016636388,0.19597925,0.023761794,0.21901955,0.019960003,0.011070975,0.013027441,00011237_067.png
0.010987782,0.00871187,0.017695298,0.085416585,0.011762258,0.08881292,0.005795159,0.029899228,0.025005972,0.010398065,0.011439835,0.67519456,0.9123417,0.009305338,00006563_002.png
0.013483166,0.0028031268,0.0046763397,0.06664821,0.024068136,0.014969153,0.07536158,0.0053100535,0.011585043,0.008487277,0.08394124,0.49891642,0.015417993,0.016029365,00015056_001.png
0.02521416,0.0039128903,0.00931237,0.063693196,0.03344233,0.26642877,0.019134508,0.029041262,0.034664843,0.007634544,0.0390467,0.81114286,0.30484843,0.018473065,00000723_003.png
0.077650286,0.018608613,0.006233583,0.13375783,0.29660735,0.056024924,0.019627033,0.01812433,0.04852618,0.0050470447,0.011846543,0.021571977,0.013084237,0.01718895,00019613_000.png
0.02340335,0.0061133318,0.0035087545,0.421564,0.08853414,0.06833934,0.3057552,0.0049469764,0.013875329,0.03459574,0.24019156,0.16001055,0.01783374,0.027630297,00014565_002.png
0.04044202,0.106743,0.6149493,0.81415904,0.017627181,0.13477477,0.035657745,0.0072281663,0.47140926,0.7294803,0.0092734005,0.02159854,0.02573555,0.01520265,00017405_020.png
0.014557741,0.01330798,0.09361256,0.015136499,0.005393352,0.0137096625,0.028843738,0.27181897,0.009247349,0.01587721,0.9680375,0.01849306,0.025637548,0.008335625,00010767_017.png
0.03245053,0.012386946,0.31742406,0.10789329,0.046303574,0.702244,0.02766966,0.06060931,0.012518964,0.65803266,0.04690175,0.019562824,0.016817091,0.021572864,00012386_005.png
0.5725059,0.020359142,0.005688528,0.05577817,0.020337198,0.018840458,0.019052891,0.13484812,0.04101036,0.06801416,0.009906998,0.00797963,0.011096397,0.00905348,00011605_009.png
0.8609831,0.07106725,0.74452144,0.22232343,0.32093436,0.01989262,0.075119846,0.0182559,0.2573911,0.061326332,0.040869035,0.010860059,0.048546523,0.020153787,00006096_011.png
0.0141305225,0.0039977957,0.004473518,0.058911446,0.013990194,0.016742364,0.008451439,0.01341042,0.016559947,0.0075636134,0.010825308,0.91928905,0.054708492,0.008857308,00019277_000.png
0.067409165,0.009222528,0.46041772,0.7557597,0.00914742,0.006328784,0.022120157,0.017234966,0.8110879,0.6322925,0.033268217,0.009031471,0.023112202,0.0063175755,00013993_026.png
0.0108558135,0.005681883,0.004898167,0.020594377,0.006575101,0.093390614,0.026314816,0.040759712,0.008815786,0.02368306,0.009011073,0.14628965,0.43123233,0.008425048,00003527_002.png
0.010083092,0.013326133,0.006355077,0.02437793,0.21223287,0.03180093,0.03397651,0.009737282,0.010012757,0.22093804,0.009121404,0.0077716657,0.009186178,0.019147294,00019774_002.png
0.03098815,0.037590344,0.16080812,0.022759315,0.10896461,0.50978565,0.04620349,0.006576063,0.03736285,0.1200968,0.010790919,0.44746488,0.045649342,0.02705947,00014429_007.png
0.035522923,0.026233288,0.004995795,0.004173638,0.028911164,0.030137362,0.014659363,0.003996019,0.021990934,0.013286479,0.006846125,0.014633605,0.0052030734,0.012237903,00003140_005.png
0.004983341,0.061992105,0.0067778933,0.022005249,0.007849042,0.008438566,0.18224548,0.022102656,0.0066601303,0.031381987,0.01895366,0.018835954,0.024227498,0.017020792,00003087_000.png
0.012918558,0.1692402,0.017446065,0.02095435,0.053595796,0.06873965,0.016022831,0.028375497,0.013410144,0.021961698,0.0789263,0.14260104,0.25881553,0.029224848,00000071_004.png
0.018708631,0.0094609065,0.0044188127,0.0040939273,0.011220786,0.046033148,0.006534558,0.03160905,0.007486811,0.0060260715,0.0594734,0.015803775,0.039396904,0.00975828,00000732_007.png
0.089816295,0.12857503,0.98317355,0.15489869,0.009748506,0.019127462,0.020759698,0.04690837,0.50349337,0.037037395,0.0075655533,0.035186555,0.013155027,0.008726798,00013594_050.png
0.009575332,0.014244423,0.009746155,0.0116757965,0.0108740525,0.12531842,0.03298441,0.053838182,0.009753097,0.028575365,0.011017363,0.006346552,0.027195971,0.008152527,00006233_006.png
0.1682407,0.0037584442,0.067820475,0.14497468,0.04092279,0.011812219,0.07127902,0.005472821,0.010449499,0.006407943,0.018998794,0.7082319,0.15826929,0.011328073,00009073_000.png
0.2576219,0.041366734,0.2300243,0.9189523,0.12206509,0.040196825,0.05425034,0.009659737,0.72347575,0.15327361,0.012708359,0.023032116,0.033118043,0.012959799,00018360_009.png
0.024504028,0.009922384,0.009702486,0.0037013718,0.0061591393,0.019898338,0.036984608,0.007517579,0.010397902,0.012839678,0.016205715,0.009107756,0.025530882,0.0076541235,00017199_001.png
0.018030645,0.006206678,0.020897795,0.043587487,0.0071453117,0.0068749525,0.020471476,0.43484014,0.0061244387,0.011443642,0.99371344,0.0038010858,0.006054531,0.00461041,00002058_003.png
0.09346885,0.001972225,0.016358495,0.0131044,0.5167175,0.03153276,0.006357778,0.022152817,0.13872173,0.008128564,0.0048759636,0.016246034,0.009011128,0.0070363893,00013000_001.png
0.006393601,0.0028982314,0.002099686,0.28457955,0.014572264,0.0065312684,0.09667102,0.008053767,0.016750034,0.027075173,0.013761496,0.14871709,0.016642839,0.007982148,00002529_018.png
0.08224591,0.15814684,0.012166617,0.16530271,0.0069089597,0.013755453,0.07003,0.014145909,0.009268972,0.071464695,0.0075520216,0.027778484,0.0066962405,0.008691169,00017425_003.png
0.055513,0.017254151,0.0122549925,0.1436284,0.01898165,0.0312764,0.18147649,0.011070349,0.01987201,0.9736989,0.012461284,0.011829646,0.01585352,0.013743665,00018724_007.png
0.018698856,0.019518467,0.0027033184,0.0682763,0.0071298154,0.014457978,0.018562252,0.058841158,0.00598733,0.014509871,0.08224505,0.081874505,0.03831991,0.015180521,00013211_000.png
0.017670626,0.0076428647,0.15168151,0.037094437,0.05892086,0.019684395,0.01427013,0.96517223,0.0063192793,0.0052157273,0.006106932,0.021791842,0.016712546,0.010227081,00003494_002.png
0.44541258,0.29032266,0.14092669,0.011087323,0.007537572,0.01974176,0.030649632,0.0118956035,0.011765785,0.02965903,0.030565817,0.036766537,0.18713024,0.023045577,00004495_000.png
0.1368412,0.33371994,0.0064166803,0.027084716,0.014968922,0.017433507,0.08285925,0.023623236,0.0073590023,0.024375053,0.15051809,0.030466521,0.013782564,0.015247125,00006469_001.png
0.34494284,0.025294682,0.039157663,0.03268382,0.07379403,0.009868611,0.021112874,0.2633589,0.060701672,0.047466863,0.2838573,0.00888267,0.0066433437,0.014480819,00010279_001.png
0.017660398,0.010345573,0.010167441,0.05076868,0.33564812,0.006732083,0.027227873,0.025012253,0.032390054,0.013538146,0.5482033,0.004078421,0.040413372,0.01447977,00000248_024.png
0.08635156,0.042709235,0.015975913,0.035724778,0.018799322,0.02751325,0.015577709,0.52838874,0.07872975,0.019901987,0.7502166,0.03939077,0.02485168,0.023241546,00006758_001.png
0.023754349,0.0026797657,0.009142369,0.41736066,0.27362472,0.117929585,0.010427919,0.012484172,0.47089022,0.055119663,0.022559589,0.013876608,0.00817264,0.008116976,00007405_003.png
0.06898992,0.003966923,0.08026232,0.24710198,0.010313026,0.03376205,0.047796242,0.013785689,0.56509,0.061672844,0.03893817,0.005824075,0.0754075,0.007669296,00020213_045.png
0.020811165,0.024883827,0.04165999,0.75445837,0.007354103,0.13589416,0.31159207,0.007173475,0.021950522,0.9311548,0.0350483,0.0195159,0.06879377,0.019721344,00017365_006.png
0.013119345,0.005273461,0.015186376,0.053970017,0.05873158,0.78739107,0.0052874344,0.177332,0.022927828,0.014609162,0.014110906,0.009554042,0.07698718,0.0072308914,00018819_000.png
0.027543563,0.012156495,0.6255928,0.8420073,0.027490826,0.21186529,0.042277064,0.016927423,0.2965437,0.033202186,0.0124007035,0.05527424,0.043415457,0.010820816,00018360_032.png
0.011610504,0.019400852,0.017709205,0.5724793,0.118409015,0.7533279,0.05257633,0.017264146,0.1187642,0.50174695,0.015711768,0.011776854,0.02137362,0.014738034,00005712_015.png
0.04485743,0.0039316406,0.017409036,0.086212575,0.07190455,0.030311937,0.012052076,0.12172299,0.024179107,0.007841389,0.08528623,0.034361415,0.9751737,0.013852505,00014822_042.png
0.95709944,0.009085171,0.39852247,0.40309167,0.032067593,0.022313487,0.047191877,0.016082844,0.15822643,0.26875797,0.03593682,0.009824882,0.05054335,0.013441318,00008051_028.png
0.02092954,0.01998347,0.120301425,0.47507578,0.04423304,0.09244238,0.02528108,0.04663208,0.03112995,0.27854487,0.0055333725,0.015010667,0.006854641,0.014628188,00018972_058.png
0.22185129,0.01397173,0.1473346,0.7296115,0.08380831,0.012244672,0.04613906,0.24760821,0.17024939,0.012239598,0.020017773,0.051668473,0.95727813,0.017235775,00005612_002.png
0.008151031,0.009044493,0.027034217,0.005944683,0.093703516,0.025330454,0.0062173107,0.0104127005,0.02536782,0.0064468808,0.0057511595,0.00441555,0.01014764,0.005774344,00011164_005.png
0.109784625,0.009945514,0.9610036,0.19419973,0.012622679,0.03321011,0.023711033,0.22573285,0.032939002,0.040290933,0.01683998,0.033336293,0.3679621,0.0108179385,00001775_000.png
0.31322345,0.06848295,0.028530007,0.017303234,0.016761065,0.0138596,0.016098002,0.031718917,0.012942591,0.008332326,0.86122406,0.036875267,0.02272799,0.039885513,00003240_000.png
0.023958322,0.00296697,0.014935715,0.24871795,0.09096197,0.010275288,0.012916108,0.011884605,0.014543627,0.007510916,0.016452951,0.9688084,0.080171004,0.0110044535,00012911_004.png
0.0065639256,0.0053981575,0.007004986,0.0551567,0.027831461,0.5108005,0.028438985,0.010493725,0.017192163,0.0070915855,0.007987537,0.034976773,0.052834265,0.010801266,00019922_000.png
0.007130892,0.00752463,0.015370861,0.6528185,0.029345687,0.22750475,0.017358577,0.043592647,0.018736942,0.0082508335,0.0087539535,0.21413173,0.7914305,0.0075898874,00007872_003.png
0.030108616,0.06248025,0.7547893,0.49866593,0.005761631,0.0073020314,0.08534338,0.013332591,0.23617515,0.69031453,0.012140198,0.0067548645,0.0385119,0.009481597,00011702_023.png
0.015104381,0.0759935,0.22951967,0.5695435,0.009679536,0.007195488,0.019203689,0.014884603,0.0093362,0.8860595,0.00804652,0.005413499,0.033444308,0.011772194,00015072_013.png
0.0063323565,0.0036610654,0.0035287142,0.0050842273,0.0634982,0.0088528,0.012913026,0.03185744,0.021046825,0.012822047,0.005620841,0.008054791,0.009332231,0.007776186,00015097_001.png
0.010274855,0.009163282,0.024737157,0.23415177,0.026419766,0.20663705,0.050637197,0.011235387,0.054990713,0.18244591,0.010558476,0.004730704,0.01326144,0.01174159,00013003_003.png
0.07916019,0.0061144936,0.04423474,0.09667536,0.95330954,0.19316012,0.008172926,0.008623033,0.04550554,0.013735407,0.010508078,0.009058598,0.021757664,0.009283586,00019519_001.png
0.008107029,0.0049563483,0.04438808,0.08473771,0.387785,0.043228947,0.0023325223,0.009784791,0.16746446,0.013822475,0.0029904821,0.010496611,0.03397081,0.00556412,00019624_005.png
0.06688651,0.03536072,0.030340955,0.020635424,0.027992148,0.14809433,0.22100623,0.021551335,0.04255243,0.015854733,0.035519183,0.43771672,0.22675806,0.047626022,00000801_000.png
0.020816766,0.038153075,0.0060781306,0.5843171,0.01748862,0.023389068,0.09011409,0.0108226035,0.22359443,0.58027506,0.014729596,0.024667615,0.009650363,0.0107185,00018187_025.png
0.015592516,0.02288217,0.016204854,0.97310627,0.23087503,0.009974473,0.009872326,0.056628887,0.39255375,0.019329375,0.0050943918,0.0073207133,0.0128435455,0.0051344153,00011925_070.png
0.040488835,0.8883073,0.023203235,0.11303106,0.029822469,0.09906239,0.013802723,0.029423341,0.041058715,0.09210618,0.012558413,0.033494767,0.018987682,0.015590817,00000032_056.png
0.47539765,0.0071522435,0.4563189,0.38317004,0.2918587,0.027015124,0.2422643,0.12619594,0.023931988,0.042671427,0.026594318,0.06465791,0.1189951,0.01440673,00015044_010.png
0.004133534,0.00753489,0.012596917,0.021769274,0.016735576,0.01566173,0.018582672,0.013102495,0.035333157,0.159814,0.00610403,0.0069913836,0.048432816,0.007002118,00018867_039.png
0.038360644,0.0050330535,0.008308444,0.14288375,0.012219886,0.13136236,0.07679558,0.0076524764,0.015843146,0.014070968,0.054402497,0.73726237,0.02157741,0.024610313,00017991_007.png
0.007117469,0.012056426,0.006179932,0.012160378,0.036115848,0.0691622,0.013223936,0.3764762,0.00481941,0.006727404,0.028259354,0.11626834,0.044889305,0.0077308146,00003348_000.png
0.01598266,0.00797952,0.008989875,0.015079198,0.01035559,0.07614482,0.11512907,0.005462688,0.028732564,0.006889612,0.008601829,0.7985307,0.037682045,0.01278083,00019489_000.png
0.008707181,0.021482686,0.009464478,0.611945,0.012456057,0.08416281,0.008878065,0.05822032,0.13202077,0.31985995,0.011876114,0.062655255,0.009799568,0.0109019885,00003186_005.png
0.027558861,0.008014913,0.04555525,0.008673468,0.0686685,0.032361634,0.021182029,0.5948041,0.04016245,0.01638246,0.004177677,0.036140278,0.15294972,0.014443385,00007670_020.png
0.2418708,0.00740362,0.030340856,0.0295703,0.031156193,0.0931395,0.05724268,0.6374448,0.010872883,0.0045283865,0.11094987,0.007026096,0.051073164,0.006742511,00016987_022.png
0.05861891,0.004889601,0.032237757,0.02226157,0.0117716,0.031190423,0.013757013,0.5205805,0.008446245,0.013621867,0.9909994,0.01404279,0.06971074,0.009994794,00017046_012.png
0.14797159,0.011957536,0.9673085,0.018640036,0.039490413,0.059232775,0.0807725,0.12702191,0.04118324,0.014412177,0.26955476,0.15853421,0.0938524,0.018231483,00006043_000.png
0.028548006,0.011158705,0.33322477,0.6585787,0.30582595,0.045937724,0.023360102,0.007756718,0.4502913,0.037066113,0.016491933,0.27778786,0.49369624,0.019087514,00009608_010.png
0.025916554,0.0024075771,0.0030668557,0.015103069,0.49970895,0.010231195,0.01903876,0.006486942,0.010469042,0.0038211318,0.0043860083,0.02147007,0.044113215,0.006735011,00009993_006.png
0.220052,0.004976401,0.005766856,0.019111881,0.015853008,0.006804366,0.014189591,0.011502834,0.42978922,0.025669983,0.008247283,0.013929312,0.023282045,0.010577397,00009641_006.png
0.032731917,0.017880749,0.22123197,0.15509994,0.23377693,0.4013135,0.12430364,0.15351471,0.040569786,0.030190313,0.022353612,0.06802583,0.73601764,0.016895814,00016971_029.png
0.8124335,0.010279867,0.06615517,0.16267419,0.07940333,0.05328693,0.028922759,0.8545822,0.017162707,0.0067347363,0.9196451,0.014000493,0.019257909,0.013910278,00001512_001.png
0.039113168,0.011175226,0.007668128,0.1255241,0.023839915,0.053505104,0.03088366,0.006617299,0.023274548,0.015390469,0.010926491,0.97467434,0.023201605,0.014174919,00017991_008.png
0.019569235,0.0066998093,0.0021736338,0.06309903,0.014937695,0.02530998,0.44118848,0.0055530258,0.009451428,0.03537882,0.018571708,0.22191273,0.023022126,0.013787972,00008343_001.png
0.026559282,0.007818596,0.019872408,0.022711063,0.38641667,0.9401061,0.016718509,0.012506707,0.037438568,0.005071094,0.007222486,0.009522678,0.009753069,0.0098844245,00010452_001.png
0.012258066,0.008515601,0.0043225596,0.0069517074,0.019713534,0.044078518,0.013322765,0.0043056123,0.01154111,0.0063047647,0.006468903,0.0089040585,0.016688341,0.006413486,00016012_000.png
0.01779317,0.13539058,0.0041019544,0.006664362,0.007093721,0.0042119985,0.011979003,0.023622543,0.0061158794,0.012090568,0.0068109077,0.01009001,0.01914895,0.0077278153,00003580_000.png
0.006894262,0.0071686367,0.014216257,0.040341232,0.4000944,0.013822398,0.015578695,0.119431995,0.01996189,0.09265751,0.04535191,0.005799818,0.010519646,0.011395604,00014018_005.png
0.0150259435,0.0041899565,0.022193296,0.72152704,0.11995557,0.39135075,0.028670331,0.009638475,0.018301036,0.01887532,0.046699405,0.43215254,0.20184043,0.012211376,00006829_008.png
0.027436579,0.022864461,0.010579105,0.51572365,0.2546662,0.7105949,0.07598308,0.013679701,0.03149706,0.10476021,0.007795061,0.012307115,0.02422515,0.015718862,00008291_005.png
0.048796624,0.007453913,0.07623369,0.14077592,0.87204444,0.056355383,0.024475904,0.07026934,0.011074008,0.014567969,0.004830109,0.01059165,0.032784384,0.022227991,00019490_000.png
0.0063471776,0.028291576,0.06443746,0.76081115,0.033550613,0.026697647,0.026787402,0.0075879307,0.13594581,0.95733404,0.009612313,0.011218691,0.008071374,0.0063257865,00019208_004.png
0.049844075,0.009116022,0.0066408454,0.18414956,0.06080553,0.020257015,0.0365348,0.015405837,0.009747733,0.0046487157,0.005478401,0.051235225,0.42873612,0.010704932,00005014_007.png
0.026908353,0.003941511,0.0030608694,0.024070205,0.031131381,0.0692309,0.017958675,0.027552312,0.028172301,0.0072437353,0.007067375,0.016175,0.011196403,0.009171823,00009350_004.png
0.24660565,0.012215317,0.3926567,0.54118806,0.04489828,0.053515617,0.037862908,0.22054408,0.07030896,0.013226107,0.045420468,0.17391285,0.7707564,0.028679444,00020274_012.png
0.0063986653,0.0041907723,0.00782375,0.04640492,0.09579723,0.14057487,0.018963227,0.057147093,0.013463924,0.009173735,0.049515754,0.70227844,0.7473994,0.014080074,00019169_001.png
0.09522758,0.013846631,0.05224482,0.19622223,0.016586931,0.043483794,0.028477393,0.014702708,0.36062908,0.09711374,0.014660079,0.008946888,0.48888832,0.013234617,00013993_067.png
0.024754407,0.005026577,0.0252243,0.32748005,0.61267674,0.004579647,0.030453295,0.00619641,0.021270601,0.014543061,0.011402223,0.021254696,0.05120384,0.008479184,00010584_002.png
0.01649416,0.01208258,0.014043937,0.018915912,0.018657755,0.03162355,0.014054606,0.0647963,0.01126215,0.03435232,0.9829422,0.010149829,0.010205741,0.011639722,00007166_001.png
0.010701357,0.014937196,0.0025434084,0.043825228,0.03811335,0.064169295,0.015349651,0.0138428155,0.13007027,0.013307279,0.2810702,0.044130713,0.007411979,0.025194565,00008470_008.png
0.012891624,0.0073481766,0.010462509,0.51224726,0.25659057,0.14106259,0.28623697,0.0070298957,0.12493569,0.8600763,0.009281434,0.012349726,0.0067509213,0.011944654,00013670_053.png
0.006851557,0.010039645,0.0058893207,0.01636686,0.0054577547,0.016273415,0.015385981,0.060290188,0.011611282,0.039562587,0.5999815,0.026237058,0.020266352,0.015290379,00012094_057.png
0.6753963,0.026206035,0.66637355,0.068504624,0.009642018,0.011297587,0.021474173,0.0037089284,0.7344409,0.31337696,0.020802902,0.030526401,0.008173371,0.008406167,00010828_023.png
0.01999874,0.013533917,0.021836093,0.8163212,0.06531992,0.027407905,0.3796065,0.026620425,0.5455549,0.05253387,0.011233831,0.022438297,0.020663336,0.011682192,00010805_050.png
0.03525901,0.0054464196,0.0091726035,0.022671318,0.012777755,0.02125609,0.018577311,0.08876879,0.007437594,0.012530588,0.9311978,0.06147585,0.008919886,0.008633679,00017167_006.png
0.45265594,0.25885954,0.07019794,0.012770087,0.004654878,0.095998645,0.03504681,0.02384222,0.01695405,0.014420631,0.039853323,0.0076533677,0.027094834,0.019397136,00007857_005.png
0.018845743,0.7869894,0.025396368,0.5730941,0.03482437,0.02032957,0.012917037,0.0051687164,0.14151746,0.09928615,0.008037387,0.008297345,0.010501843,0.011556182,00004344_027.png
0.66531235,0.0054099727,0.26535055,0.027203294,0.20092413,0.12265921,0.02182988,0.028286587,0.78784716,0.004395816,0.0069213207,0.0099484585,0.028830804,0.011633065,00015843_022.png
0.011168784,0.030118162,0.72883004,0.72141606,0.016126819,0.05901438,0.0110067995,0.0069840383,0.07083307,0.0438176,0.003357823,0.019488897,0.5900762,0.006021578,00010007_062.png
0.6388828,0.3957349,0.32107136,0.26384145,0.16560741,0.036310818,0.023945339,0.8080613,0.09928966,0.01402738,0.16101876,0.015134416,0.23528495,0.039409157,00001501_007.png
0.0068886457,0.0058755176,0.007596557,0.074155316,0.014145835,0.018859392,0.015102779,0.010247229,0.010830452,0.016041847,0.019497668,0.33633855,0.66559696,0.009691507,00007932_009.png
0.020163573,0.011193157,0.009219992,0.26094195,0.024402115,0.22593561,0.119314715,0.013181587,0.0648681,0.8163161,0.016886422,0.03460097,0.008880147,0.0163787,00012072_012.png
0.011089942,0.007865283,0.017117685,0.04812467,0.0081997095,0.018639129,0.020770393,0.033179015,0.014534848,0.0058773034,0.027695863,0.81664866,0.51846635,0.008064035,00014022_054.png
0.53940356,0.009080128,0.22078833,0.02496038,0.022620132,0.039640736,0.014658736,0.8546568,0.0612608,0.0068556503,0.9679758,0.023478247,0.017607244,0.015071587,00019283_003.png
0.7744505,0.013611862,0.5280445,0.69393003,0.006156813,0.0075553423,0.051374912,0.027418286,0.080723114,0.022827113,0.5748033,0.061582193,0.044238456,0.007890507,00000937_004.png
0.03192405,0.9392691,0.02124978,0.07009569,0.017354453,0.015439773,0.013007978,0.029276729,0.020230811,0.03443823,0.21338801,0.023918832,0.019415658,0.020524045,00003044_001.png
0.025243616,0.015826715,0.047540747,0.4062267,0.013810579,0.01954622,0.024625167,0.20621698,0.022410084,0.0089317225,0.021153327,0.8325295,0.13913344,0.008268622,00019445_000.png
0.025574815,0.004373788,0.0051208423,0.008541387,0.05647757,0.054007977,0.0067541795,0.03294271,0.018700566,0.0036617822,0.00876599,0.037341714,0.72111255,0.007978304,00006868_005.png
0.18032205,0.009316924,0.030281859,0.20252551,0.068417944,0.013265527,0.38165453,0.0049780547,0.0112519,0.017789219,0.011389063,0.8263686,0.009375501,0.056297116,00012024_000.png
0.38596976,0.007905765,0.006734752,0.018665772,0.059696693,0.1255387,0.11699133,0.033188153,0.013151437,0.002813806,0.01628736,0.015637204,0.01952295,0.008845573,00006763_004.png
0.03749985,0.004273908,0.017962089,0.009410322,0.6729553,0.0574063,0.0091784345,0.09500905,0.1574235,0.0050353706,0.006204584,0.007203934,0.019253077,0.011120167,00011237_036.png
0.039252754,0.004084148,0.004347533,0.8708453,0.09479357,0.0103733,0.06903532,0.05034482,0.11754623,0.0120383045,0.016791763,0.02286584,0.03247133,0.008101172,00012094_064.png
0.08234843,0.026860362,0.01516325,0.016868044,0.05971656,0.019693179,0.009139043,0.23179767,0.010737705,0.01119122,0.9294557,0.008826827,0.07511364,0.010881527,00001248_026.png
0.03818279,0.004723186,0.014104731,0.11934882,0.05061911,0.032396525,0.0144085325,0.010238871,0.0380711,0.011746023,0.047322914,0.9548027,0.116693445,0.043149944,00000204_005.png
0.1026697,0.012492982,0.0084795,0.03512191,0.004951457,0.020371856,0.026768623,0.015699081,0.013588584,0.007600498,0.040501278,0.77170235,0.054313608,0.015254478,00011423_007.png
0.008846364,0.0925036,0.008222713,0.0064747166,0.007883174,0.01596137,0.05652395,0.031434212,0.028557857,0.076001614,0.02203135,0.007557341,0.009342615,0.02705886,00016034_003.png
0.3748567,0.0038239767,0.02606601,0.093463294,0.018208109,0.01610298,0.10921495,0.0052567236,0.013239513,0.009146555,0.02420261,0.812846,0.091584206,0.0115748085,00017881_001.png
0.12677439,0.009941336,0.03939452,0.19625527,0.36780378,0.013647082,0.010178292,0.012403751,0.8084779,0.07452229,0.01001074,0.008027019,0.0067177783,0.010742786,00009087_004.png
0.060276534,0.1146365,0.010920133,0.20075156,0.011674377,0.007329534,0.028804988,0.0815712,0.019552197,0.0071137324,0.011322119,0.020882087,0.025513498,0.010390133,00012021_060.png
0.2239294,0.011543608,0.29865906,0.01826682,0.4068335,0.1285161,0.015272389,0.092024654,0.09497669,0.017901802,0.027597027,0.007110482,0.08098947,0.012962879,00005089_042.png
0.014652285,0.027337104,0.0061186766,0.0896897,0.0127081685,0.022167334,0.013651139,0.020082474,0.044651955,0.014701099,0.002793067,0.019095408,0.01306619,0.0060914764,00006948_006.png
0.06384516,0.007952863,0.0076131257,0.80507904,0.008627774,0.017838785,0.308924,0.015209526,0.39292023,0.43075305,0.013518375,0.019930512,0.03270272,0.012232935,00010544_022.png
0.006978114,0.011301946,0.029620161,0.110528156,0.028698524,0.008604538,0.036294434,0.0046551456,0.01923466,0.14881201,0.059936315,0.0061249663,0.005521464,0.009438563,00000506_015.png
0.3961749,0.024831144,0.53276914,0.046332154,0.007927925,0.028223623,0.09153054,0.12358759,0.013259644,0.005507137,0.029791247,0.34915316,0.58939666,0.009949571,00017648_003.png
0.037967674,0.042484555,0.9519931,0.3565319,0.011627562,0.0072342018,0.06352775,0.020324752,0.09113707,0.07594248,0.13957109,0.011732916,0.062012058,0.015727423,00015537_002.png
0.08923107,0.0064479928,0.020342542,0.00872147,0.22820929,0.015925324,0.008399916,0.26084554,0.10671855,0.028379876,0.015183744,0.0077634812,0.008853858,0.01847,00009234_000.png
0.08231365,0.9871307,0.48972568,0.1075521,0.014888142,0.04485765,0.011992561,0.013572455,0.04679674,0.012451078,0.008783184,0.008920734,0.0075393193,0.011056424,00005066_041.png
0.051975444,0.008221014,0.06821961,0.08035417,0.022468342,0.027799927,0.016568655,0.56824845,0.01441857,0.020355871,0.9940553,0.019998567,0.01798813,0.00927139,00005666_008.png
0.027762242,0.009084273,0.06903666,0.010101653,0.01618114,0.024913851,0.008495957,0.046902444,0.086172484,0.0032514588,0.007068597,0.05500086,0.07687103,0.008089975,00005089_001.png
0.061565544,0.045481943,0.18368046,0.017107666,0.005131019,0.007952261,0.49918237,0.0377893,0.00546777,0.01636689,0.054271076,0.023991873,0.02726565,0.016661938,00014753_005.png
0.035013545,0.015635861,0.0017384421,0.024006544,0.03911631,0.057040818,0.008875888,0.016898183,0.010760745,0.012945602,0.23368679,0.65836823,0.054009363,0.028584056,00001833_011.png
0.027290676,0.015638972,0.7094316,0.46565783,0.13783175,0.11426839,0.026732774,0.85094553,0.032454908,0.022196643,0.01884484,0.012914551,0.09883558,0.011337792,00012935_021.png
0.046601836,0.004610594,0.022069827,0.00633253,0.3039184,0.49261993,0.026843293,0.026496852,0.028346345,0.0075657438,0.007182344,0.1422729,0.044331867,0.015967444,00012973_001.png
0.00492963,0.69187844,0.015356088,0.07358671,0.0057192435,0.014006532,0.0069347983,0.0105047515,0.030231318,0.38421255,0.012230567,0.015429101,0.0067476477,0.010423963,00017532_002.png
0.024301484,0.0054646106,0.023365688,0.9286265,0.29739362,0.14996745,0.18630512,0.0075287404,0.013297841,0.13400716,0.010908947,0.027370097,0.21243122,0.011887008,00009953_004.png
0.8791502,0.008803067,0.093634434,0.36700225,0.024613276,0.017694736,0.275522,0.03699093,0.020259848,0.12660947,0.057541758,0.03886765,0.021995867,0.011367574,00020158_020.png
0.14627302,0.089723654,0.8781643,0.8772765,0.060194988,0.081684425,0.035842482,0.8454889,0.14140025,0.008764838,0.007926872,0.019946994,0.08671269,0.007925634,00015031_008.png
0.20617144,0.05845113,0.17342794,0.30380568,0.56958807,0.5699017,0.028867226,0.032293346,0.2047901,0.0056696846,0.010351598,0.015332169,0.16986245,0.01807854,00009613_001.png
0.38715717,0.08812945,0.032808,0.05725537,0.052380133,0.020314429,0.019329295,0.027133798,0.062273316,0.022996599,0.2483217,0.5654012,0.0452038,0.33795086,00003095_001.png
0.035031464,0.011708256,0.007169095,0.010451974,0.018563254,0.013092806,0.01584568,0.0068930937,0.0043928996,0.013137218,0.036889862,0.5078934,0.11340829,0.011663186,00001286_009.png
0.07395519,0.8868758,0.1030029,0.02896421,0.0104126325,0.012221561,0.020103645,0.012156518,0.006001661,0.017542908,0.010331819,0.0059006684,0.026489003,0.018309155,00006296_012.png
0.008898879,0.091357104,0.04581126,0.06418966,0.0067585795,0.014783755,0.2032853,0.017770674,0.015290084,0.3872889,0.016000796,0.008139424,0.0072845514,0.011229234,00002688_001.png
0.3504722,0.022898452,0.11506321,0.69975936,0.19539428,0.087548874,0.09658728,0.16391182,0.0313315,0.032185648,0.69382584,0.019180097,0.024938863,0.015541621,00012094_062.png
0.08919256,0.0026217538,0.046279587,0.036931667,0.031057257,0.019272355,0.020447256,0.016966172,0.7496346,0.01169609,0.05417772,0.017815601,0.026169559,0.015153698,00008051_048.png
0.054644804,0.017558802,0.015980463,0.02234982,0.05486604,0.05916848,0.059740882,0.02067683,0.2470753,0.006209452,0.0034338275,0.023010269,0.05060698,0.014743457,00009984_006.png
0.0772832,0.015730059,0.010337153,0.93529737,0.079111315,0.028230933,0.16763127,0.011795403,0.023850882,0.41419333,0.00924051,0.027055575,0.014049789,0.0140493,00002505_017.png
0.033708353,0.5427358,0.0053159283,0.42683196,0.04850982,0.00647537,0.025254795,0.004795444,0.029479321,0.059884887,0.015646778,0.026264213,0.024135543,0.015680803,00004342_021.png
0.054566685,0.008104107,0.4558161,0.048548426,0.52798784,0.034848828,0.011328046,0.67091405,0.08444954,0.026930513,0.015493141,0.019415889,0.04255693,0.015507389,00011984_001.png
0.019491425,0.013544572,0.019062523,0.0133029595,0.015076578,0.017410684,0.07312263,0.012680032,0.21551175,0.13904972,0.05142907,0.010806713,0.004270681,0.016038341,00012364_069.png
0.02783529,0.007741349,0.0060730823,0.40052345,0.026852854,0.018521557,0.040770113,0.06696744,0.013301333,0.018791683,0.9243731,0.048102684,0.018894412,0.026580503,00019927_002.png
0.0032285799,0.005146574,0.0061954265,0.022372335,0.03768995,0.08371696,0.007817246,0.0117856255,0.011802316,0.004106781,0.015014487,0.03302317,0.052293282,0.007679097,00009488_000.png
0.009225435,0.008477712,0.005268161,0.0077912854,0.019191502,0.0027720449,0.021527458,0.007882869,0.0053561376,0.020233832,0.019421864,0.010657593,0.013166342,0.009052646,00001855_002.png
0.15427518,0.01037895,0.05217019,0.9068754,0.035042934,0.03588402,0.056086887,0.006702431,0.2798342,0.310833,0.0045522507,0.010881158,0.047546674,0.011041397,00010773_027.png
0.0086033335,0.023796251,0.022114707,0.8165321,0.013213872,0.020365715,0.22591351,0.039616052,0.03838181,0.8691602,0.023120593,0.01812604,0.007720594,0.0115949465,00018187_036.png
0.007155589,0.021609949,0.0048963875,0.59263456,0.02601106,0.9072695,0.014123103,0.016548816,0.048844043,0.029226283,0.05351146,0.11102118,0.019192696,0.015985481,00005694_003.png
0.018783618,0.004996881,0.3923857,0.7532169,0.023015838,0.17851268,0.6478608,0.04223088,0.012671504,0.10745392,0.05033267,0.2021621,0.10146648,0.011101202,00005288_005.png
0.040526237,0.014631329,0.012629597,0.06772607,0.06557571,0.007821881,0.05179002,0.062483806,0.004319355,0.020573521,0.01128924,0.0074785133,0.007705882,0.010263346,00011168_002.png
0.0072366986,0.012169987,0.004735144,0.034691382,0.02511088,0.46052024,0.008250986,0.012462552,0.033641398,0.016749462,0.007027324,0.012586413,0.023289425,0.0076039876,00018819_001.png
0.026645636,0.0071332655,0.00539162,0.021957219,0.025445737,0.03930534,0.02183344,0.003954256,0.079418935,0.04261355,0.0045351326,0.024045322,0.017888412,0.0055211997,00015058_014.png
0.06718276,0.009953047,0.008378583,0.16875342,0.005020345,0.014982315,0.046773948,0.1216218,0.032596692,0.017490521,0.06808756,0.022332754,0.39416432,0.0065567223,00008490_004.png
0.31103536,0.007873797,0.019882955,0.38565996,0.023849988,0.029650616,0.05894712,0.5994722,0.44699755,0.013570075,0.027826944,0.015975568,0.027891938,0.009717063,00020326_043.png
0.004884022,0.004438832,0.0021678375,0.0920835,0.023574272,0.05144354,0.023011044,0.01766484,0.010691392,0.01576293,0.38752693,0.6815838,0.0200347,0.0145594645,00002649_020.png
0.26553643,0.0046800296,0.48779008,0.050839126,0.01657613,0.20692955,0.13983199,0.020303799,0.015387455,0.0041404944,0.12431093,0.35899237,0.26053843,0.014958505,00000302_000.png
0.0125545105,0.011965375,0.0072467774,0.8965852,0.107242405,0.009181141,0.022392765,0.007098942,0.040179826,0.49158344,0.014913458,0.015754107,0.010515875,0.0064355717,00009609_006.png
0.02925696,0.027474482,0.64195716,0.15079156,0.62156564,0.08051897,0.026047133,0.0051130475,0.6539311,0.18263464,0.00497515,0.014169494,0.02330444,0.012954286,00014398_015.png
0.0101113515,0.006562934,0.008302384,0.025280878,0.043289237,0.014556091,0.0075952453,0.048081893,0.015561257,0.0061925473,0.023367174,0.60477144,0.81717795,0.020310476,00007120_004.png
0.12227814,0.22496097,0.01923622,0.012683532,0.033924833,0.08497956,0.041698463,0.04861067,0.08931299,0.018203072,0.07019436,0.11209749,0.18863644,0.53624237,00000432_000.png
0.24832152,0.010774917,0.04730523,0.50204456,0.026060631,0.09582559,0.015869286,0.011276228,0.033605654,0.0076155034,0.023655687,0.08089858,0.38441283,0.009946017,00006926_021.png
0.020499151,0.0074239373,0.008450756,0.10543604,0.025484031,0.9748712,0.011646686,0.010483846,0.02128071,0.009217188,0.0072562518,0.028164092,0.07549064,0.008420149,00003769_001.png
0.3107801,0.018262394,0.020422678,0.07063981,0.0348945,0.08124087,0.017899716,0.015408679,0.05809316,0.0071610487,0.016272964,0.015386602,0.5981299,0.022372805,00002665_001.png
0.06832815,0.012760611,0.8990483,0.7119353,0.016196253,0.13165574,0.019033238,0.099263184,0.46633622,0.3819762,0.006947588,0.010530562,0.052287832,0.008783616,00016825_001.png
0.026973765,0.45868012,0.026291953,0.029418623,0.011740334,0.017177658,0.016566085,0.008347083,0.050708946,0.016320236,0.013587645,0.05871388,0.0074393074,0.016984226,00004678_000.png
0.18809885,0.005395378,0.053411145,0.028595645,0.92975247,0.025669364,0.01030544,0.19916622,0.11712345,0.006959929,0.0691666,0.016893772,0.043894492,0.012526203,00009671_002.png
0.013359516,0.0071376846,0.008525805,0.022795485,0.06697136,0.015418846,0.016039478,0.11106073,0.011213436,0.008207492,0.68867433,0.03918265,0.018384347,0.010130589,00010787_001.png
0.0083248,0.0056238375,0.009663634,0.16934085,0.02703333,0.16048583,0.028094271,0.015335971,0.007018429,0.0076378607,0.010813582,0.9806138,0.045038998,0.0062937634,00002540_002.png
0.004854461,0.008672643,0.005458324,0.005709728,0.030556973,0.079689294,0.009932437,0.057573788,0.013132218,0.0054087257,0.020595387,0.019753182,0.038133964,0.010481804,00001561_000.png
0.02679978,0.003301857,0.0025338454,0.0484596,0.022702945,0.06545579,0.013542298,0.009401192,0.015229459,0.007858658,0.03350672,0.10843193,0.33213106,0.010857596,00017089_010.png
0.13421872,0.0056289807,0.16485947,0.047117576,0.10112499,0.45318905,0.03763758,0.01458937,0.5597936,0.0093397545,0.021887418,0.04346316,0.033917364,0.010268379,00017236_034.png
0.020690203,0.70404345,0.18147945,0.19487596,0.009134817,0.010420688,0.008373085,0.0045751017,0.13444039,0.06073907,0.0031700977,0.011579087,0.056712534,0.01335359,00010007_100.png
0.35119763,0.0958944,0.052536078,0.39274877,0.4905729,0.055531718,0.12762982,0.020169966,0.19005007,0.3433309,0.028100582,0.033180296,0.011080141,0.041156605,00001278_014.png
0.1434991,0.0052685235,0.006269103,0.2748507,0.10406,0.014108313,0.014240333,0.6516725,0.069596946,0.004233147,0.024987964,0.010144465,0.01615636,0.00810334,00001170_012.png
0.030290058,0.9406004,0.09259992,0.013013671,0.008552049,0.007795249,0.019026067,0.018665943,0.007058831,0.011487165,0.021259919,0.022971509,0.08138304,0.022057349,00003058_001.png
0.12731035,0.0032502555,0.0071820887,0.008759992,0.048285067,0.022576433,0.0068692244,0.05589679,0.030623792,0.0074219136,0.06517369,0.16709654,0.12079887,0.009263706,00006794_002.png
0.0031527085,0.010710408,0.0014181742,0.32018837,0.012250152,0.015455227,0.034497816,0.020457046,0.012296564,0.02977696,0.013854114,0.050240524,0.012617432,0.007765619,00013449_002.png
0.016234027,0.7886691,0.013439466,0.025586123,0.009086866,0.007401045,0.02765443,0.062476948,0.00846572,0.03600598,0.009845197,0.017245373,0.021856528,0.020777551,00013415_000.png
0.030080693,0.00339061,0.007836134,0.14556836,0.0359686,0.090471745,0.114056185,0.0073935175,0.020863434,0.022584897,0.027607296,0.8765712,0.017580358,0.009961984,00009903_001.png
0.18109243,0.012372464,0.051836263,0.039005622,0.024464937,0.06986835,0.14049265,0.06896014,0.016047336,0.005941193,0.33036286,0.35875016,0.4496942,0.011789432,00018055_045.png
0.112731814,0.057060186,0.1813436,0.50599355,0.10598221,0.033020426,0.02417388,0.06513645,0.038452234,0.080913864,0.018759403,0.019033127,0.0052342312,0.014918629,00007823_001.png
0.035358325,0.0073706456,0.0054930993,0.00395425,0.02925957,0.053698514,0.013477358,0.007936042,0.033937767,0.011286701,0.004341702,0.0065164953,0.0070459847,0.009594004,00014940_005.png
0.017822977,0.08443523,0.009599691,0.5879746,0.03248468,0.052861284,0.23380904,0.025546042,0.008831814,0.5149594,0.013980299,0.023463998,0.013765418,0.017921532,00013152_002.png
0.01582393,0.013100232,0.009056552,0.63449466,0.018281398,0.021954346,0.046819273,0.0061477134,0.035253495,0.9568586,0.015789097,0.010876324,0.012232146,0.0090683885,00011122_005.png
0.005296503,0.005207952,0.0058493563,0.15525196,0.03142633,0.031479724,0.01543168,0.29795146,0.010633336,0.017164461,0.8948515,0.010892767,0.007865554,0.01325242,00008168_014.png
0.16427769,0.019814583,0.071213074,0.7141445,0.012831135,0.043304153,0.09389918,0.09144015,0.10477263,0.022995597,0.1781176,0.02358641,0.098390825,0.015156588,00005201_007.png
0.03557883,0.0760039,0.08581467,0.55567193,0.48599872,0.05035645,0.035011634,0.16758434,0.020827824,0.018775135,0.015574637,0.010887615,0.011751503,0.010776389,00011164_004.png
0.020626446,0.0092396755,0.06794909,0.035772447,0.007314468,0.029431505,0.024936218,0.85885125,0.016797557,0.0291478,0.95881605,0.03306138,0.024357852,0.027979618,00008168_004.png
0.55176306,0.11486418,0.1396633,0.5871084,0.026982833,0.012902691,0.08077793,0.03389035,0.021870958,0.034679964,0.051907644,0.5758838,0.38093516,0.04066526,00012505_000.png
0.0066924514,0.014103533,0.003307153,0.0056374967,0.005928851,0.010777458,0.01601309,0.005701094,0.009137782,0.006178887,0.0074083377,0.009613125,0.0072016492,0.0059977593,00011882_001.png
0.77395576,0.011072755,0.075972915,0.15399344,0.03874564,0.01625772,0.038579434,0.23912047,0.014211473,0.0039039464,0.6094759,0.1603615,0.31199342,0.01482045,00000499_008.png
0.013806819,0.007455233,0.15860148,0.8151583,0.10482319,0.39295107,0.024634996,0.032316513,0.041393317,0.09242238,0.011909741,0.10156769,0.24058416,0.012891467,00016975_004.png
0.2744896,0.0029533836,0.015274141,0.1774393,0.007795629,0.015812565,0.27032614,0.008910057,0.50881207,0.02255029,0.044361368,0.0106183775,0.012003798,0.012115358,00006754_010.png
0.051716417,0.00813367,0.022960061,0.8585456,0.07932077,0.028219849,0.534382,0.19047028,0.020807667,0.03821445,0.041361015,0.016700506,0.02084596,0.005701856,00017138_087.png
0.3010727,0.019620331,0.48334712,0.8694305,0.12968749,0.012650255,0.13886777,0.6687609,0.16388702,0.041693404,0.0074794265,0.031826325,0.15752678,0.014997368,00013993_111.png
0.07514909,0.0021139162,0.046441007,0.020613363,0.023015779,0.07476174,0.01182159,0.04696942,0.032814138,0.11738229,0.017809669,0.010247495,0.020819398,0.008322222,00014933_007.png
0.0054834257,0.00522996,0.017885705,0.14935416,0.010143335,0.012601408,0.10324537,0.4824235,0.0049274834,0.024104979,0.8933893,0.0054691085,0.05705428,0.009046646,00015530_065.png
0.030020652,0.033386417,0.027274882,0.014424027,0.046702642,0.32667008,0.16772749,0.0118925255,0.027221104,0.009060716,0.042353068,0.016590703,0.013121488,0.024103533,00015029_000.png
0.012632547,0.010239039,0.003243325,0.008530825,0.008500144,0.02496069,0.012829587,0.013925108,0.026096964,0.048512824,0.01409671,0.010157487,0.007187524,0.011289676,00015814_001.png
0.0914934,0.020857,0.99299955,0.05462399,0.062101994,0.023302717,0.053800207,0.012374928,0.042291895,0.06867811,0.006834673,0.013124631,0.2537615,0.0095967455,00013346_017.png
0.037530515,0.0127187865,0.16976014,0.8604255,0.19644946,0.45397514,0.02147732,0.124309264,0.017921684,0.08123863,0.033510003,0.016921448,0.08564357,0.017585753,00019222_005.png
0.009645698,0.16260037,0.005155251,0.014477818,0.011203374,0.011460987,0.065638915,0.011570506,0.04984088,0.02874791,0.024765115,0.009245203,0.0106325485,0.01626682,00009798_015.png
0.062192988,0.032222852,0.047078785,0.058258202,0.029064026,0.06301956,0.031414207,0.09841061,0.010558222,0.02739695,0.008014904,0.029497253,0.5828465,0.011422064,00009629_002.png
0.061444618,0.0133511955,0.087252736,0.020798588,0.043973684,0.011230462,0.025474468,0.120553665,0.024668504,0.0077936854,0.9683832,0.023326293,0.12232175,0.02077443,00009845_018.png
0.124555655,0.045920268,0.93711174,0.124009416,0.21853586,0.023302644,0.020177795,0.036416765,0.82953244,0.06850422,0.01760768,0.018348623,0.048414446,0.011572267,00005683_005.png
0.756468,0.057915915,0.052362785,0.03971937,0.053032458,0.1999983,0.036191214,0.07628419,0.32844666,0.05543811,0.5778426,0.20818117,0.024144193,0.33054715,00008508_004.png
0.033930186,0.010869535,0.24871394,0.021594862,0.08476512,0.03255299,0.056377158,0.10308222,0.011674299,0.014285909,0.055244803,0.010903542,0.9182105,0.019136187,00001153_000.png
0.11967969,0.013689015,0.020468604,0.4791368,0.20323572,0.20219126,0.032371633,0.012200057,0.028830493,0.012880337,0.028699832,0.6535727,0.69889,0.016370367,00010092_037.png
0.028937358,0.01680401,0.06937307,0.3568609,0.036811907,0.013711262,0.07142881,0.104514115,0.02359196,0.025495466,0.1924485,0.008041266,0.05472069,0.0081216935,00013111_022.png
0.0065104263,0.012476192,0.014321769,0.8395729,0.036401317,0.04480211,0.12463347,0.13192767,0.011470343,0.07657112,0.017568264,0.010359603,0.03707976,0.009507305,00018126_015.png
0.10179299,0.008815049,0.0071819667,0.004157126,0.09788367,0.011898484,0.0067629414,0.0069987597,0.034161113,0.007952543,0.006364744,0.010140214,0.019646144,0.008470585,00016378_001.png
0.017063558,0.74522823,0.022607664,0.16297975,0.015697151,0.0060289945,0.024249338,0.058931172,0.023533037,0.031552054,0.0163877,0.010022447,0.021259593,0.0165096,00006317_005.png
0.053988483,0.009641017,0.02688383,0.05124083,0.014118491,0.104386345,0.1441371,0.46557146,0.07779603,0.030074405,0.15943255,0.07183465,0.35039133,0.030861368,00000013_010.png
0.019137664,0.018442873,0.007755488,0.6824557,0.13398206,0.1422587,0.05247324,0.044907965,0.021763735,0.21383516,0.3152377,0.00873229,0.010043048,0.009435251,00017611_002.png
0.034452792,0.0058195014,0.03176139,0.023265481,0.023625063,0.013461016,0.012909075,0.76697505,0.0059545566,0.008591954,0.9914813,0.008006129,0.014181615,0.01004476,00013111_065.png
0.110943705,0.017620891,0.029447153,0.024296079,0.061764475,0.8135827,0.012124652,0.015900549,0.04219059,0.021889368,0.007948109,0.024361689,0.009691273,0.02113249,00015813_003.png
0.005046551,0.0057073766,0.013537949,0.027431844,0.043987438,0.04384001,0.0060706045,0.030550716,0.013851176,0.0056477194,0.018773539,0.4087312,0.9347832,0.008705317,00000278_008.png
0.011178911,0.0075404905,0.0057517374,0.011224978,0.028383603,0.008520111,0.009440141,0.02483742,0.028762268,0.008177028,0.008095728,0.013476743,0.058998626,0.008614274,00005332_002.png
0.0332265,0.015925324,0.026932465,0.83273834,0.044884007,0.048525475,0.2482325,0.01267586,0.20190172,0.8087603,0.019372098,0.01267185,0.009424147,0.010569047,00008745_026.png
0.019166641,0.008111996,0.008585777,0.760989,0.012029885,0.6257499,0.03438766,0.058143504,0.034158334,0.014213637,0.0572219,0.14935143,0.023502907,0.0075916336,00006605_009.png
0.025186205,0.0038762877,0.006319258,0.03406141,0.063015506,0.023165148,0.011302548,0.122993685,0.009289725,0.022788052,0.99039346,0.0073280833,0.006814257,0.009592241,00014731_009.png
0.073406644,0.011571514,0.01006422,0.01727105,0.006971582,0.02427451,0.016224876,0.55921173,0.028386554,0.014852913,0.7044113,0.005977122,0.03480909,0.015343648,00008013_002.png
0.026126817,0.005839626,0.019437121,0.098769575,0.01623632,0.032871258,0.059958618,0.3885163,0.029362949,0.010432241,0.018351736,0.25680187,0.6752271,0.011038492,00012445_000.png
0.016493652,0.006107783,0.012325763,0.034176297,0.013875986,0.0056972974,0.023107491,0.9690364,0.013176668,0.009381611,0.06070717,0.010796931,0.02081731,0.01005616,00011460_045.png
0.0068111983,0.008133628,0.0041404553,0.061055858,0.031403873,0.026401786,0.021604193,0.006025797,0.046297595,0.043268584,0.005262794,0.014749089,0.0690391,0.009781442,00014223_015.png
0.0698676,0.005293798,0.035361584,0.015606243,0.008161952,0.01733278,0.015423531,0.2616855,0.010597163,0.011553123,0.90621966,0.04481418,0.10165076,0.010182727,00011683_041.png
0.12455468,0.005674257,0.027028197,0.10555738,0.11007165,0.015461173,0.012517313,0.20806351,0.35082167,0.009161173,0.12988938,0.013857867,0.101684794,0.016033646,00013471_019.png
0.01973342,0.009149823,0.005938668,0.013408149,0.05962195,0.03934063,0.021318663,0.0039050072,0.032651287,0.009201302,0.0083367955,0.02082626,0.011607736,0.011926665,00006951_002.png
0.009761334,0.009317717,0.031169666,0.015310429,0.35638303,0.083468236,0.004488849,0.02456742,0.15511051,0.016332865,0.009550085,0.021735918,0.17059691,0.008645853,00018366_010.png
0.027283123,0.0051134718,0.01999204,0.06214271,0.7943725,0.031302027,0.014790049,0.05958964,0.025005005,0.01007733,0.08883868,0.01432653,0.038901195,0.011256825,00012625_001.png
0.08982655,0.01134364,0.00753922,0.058886744,0.0075410935,0.00716637,0.03310238,0.8078571,0.009993444,0.033848666,0.19368072,0.019906016,0.010005089,0.011305804,00015530_106.png
0.023014707,0.0041784164,0.0092671765,0.028506577,0.009338948,0.010234503,0.0110556735,0.89978683,0.01459131,0.025586337,0.9897327,0.0075678416,0.0083521325,0.008319086,00008168_005.png
0.025725206,0.0099779405,0.10175087,0.03229935,0.013719596,0.007837398,0.019752083,0.08495544,0.0076659475,0.014889484,0.9926906,0.0068987436,0.010133768,0.008530409,00012315_021.png
0.3751953,0.059437748,0.6625478,0.04130953,0.23275182,0.14908594,0.023855744,0.91752356,0.018000301,0.0035935105,0.037295528,0.0053766924,0.046708766,0.017558351,00007750_007.png
0.046330567,0.0037655283,0.029314958,0.037985828,0.12454506,0.48511907,0.02169601,0.009046556,0.18087205,0.024398834,0.024576997,0.008083148,0.0036283128,0.011856511,00013670_088.png
0.005136284,0.01123285,0.016448386,0.4115843,0.22204947,0.12194555,0.06730092,0.010551057,0.007459189,0.008262888,0.011320946,0.037268136,0.10287466,0.007192933,00001836_001.png
0.022043651,0.007775193,0.034860495,0.38617894,0.025625115,0.0430818,0.034017526,0.015806993,0.008551722,0.019079471,0.048847675,0.6964819,0.41669074,0.029067935,00001285_000.png
0.021033388,0.082447015,0.0058341054,0.29817957,0.0067328066,0.019048247,0.02976923,0.0060585267,0.026965624,0.824055,0.00960082,0.013493737,0.0049956148,0.008765965,00005822_003.png
0.058007568,0.004262594,0.012059085,0.06366849,0.015448767,0.12873062,0.18799068,0.009215141,0.021387827,0.00726042,0.010842085,0.6149867,0.19150922,0.011385172,00007584_000.png
0.009704604,0.96253973,0.15293007,0.015440348,0.0072330823,0.013167618,0.02108146,0.004829406,0.015584379,0.18981288,0.0056819264,0.013192762,0.009648868,0.021911021,00006339_002.png
0.021304993,0.0059114248,0.008872806,0.0339149,0.019159906,0.24841356,0.011011027,0.009119956,0.09213151,0.0079829255,0.0074730404,0.0064094337,0.0066110133,0.0092906505,00011737_001.png
0.061512455,0.006582955,0.009641139,0.33374584,0.042458445,0.2477155,0.020103363,0.005331429,0.03512953,0.034662385,0.013041439,0.010135932,0.048634212,0.012054529,00004646_005.png
0.0125514725,0.011816806,0.0037934862,0.031399652,0.009525657,0.021577423,0.014788881,0.007525446,0.021890638,0.0048728804,0.005846171,0.033411775,0.01920903,0.009387963,00005207_000.png
0.02194662,0.0058087083,0.004181386,0.083316594,0.010674942,0.01983095,0.097306095,0.020916587,0.22827242,0.80343324,0.0070056994,0.01430698,0.016243923,0.009639923,00015605_027.png
0.019465266,0.020886531,0.10026539,0.27976882,0.016897947,0.045320023,0.01676072,0.9263104,0.007181079,0.00828179,0.7566873,0.020148233,0.055135474,0.008965499,00006447_004.png
0.05478758,0.9001476,0.08399111,0.16468881,0.015854442,0.1335877,0.010373814,0.009977412,0.35003498,0.14123659,0.010946601,0.02251049,0.005632898,0.020666588,00000032_032.png
0.024467098,0.0026780267,0.003916695,0.04171231,0.74217373,0.017282302,0.1313305,0.004406892,0.023171293,0.013427851,0.021591617,0.01732289,0.012900226,0.019994345,00019499_000.png
0.089204945,0.0055887615,0.033211112,0.030608788,0.01808547,0.0092518795,0.019301433,0.040184263,0.036896076,0.18620798,0.062978335,0.0078019346,0.0066668154,0.00839938,00014429_008.png
0.22629732,0.009322018,0.86674404,0.1302404,0.021559466,0.0076249186,0.026291624,0.028932616,0.79351544,0.024963282,0.017317688,0.033736516,0.079476565,0.0085287485,00007684_005.png
0.009733705,0.0074627055,0.006345514,0.014114463,0.015064786,0.00954678,0.05082784,0.061649464,0.009769031,0.007260482,0.021649687,0.003385174,0.021407448,0.005326846,00005640_000.png
0.65505826,0.009689863,0.13567983,0.095911324,0.011400746,0.046269063,0.04325555,0.025595868,0.8042462,0.00558051,0.050674092,0.18240093,0.019681334,0.020534461,00003990_006.png
0.02259597,0.032096308,0.0060644825,0.31467155,0.046818618,0.037726387,0.018029701,0.1481956,0.0028779868,0.013572563,0.88871235,0.005197522,0.025099762,0.009824307,00010092_018.png
0.021059439,0.290134,0.077927634,0.37731797,0.0144246705,0.014999262,0.02302026,0.005965622,0.09552953,0.96069807,0.0072504254,0.0067976923,0.00770954,0.009951874,00000032_043.png
0.018662004,0.015522328,0.0036052966,0.00707551,0.046337176,0.03924618,0.043847356,0.0045101307,0.02047179,0.012204499,0.015445733,0.028348774,0.03357581,0.020549847,00019328_007.png
0.27957588,0.012542712,0.56288266,0.019777508,0.035136405,0.027149381,0.019054612,0.112369284,0.011350204,0.0051299483,0.9265995,0.017692713,0.13569376,0.016901098,00009425_008.png
0.19881739,0.012289181,0.09094147,0.17371333,0.0700698,0.053100638,0.040924784,0.010917275,0.2571646,0.9653203,0.011180614,0.012200601,0.0048400112,0.01084251,00018404_016.png
0.071352094,0.014583455,0.0069800676,0.032842916,0.0105095515,0.09593802,0.16538736,0.02574927,0.06875234,0.02212868,0.019605836,0.027099457,0.09457459,0.0097388495,00015728_000.png
0.031666405,0.004317641,0.0023057372,0.022423167,0.072523534,0.029597899,0.01386829,0.012664784,0.008795839,0.0039523407,0.02138155,0.084194735,0.03153318,0.008016414,00008594_000.png
0.03146049,0.35033494,0.0052688387,0.032689217,0.15561455,0.08909622,0.0140689565,0.02432075,0.013837147,0.016364388,0.020471016,0.0059080264,0.010280021,0.013934389,00010333_000.png
0.015297553,0.01980027,0.0065195644,0.60465914,0.27485433,0.027247893,0.032334864,0.25189054,0.011757115,0.023251647,0.020738723,0.01277387,0.11822471,0.015128164,00012681_003.png
0.015128583,0.480287,0.012067989,0.78143924,0.0095897,0.03518361,0.036736835,0.30715305,0.018745916,0.1377647,0.02502427,0.010125832,0.020025585,0.014785253,00018011_007.png
0.021962412,0.008801557,0.0038700195,0.017160568,0.0043577766,0.0032641385,0.07746739,0.011046283,0.031592302,0.19047332,0.017464342,0.00724814,0.011993076,0.0059856926,00011553_018.png
0.094621256,0.03270611,0.4799904,0.059996564,0.0078037665,0.0036199824,0.030095428,0.089603625,0.012691505,0.011202994,0.9719578,0.013164855,0.012127989,0.007859871,00011752_020.png
0.021471318,0.0029684415,0.002409337,0.1621897,0.08828608,0.14021516,0.118183136,0.011767569,0.024204914,0.30143696,0.011487068,0.052702043,0.012289559,0.014668568,00011782_001.png
0.00967674,0.0036822313,0.0066264165,0.031028904,0.039779738,0.49225846,0.0099685285,0.020614274,0.024022717,0.009208809,0.21194027,0.028463606,0.111946695,0.011699177,00012394_000.png
0.019058468,0.004974506,0.00953528,0.060013786,0.0100521315,0.06008568,0.38728946,0.021380654,0.022505093,0.02650295,0.30176544,0.036791675,0.058674127,0.013841298,00003640_004.png
0.059823405,0.00785431,0.004718049,0.16312604,0.02085052,0.31978458,0.03656688,0.0053159227,0.0369886,0.0141771175,0.018885633,0.3502331,0.24560468,0.019512,00013128_001.png
0.019647822,0.5398442,0.015030702,0.0068745906,0.0086565595,0.07540916,0.012240813,0.0066369623,0.012920103,0.01613306,0.01677675,0.04877457,0.017861357,0.0152283935,00007776_000.png
0.13048016,0.0048083216,0.024022607,0.036453456,0.0129166115,0.010460682,0.020932008,0.016511993,0.08597808,0.007722661,0.009808632,0.44737324,0.021234153,0.0060486803,00012485_000.png
0.0074216714,0.007901387,0.007353759,0.021739358,0.019223738,0.58832,0.011702739,0.010950149,0.016654221,0.00879268,0.005815128,0.00855336,0.022460775,0.009146391,00004722_001.png
0.053135525,0.0062767626,0.08689346,0.11319722,0.031950362,0.050452776,0.03658964,0.122678906,0.037700977,0.016684094,0.061107323,0.94309115,0.2958883,0.013455629,00006577_000.png
0.010194576,0.00790865,0.0037706136,0.014747946,0.020359188,0.010066699,0.017356973,0.008945121,0.017194556,0.03478866,0.011024036,0.011887277,0.019270863,0.008642919,00005798_005.png
0.20951645,0.026079861,0.3669218,0.061362017,0.028498827,0.05941024,0.061266705,0.16388328,0.0070412057,0.2649129,0.62520665,0.013783038,0.023694912,0.018397015,00019018_003.png
0.018248275,0.0054349946,0.056887347,0.36128032,0.036526315,0.0051899194,0.038122755,0.031702638,0.010684867,0.008898245,0.023119027,0.9317799,0.2374631,0.014263277,00014022_002.png
0.024802977,0.006854453,0.38990548,0.8497583,0.06637092,0.015781488,0.032062504,0.05392927,0.03117879,0.01679796,0.017161591,0.474456,0.34133705,0.012249553,00002820_000.png
0.017214922,0.010440376,0.07579843,0.6315135,0.008815724,0.054748774,0.017894855,0.106028646,0.27298325,0.21622981,0.005498231,0.013682025,0.010805934,0.005883595,00019395_003.png
0.010290462,0.012154519,0.019094363,0.004324988,0.012285143,0.0073016165,0.07556642,0.10296547,0.013469986,0.006828985,0.4093022,0.023719968,0.06973537,0.02011241,00016434_006.png
0.03991507,0.0706232,0.09353721,0.04048778,0.071027756,0.040116195,0.0071814465,0.013957889,0.79606426,0.13762885,0.0045928475,0.011777915,0.021353008,0.009620059,00015732_031.png
0.016500637,0.0034956546,0.060186394,0.017338904,0.055552814,0.6874205,0.04277205,0.04427938,0.09128977,0.061500043,0.0052471654,0.029112225,0.025045926,0.010776045,00014387_005.png
0.041341852,0.019954234,0.026702732,0.8947536,0.03267131,0.04375677,0.035280257,0.90848637,0.013747717,0.012405674,0.014516733,0.09461102,0.04605853,0.004817103,00018921_014.png
0.027742507,0.005244162,0.020868592,0.4675759,0.3434005,0.15483433,0.022072982,0.028611397,0.14064455,0.014910495,0.013821202,0.7880495,0.16994978,0.014769961,00008009_021.png
0.010944252,0.010147708,0.0075509064,0.095525324,0.01274679,0.36947852,0.03462134,0.009939398,0.008914951,0.012662452,0.015173893,0.9218162,0.05162914,0.0075026527,00005577_000.png
0.02356832,0.016317304,0.097094186,0.05183683,0.016630325,0.0046158927,0.016615579,0.26596582,0.019165602,0.0120578455,0.0037044042,0.083534956,0.044114556,0.010598248,00019892_009.png
0.015162061,0.010834268,0.0072511667,0.040848892,0.47593674,0.15883212,0.016871057,0.014666396,0.026529107,0.0049458495,0.0043201013,0.021313332,0.018593365,0.010906705,00017050_002.png
0.0408591,0.01162205,0.00640164,0.054551184,0.032832496,0.029783336,0.031746462,0.006355149,0.018886542,0.004227952,0.0958007,0.025086913,0.07136154,0.030435322,00009507_000.png
0.23856927,0.008357659,0.5361645,0.013133232,0.17425038,0.03978881,0.014978255,0.40625176,0.05230849,0.009607211,0.01052334,0.093676604,0.33321503,0.04436858,00012295_000.png
0.022997912,0.003225086,0.008666091,0.016193625,0.369868,0.29341385,0.010374401,0.0048434786,0.0062968144,0.008431902,0.025735147,0.017818155,0.078708135,0.015327196,00019499_003.png
0.027028112,0.004493168,0.9590795,0.053994443,0.074676946,0.03055119,0.014948419,0.0069727213,0.10719856,0.07143314,0.024284238,0.028666306,0.066691004,0.0076177954,00009163_001.png
0.010389138,0.002960697,0.003138757,0.018093256,0.018818917,0.021056991,0.012824407,0.00970021,0.025992628,0.005300575,0.014880912,0.07932531,0.21070094,0.013242634,00003177_002.png
0.019913245,0.010487983,0.14829674,0.665022,0.08352204,0.011700572,0.20604284,0.03996613,0.035371784,0.68305767,0.014085615,0.01433189,0.009303137,0.008862688,00014362_007.png
0.03441758,0.08162325,0.025180845,0.04152608,0.00819009,0.015806854,0.019468391,0.01234337,0.007214456,0.014071033,0.098735906,0.34099334,0.12264962,0.018476008,00018577_000.png
0.019005511,0.0026048794,0.062374063,0.0138545185,0.02442001,0.008738281,0.031083945,0.012162646,0.013010108,0.005965354,0.22937754,0.07408668,0.26013967,0.009891403,00006008_005.png
0.0104037225,0.0057107136,0.009336671,0.04410039,0.02525011,0.9134741,0.03324576,0.012018346,0.02010047,0.88823825,0.020627778,0.02480916,0.010327686,0.008694041,00016568_052.png
0.029161865,0.009259352,0.016254067,0.046937726,0.018793235,0.67437106,0.58862036,0.021243727,0.019147571,0.005153642,0.0117481705,0.032697316,0.018251032,0.007813408,00013376_001.png
0.002929059,0.025014533,0.019404666,0.025867682,0.017414484,0.005910405,0.05268154,0.013004285,0.009785576,0.2643846,0.010151333,0.020025402,0.0109707,0.010032008,00019210_001.png
0.016327342,0.004743241,0.0026614403,0.06046558,0.046618473,0.007107009,0.020499947,0.04492259,0.07054132,0.04831415,0.008908006,0.0055378242,0.007319088,0.012497765,00017136_004.png
0.06047899,0.63730705,0.24766533,0.1865202,0.03949517,0.040472824,0.2235297,0.0060899,0.030698568,0.16641138,0.0046323556,0.026393127,0.09982221,0.023975769,00016620_003.png
0.004263393,0.0065594963,0.01643066,0.006319456,0.04281059,0.022105834,0.0062771086,0.009078626,0.008588039,0.010850721,0.008860946,0.009464997,0.14703543,0.012689372,00006102_025.png
0.03717749,0.07908648,0.46450222,0.074363604,0.22093946,0.45068985,0.0116144605,0.019579241,0.008413665,0.0074403775,0.006604587,0.026399266,0.6806173,0.011754129,00020046_004.png
0.4675574,0.008234485,0.06698327,0.5063724,0.013476185,0.019460827,0.07424605,0.0078114346,0.016745089,0.01710984,0.22160755,0.70831734,0.011710114,0.022706024,00013282_000.png
0.1292987,0.01001942,0.21849045,0.4978817,0.024024842,0.008661868,0.026288636,0.78082424,0.08218941,0.01571952,0.90233785,0.011590476,0.03698428,0.0113971885,00010069_002.png
0.007953356,0.008585822,0.014144791,0.10694541,0.063808165,0.7299602,0.023901219,0.016425503,0.020052718,0.016057208,0.04964584,0.93348396,0.07118224,0.012228246,00020195_001.png
0.017970122,0.007736742,0.05976845,0.014500758,0.034858156,0.9556619,0.004930786,0.039440613,0.016098214,0.007903413,0.0086325845,0.011320365,0.040777937,0.007630585,00003393_043.png
0.04487723,0.08135504,0.036685824,0.034536663,0.007975675,0.012109493,0.11643099,0.012105921,0.0028098016,0.01551416,0.004886871,0.089022465,0.084799655,0.011270843,00004501_001.png
0.03708048,0.0067875497,0.15238522,0.6450646,0.31670782,0.040364154,0.14994268,0.034807175,0.022796407,0.88141876,0.021769242,0.018462703,0.012549068,0.019131381,00018373_004.png
0.024177082,0.00952074,0.012162897,0.5552282,0.028059581,0.08687561,0.020480614,0.014338573,0.016152116,0.02368162,0.15421845,0.8614653,0.0774013,0.018770691,00018767_001.png
0.020193148,0.014337394,0.004794598,0.02480058,0.8121907,0.0444011,0.052417997,0.036604304,0.01516353,0.033921614,0.051989824,0.01089268,0.008415524,0.020012217,00000711_011.png
0.047523294,0.002783886,0.009799928,0.037704166,0.13479373,0.057681076,0.04494772,0.008017134,0.032983128,0.0067821834,0.0050372225,0.027438497,0.16842912,0.008950246,00019181_000.png
0.030949362,0.0056406753,0.0062621683,0.014741316,0.018342324,0.022368759,0.021011608,0.011378004,0.02008336,0.009588817,0.00845167,0.056074884,0.01623581,0.009015008,00015923_001.png
0.018284189,0.020404175,0.4983756,0.6768264,0.013141088,0.011292891,0.7002486,0.06564165,0.021231858,0.33204868,0.04550518,0.022788504,0.13105859,0.015188394,00013993_077.png
0.4577851,0.0051178355,0.027194558,0.04940667,0.10114773,0.015270239,0.009585354,0.3243124,0.39463434,0.004060585,0.0063523347,0.012370127,0.030000625,0.011004059,00008232_005.png
0.011296964,0.009893243,0.0058173947,0.10017787,0.056170076,0.062456563,0.005902048,0.064077266,0.060062833,0.0051975693,0.02329785,0.010570658,0.09358894,0.007905335,00001814_003.png
0.009714699,0.0074298074,0.0020923275,0.010716088,0.033018302,0.016672364,0.026336046,0.035464764,0.013128931,0.0120986765,0.01800034,0.0085298205,0.0076585654,0.007896638,00006827_005.png
0.076641135,0.005377251,0.49944854,0.04039527,0.2594107,0.017693708,0.069023296,0.010491309,0.015033475,0.011189559,0.008350936,0.051549677,0.43881074,0.0108737135,00003556_002.png
0.22285514,0.7015449,0.06166694,0.28867102,0.009153114,0.02057506,0.025357375,0.014828186,0.032625355,0.03466442,0.0041684527,0.050138075,0.015067772,0.009438965,00006754_000.png
0.08720831,0.035039477,0.124305345,0.008209371,0.008566746,0.0074076937,0.0327741,0.1816814,0.01174554,0.034239545,0.9707362,0.0040255375,0.0087694125,0.01568583,00012761_005.png
0.529479,0.009365445,0.76482576,0.030423144,0.24563287,0.054844674,0.22947547,0.011442294,0.89380765,0.022357129,0.049844183,0.030536294,0.07859836,0.016690204,00014871_005.png
0.14690696,0.006574251,0.008729732,0.42917842,0.0103668505,0.017626842,0.17543449,0.015615032,0.0123557355,0.014244196,0.014510833,0.8810226,0.017025124,0.00958745,00008490_005.png
0.035451926,0.0076559354,0.008785842,0.056951977,0.014941976,0.13776481,0.060860027,0.02731758,0.036555458,0.012506453,0.058566716,0.87473136,0.107708395,0.021425301,00002213_001.png
0.028535755,0.0073440494,0.80420035,0.19428787,0.14953825,0.069510974,0.27044976,0.02418937,0.00806782,0.8211955,0.012466291,0.014730946,0.04194959,0.015196468,00003803_009.png
0.06665575,0.07119639,0.4537888,0.23465888,0.24711938,0.7595634,0.05296254,0.01094772,0.06347101,0.032869596,0.0118387975,0.021237582,0.014886304,0.014867301,00017504_034.png
0.013825979,0.008473184,0.004944245,0.03708674,0.011482275,0.012040057,0.015232284,0.69270056,0.018115483,0.018072627,0.021090915,0.1106115,0.035684682,0.015516259,00017110_016.png
0.17148545,0.011481383,0.034851868,0.898431,0.03812025,0.13139836,0.21157306,0.039653435,0.060965665,0.9007583,0.065389834,0.017540848,0.009515203,0.016314695,00010012_041.png
0.02935839,0.008724011,0.0066885953,0.014031306,0.008891427,0.032943483,0.019357229,0.19352889,0.005257639,0.045526326,0.96985906,0.012025648,0.010333755,0.010955412,00008468_039.png
0.12617728,0.007743019,0.013563016,0.13352793,0.024983834,0.07742498,0.7850284,0.004437323,0.016038649,0.0065417215,0.014536167,0.26687613,0.025465906,0.015242428,00015478_000.png
0.028095536,0.0048124534,0.004801356,0.021589411,0.027616413,0.007161774,0.0061832927,0.00779123,0.014994544,0.0066864756,0.2717103,0.52854365,0.119679734,0.024649667,00003520_000.png
0.0077362186,0.006984944,0.0046227793,0.009446868,0.030173296,0.338114,0.008850792,0.032132212,0.026157051,0.008269172,0.012278109,0.007329218,0.017645687,0.008195724,00008701_046.png
0.02522533,0.006313748,0.07262564,0.40160647,0.053056486,0.064095005,0.028415749,0.019388905,0.048681684,0.008301681,0.010971036,0.8594773,0.0449445,0.009242749,00005376_008.png
0.009571732,0.008994414,0.105916835,0.16548856,0.124909006,0.23197193,0.033562507,0.0076265754,0.02363937,0.07800822,0.02012403,0.8671824,0.09525944,0.020247174,00001836_097.png
0.5671636,0.028300498,0.91967505,0.035527613,0.31173635,0.02619507,0.012617093,0.030011779,0.9699433,0.0066148816,0.024030356,0.009763021,0.06719127,0.0089388965,00017036_015.png
0.14565715,0.021226572,0.008115641,0.0063925474,0.080676846,0.0652783,0.077022284,0.09323959,0.0154261375,0.012649176,0.005961182,0.01515715,0.028328659,0.023381429,00015477_002.png
0.003608997,0.00368548,0.0146868415,0.05687577,0.01761769,0.0111636985,0.12504694,0.00854232,0.03338076,0.076200284,0.1588065,0.031403106,0.11171058,0.01519958,00014849_006.png
0.023237627,0.01919166,0.011980651,0.00749144,0.0046470924,0.014563398,0.011461311,0.027816871,0.00869605,0.0050382735,0.032493014,0.26439404,0.024655268,0.007604905,00007793_000.png
0.00875784,0.004245119,0.01631917,0.075679354,0.01686696,0.023283817,0.04215704,0.008313431,0.006071212,0.9863457,0.019856121,0.00837659,0.0037710774,0.007268377,00009892_005.png
0.07361166,0.0071232226,0.012798271,0.6987972,0.028362472,0.0052216114,0.07612253,0.095673785,0.009937056,0.007185776,0.14000392,0.5727925,0.06286917,0.0098059,00002622_000.png
0.7572366,0.013974088,0.08574752,0.844669,0.047655877,0.015888175,0.078671716,0.01517829,0.10487841,0.046082843,0.050432015,0.10242606,0.019130005,0.022796595,00008858_004.png
0.010937493,0.7909348,0.019019464,0.031947367,0.00927492,0.049456406,0.0099906,0.013807943,0.022898246,0.04052498,0.017445983,0.008121051,0.010475401,0.015121074,00010531_037.png
0.036372956,0.003304265,0.08331353,0.020111512,0.011971387,0.008220486,0.106124684,0.122852966,0.0293306,0.0035574532,0.10860915,0.073982306,0.76308244,0.0121522695,00014022_038.png
0.025247784,0.0040059662,0.010925263,0.049903013,0.07846318,0.009236054,0.04266653,0.0038144414,0.012173352,0.010220427,0.008964134,0.22714116,0.14196384,0.018281523,00015671_000.png
0.024335552,0.10078524,0.024435988,0.9058504,0.020735817,0.04402953,0.013686175,0.008865622,0.18019365,0.82297945,0.008846594,0.010531426,0.009107382,0.010956631,00006490_008.png
0.005779197,0.0028010604,0.0025775833,0.008868055,0.06477102,0.035701305,0.014992311,0.04363107,0.009081441,0.008522497,0.039170288,0.029971067,0.07711018,0.014145849,00013158_001.png
0.014524355,0.0045197685,0.009430844,0.1164944,0.0066810404,0.024096973,0.18014883,0.010580009,0.0086737545,0.006867299,0.08069732,0.45206955,0.07927281,0.0073979427,00019962_002.png
0.015718272,0.03420571,0.0046774405,0.013216091,0.007185783,0.025030008,0.016106553,0.0051997374,0.008928452,0.020544903,0.011416632,0.012240837,0.012741404,0.014985679,00013251_000.png
0.0067665167,0.005624267,0.0049744938,0.008009959,0.020909557,0.10084107,0.005760937,0.01146036,0.009731356,0.02235938,0.0055080075,0.004530369,0.010034259,0.0060137203,00001992_016.png
0.013253374,0.035476778,0.013642725,0.016544957,0.018978437,0.0217176,0.037750777,0.006213629,0.06057364,0.022306232,0.0046758866,0.015235681,0.0060244785,0.010339949,00011553_000.png
0.09064035,0.0071702045,0.3253895,0.047932383,0.47145733,0.014890716,0.03963803,0.025016213,0.013486231,0.0063409554,0.33708933,0.015037204,0.83105385,0.015245958,00018090_000.png
0.054081302,0.013079681,0.10806772,0.13490455,0.006445144,0.015147217,0.014392215,0.06705761,0.37077218,0.015259567,0.2030138,0.020502603,0.07108396,0.017509278,00011379_019.png
0.003818254,0.0065807593,0.006081334,0.00985461,0.061948616,0.1092398,0.0076088035,0.036659233,0.055115853,0.0143387765,0.0054255305,0.013222026,0.024523849,0.009898232,00007745_003.png
0.013293813,0.010946359,0.010264843,0.60020435,0.043533113,0.97678554,0.014173877,0.007287052,0.06026747,0.029854573,0.010381704,0.017468164,0.01817548,0.007827364,00019177_000.png
0.10831896,0.017918654,0.22739114,0.7411854,0.0746328,0.033433337,0.30510724,0.024763154,0.034300376,0.03363489,0.018240849,0.88639253,0.018859705,0.018228773,00013884_001.png
0.14029765,0.0052849194,0.0067129405,0.014595747,0.042237405,0.8544928,0.053923074,0.009813912,0.11575598,0.012509098,0.008234053,0.08165842,0.06436001,0.011995917,00007321_009.png
0.0065083075,0.005316957,0.011939321,0.95868915,0.014483237,0.052303124,0.057583287,0.027334245,0.09521137,0.018827025,0.012356929,0.061180092,0.034219347,0.0053688646,00000963_007.png
0.041005995,0.017107114,0.059075717,0.69220656,0.008800912,0.0074785673,0.06135188,0.010815172,0.037502974,0.9507588,0.024578217,0.015340948,0.0038227164,0.008565134,00001736_027.png
0.009742474,0.66549706,0.1039869,0.012483879,0.013549327,0.008447624,0.023700127,0.0063434583,0.018145684,0.20163232,0.008412488,0.013075923,0.008224872,0.015830675,00013601_019.png
0.0066773393,0.010513181,0.0055773994,0.6939596,0.008371835,0.04054015,0.5166894,0.030108782,0.028001614,0.44288206,0.03739942,0.011290043,0.009170207,0.0075275335,00001255_031.png
0.022884926,0.008019515,0.014800132,0.023965795,0.03846851,0.63798916,0.02248255,0.0063743284,0.028014757,0.010610821,0.13509437,0.14256613,0.10068799,0.01478961,00013244_003.png
0.13692985,0.0049444516,0.05675631,0.12288567,0.23031287,0.0678894,0.022079771,0.09445209,0.057310704,0.007719461,0.018351177,0.75571555,0.14145677,0.012431012,00018366_020.png
0.03316654,0.0036450103,0.0049974117,0.011056831,0.06140781,0.27273226,0.009405016,0.061466057,0.028645542,0.008404951,0.02188708,0.006090697,0.01283384,0.008420972,00002111_013.png
0.049367145,0.024864629,0.7980772,0.28727213,0.008597146,0.011478278,0.011463693,0.011721356,0.2105874,0.8726991,0.012947502,0.005427427,0.018142639,0.0062847477,00013036_020.png
0.016740158,0.004290719,0.024415674,0.019813042,0.02375618,0.005397569,0.016146472,0.013269729,0.011170712,0.010318249,0.051598176,0.54988486,0.03939827,0.034201305,00009524_000.png
0.09130268,0.0027672825,0.006689137,0.25283897,0.091641046,0.026728261,0.046857532,0.007297325,0.32901028,0.009163105,0.020011052,0.0208474,0.013685595,0.011008341,00014429_011.png
0.039793655,0.0075216894,0.37350932,0.027585184,0.5224353,0.015052588,0.015590884,0.018338269,0.07857849,0.019786952,0.17277592,0.0068588327,0.33387607,0.009666376,00009592_000.png
0.023925472,0.011669981,0.2507416,0.23329498,0.478217,0.020210095,0.01607598,0.7001969,0.049063157,0.0349869,0.7987706,0.029187094,0.037188746,0.024173988,00008168_013.png
0.008343748,0.010519839,0.011179069,0.016487634,0.008928207,0.2082753,0.009585399,0.011597521,0.090468,0.12949881,0.013938437,0.0088935485,0.009826677,0.012850154,00013176_003.png
0.14819145,0.010266296,0.42954516,0.29185706,0.53317803,0.1374359,0.5331196,0.0033396229,0.12502104,0.13799182,0.021288205,0.024269734,0.031621512,0.013940044,00017178_003.png
0.16121459,0.0052218437,0.030492058,0.24785082,0.68422323,0.20248753,0.015316693,0.11198282,0.08370562,0.018268649,0.0063545075,0.012832329,0.011360505,0.008850064,00017403_008.png
0.10656747,0.8970845,0.30155024,0.56086105,0.00772341,0.020967795,0.04419052,0.026496684,0.012407129,0.022120714,0.015839415,0.041872643,0.0113359,0.012644287,00013249_005.png
0.022518026,0.0051256763,0.012852037,0.71117437,0.055022303,0.026426302,0.024881044,0.028201291,0.021227712,0.010451677,0.038605932,0.7909247,0.4847483,0.01044724,00013731_004.png
0.0045545483,0.034730475,0.009544245,0.0047746967,0.022760138,0.086664826,0.04267341,0.05405839,0.02024375,0.0065316944,0.023059947,0.0062287236,0.013410073,0.016908864,00001029_003.png
0.056997336,0.008402137,0.0071773506,0.68494886,0.0116532855,0.019910734,0.13063441,0.016636183,0.004686231,0.009394054,0.010907475,0.7839005,0.016817423,0.0109969415,00014725_008.png
0.007759578,0.0051357453,0.029736286,0.029326726,0.51098526,0.043009978,0.016964575,0.3320014,0.015334388,0.026628017,0.09157242,0.029435074,0.017704062,0.011150721,00011899_003.png
0.02594228,0.013040101,0.00365299,0.33717072,0.012811465,0.03289496,0.04258993,0.019057186,0.008022324,0.026143087,0.62056,0.3327575,0.011397259,0.028269628,00018443_001.png
0.016029464,0.7151288,0.0073805037,0.09767353,0.008979774,0.046542324,0.016761396,0.027308118,0.08140902,0.016390858,0.014538346,0.097077124,0.012858645,0.0161619,00003789_009.png
0.6861179,0.010048749,0.03511122,0.57396305,0.004945024,0.012817305,0.037548155,0.2596812,0.6217838,0.09564928,0.038763523,0.0071712104,0.026572058,0.0074676774,00013993_140.png
0.007108036,0.006248939,0.018038396,0.012941147,0.05339951,0.44308293,0.023956796,0.01138531,0.019653654,0.015220986,0.017193332,0.014429132,0.024416769,0.023507,00001986_000.png
0.023165077,0.008364277,0.026723864,0.011678707,0.010393591,0.014592434,0.008483831,0.012098641,0.013008376,0.0061468775,0.331188,0.6869059,0.21684924,0.011296299,00003714_000.png
0.04925848,0.38579893,0.012896346,0.06224368,0.015791675,0.039262798,0.022358377,0.0054657175,0.021300001,0.016060147,0.010583453,0.053411234,0.03148294,0.0125608435,00009229_009.png
0.02720212,0.004427661,0.09081121,0.24718097,0.08981128,0.022300659,0.023574162,0.44356903,0.017884834,0.02119997,0.02049866,0.75896114,0.09057475,0.01415284,00008864_005.png
0.026810644,0.008669082,0.0075435056,0.24592039,0.03185383,0.33191302,0.061259102,0.011342293,0.016227663,0.009932915,0.017923906,0.029208502,0.013198344,0.013205966,00008147_002.png
0.054986555,0.017072206,0.04542967,0.73245144,0.07530713,0.047871202,0.3627806,0.013159893,0.025775697,0.9472346,0.012765141,0.015346899,0.019895459,0.013047505,00017641_004.png
0.054749563,0.0050359485,0.04790608,0.025283542,0.05249946,0.015485471,0.014130576,0.039944954,0.10111666,0.01635986,0.94865406,0.016038205,0.02179537,0.013526873,00013219_001.png
0.006882858,0.010428633,0.04563889,0.2489477,0.005441016,0.0038179364,0.013776032,0.015731482,0.41109762,0.6448246,0.016645836,0.010013854,0.00902531,0.00702282,00011985_007.png
0.72912735,0.028840162,0.9715838,0.067983866,0.021636123,0.017914383,0.10230565,0.034591693,0.013573829,0.017260328,0.03527655,0.06978815,0.027194127,0.019522589,00013993_124.png
0.008332598,0.004638615,0.0030175464,0.046170846,0.0310874,0.22665313,0.006599171,0.033191353,0.032999877,0.008301975,0.023316981,0.018831685,0.025017995,0.0059411624,00001382_000.png
0.010703473,0.011854963,0.027805999,0.91109073,0.042134505,0.16330388,0.03299081,0.008305969,0.011212748,0.6767043,0.028918257,0.09833866,0.039214604,0.010060818,00012635_006.png
0.03094126,0.013666184,0.70031416,0.7490578,0.05478299,0.11325978,0.07339022,0.020243382,0.36084387,0.11955696,0.013108725,0.050862,0.6655703,0.023351813,00012834_068.png
0.34841278,0.09648617,0.15864745,0.29578474,0.010333677,0.02482574,0.10136429,0.010248719,0.019594766,0.014236318,0.017006189,0.057272308,0.8222719,0.011323648,00013659_029.png
0.04092161,0.0034289618,0.0064546866,0.17846186,0.017011898,0.009440654,0.012617978,0.048186384,0.025942948,0.0055742078,0.94361424,0.0148015935,0.21179962,0.012949904,00017972_035.png
0.05219755,0.004964341,0.007009057,0.035999108,0.007372617,0.009194671,0.03160439,0.029521694,0.01871103,0.009692622,0.015297667,0.060894344,0.009571908,0.012063078,00009954_000.png
0.0084723905,0.013893726,0.0023093314,0.021250872,0.030184945,0.030756837,0.017961105,0.009334397,0.020135703,0.023856472,0.0049214433,0.010586435,0.009019631,0.01040931,00000929_000.png
0.02610525,0.04067694,0.045892984,0.37501907,0.050628062,0.006740458,0.012355759,0.010733455,0.06308962,0.016023356,0.0092912605,0.561498,0.38252562,0.026185106,00003413_001.png
0.2887577,0.0063714986,0.024482844,0.65251005,0.32131186,0.074896716,0.08596122,0.36400813,0.088443846,0.09626156,0.016187685,0.017855342,0.06405982,0.0180061,00014919_015.png
0.10917749,0.29796007,0.035998236,0.23302217,0.015945312,0.035444837,0.026707813,0.02723902,0.010245773,0.0161225,0.017463319,0.020178545,0.033780087,0.014678502,00019660_000.png
0.016025206,0.0076680733,0.0040126136,0.0071599097,0.015566036,0.008033685,0.0151996035,0.008646764,0.00966561,0.011561031,0.011583001,0.011620517,0.008644137,0.007267892,00007924_001.png
0.007918439,0.07490425,0.064063415,0.7581841,0.040173467,0.34486902,0.038052466,0.012668784,0.27463314,0.0193884,0.0037753058,0.039306656,0.048973102,0.012012805,00009600_002.png
0.12676953,0.0036254986,0.009939277,0.15055299,0.057183042,0.014533892,0.018985309,0.134484,0.024606341,0.0124814985,0.13833186,0.73937273,0.22643203,0.0142996805,00008009_019.png
0.568762,0.02302272,0.15591817,0.74085414,0.16618435,0.23372416,0.042473994,0.020264415,0.23626581,0.3544249,0.053014692,0.015647123,0.056809455,0.020313533,00002505_012.png
0.72065544,0.03886722,0.8838902,0.069193214,0.009759247,0.06179361,0.05424693,0.14980595,0.3456432,0.01923009,0.035563167,0.016893819,0.020484412,0.011304204,00014687_001.png
0.6136507,0.054563954,0.10000028,0.2760752,0.030355927,0.014683545,0.5633679,0.044620175,0.05736114,0.010042215,0.013387388,0.020550992,0.26034752,0.018390894,00013391_005.png
0.7919914,0.012146679,0.043233417,0.07704539,0.18262678,0.08499587,0.013222822,0.67313725,0.13338932,0.029257463,0.7013746,0.06791054,0.04619479,0.08433154,00008866_001.png
0.03438664,0.015070044,0.021157859,0.043034475,0.23252796,0.244413,0.012063805,0.2975602,0.07649623,0.00822474,0.13922015,0.015347778,0.5619401,0.0208154,00005824_001.png
0.001609889,0.020443149,0.0053017414,0.45493078,0.0693051,0.018557182,0.011801253,0.005372945,0.010386521,0.6493099,0.006607094,0.031413116,0.05029429,0.009047655,00013964_002.png
0.1184056,0.008545939,0.08180495,0.025789918,0.06121417,0.6328204,0.026197419,0.64590216,0.048760943,0.011097197,0.040765017,0.47831216,0.07674745,0.01853035,00001991_002.png
0.008764262,0.0032948737,0.0033511082,0.00835813,0.087786,0.03462997,0.011233978,0.022339808,0.034300685,0.012478359,0.09624824,0.00734202,0.010746547,0.012227889,00008566_013.png
0.02055285,0.0031104852,0.002623232,0.00820218,0.0066105244,0.02084445,0.026842674,0.030289238,0.10144855,0.006043073,0.02532673,0.012760119,0.0082281055,0.008650419,00013988_002.png
0.0595981,0.032324325,0.013804347,0.04930144,0.08418263,0.087527305,0.043552686,0.18293358,0.0747571,0.007016143,0.0033071104,0.04145307,0.10594786,0.011363181,00005365_012.png
0.01808044,0.012097291,0.005281559,0.027999701,0.029311324,0.015726434,0.011016449,0.09374704,0.0057965987,0.010809594,0.50238293,0.013522903,0.11442845,0.017229175,00008892_008.png
0.10120023,0.0062328186,0.04975747,0.02310015,0.019139929,0.037994165,0.00863563,0.96498525,0.010491908,0.004304061,0.11167484,0.14908765,0.13249831,0.009478964,00018366_017.png
0.47100425,0.0042579235,0.026330793,0.0120286625,0.14479557,0.073315024,0.021543061,0.83265203,0.15695451,0.0072461115,0.022940628,0.013383061,0.116653875,0.010774164,00012094_022.png
0.041813295,0.038502786,0.07989043,0.039784722,0.022157675,0.75894475,0.010893127,0.21365002,0.007586132,0.009586757,0.022638451,0.014690728,0.057840757,0.01634777,00004163_000.png
0.0093599,0.0040219375,0.0026684145,0.011422689,0.008776097,0.013039812,0.023484135,0.011002244,0.011500622,0.0123477075,0.0065664295,0.009356332,0.013900777,0.005347378,00003478_006.png
0.01767786,0.010313546,0.009143635,0.015829047,0.03193628,0.008826268,0.0067768237,0.09997897,0.0025749637,0.0057792375,0.036528353,0.0039894255,0.033675462,0.008047933,00003826_000.png
0.15140821,0.0041513657,0.0036094529,0.35407364,0.030690514,0.08631236,0.14345868,0.013391425,0.012963752,0.03882582,0.5468246,0.017287195,0.0053345426,0.013112327,00017410_005.png
0.024592154,0.0037388112,0.016337262,0.93311256,0.042369552,0.010668524,0.8600055,0.029778529,0.008242492,0.054744482,0.023829242,0.08354522,0.020587621,0.007455522,00017531_000.png
0.098120056,0.055924274,0.24222085,0.40235522,0.0064178533,0.014463491,0.021476272,0.0067597996,0.43554857,0.33052567,0.009385187,0.013359666,0.032209042,0.007820439,00016184_041.png
0.03500575,0.009078828,0.068685584,0.16259727,0.3964522,0.033301,0.06562353,0.022060223,0.29762992,0.06571727,0.0043049967,0.048238065,0.0066633676,0.020232106,00016291_025.png
0.006531899,0.008327702,0.007052292,0.004365411,0.0045098057,0.008564482,0.017558537,0.008029172,0.0071280473,0.008067304,0.018078348,0.009683222,0.005868695,0.006033596,00015512_000.png
0.11922438,0.008204445,0.015094461,0.01872159,0.041947115,0.11078502,0.017763618,0.1624422,0.06490124,0.05181439,0.020013267,0.86982065,0.038907737,0.028231844,00013185_003.png
0.022963502,0.012516717,0.16377589,0.055880625,0.09889124,0.014733853,0.18549383,0.015329657,0.037396602,0.07827828,0.37592733,0.020790162,0.0103139505,0.020418491,00019812_006.png
0.008061721,0.027816245,0.004150901,0.032234214,0.019729026,0.011443599,0.03393055,0.0068527283,0.021338435,0.046772003,0.27295437,0.015369642,0.00793734,0.01456539,00016860_007.png
0.024562586,0.0154366875,0.017698407,0.17660916,0.29624376,0.27539536,0.007479692,0.004858293,0.05200004,0.03185646,0.0035984959,0.014450751,0.20618053,0.013199237,00018663_009.png
0.27193475,0.01136922,0.005592274,0.0332819,0.01924557,0.06752076,0.025182689,0.018563762,0.016045911,0.022875559,0.010973934,0.02802061,0.009494704,0.014788964,00010462_002.png
0.014627267,0.030567564,0.052640952,0.6688688,0.024400417,0.02092293,0.2124229,0.019152697,0.60785836,0.6862227,0.012358185,0.018878998,0.025130112,0.013676252,00011140_002.png
0.01845863,0.018427165,0.0908882,0.9164368,0.12210085,0.6766037,0.025178265,0.013069075,0.17387483,0.03040596,0.015326432,0.05366109,0.017651763,0.011290197,00001814_005.png
0.1778957,0.03357428,0.014312556,0.019095983,0.0054050665,0.011232955,0.017083557,0.01440403,0.005753958,0.011639904,0.007889678,0.96088934,0.023723578,0.01892037,00002878_019.png
0.009040877,0.012287463,0.0043951315,0.013973919,0.019943349,0.029560868,0.010611266,0.19949582,0.0050012404,0.009206059,0.018156784,0.006938188,0.012913391,0.007489335,00007764_001.png
0.00692517,0.005097075,0.0077059483,0.006541629,0.013423827,0.014829774,0.00820005,0.18991093,0.008452942,0.0037533648,0.017981848,0.047494657,0.63916963,0.005939963,00000269_000.png
0.07811666,0.3173235,0.16467693,0.53908706,0.037120964,0.283828,0.36883795,0.007485263,0.017776318,0.0407886,0.008004046,0.11740182,0.008257485,0.016933605,00005066_024.png
0.76003623,0.008601003,0.30450422,0.3096113,0.049381938,0.027956063,0.14241925,0.09234403,0.7264636,0.08671174,0.0102277715,0.008308778,0.036329184,0.013368022,00011401_000.png
0.03389778,0.0076190433,0.0047727935,0.032702707,0.036811274,0.51698947,0.19416519,0.0066439128,0.01716583,0.0076460186,0.015645176,0.018572021,0.009678558,0.015686957,00005472_002.png
0.009714154,0.05355104,0.0033464008,0.04844563,0.076344736,0.63597906,0.023919532,0.012320313,0.024178378,0.18919903,0.08706196,0.03792841,0.0057336516,0.023156755,00005653_006.png
0.08362158,0.04088002,0.0029095404,0.5433693,0.004497133,0.011499554,0.05999186,0.03159918,0.024093933,0.031561773,0.12913488,0.061258454,0.011776666,0.01589937,00016705_009.png
0.52105,0.041781563,0.014947212,0.1701412,0.11193679,0.02251853,0.080638506,0.008795731,0.02214071,0.006659802,0.033710394,0.028287653,0.46136832,0.024095498,00018027_003.png
0.092838876,0.0031974202,0.054307334,0.011418102,0.014374746,0.007894042,0.005292814,0.042320445,0.017251054,0.0052389014,0.9983942,0.0049088495,0.017478272,0.0038443804,00014083_018.png
0.047432464,0.006771492,0.09582191,0.14201467,0.01785037,0.00842073,0.01152415,0.0785298,0.015984332,0.012467554,0.99654454,0.007549184,0.0047499896,0.00589802,00008291_019.png
0.017247893,0.046413165,0.006514946,0.0055366084,0.05306145,0.06408215,0.033466067,0.02150488,0.009751711,0.006272072,0.003661149,0.009784038,0.056639966,0.0075319447,00002360_001.png
0.030531626,0.0062568053,0.067102335,0.0066726594,0.018347481,0.0059527196,0.0077861184,0.00536778,0.013792083,0.009622785,0.006082755,0.0073712002,0.05096247,0.0037152118,00020108_002.png
0.030361474,0.006049254,0.13456398,0.06312824,0.008939053,0.027677923,0.07525063,0.017280746,0.014686457,0.021362726,0.08475732,0.8641578,0.023501469,0.012739471,00011424_000.png
0.038447607,0.0121132005,0.31522256,0.011601008,0.4184578,0.042415515,0.0097825,0.08709033,0.026083231,0.01612675,0.0044155414,0.007704443,0.06133651,0.012839067,00007830_004.png
0.016724115,0.16741747,0.032373823,0.14731644,0.0030604184,0.0075696902,0.015827063,0.060901575,0.07967331,0.14951146,0.0084668845,0.015280466,0.018118702,0.007778475,00003989_020.png
0.015742458,0.0051323427,0.010820286,0.070333414,0.07253406,0.07299701,0.019031102,0.0051040906,0.03592246,0.009833974,0.0057062916,0.83639544,0.040752906,0.0147354575,00017064_005.png
0.008152115,0.014014296,0.0053073317,0.006127951,0.008748063,0.008112402,0.0051122396,0.005728334,0.016006999,0.014765388,0.005806662,0.006955767,0.010997636,0.0045546237,00016649_007.png
0.019383015,0.009463003,0.019676322,0.28924292,0.037463732,0.02567075,0.10251598,0.014301113,0.0456159,0.96610874,0.012772661,0.010503804,0.007021656,0.009024057,00012993_009.png
0.01854613,0.018091584,0.016992772,0.6893667,0.04194019,0.022132384,0.04441878,0.0071995216,0.018397216,0.8835893,0.012760305,0.007618632,0.017093487,0.010694196,00005712_026.png
0.038223267,0.015809366,0.0150878625,0.8403334,0.012764732,0.015443267,0.25636852,0.016721271,0.061377145,0.058169603,0.048456766,0.6969963,0.0076008355,0.008531422,00012350_000.png
0.08309042,0.05073969,0.35342574,0.07830076,0.0053335177,0.0063528223,0.020228015,0.16513911,0.012557809,0.027353505,0.038907755,0.030495718,0.02888164,0.022710353,00008219_000.png
0.12871681,0.5132994,0.9924981,0.14363258,0.009762593,0.0078107878,0.022504926,0.16749686,0.032672245,0.043552954,0.02623483,0.034488257,0.023555866,0.014164447,00014626_019.png
0.032132693,0.0036468445,0.00509605,0.008916696,0.41438854,0.21137688,0.027112115,0.044619963,0.015096049,0.0059381295,0.22319593,0.013896726,0.016103515,0.0128508685,00016577_003.png
0.01842722,0.019705785,0.005493055,0.00822672,0.018136192,0.06762545,0.00947844,0.016424581,0.011575317,0.009559796,0.018114664,0.00562331,0.018732699,0.009262813,00014674_016.png
0.010739462,0.010820842,0.0027942082,0.3754438,0.004059031,0.01646961,0.049861796,0.007989113,0.115574114,0.15252179,0.014266039,0.019747736,0.0085936515,0.008829927,00016315_001.png
0.14947872,0.02436251,0.7487716,0.1002715,0.38414404,0.055675305,0.020529797,0.008552942,0.5924086,0.07354191,0.0070829415,0.007602397,0.008227467,0.008714431,00011741_011.png
0.007235887,0.0067572193,0.009035739,0.17483076,0.056387506,0.06743865,0.151441,0.013514942,0.29852673,0.35348824,0.034797095,0.01020196,0.008673595,0.0121903885,00017710_009.png
0.0144032715,0.013949781,0.59188783,0.011860869,0.46183875,0.018083207,0.010414234,0.03671639,0.038364533,0.017620988,0.00624874,0.029075077,0.034721803,0.058716413,00005043_000.png
0.029437575,0.012524511,0.02430755,0.1984021,0.5028516,0.25918686,0.06332873,0.0045698537,0.016643519,0.006647495,0.019536203,0.011740522,0.022464586,0.01045969,00015572_011.png
0.0050751152,0.0091834,0.010230325,0.07908283,0.043363158,0.19005738,0.019631593,0.4846208,0.019026935,0.0066685234,0.035280768,0.011742238,0.010366268,0.023427783,00004654_002.png
0.0076963166,0.0053086337,0.002808736,0.5000255,0.061552584,0.14232628,0.058364533,0.017437788,0.13990618,0.048233237,0.009285661,0.3060655,0.06829183,0.014475138,00017236_104.png
0.005133215,0.0063787545,0.0063436264,0.014941619,0.007944658,0.003690354,0.033590857,0.012694874,0.004047097,0.012968707,0.08469349,0.50064665,0.015797019,0.010168415,00016896_012.png
0.03952177,0.74509543,0.01308755,0.009166621,0.011422715,0.008616932,0.013616243,0.02385896,0.010776461,0.017142804,0.26609665,0.022619242,0.013368985,0.030066047,00007510_000.png
0.19213478,0.005570926,0.22004914,0.021084461,0.03624418,0.026498241,0.01323382,0.97240067,0.056203447,0.005641376,0.0469708,0.029399784,0.051518388,0.011550966,00010677_031.png
0.023859605,0.74662673,0.009578574,0.33741608,0.0064314324,0.02048676,0.030731687,0.014910642,0.0148385,0.009344975,0.01601636,0.019343978,0.01000049,0.009333351,00006808_035.png
0.36320308,0.022368945,0.018337425,0.02563976,0.00989861,0.006956433,0.8071176,0.0077485973,0.017512953,0.0060580107,0.036868595,0.27211538,0.00922696,0.0147019,00017537_000.png
0.032515254,0.020767588,0.022239406,0.8650559,0.02353179,0.12982245,0.037060227,0.023070961,0.034711827,0.024645856,0.04095648,0.37636018,0.027466977,0.013507702,00019176_089.png
0.008270448,0.025619723,0.021428509,0.00884078,0.022770012,0.004750233,0.008808407,0.020410452,0.031928606,0.020789763,0.0085312845,0.008108808,0.046726774,0.00955944,00000491_019.png
0.017963005,0.005472972,0.015973888,0.091537304,0.11043837,0.42563376,0.016231827,0.09198155,0.0389172,0.011697991,0.017862996,0.9031815,0.5565781,0.015189893,00020195_000.png
0.016448393,0.014408363,0.016370138,0.33294985,0.0894919,0.010604015,0.048677742,0.009847109,0.03159455,0.6433121,0.010091406,0.019926446,0.008046554,0.014657069,00010509_006.png
0.013562704,0.012082626,0.0069329296,0.065618865,0.018869925,0.01318367,0.011137326,0.19369195,0.024435539,0.01033833,0.81676924,0.01548944,0.016295934,0.01309211,00008566_012.png
0.0150331715,0.0057977918,0.03315943,0.33883086,0.031919356,0.04612474,0.021920945,0.72593933,0.0081613995,0.013090446,0.97070104,0.083340436,0.055318676,0.011482914,00020195_018.png
0.05511842,0.013588087,0.051582173,0.48246092,0.019112336,0.085968696,0.02692181,0.4514788,0.01106248,0.011512218,0.018638095,0.112504795,0.32801145,0.015782302,00007034_077.png
0.7254514,0.012698671,0.093272105,0.2363264,0.06736557,0.029148137,0.012856381,0.56814855,0.03611839,0.0041392893,0.9487976,0.011274958,0.012708215,0.016108217,00011873_002.png
0.014438919,0.006897766,0.09340578,0.34065762,0.019295413,0.023636784,0.05673671,0.531601,0.016105654,0.00997938,0.02427381,0.6242841,0.59646046,0.009197086,00011709_000.png
0.40410817,0.0035849,0.028702697,0.04211337,0.04817173,0.114571095,0.015564838,0.31356898,0.055303767,0.005443466,0.2157951,0.07923081,0.024861343,0.01586992,00012256_001.png
0.0053514023,0.004287646,0.0028093169,0.028154254,0.019278903,0.02331775,0.02175078,0.0070314705,0.022927426,0.03376491,0.005051066,0.012474846,0.026213858,0.007608782,00018949_015.png
0.1514367,0.09905573,0.18167002,0.3682523,0.07723776,0.13440645,0.04642206,0.6355711,0.024996713,0.03043326,0.9531847,0.076830946,0.019525688,0.025092026,00001484_001.png
0.027327064,0.008812849,0.0099201035,0.023866164,0.021349275,0.013593674,0.011564911,0.84492177,0.0071762493,0.0124488855,0.98568785,0.0075420635,0.012309474,0.010527591,00009845_005.png
0.025601247,0.019545771,0.002499198,0.008629831,0.025226405,0.09579589,0.018537566,0.013852088,0.008836519,0.009605237,0.049029574,0.020547004,0.15477537,0.008318134,00010943_000.png
0.39485553,0.6028497,0.4144051,0.78772646,0.005393776,0.008744054,0.18510054,0.042681634,0.053865317,0.23865959,0.0119570345,0.015467031,0.010392834,0.008847284,00017726_005.png
0.026489174,0.026035223,0.03505811,0.0097350385,0.01488294,0.02266679,0.018269097,0.41836047,0.016298052,0.039910235,0.9461675,0.008130017,0.019520152,0.013372186,00013111_056.png
0.25917256,0.006982097,0.010532232,0.085302636,0.011558198,0.034267474,0.0995318,0.0061054854,0.04549689,0.011762629,0.07118078,0.78414965,0.01458488,0.014743021,00013267_000.png
0.0154961115,0.020382786,0.5395792,0.17339194,0.012944833,0.007536541,0.035959926,0.008806075,0.011861216,0.94636995,0.009252802,0.007144998,0.032283157,0.012483679,00011985_005.png
0.026964488,0.0031498545,0.018748015,0.17446363,0.06295288,0.022561954,0.028099148,0.006019312,0.013443892,0.021917226,0.3465863,0.7464153,0.017074062,0.017258404,00006342_002.png
0.027219027,0.0044836057,0.01721377,0.035156377,0.04399074,0.027799187,0.033148184,0.012293888,0.010434219,0.007559323,0.008402097,0.8836442,0.12728618,0.011821388,00010648_003.png
0.045040734,0.005275125,0.02111332,0.02118329,0.93043053,0.05593813,0.02886621,0.027705109,0.015656019,0.010245767,0.016366307,0.01069719,0.027183535,0.012599723,00011157_001.png
0.047997937,0.0038538969,0.005755243,0.0065804357,0.010859926,0.014368702,0.01225963,0.007126235,0.020213928,0.009161235,0.17514026,0.66221863,0.018271968,0.014700787,00018176_000.png
0.030287538,0.0050258883,0.010481136,0.024052443,0.014267375,0.020902859,0.010470875,0.9796284,0.028990552,0.008688528,0.04699326,0.023401335,0.057899542,0.008445491,00020286_014.png
0.031395506,0.0033545117,0.007663579,0.018745558,0.0054250155,0.03504431,0.12140177,0.03254745,0.25727364,0.0082359575,0.019762404,0.015709091,0.020283386,0.014369114,00014072_001.png
0.0055203857,0.027236424,0.1884049,0.22984825,0.021766972,0.074376315,0.26114982,0.07334305,0.018670348,0.21682821,0.021687785,0.022204956,0.049606048,0.017703092,00012834_130.png
0.097727574,0.006747248,0.29862115,0.05178089,0.027849212,0.06322075,0.032794453,0.16750336,0.04243356,0.018613786,0.0126522435,0.012951793,0.9238615,0.017452803,00004750_004.png
0.06233121,0.008671988,0.031238493,0.19495602,0.008884744,0.12436923,0.020142458,0.31004786,0.011943725,0.004567265,0.021955447,0.034390125,0.6357245,0.009903978,00007835_000.png
0.8888233,0.012398268,0.5101175,0.1922625,0.3482799,0.19223034,0.01777432,0.071137056,0.016303694,0.016046876,0.019914912,0.005423251,0.040347423,0.054991867,00009368_008.png
0.008876815,0.37730226,0.009284013,0.008486543,0.009393695,0.0052762786,0.0065769707,0.010230249,0.04474135,0.044639394,0.009636391,0.007369127,0.017030241,0.012790809,00009932_003.png
0.03969115,0.013536453,0.01590664,0.07919127,0.06624625,0.5057201,0.029802987,0.054260835,0.031032588,0.010572533,0.022092255,0.79405105,0.7671924,0.015336023,00007856_000.png
0.026127169,0.1138385,0.0073560528,0.0038090274,0.0067577735,0.0061817537,0.006965207,0.012350238,0.011253662,0.008512132,0.007765939,0.0104906745,0.011087139,0.009421271,00012646_017.png
0.02251969,0.0075685903,0.009444088,0.017733026,0.010558193,0.03988569,0.013650715,0.49224344,0.024014987,0.009530399,0.0075324937,0.11042393,0.62097055,0.009308359,00008547_001.png
0.56618977,0.119532645,0.4238653,0.7903507,0.01636867,0.030243712,0.016534962,0.2513784,0.23328781,0.012460873,0.0061315387,0.020912264,0.047911774,0.008610002,00010805_039.png
0.033579852,0.010155053,0.02374357,0.012622434,0.39334944,0.68243456,0.008976596,0.20353524,0.026716322,0.0058990046,0.09399822,0.012480393,0.057667095,0.013665592,00014717_011.png
0.29861122,0.006116674,0.017408831,0.03468683,0.025350343,0.03057273,0.018572005,0.6004899,0.037696432,0.019944124,0.0065468587,0.017849715,0.03074598,0.005282308,00012024_001.png
0.019870203,0.84978485,0.015560577,0.1958608,0.026352864,0.028996594,0.02374732,0.03257987,0.008013941,0.027547587,0.017382538,0.010638354,0.02430116,0.013757005,00016818_004.png
0.010208645,0.0033807678,0.022843346,0.37540224,0.48550433,0.058808677,0.017516818,0.034190096,0.058051836,0.023824707,0.00550959,0.009484325,0.017189238,0.0074118986,00010773_005.png
0.12900257,0.13253026,0.009899615,0.03635194,0.0068408614,0.0058608665,0.06448507,0.0082395915,0.01096904,0.025346363,0.028011525,0.8216962,0.04219654,0.023900487,00012640_018.png
0.012517024,0.17879237,0.22122034,0.9535463,0.035986558,0.35195053,0.016052622,0.0067712455,0.037461627,0.112522736,0.0050284183,0.017835978,0.114545114,0.009321772,00012413_019.png
0.5586458,0.010109361,0.026038153,0.53873223,0.15666658,0.05261678,0.51833993,0.03778027,0.013897156,0.017255848,0.10405863,0.2877646,0.010155283,0.035961445,00003577_001.png
0.014166903,0.0033518358,0.0020326946,0.028930333,0.16684707,0.2096406,0.05653423,0.010043727,0.038363013,0.033713244,0.008490094,0.018232277,0.014242898,0.016183872,00011984_005.png
0.01930808,0.013076045,0.027538978,0.22341743,0.035424236,0.010499033,0.01273124,0.055875253,0.5222687,0.2473007,0.006374283,0.006845041,0.0028418368,0.008022791,00016972_005.png
0.02031805,0.016450785,0.08981756,0.3980679,0.09054312,0.69051236,0.013649727,0.15912324,0.07297627,0.008373208,0.0035832687,0.027913295,0.014243373,0.009121706,00016550_017.png
0.01858662,0.0081683695,0.009510287,0.0060961344,0.008431515,0.016156208,0.010265424,0.005409647,0.0066262935,0.026065903,0.95926076,0.009972676,0.0039621573,0.007234918,00008468_042.png
0.018670151,0.007648871,0.06471834,0.7974599,0.73931956,0.28974664,0.033614166,0.03183664,0.04581378,0.030071652,0.033962592,0.021923153,0.07525076,0.016741501,00007354_009.png
0.054154806,0.010769886,0.024519809,0.6863222,0.015172896,0.016542686,0.58042526,0.016439423,0.00954187,0.8089855,0.014357692,0.019428302,0.050830934,0.018399827,00019176_103.png
0.39117292,0.013303123,0.065495946,0.0994655,0.10811605,0.09595581,0.012681196,0.04669606,0.7083529,0.02324473,0.007962819,0.0101599805,0.3113307,0.011217365,00010007_046.png
0.01031227,0.0071313377,0.0074728606,0.53285617,0.055089235,0.15945111,0.02909147,0.027342152,0.28039336,0.023239387,0.008029507,0.011073315,0.009028689,0.008255904,00009397_010.png
0.0065031177,0.0049669724,0.009726101,0.005855524,0.04430716,0.02192859,0.007127075,0.09332543,0.011864564,0.009659783,0.061094064,0.0048131477,0.016901162,0.00513742,00015581_009.png
0.043489195,0.012461918,0.0108295325,0.11873034,0.03216471,0.029539831,0.010749893,0.9739526,0.01693374,0.009282534,0.031828094,0.026592694,0.015347828,0.008873162,00002666_000.png
0.089801446,0.004900741,0.009280579,0.023571726,0.016343592,0.0070442073,0.056383852,0.049309272,0.027888639,0.011298813,0.028733075,0.6944272,0.019530773,0.015285482,00007730_002.png
0.163989,0.01000186,0.08647556,0.24607477,0.046160743,0.28292555,0.04423341,0.016558379,0.01107157,0.010109395,0.034581807,0.79096866,0.26057282,0.029318502,00013731_000.png
0.043792613,0.012168726,0.04526795,0.96829265,0.033680517,0.056336194,0.07737077,0.025980238,0.022254663,0.66070104,0.022339279,0.014747896,0.01393313,0.009356606,00004808_042.png
0.052460834,0.009928865,0.008373363,0.060064267,0.025254443,0.52295744,0.013117092,0.007852277,0.045432262,0.010858293,0.011608262,0.028654631,0.012781714,0.015291895,00019774_003.png
0.19265054,0.6364995,0.26630533,0.012325333,0.064827554,0.13219957,0.03780792,0.007879445,0.37733945,0.018566616,0.005757928,0.019092916,0.048584588,0.020936487,00010478_011.png
0.020036083,0.009645165,0.27411854,0.6879571,0.37905416,0.00725266,0.022580491,0.007108685,0.100677595,0.62361765,0.0067971195,0.022666728,0.014863265,0.01640745,00017961_012.png
0.010175487,0.009323907,0.0026217627,0.008850529,0.0053435494,0.051889256,0.006672009,0.16226041,0.019581987,0.033650793,0.044370834,0.030552864,0.030556476,0.021206457,00001998_000.png
0.11393655,0.92012584,0.050320685,0.048506353,0.0055707097,0.011555911,0.034352243,0.017188,0.041706905,0.03480467,0.018655559,0.024936497,0.04695015,0.041766293,00008349_002.png
0.10496707,0.0062300903,0.035419438,0.052362427,0.27019027,0.14435881,0.031514455,0.008740074,0.019462457,0.013548605,0.016863814,0.012836547,0.06850237,0.017774437,00011769_000.png
0.20728809,0.0057132407,0.011454193,0.08878374,0.009884293,0.034770407,0.011845333,0.051492576,0.008593058,0.012489975,0.24429493,0.10403069,0.2332898,0.007975652,00001395_005.png
0.03163235,0.017644737,0.1941596,0.16470337,0.01066939,0.026770571,0.022947762,0.008912883,0.049553517,0.9298571,0.018330015,0.032269407,0.012919403,0.017488465,00007296_003.png
0.12628184,0.008244227,0.004272204,0.07945773,0.015951509,0.066279456,0.21506241,0.014854674,0.015871422,0.028853353,0.18308371,0.22902353,0.008631964,0.014333992,00008468_062.png
0.041401595,0.008087741,0.123079814,0.90988356,0.45419896,0.5674013,0.13617112,0.03257983,0.03690327,0.1805515,0.0440219,0.036323097,0.015548202,0.012867926,00013992_022.png
0.011694856,0.006945266,0.005636187,0.0067668175,0.018951781,0.29892352,0.011959335,0.015265695,0.013860069,0.008454525,0.020328412,0.0072217775,0.012260779,0.0089488495,00000966_000.png
0.2999497,0.020891326,0.009923438,0.55668354,0.09926029,0.016356722,0.029201413,0.05900625,0.11679597,0.007834541,0.5714816,0.050023165,0.30172187,0.03845914,00014675_015.png
0.2579813,0.0058202655,0.02356902,0.31616065,0.007566817,0.0082258675,0.03874003,0.0059004645,0.017966783,0.008996598,0.14320716,0.87581253,0.010786872,0.010310232,00007109_006.png
0.42231733,0.008371431,0.975065,0.08296577,0.030545574,0.032938745,0.16392456,0.07684776,0.035153303,0.0291231,0.054988027,0.11812315,0.1320744,0.014960825,00006044_007.png
0.8065673,0.17064644,0.032889068,0.6920305,0.015226814,0.031160315,0.11231219,0.01650923,0.19930996,0.24355163,0.026857046,0.012021778,0.007269767,0.01395781,00015770_038.png
0.040127322,0.24293984,0.78582144,0.44261548,0.011186446,0.024053933,0.11675295,0.0069759735,0.043711748,0.17806631,0.00537083,0.02488847,0.39370078,0.019952988,00018949_005.png
0.03723795,0.009131572,0.013971777,0.0407823,0.00958548,0.028192643,0.35407966,0.029790075,0.009124395,0.028354904,0.018160878,0.026067536,0.15417564,0.013964906,00018217_010.png
0.022458132,0.013049335,0.5806588,0.6796995,0.7197374,0.70538336,0.019292485,0.016848104,0.4358895,0.06784344,0.008700002,0.019898955,0.08339902,0.0089663,00005288_014.png
0.025162185,0.010038855,0.004326682,0.0053366963,0.43312198,0.02175778,0.008417434,0.009602653,0.012982876,0.00734655,0.005177976,0.0055578076,0.010294614,0.007223522,00013557_015.png
0.031844717,0.006660281,0.008802809,0.7140972,0.011796211,0.013826566,0.058169533,0.04195225,0.009085905,0.004859478,0.13452916,0.07254953,0.08218315,0.006996755,00020274_005.png
0.06632183,0.41530523,0.0053604245,0.011786093,0.014768128,0.0056323903,0.0284215,0.0070514213,0.018623296,0.02344526,0.028713062,0.04195499,0.008850135,0.03138729,00004079_000.png
0.022095457,0.0109937675,0.032804817,0.03265818,0.0077708527,0.0024933503,0.061073154,0.029877018,0.01155767,0.026388647,0.031913918,0.3283946,0.01645255,0.020779733,00010695_016.png
0.010580822,0.01751462,0.0060097533,0.0064524356,0.026327921,0.0052340077,0.01515655,0.021805981,0.02746422,0.023026181,0.007795732,0.008122853,0.008721021,0.010787345,00002529_002.png
0.05821955,0.95060986,0.3318497,0.122879475,0.018458381,0.008332621,0.01741961,0.06478536,0.010887293,0.021430613,0.01715276,0.0076278704,0.026723051,0.016951293,00005853_000.png
0.28599536,0.099559754,0.88673294,0.2610177,0.06871277,0.16709815,0.025464712,0.0056464365,0.46627283,0.5813613,0.0094975075,0.016687505,0.007435028,0.010637746,00010887_025.png
0.124531336,0.02333454,0.079543866,0.03982384,0.024675703,0.03504942,0.02556111,0.012941714,0.041321233,0.84094626,0.0075187893,0.028794793,0.012303185,0.015568185,00005110_008.png
0.0299665,0.008229607,0.015427702,0.92707133,0.6959234,0.099126436,0.17080982,0.027959919,0.026040372,0.02354311,0.014473859,0.010743485,0.02575597,0.009184751,00003523_018.png
0.15336281,0.006895608,0.033583328,0.0022877075,0.27749765,0.25644445,0.021048117,0.057100076,0.04091913,0.008862203,0.02348739,0.017264415,0.04056921,0.030176679,00001182_004.png
0.118325934,0.006724171,0.011484561,0.056270733,0.01499162,0.09144632,0.015886571,0.3202238,0.064294934,0.031225406,0.05869117,0.16496916,0.009669633,0.040477067,00010916_000.png
0.042141907,0.012938846,0.0437919,0.81051844,0.657356,0.0082236435,0.04176575,0.172629,0.051634952,0.038886696,0.022324208,0.017235814,0.017811596,0.013166993,00009257_001.png
0.011728484,0.0056664413,0.009675944,0.006929015,0.31346908,0.47085345,0.011012678,0.016121425,0.008169416,0.010709887,0.011641028,0.0056787133,0.005889522,0.011520616,00009120_001.png
0.2859615,0.042667735,0.068344384,0.07443083,0.11066766,0.038733706,0.07475581,0.042063233,0.022758106,0.029762967,0.12550616,0.45899907,0.011062291,0.6135938,00006624_000.png
0.042829886,0.041446667,0.036512617,0.06745684,0.0036126268,0.006434733,0.014892241,0.0110388165,0.010323602,0.9165864,0.016385978,0.014618863,0.0062222155,0.011794944,00001249_002.png
0.019272467,0.018435126,0.0037618543,0.0045285565,0.0073009417,0.009956572,0.0093626985,0.010820388,0.007961855,0.009700892,0.017339725,0.016915824,0.014535503,0.0049628667,00001616_009.png
0.009627836,0.015454315,0.005357596,0.1003594,0.011186969,0.016095623,0.07569518,0.03159869,0.080697164,0.07110815,0.041715827,0.007657565,0.003662682,0.010243447,00017504_038.png
0.11896016,0.004286443,0.0024145148,0.054353133,0.0076274946,0.01006995,0.029535033,0.05570132,0.013648198,0.005544322,0.029097943,0.037949536,0.022474112,0.010432408,00008191_005.png
0.21717921,0.0059330855,0.010328538,0.028782059,0.29055965,0.2922332,0.012823411,0.010528495,0.055631973,0.0031269956,0.00967988,0.012494928,0.014398792,0.008129471,00000711_005.png
0.91935986,0.18662976,0.42957383,0.4584042,0.025195027,0.1516116,0.0437262,0.023566224,0.6308517,0.034087464,0.021679759,0.01556762,0.0074280314,0.011132438,00007857_012.png
0.52837753,0.12792121,0.33837432,0.024699677,0.036368657,0.033372656,0.054608468,0.014126318,0.19147187,0.019573003,0.0043552094,0.0070180427,0.123493485,0.016924566,00013993_019.png
0.010056958,0.0064451094,0.0038786542,0.0066548483,0.017387467,0.014489798,0.015857026,0.005236196,0.009261094,0.0055464497,0.007912568,0.015790252,0.01143812,0.006137787,00015248_000.png
0.05618636,0.52816474,0.007848002,0.06308856,0.005672097,0.0056994967,0.018138368,0.01758222,0.030261986,0.08687812,0.012776515,0.0133393295,0.010867105,0.015353724,00004381_037.png
0.008464515,0.008662233,0.01918798,0.7171762,0.028652182,0.12574491,0.016510203,0.038405806,0.03344941,0.019036034,0.007267231,0.21918775,0.46708658,0.008225218,00008748_002.png
0.0036751358,0.022121169,0.007519953,0.058644272,0.0051836357,0.018097065,0.048490997,0.005287254,0.0034767946,0.10018757,0.011570997,0.03344784,0.091623306,0.00895705,00015809_023.png
0.021822006,0.005228288,0.028634412,0.96326756,0.010540683,0.03380337,0.16223896,0.009443785,0.01372137,0.07253859,0.054140143,0.6153873,0.008391644,0.00880837,00015575_000.png
0.045686938,0.022906799,0.65564877,0.4774835,0.35618007,0.108893394,0.03982756,0.16781472,0.088873535,0.009229928,0.025278319,0.48926735,0.7498437,0.022913171,00011436_004.png
0.007856246,0.009788136,0.005571547,0.08655773,0.06943775,0.27544558,0.041196477,0.016266927,0.25156558,0.007354148,0.008472719,0.280404,0.17508562,0.018722748,00010020_009.png
0.011940152,0.026576394,0.0136580225,0.75356543,0.029562967,0.042802148,0.025774015,0.020027176,0.11397097,0.21605708,0.022826485,0.0074099475,0.01569309,0.0082099335,00009863_009.png
0.1281391,0.009485978,0.66906005,0.88043696,0.08610008,0.018018818,0.2095247,0.10666762,0.11665533,0.03428388,0.015287392,0.025694333,0.37130898,0.011642668,00016577_010.png
0.007949947,0.006917232,0.029603513,0.0043713734,0.046853594,0.70512855,0.0042939982,0.0058224928,0.0168262,0.020405084,0.0071551967,0.004106289,0.005230908,0.0109491665,00009120_004.png
0.006430701,0.0025211915,0.0024535228,0.018926712,0.026479488,0.024921441,0.009794175,0.0030832244,0.009064357,0.004611949,0.009450059,0.018869575,0.027912062,0.007893264,00003581_000.png
0.018398417,0.006991999,0.00391028,0.043891285,0.0127933435,0.042266212,0.01814675,0.015117375,0.024883624,0.0146667,0.57940114,0.2975339,0.033587478,0.015422772,00020123_000.png
0.008969443,0.0030785569,0.0033909786,0.026346972,0.17104268,0.19866078,0.0145609835,0.0053710574,0.027071433,0.0093596075,0.010348204,0.54320496,0.040755056,0.017383987,00005663_007.png
0.023493515,0.008963769,0.0069958046,0.0074715866,0.0074445875,0.0152989235,0.014909684,0.027582001,0.007562962,0.06633709,0.017238544,0.007166184,0.03271688,0.007778213,00016860_001.png
0.10832991,0.01741966,0.06346517,0.08044642,0.00879648,0.0065306495,0.6021839,0.012885212,0.007160761,0.014155767,0.038591795,0.353096,0.020898027,0.016404295,00004857_016.png
0.003959435,0.055706475,0.23316368,0.46305004,0.04958518,0.24633682,0.034874987,0.010631104,0.019708332,0.5576289,0.0029694864,0.012370029,0.03411366,0.009074251,00018126_011.png
0.050397877,0.05686393,0.013160013,0.116038896,0.017297883,0.026841173,0.028331522,0.007306287,0.02447272,0.009237389,0.010417154,0.01703987,0.015236088,0.009784731,00016175_002.png
0.030375483,0.006678038,0.12919664,0.08471583,0.17833792,0.020055564,0.03529352,0.91569465,0.035078764,0.01964001,0.03199655,0.0843017,0.067381755,0.012464682,00017324_029.png
0.026650157,0.0039945277,0.012670974,0.024171172,0.018991278,0.015658526,0.02753608,0.95047027,0.02197874,0.008750374,0.106721066,0.009641799,0.08725266,0.0109644,00001170_033.png
0.012717581,0.8195332,0.024651878,0.33440536,0.017372042,0.3244464,0.024336372,0.017362546,0.021055365,0.047121435,0.020226734,0.36577404,0.043705802,0.024879344,00003789_000.png
0.07510179,0.010462765,0.21351108,0.19405939,0.036938943,0.0133981295,0.12502228,0.030495506,0.0058174687,0.01781546,0.714673,0.010474447,0.17558189,0.015248886,00017714_022.png
0.021428626,0.010216733,0.04167445,0.9096404,0.50273293,0.030372752,0.19401868,0.12980804,0.06270124,0.3605712,0.34353882,0.016488964,0.045696743,0.014373794,00017504_061.png
0.053744365,0.009930561,0.039042898,0.08975264,0.068931125,0.0674907,0.012670681,0.9616633,0.008182932,0.016809179,0.6421736,0.025889346,0.03832956,0.01606997,00005726_000.png
0.11451074,0.031025317,0.010594844,0.30011585,0.012170015,0.008701182,0.047200378,0.1686287,0.29853716,0.77001584,0.034376055,0.010370515,0.004466386,0.013473357,00015072_010.png
0.0035468857,0.0075610364,0.0045633083,0.0056897826,0.018047538,0.035731547,0.0093762195,0.0066167624,0.013454749,0.007391324,0.021078022,0.009570923,0.020564314,0.008670455,00008347_002.png
0.02102489,0.0065830043,0.006259581,0.0055132466,0.06517442,0.06076182,0.06561163,0.020015541,0.02083798,0.011161846,0.49884146,0.019970354,0.013468548,0.020691482,00014436_013.png
0.010895927,0.01690758,0.48595086,0.6179231,0.027789716,0.0073208483,0.09172359,0.009734969,0.012200608,0.917397,0.008426461,0.01204707,0.03689652,0.00986203,00014414_007.png
0.005520823,0.0059681656,0.0036018726,0.007123887,0.040841635,0.11632979,0.010493041,0.0063421754,0.012063391,0.00942937,0.0029767202,0.010583494,0.01306498,0.0063583837,00016618_000.png
0.031816687,0.025043044,0.015230246,0.008553982,0.00707986,0.012176007,0.01252375,0.0071264743,0.016316187,0.012822802,0.009354684,0.0058198217,0.028129827,0.009264625,00009496_002.png
0.03901134,0.0050204736,0.0041917632,0.3284519,0.010756777,0.076630056,0.031312317,0.025920318,0.0074813426,0.014015944,0.083089426,0.31241947,0.070760325,0.017332325,00013611_001.png
0.010096408,0.010780096,0.0135334665,0.2104049,0.015104381,0.02149967,0.023204776,0.0050311964,0.016336925,0.99219936,0.012885873,0.008128237,0.0019312458,0.0055458155,00014203_053.png
0.051728938,0.28339785,0.026077094,0.0068796123,0.012338698,0.0023145096,0.014229855,0.039051406,0.016460849,0.024631375,0.050300885,0.01327142,0.014012854,0.01911555,00004822_042.png
0.21582781,0.12664825,0.43940347,0.7279914,0.016662765,0.20474084,0.07708957,0.58057165,0.044438347,0.011193141,0.044668283,0.025662186,0.023888875,0.00922058,00006436_006.png
0.023045305,0.08895729,0.0055615483,0.19250359,0.009962727,0.030339098,0.01226589,0.011115523,0.020035446,0.011468353,0.009488563,0.02198298,0.036700953,0.013843909,00015007_006.png
0.03991994,0.016561484,0.00455885,0.029909657,0.021017151,0.5533747,0.07779006,0.008956152,0.013205015,0.017778965,0.042084806,0.020104744,0.012546421,0.013427174,00003798_000.png
0.17103243,0.003831397,0.09422724,0.78785175,0.007413902,0.0221628,0.09771713,0.052574046,0.25761315,0.29490554,0.18625194,0.035070226,0.016198747,0.00876732,00006472_002.png
0.2849923,0.0057618306,0.6474899,0.024629427,0.019060023,0.1269459,0.06896262,0.22037767,0.45058152,0.057610624,0.7793326,0.023032473,0.020008223,0.022098914,00010828_065.png
0.7303882,0.012218257,0.09884861,0.68210506,0.045243658,0.010226024,0.035607647,0.15830074,0.019349858,0.011691104,0.05258838,0.06590692,0.2136961,0.017868953,00015895_024.png
0.007490777,0.0049238605,0.0053078253,0.065347016,0.0047700265,0.03530469,0.045674548,0.01677777,0.0086155925,0.6246279,0.06381928,0.009454715,0.008300951,0.011962884,00001200_014.png
0.18618491,0.037068542,0.020397125,0.0499803,0.0782061,0.14494525,0.016170517,0.9540546,0.025024923,0.01487375,0.24434231,0.031710476,0.012702133,0.017293692,00010936_015.png
0.01664461,0.015725998,0.06186176,0.30178636,0.011540333,0.008844215,0.012746574,0.03837745,0.034983903,0.15376866,0.016783193,0.027933203,0.008098359,0.009744719,00016943_004.png
0.35549036,0.037538677,0.1564436,0.13053463,0.08331102,0.8219078,0.07107102,0.013988728,0.051237658,0.00802686,0.01094465,0.02048289,0.03571275,0.017443262,00005083_000.png
0.055661995,0.007358201,0.041889142,0.25717485,0.024174592,0.019674975,0.016155321,0.7568009,0.012690322,0.009079892,0.9079323,0.07350766,0.0093028555,0.012677895,00010767_021.png
0.02820926,0.011169249,0.039422307,0.016981272,0.03574295,0.026929729,0.0075076986,0.021766877,0.01822066,0.0074603604,0.012809505,0.12090255,0.94385725,0.012384643,00002826_000.png
0.9625542,0.015941264,0.17105477,0.14740936,0.008928532,0.013877808,0.045312826,0.18365794,0.08477504,0.05033038,0.07222763,0.02693627,0.012799162,0.011595361,00006868_013.png
0.51656866,0.024432072,0.03361584,0.3532436,0.023883175,0.005787806,0.02800681,0.029959423,0.011218623,0.009038208,0.059571993,0.9140476,0.0937214,0.014015431,00000324_007.png
0.025578843,0.0050137844,0.9113106,0.48311427,0.066763274,0.20495704,0.0737152,0.018258879,0.016084323,0.628727,0.029870776,0.039210558,0.17047971,0.01209859,00009730_001.png
0.07807345,0.10025377,0.010683769,0.7351197,0.04503702,0.70800316,0.039066203,0.024088178,0.03327504,0.04363759,0.014406156,0.017161107,0.011706004,0.012805266,00020171_000.png
0.02131783,0.00744544,0.0065571475,0.39747477,0.05430857,0.35785118,0.02679149,0.025189577,0.0129635865,0.015307016,0.014752991,0.015378101,0.044361606,0.01369539,00015981_006.png
0.026523586,0.017306808,0.14719123,0.28361803,0.097399846,0.012594072,0.11822447,0.20700341,0.00610693,0.05409206,0.6162716,0.029122597,0.13135773,0.035675548,00019665_001.png
0.02995443,0.012677399,0.57320833,0.1168358,0.16328843,0.04646667,0.02078675,0.008992887,0.8062941,0.20920978,0.011574149,0.014801899,0.009168263,0.011612183,00011925_006.png
0.048930943,0.0071787783,0.006171636,0.07714706,0.17633998,0.024439769,0.012141799,0.5198554,0.10440631,0.008237157,0.042805664,0.0076291882,0.010050158,0.0074882247,00008147_011.png
0.012893262,0.005779808,0.004681556,0.0076301885,0.088022456,0.07791826,0.012105322,0.007177786,0.014809238,0.013567995,0.009371963,0.0074491343,0.007744873,0.009661968,00007172_002.png
0.028284632,0.040373344,0.17872344,0.033106,0.18250431,0.01664223,0.007221463,0.15598534,0.0348195,0.032669213,0.008398248,0.0041931346,0.29046673,0.019892564,00000116_013.png
0.0564247,0.0062486813,0.6944432,0.57673544,0.048889276,0.024684496,0.21562803,0.17628582,0.07985265,0.027302418,0.024536666,0.301302,0.5280313,0.015974354,00017258_007.png
0.011898904,0.0042569735,0.0037785263,0.016719278,0.023852682,0.0056453287,0.35483563,0.007355116,0.006480151,0.011494688,0.020724181,0.012090334,0.022585906,0.012178198,00005639_003.png
0.043224502,0.0066303187,0.018255081,0.3125406,0.022245187,0.106742784,0.01169204,0.038270336,0.54424113,0.028435778,0.01697614,0.010425199,0.022423988,0.009429419,00004470_004.png
0.5243576,0.0048629986,0.0939143,0.008266006,0.040576067,0.05048173,0.018693589,0.015229402,0.01947325,0.008308094,0.8547133,0.021912463,0.03968838,0.009552878,00009644_003.png
0.014455324,0.006891028,0.010702383,0.47093242,0.07951926,0.017551007,0.084231436,0.25178564,0.03389579,0.25222468,0.009293263,0.009520732,0.007913762,0.007911231,00014141_001.png
0.06613136,0.014962306,0.008951561,0.6746989,0.09233675,0.026058914,0.017051335,0.96978587,0.01311468,0.009496148,0.18471974,0.010205297,0.010704242,0.00517471,00013310_045.png
0.07402259,0.009957498,0.0068889465,0.033187892,0.071634784,0.013779544,0.014301702,0.43153492,0.005812644,0.004572486,0.9908414,0.0039216965,0.010363569,0.009806427,00017747_053.png
0.04317884,0.014798603,0.03341756,0.22137685,0.72775173,0.05216896,0.10000289,0.0054251314,0.13494986,0.06833318,0.0086640185,0.01011752,0.0082100695,0.01398531,00015018_004.png
0.007421256,0.0049017803,0.01034647,0.013116561,0.044196,0.011930712,0.0034828533,0.007424801,0.012363738,0.018583372,0.023266781,0.085080184,0.336054,0.010721731,00008940_000.png
0.11338607,0.26617014,0.6492978,0.0094656935,0.018447252,0.021141818,0.068342395,0.0067020664,0.04604321,0.08213274,0.017093671,0.0153905675,0.046408128,0.021733437,00015386_001.png
0.12863266,0.2957242,0.66833925,0.6838783,0.092126146,0.5189173,0.061472274,0.005710893,0.25016692,0.5639342,0.0064759552,0.015796952,0.0577543,0.017265059,00012413_013.png
0.027920846,0.004636128,0.045712788,0.027875878,0.0073069925,0.1840968,0.043705814,0.045103982,0.022736551,0.040135644,0.03867926,0.5527192,0.1364947,0.018793192,00000415_001.png
0.07150221,0.0069103437,0.056219254,0.04888,0.18011658,0.054472998,0.09064983,0.104276404,0.1229372,0.022611568,0.23891577,0.030738499,0.08003034,0.31075218,00007422_005.png
0.19903743,0.007315503,0.28674942,0.022089964,0.012705213,0.048489336,0.01524394,0.64390415,0.024591014,0.008539768,0.03848837,0.0069059827,0.119590215,0.026893474,00005490_001.png
0.0059103714,0.00415201,0.0028527009,0.0030940778,0.014471037,0.030979997,0.006505142,0.013242427,0.025785774,0.025064144,0.0055848146,0.018547624,0.049916513,0.0081236325,00019169_012.png
0.58558416,0.036231585,0.16291198,0.07686904,0.019038001,0.05216505,0.021717465,0.02402081,0.023469837,0.0154984165,0.63478106,0.02754329,0.008473275,0.04428542,00001255_007.png
0.027053742,0.0063962527,0.01076198,0.038204327,0.029319102,0.049364988,0.01121167,0.9118508,0.0142059615,0.007852444,0.028252486,0.06643491,0.07591029,0.009885959,00004876_005.png
0.008388794,0.0073931674,0.011068423,0.07159571,0.82071656,0.10902391,0.017401166,0.024122462,0.023484798,0.019107742,0.01424417,0.016277377,0.08527279,0.016764294,00015196_010.png
0.49829647,0.038954794,0.07210067,0.14034206,0.02071528,0.008138542,0.039971758,0.020180063,0.02611715,0.016121713,0.3543552,0.8358182,0.02229235,0.014727451,00012808_000.png
0.17561474,0.019750431,0.053613234,0.040974174,0.026748536,0.017816234,0.023424301,0.07061896,0.9189554,0.073668435,0.03467077,0.032606486,0.020392893,0.025262408,00014452_008.png
0.015914038,0.011684234,0.0071753897,0.00843342,0.022206042,0.015941503,0.43717083,0.012112253,0.0087464135,0.3372213,0.023048311,0.017403375,0.0041035637,0.019237528,00010012_004.png
0.15824302,0.003947549,0.0049334555,0.050074525,0.0915303,0.0076870504,0.08186368,0.05495353,0.12310296,0.015966965,0.060096707,0.018315671,0.056726042,0.01085606,00009735_001.png
0.05582186,0.011055101,0.0090378225,0.016486939,0.004226872,0.009406971,0.2110515,0.039874915,0.0074073463,0.004603972,0.23361926,0.009157721,0.031733733,0.009665103,00010092_003.png
0.11197966,0.011975432,0.015707573,0.27542007,0.008540284,0.009876447,0.0143571645,0.20701955,0.051045075,0.012525231,0.94605243,0.009916044,0.007819306,0.011840606,00006333_000.png
0.05462295,0.10703545,0.33517805,0.01186164,0.008441722,0.01710135,0.011173899,0.0120387925,0.06733811,0.020396655,0.003312827,0.0070198276,0.054694794,0.009304205,00015147_002.png
0.01342804,0.017490126,0.005522708,0.010206709,0.029134437,0.038518097,0.038719635,0.0065782354,0.0064946753,0.01633756,0.008302875,0.01409903,0.011287962,0.010924594,00013378_001.png
0.45431262,0.009925767,0.13198397,0.059901062,0.058970053,0.014632553,0.008794504,0.059284642,0.03595088,0.0068842983,0.98048854,0.012548418,0.027102105,0.0147673795,00016410_049.png
0.017419642,0.013812742,0.03498239,0.34124947,0.88037753,0.22527179,0.012660622,0.04472775,0.008054894,0.032360837,0.048139658,0.008909,0.04165547,0.024854401,00010584_000.png
0.29261366,0.03930272,0.9049513,0.80202866,0.015092603,0.07410588,0.11609675,0.049731135,0.008575101,0.25339463,0.106374875,0.011241979,0.021786395,0.013109945,00010172_002.png
0.016822714,0.0049640657,0.009257117,0.014352213,0.4530892,0.023508217,0.012060356,0.011040143,0.044740584,0.0074091344,0.019588226,0.014618088,0.21626975,0.010570658,00017234_003.png
0.013330339,0.22166559,0.11659329,0.03604802,0.019361714,0.018086743,0.050167058,0.01199421,0.006913453,0.012564002,0.0023836303,0.021882003,0.17522575,0.016231004,00008002_000.png
0.035400975,0.02003325,0.014643771,0.04350461,0.039266616,0.012313312,0.00953184,0.010965316,0.007902303,0.012044987,0.026543112,0.029104907,0.007599563,0.95125693,00000003_006.png
0.169225,0.0074829604,0.24306278,0.4418805,0.054642264,0.007671324,0.05295837,0.48866215,0.027094642,0.009321476,0.98584646,0.010876632,0.04506299,0.01173556,00015044_008.png
0.010896354,0.018764522,0.004730912,0.014237221,0.00957629,0.011982542,0.014956363,0.010096842,0.013538178,0.023841841,0.010919418,0.012188649,0.016360236,0.0088958945,00019421_000.png
0.025457323,0.0082436185,0.015324563,0.019895973,0.102616094,0.060707092,0.010322174,0.026605306,0.0043881703,0.01988202,0.08473295,0.00897652,0.026073407,0.045840386,00004521_000.png
0.17823105,0.043355227,0.04056379,0.1955036,0.07175272,0.038772203,0.09625557,0.045006044,0.006050435,0.027854536,0.010717222,0.020956324,0.03639809,0.010782731,00011553_009.png
0.018319083,0.02283977,0.018962052,0.008014939,0.010201006,0.047623556,0.011603507,0.93034744,0.007293578,0.008487795,0.07686614,0.02167541,0.028309317,0.018032229,00008594_006.png
0.1964618,0.0104751885,0.022404997,0.060706325,0.12725163,0.044378813,0.014994394,0.52945006,0.019938333,0.029484108,0.92882866,0.016291331,0.0131481895,0.015386717,00014919_000.png
0.074130714,0.0068999715,0.03023865,0.026661739,0.31304747,0.022522597,0.009198382,0.977467,0.041091144,0.015176359,0.26072213,0.016593622,0.019918723,0.025178755,00007676_009.png
0.041488905,0.010574679,0.33964345,0.44284648,0.25278956,0.00656526,0.18054718,0.24716954,0.054618478,0.039401826,0.11818061,0.02282386,0.38212338,0.02769719,00017046_015.png
0.08120436,0.008643593,0.28054255,0.08406,0.9159752,0.25954995,0.008198469,0.38321844,0.06313533,0.0052046105,0.010017329,0.008859878,0.08203413,0.014179996,00018496_009.png
0.0109881135,0.005711001,0.009541947,0.04547078,0.010532555,0.032436237,0.18597768,0.016827904,0.02466556,0.008070335,0.09776742,0.5058773,0.019254131,0.018638091,00019354_004.png
0.010000117,0.0026582538,0.014417154,0.008051786,0.041452304,0.010549354,0.01639661,0.0061154156,0.011836115,0.006520841,0.65077466,0.09952073,0.026900318,0.01294905,00001944_001.png
0.112997465,0.005550059,0.026946083,0.09066352,0.026444443,0.020533498,0.07266231,0.02611787,0.0056953398,0.008146595,0.049466077,0.061361786,0.87909174,0.010332033,00005454_000.png
0.33714402,0.038880225,0.984313,0.11904426,0.008745132,0.07177891,0.025446879,0.006715895,0.34667096,0.55000913,0.049242985,0.02365212,0.005810363,0.0052689807,00009365_020.png
0.071125194,0.017571589,0.020235354,0.08384395,0.39415395,0.030512983,0.034080837,0.010450361,0.0893331,0.6036603,0.006903861,0.006360411,0.011761915,0.009563291,00011598_030.png
0.0121123735,0.015059197,0.004446553,0.20376061,0.028641392,0.28537098,0.0074874354,0.06437817,0.019379903,0.011138508,0.010415723,0.5607259,0.21471708,0.0089757135,00012306_000.png
0.039116833,0.03168068,0.047328588,0.007491238,0.0033032177,0.005647829,0.010404513,0.082777806,0.0075219744,0.006201389,0.02007593,0.21847409,0.018986158,0.013356185,00003574_005.png
0.24718897,0.78375024,0.05295324,0.027596273,0.09216996,0.050898008,0.009859585,0.014818987,0.06548178,0.0114255855,0.017541636,0.07963303,0.045924604,0.019020818,00003837_001.png
0.021213416,0.004988076,0.00660998,0.007746863,0.019392911,0.015836345,0.013210081,0.02282234,0.013518559,0.0070245857,0.017062638,0.88556045,0.19086406,0.008408257,00003211_000.png
0.06788346,0.9624651,0.026384646,0.015102757,0.006169074,0.02083497,0.017085398,0.020126287,0.020453712,0.023486067,0.04664725,0.0629286,0.008565474,0.02539646,00000897_001.png
0.6186072,0.013521923,0.32457733,0.40094993,0.015003145,0.040995777,0.009225892,0.0165639,0.8322703,0.015262747,0.01659422,0.008437206,0.023430232,0.0071462085,00010828_043.png
0.07455397,0.008048553,0.009179007,0.2751847,0.024189893,0.6886137,0.017340269,0.021389563,0.08697745,0.013880373,0.011681944,0.030590778,0.020614855,0.01057192,00001332_001.png
0.25891873,0.007835474,0.16848375,0.03367043,0.0072980262,0.06676664,0.008687562,0.033464786,0.79918206,0.026162561,0.030519933,0.017731946,0.0048419503,0.016080044,00008911_016.png
0.078224495,0.010764751,0.040055662,0.057460163,0.09646959,0.023176745,0.012687306,0.19466998,0.25909433,0.025678294,0.6268709,0.018478028,0.007498176,0.013475329,00013140_001.png
0.0115802055,0.0037256957,0.006575042,0.028961675,0.03585377,0.032664023,0.109452695,0.0058383495,0.00964465,0.00700423,0.019420706,0.8155091,0.045726955,0.011486537,00012336_002.png
0.050493635,0.008818625,0.00734776,0.011194439,0.010813526,0.12109356,0.010982358,0.028926503,0.014066734,0.014767045,0.03754981,0.48125976,0.087996826,0.014174558,00019230_000.png
0.01467658,0.0068340483,0.005627255,0.0041002035,0.011071576,0.012732325,0.012745201,0.00574945,0.01518067,0.012183982,0.013621335,0.012126475,0.0065148002,0.009122106,00015054_000.png
0.029888293,0.010683315,0.048795152,0.7075309,0.04512312,0.04559251,0.6583842,0.009675282,0.021260127,0.95825464,0.017340953,0.015435302,0.035978675,0.017190365,00010866_007.png
0.83550435,0.034543857,0.115454845,0.3709257,0.027046457,0.019086558,0.0209949,0.20146935,0.55541295,0.0142610315,0.65178394,0.024493335,0.02263778,0.018509958,00002720_012.png
0.032179773,0.90267974,0.21852814,0.060803793,0.010606006,0.004929415,0.013520894,0.01989364,0.028426314,0.06288887,0.02538491,0.024216551,0.031301685,0.016272346,00017448_002.png
0.057859045,0.06942806,0.007940634,0.084112436,0.011354995,0.095201716,0.07717374,0.011465397,0.02242309,0.009338224,0.011361757,0.03715476,0.22817266,0.014637676,00004794_000.png
0.11991309,0.008112429,0.0036107309,0.06344971,0.0059348713,0.014445754,0.012698544,0.7272204,0.00997745,0.0136699835,0.058925953,0.015091661,0.014727596,0.010488162,00008594_005.png
0.008244359,0.008687407,0.003973732,0.034925614,0.042329967,0.34315062,0.0072524776,0.38085905,0.03112703,0.011289803,0.018956339,0.020909026,0.029691922,0.008385959,00015187_001.png
0.47196808,0.0137930615,0.20980504,0.16331597,0.010397387,0.048109405,0.020796841,0.04046149,0.4505345,0.018187277,0.012258376,0.006193791,0.007783481,0.008675608,00007046_008.png
0.009309014,0.023572857,0.011712759,0.3153925,0.014354297,0.08317627,0.09127993,0.0344534,0.057179864,0.049888667,0.57060957,0.31580114,0.14610006,0.03497049,00013031_016.png
0.008491218,0.15821683,0.0041137193,0.010411094,0.0071634944,0.0053179455,0.010549026,0.020463727,0.0073740194,0.011175069,0.00938509,0.0055517857,0.009299784,0.008875037,00007624_024.png
0.02264446,0.026594372,0.023085866,0.06498246,0.011914573,0.039699316,0.009228041,0.009003909,0.01949508,0.015199702,0.005603728,0.040664986,0.8070673,0.0151746115,00015147_000.png
0.11384236,0.011129625,0.5001097,0.10249346,0.9761643,0.13452345,0.023980943,0.015739407,0.111091524,0.016056433,0.006883601,0.012550349,0.15422644,0.012908395,00012604_003.png
0.02594311,0.004611496,0.019581525,0.078575745,0.11718229,0.15805542,0.03528036,0.80849487,0.07062152,0.01026415,0.019841587,0.09254723,0.26300573,0.012594788,00001170_042.png
0.18102147,0.3167439,0.018134734,0.041997723,0.01935064,0.07760455,0.043167282,0.012627328,0.037860513,0.05530613,0.038816635,0.89088047,0.01741553,0.0718755,00011940_000.png
0.03747874,0.29427236,0.13756114,0.9838238,0.0050287833,0.12071004,0.031270884,0.0032896008,0.15052095,0.5318572,0.002687257,0.010477403,0.008525371,0.0063206544,00016376_011.png
0.06655544,0.010578711,0.03600941,0.12899953,0.0072297547,0.012271016,0.055855304,0.009782144,0.006956203,0.28154352,0.009414034,0.0118225375,0.2163769,0.008070553,00016333_009.png
0.02998679,0.915193,0.11585483,0.84213984,0.025500845,0.046748698,0.16007625,0.012278462,0.044640943,0.241714,0.007647763,0.025441196,0.027762283,0.016581293,00016837_006.png
0.4482723,0.0069907745,0.023462243,0.012793922,0.07123607,0.28228045,0.064433,0.03298898,0.01903355,0.0046687354,0.020100089,0.026516205,0.06963785,0.010003403,00011753_002.png
0.103315175,0.007352568,0.19585033,0.06607216,0.016093645,0.034177493,0.009024474,0.9300748,0.010888571,0.010611902,0.99578387,0.015981212,0.02280407,0.009508683,00017046_010.png
0.009818741,0.00847439,0.0054234155,0.015050508,0.013601533,0.023012636,0.014950863,0.008395223,0.008203895,0.012645246,0.013992294,0.009063967,0.017162226,0.0069679217,00009757_000.png
0.0074392166,0.004610401,0.0032404035,0.031818084,0.011826075,0.36534774,0.009575504,0.02128156,0.020418819,0.011193395,0.015938332,0.40775833,0.19404471,0.011948898,00017214_010.png
0.010555204,0.0033964878,0.004239483,0.022028314,0.020902282,0.029381763,0.015205772,0.022884998,0.009036982,0.0042776032,0.05323777,0.024232637,0.03249106,0.008566438,00006767_001.png
0.0757444,0.01642676,0.0034452414,0.023464493,0.02814364,0.29826048,0.071426146,0.036888443,0.025284668,0.021499336,0.015741263,0.021509467,0.013995741,0.010253934,00006483_000.png
0.015190868,0.075635366,0.007753864,0.12775826,0.026278133,0.1180915,0.022822307,0.056131274,0.053959563,0.009688225,0.010427781,0.005606,0.005003051,0.012403226,00010326_002.png
0.016140314,0.008663113,0.3742115,0.5729228,0.32393232,0.27805737,0.053096697,0.005429036,0.020423856,0.021839164,0.006302444,0.044692617,0.4961695,0.009611037,00012047_007.png
0.07099043,0.8908891,0.04268284,0.019443179,0.015451239,0.05697448,0.020393545,0.022129204,0.0129868435,0.012285328,0.009754115,0.02730663,0.035722274,0.019081354,00012178_000.png
0.28914294,0.041732606,0.3211221,0.60463375,0.038225316,0.17632315,0.034342945,0.113666035,0.13348757,0.7735555,0.16919865,0.02268598,0.015181897,0.03383867,00017055_004.png
0.029905818,0.007936778,0.0060662646,0.0041071046,0.0083154,0.010274448,0.010082289,0.004642573,0.018929372,0.00888319,0.007485334,0.014267314,0.010595794,0.00942774,00002529_028.png
0.2058196,0.9122802,0.011016682,0.01740857,0.009654214,0.022697495,0.02563727,0.010667889,0.011796693,0.007126657,0.01893896,0.031556446,0.025647096,0.015612876,00008435_003.png
0.019445905,0.022931619,0.6935943,0.009443022,0.09554077,0.004458889,0.006407336,0.019221682,0.34976918,0.06777663,0.015248622,0.0062319976,0.010657779,0.014176631,00012263_010.png
0.010290875,0.025753474,0.027697256,0.0035570087,0.022081891,0.2112361,0.010796574,0.024413627,0.016927715,0.018097306,0.0035980323,0.013383061,0.019558465,0.018093664,00004857_000.png
0.010829354,0.018368214,0.09267072,0.7644162,0.024644554,0.018562159,0.37335742,0.68652374,0.008954016,0.18443717,0.08630424,0.14945458,0.06914662,0.014485313,00018921_023.png
0.0576776,0.0066746543,0.0061864783,0.016663821,0.014662079,0.050936542,0.027265575,0.0060736,0.025232391,0.011943928,0.00727429,0.7874329,0.12538582,0.010192464,00013185_001.png
0.16862325,0.006054204,0.06924247,0.8392642,0.1110085,0.043923516,0.059741788,0.02284155,0.010228809,0.019646438,0.11319865,0.667115,0.12572296,0.015036328,00018091_008.png
0.06762853,0.00737631,0.007120324,0.007831968,0.0033984592,0.0037834584,0.012009704,0.11574514,0.0068395915,0.0110205645,0.012236612,0.0065782447,0.014776561,0.0064013884,00016484_006.png
0.059307095,0.07468393,0.32271564,0.39412993,0.7121399,0.0711213,0.030824406,0.008034791,0.07072979,0.64357096,0.029274361,0.008375533,0.015408144,0.012800397,00013992_023.png
0.02992374,0.017097414,0.008819613,0.03837302,0.17866202,0.019412544,0.020772288,0.0063277464,0.038709063,0.071528874,0.008763516,0.010743546,0.012348081,0.015175939,00001122_000.png
0.019983672,0.009374293,0.005609531,0.0051480173,0.021031996,0.020674804,0.026590984,0.007741158,0.011279753,0.009519265,0.010355253,0.0122437375,0.023058305,0.007395929,00019794_000.png
0.09793168,0.0112015195,0.012740827,0.15487055,0.43322024,0.25875816,0.023706941,0.8175519,0.04057317,0.008598324,0.052832894,0.027115667,0.027628338,0.011759547,00016550_009.png
0.015909804,0.00944304,0.059335954,0.113379546,0.92384136,0.05816288,0.015797835,0.010111074,0.054550264,0.032509718,0.04510617,0.015982216,0.09158998,0.013169812,00017439_002.png
0.28980628,0.0043724277,0.043544013,0.016873319,0.03001205,0.46672454,0.037690803,0.22839573,0.01994171,0.00804273,0.012697283,0.07630965,0.119907446,0.025120115,00009959_006.png
0.018496612,0.016540414,0.012843316,0.21851265,0.24285287,0.8870525,0.031474028,0.07247152,0.038696993,0.023664307,0.016491098,0.015200001,0.05018032,0.011389256,00014663_021.png
0.26473826,0.14084606,0.7394905,0.20885989,0.01882189,0.104014486,0.031582855,0.6757368,0.017983768,0.008799722,0.026205424,0.012839749,0.05157633,0.020298652,00013931_001.png
0.009458878,0.0044758697,0.008886903,0.885864,0.08174955,0.081423834,0.017982792,0.028527401,0.02682223,0.009270361,0.010593454,0.5298056,0.601972,0.0076329005,00013884_003.png
0.18867236,0.005456974,0.025797637,0.0052024485,0.004597397,0.013803015,0.026590126,0.16691327,0.030798519,0.0065743006,0.114584066,0.0041463105,0.025850184,0.0067338585,00008473_003.png
0.006471827,0.8285811,0.014868328,0.19012086,0.017521791,0.038322702,0.05383621,0.010779741,0.031044614,0.2519701,0.009617434,0.018988088,0.007462282,0.014037891,00004342_015.png
0.13842653,0.0039385543,0.032319635,0.012629812,0.046258386,0.0421298,0.01993371,0.036029473,0.025040342,0.005285478,0.3451738,0.7564616,0.05725873,0.013580201,00008473_011.png
0.038832795,0.97762966,0.12221003,0.79603827,0.009626076,0.025326027,0.031629164,0.010029035,0.01253755,0.111158684,0.004724836,0.0075452775,0.0055644605,0.007537625,00013249_035.png
0.005934933,0.008112697,0.01553472,0.24935353,0.006365992,0.013825615,0.017180275,0.008690018,0.01497886,0.9914608,0.009355904,0.004476994,0.0040288577,0.004081238,00010693_015.png
0.013247002,0.011619766,0.005785617,0.058998257,0.054710366,0.44140747,0.019078258,0.008878712,0.027649105,0.03762076,0.0069052638,0.009040437,0.0107217105,0.015270763,00018929_001.png
0.07231219,0.022177031,0.01967559,0.12390724,0.0039896662,0.066781916,0.06943135,0.021358231,0.0297327,0.12112636,0.016414084,0.012324823,0.023470186,0.008871816,00014389_014.png
0.078553595,0.9344455,0.02768757,0.045718163,0.011132129,0.017050296,0.04151312,0.028037846,0.008933879,0.0116593605,0.048910346,0.030775407,0.021106204,0.019133806,00015316_000.png
0.032362934,0.0031035214,0.008808352,0.040523916,0.30452493,0.42823216,0.14473528,0.003871483,0.045987606,0.012238768,0.08734693,0.027739728,0.008179979,0.016782641,00003894_008.png
0.28863108,0.0067813643,0.23833558,0.68518287,0.063350655,0.01782331,0.030109763,0.07724983,0.8763998,0.01614273,0.01490936,0.026439365,0.28349662,0.012686696,00007670_035.png
0.8619286,0.005710446,0.8712467,0.0828745,0.14002888,0.09531467,0.058167424,0.017482163,0.054218717,0.00609014,0.4811334,0.24303518,0.21727803,0.011914915,00018524_006.png
0.024136018,0.015986456,0.006009201,0.059175238,0.53177613,0.020441374,0.014920893,0.012585286,0.013336493,0.0046255295,0.0038412136,0.009003943,0.0124860015,0.0077594826,00015147_005.png
0.0064048525,0.36431095,0.0036226215,0.031041024,0.0038885009,0.010477225,0.009844357,0.019732691,0.013027674,0.016527852,0.0075332606,0.07568504,0.016524643,0.011746145,00012947_005.png
0.40171134,0.021154195,0.5032785,0.89463073,0.19795018,0.007708442,0.015451432,0.030994656,0.20012349,0.10690475,0.0122996215,0.024461487,0.015875498,0.0060409363,00003523_023.png
0.0067394967,0.008590329,0.014811721,0.010814786,0.8897244,0.09367159,0.010215653,0.01213044,0.010618788,0.022548946,0.011585157,0.008556942,0.01180097,0.013731615,00006558_000.png
0.27107283,0.023250045,0.21110253,0.517054,0.32144746,0.56283706,0.07089672,0.03560388,0.02841231,0.022848392,0.06625078,0.029005814,0.04649598,0.017442223,00012758_001.png
0.018130055,0.04385605,0.032931358,0.21318981,0.027865639,0.0055305315,0.02695824,0.0045913174,0.017363945,0.043786354,0.013571044,0.049030352,0.36712226,0.010076164,00014956_037.png
0.0454671,0.054203678,0.019517282,0.20331138,0.005415872,0.0026350655,0.037155423,0.007115433,0.010391819,0.30323407,0.050459642,0.04851605,0.0036007604,0.010654908,00015770_015.png
0.005089587,0.0043245875,0.0061472063,0.023753421,0.004679754,0.006748549,0.059190124,0.032044064,0.011022201,0.017153034,0.038103208,0.07615399,0.06942251,0.0066503393,00004991_000.png
0.018536296,0.026831018,0.00672383,0.4036981,0.10954128,0.24249876,0.015905004,0.26533058,0.017480977,0.029763302,0.019649968,0.016464625,0.0066571534,0.010221474,00008342_009.png
0.9090847,0.0070338547,0.10060165,0.13732378,0.008503733,0.0185779,0.033956826,0.022369228,0.49985912,0.014882499,0.115561,0.03420633,0.018507507,0.010599469,00006386_007.png
0.02015794,0.0054783155,0.2206884,0.1106089,0.31989568,0.03586029,0.005308243,0.0072571454,0.17535448,0.010573212,0.004905068,0.022484533,0.41103294,0.009803932,00004435_022.png
0.083597116,0.032104928,0.033082332,0.027746938,0.0042552333,0.010244302,0.034141093,0.009541524,0.009067801,0.01068575,0.017451918,0.11402177,0.22482027,0.015959585,00007514_000.png
0.008858158,0.0029576973,0.003527011,0.023723656,0.05242114,0.021218695,0.006047651,0.008333304,0.04208143,0.0060160835,0.003965258,0.028187491,0.032922465,0.0077112517,00019535_004.png
0.006439298,0.009665135,0.05532756,0.021764826,0.0444381,0.004740329,0.035995774,0.04861532,0.0064539947,0.0144311525,0.043744076,0.057497516,0.21101788,0.016533092,00017467_016.png
0.017416459,0.0037198472,0.0040710773,0.018276442,0.015919518,0.032819107,0.013804853,0.01645421,0.014719988,0.009025328,0.5057554,0.64614797,0.010128533,0.011349274,00014984_000.png
0.023029977,0.009309801,0.01142459,0.055705138,0.025488872,0.047226716,0.008886306,0.022820089,0.0075511397,0.0075364164,0.0124761565,0.18651897,0.85465646,0.010442963,00009437_014.png
0.0054946295,0.005035514,0.12598553,0.20212029,0.010504102,0.032327637,0.006908757,0.0033386822,0.093617074,0.80274653,0.030458923,0.008983858,0.011932089,0.0073749446,00001200_013.png
0.016885094,0.0025064037,0.022992196,0.0122617185,0.39839566,0.037884545,0.008073061,0.026481276,0.03947168,0.0092239175,0.016088337,0.15224843,0.051333547,0.036480356,00001913_001.png
0.007360253,0.023547122,0.0052000578,0.04800042,0.033317555,0.9384211,0.011362004,0.016676975,0.010927402,0.015522764,0.03431552,0.040346306,0.064852506,0.0089664385,00006116_008.png
0.09964216,0.003302904,0.029065076,0.081488684,0.030189704,0.020693986,0.100982904,0.043486748,0.12646835,0.0113047855,0.807594,0.01754922,0.015544852,0.013142145,00014813_001.png
0.111989796,0.019459646,0.5953952,0.02199035,0.009398869,0.023213401,0.012107622,0.00995007,0.38186157,0.3468093,0.014663082,0.0037315465,0.015782457,0.009062382,00012863_042.png
0.060170934,0.01139424,0.014922947,0.79888093,0.07829573,0.5745146,0.29059508,0.011644507,0.061668098,0.06943898,0.01370918,0.021043887,0.013331883,0.01128044,00016972_028.png
0.02851765,0.014539807,0.2607667,0.40632626,0.016504547,0.040590413,0.07590191,0.011775773,0.23015477,0.88856244,0.06900157,0.01377045,0.022166826,0.010784084,00016291_027.png
0.0073056403,0.00516237,0.002613924,0.13945457,0.018990535,0.17490529,0.011734968,0.0148862265,0.009065962,0.012568901,0.006010287,0.031383205,0.022390556,0.01197906,00005836_001.png
0.012889173,0.0050332015,0.008783633,0.07725546,0.20599428,0.94383115,0.007819491,0.045771386,0.014386522,0.005922209,0.023517724,0.017898234,0.051947597,0.0077610537,00009247_001.png
0.008999209,0.020736847,0.012658518,0.37388366,0.03199151,0.009982072,0.027604714,0.0047296034,0.07781014,0.9561976,0.018506601,0.007453539,0.005167057,0.006931998,00011877_001.png
0.020897847,0.0072163646,0.007553987,0.009887083,0.023709493,0.025485888,0.014984046,0.010909838,0.014723494,0.009549617,0.027907908,0.9337635,0.106770195,0.010558332,00001500_002.png
0.21272577,0.0040886947,0.0034172253,0.2997006,0.20639867,0.04282421,0.006394214,0.031154012,0.15613747,0.004303566,0.039228033,0.005277322,0.00910364,0.008202261,00013750_016.png
0.16767943,0.020069167,0.012529265,0.46716854,0.0589207,0.064908445,0.02022948,0.015600503,0.13117684,0.008186648,0.021192743,0.0030087468,0.010793483,0.007853935,00002072_000.png
0.00747089,0.012170778,0.0318897,0.010527641,0.018445492,0.05995412,0.00679108,0.02111429,0.16488054,0.11785659,0.053241868,0.014087807,0.034054022,0.020441568,00001900_030.png
0.11840198,0.411874,0.014599856,0.007387889,0.018424993,0.011233253,0.015495206,0.012946301,0.01204976,0.012197039,0.01043553,0.02455174,0.027637016,0.012462493,00019801_000.png
0.22495514,0.008670074,0.04776024,0.08404105,0.315982,0.2417435,0.020863686,0.8170739,0.012245491,0.0122560775,0.9632325,0.021142459,0.06674855,0.017941484,00014731_024.png
0.5435435,0.012454138,0.1458606,0.03433243,0.17305298,0.012620303,0.012999788,0.14943054,0.08388078,0.0075895824,0.01649759,0.0057103485,0.058219124,0.0183809,00001900_016.png
0.5898137,0.013724198,0.8675012,0.77920777,0.010154645,0.023121906,0.028699765,0.0739741,0.14948055,0.21872309,0.023349145,0.009315243,0.13194497,0.011086429,00010314_015.png
0.14876007,0.011995624,0.15995455,0.31240287,0.18800242,0.05652554,0.021157075,0.26573557,0.018088287,0.03509554,0.6963722,0.04988736,0.13240835,0.013773571,00003423_006.png
0.13788357,0.07388052,0.6837677,0.018954258,0.17291845,0.017522523,0.009084543,0.025739577,0.5369087,0.038287994,0.0068195355,0.00879687,0.0072156773,0.010025239,00009653_003.png
0.0075557465,0.0069803554,0.0035359452,0.072672725,0.018769935,0.017921524,0.0061512254,0.052600108,0.03135857,0.0053749,0.0053660823,0.054447327,0.2461716,0.008607719,00003896_006.png
0.788636,0.789038,0.5166356,0.776222,0.018487405,0.014845688,0.04690348,0.18647575,0.017007863,0.009248654,0.08677971,0.009909093,0.018581072,0.011653841,00000211_019.png
0.016469117,0.0057670716,0.027865322,0.050877277,0.058559656,0.020704286,0.079350844,0.008268594,0.5263946,0.023241838,0.008357474,0.06390321,0.0120475115,0.040693063,00007683_005.png
0.12761098,0.006102133,0.0055974447,0.030953944,0.015304019,0.005073404,0.006033622,0.046765424,0.03111672,0.009029764,0.0068806093,0.010378813,0.033664573,0.0057350625,00009993_007.png
0.22426817,0.2659435,0.08237384,0.08818642,0.11561365,0.14722788,0.13342522,0.0072875666,0.12736996,0.9100504,0.020069549,0.018675558,0.015279068,0.03879059,00013370_001.png
0.11529635,0.5317114,0.3665457,0.66766065,0.016881375,0.067442834,0.05377535,0.031486508,0.023980679,0.015228814,0.009435211,0.6507074,0.023109015,0.023962995,00018451_012.png
0.081230976,0.0078755515,0.015573278,0.008720114,0.053621184,0.4742246,0.025814023,0.005313896,0.059410833,0.043440577,0.14511265,0.012960299,0.022058133,0.02395705,00018464_027.png
0.006964722,0.006532719,0.057315998,0.14133264,0.009856849,0.036886167,0.013750388,0.35136673,0.006815122,0.030519173,0.9882713,0.017370682,0.014470106,0.008599743,00005681_041.png
0.028633915,0.0019696588,0.013719731,0.4272567,0.47448692,0.005563946,0.024639616,0.015005054,0.012750859,0.057401,0.0074387966,0.04898686,0.01038802,0.0062901587,00012927_004.png
0.03713058,0.007744668,0.1485148,0.019218793,0.94414324,0.051739864,0.006613469,0.16421703,0.021691862,0.008687218,0.35081542,0.008361414,0.06976108,0.027322326,00017459_000.png
0.11519031,0.060825188,0.057855107,0.028648801,0.035705704,0.023671104,0.75416696,0.07941868,0.010359305,0.065587685,0.1425033,0.018081553,0.07554083,0.047885153,00017747_024.png
0.12270367,0.0068947943,0.044006683,0.0145957135,0.12987836,0.051933933,0.02172922,0.044517282,0.23028962,0.032471463,0.017608324,0.3682576,0.21096076,0.020815484,00014022_105.png
0.014260797,0.0056293523,0.0714339,0.0294527,0.5599367,0.051817406,0.004763912,0.005903444,0.072877504,0.020524912,0.027468909,0.0051672384,0.044065665,0.008801994,00006449_004.png
0.0054283766,0.021561736,0.0022818032,0.37785134,0.0060286825,0.15015392,0.025606044,0.037808828,0.003410702,0.016719332,0.01830107,0.04690331,0.010789085,0.007768397,00009218_013.png
0.09318149,0.09141858,0.4752714,0.95076597,0.009326823,0.007387609,0.012322977,0.011496151,0.13137954,0.5304114,0.011224877,0.012011893,0.006208037,0.005642074,00012236_005.png
0.0075504277,0.013475627,0.02777021,0.15132721,0.03390973,0.014635455,0.015387519,0.9541601,0.0062413863,0.013816843,0.9224629,0.009420484,0.019385949,0.008025531,00015646_031.png
0.17771827,0.00760244,0.091131955,0.046223454,0.08774608,0.009964185,0.012267854,0.19194706,0.2115551,0.008916413,0.062287904,0.11090695,0.78313863,0.030767035,00020000_000.png
0.03941274,0.007453038,0.0183507,0.04962901,0.020839853,0.6964304,0.011240972,0.1690919,0.022964839,0.030824866,0.029179351,0.017661018,0.026285555,0.009955698,00003611_001.png
0.02607183,0.0038851702,0.0138923675,0.039285626,0.05232951,0.10094567,0.0734829,0.009117854,0.0107548535,0.006424803,0.019819632,0.15464684,0.13461678,0.010383198,00006787_000.png
0.056520574,0.010684021,0.1295063,0.032756586,0.44217145,0.031399276,0.047551427,0.79145813,0.019922365,0.026645944,0.766907,0.020582959,0.01325239,0.018014152,00017467_021.png
0.027430877,0.44746765,0.031050827,0.004330883,0.029483603,0.011550575,0.012407526,0.009690842,0.009104315,0.030917618,0.0032591808,0.0062253,0.008296219,0.011132318,00013615_050.png
0.21365055,0.022905678,0.073935084,0.6916347,0.034867726,0.05607631,0.065460175,0.20985048,0.06834968,0.14710164,0.4209577,0.009984348,0.006579647,0.008701795,00012129_003.png
0.72993654,0.0056051123,0.6703294,0.06557101,0.13272938,0.03347604,0.02300342,0.066476926,0.5502886,0.02394393,0.012328504,0.0063754036,0.018936055,0.013397733,00012649_004.png
0.010264121,0.0050686426,0.009298141,0.22884785,0.03332276,0.50610304,0.37865615,0.009243173,0.020853773,0.04503815,0.03629243,0.24190016,0.013860656,0.020348083,00010872_005.png
0.024096508,0.007657312,0.8254052,0.03601527,0.5947885,0.013806301,0.017363017,0.081311315,0.09273204,0.022279445,0.008118904,0.038352188,0.4262732,0.013755284,00009726_000.png
0.23053461,0.0033560868,0.0049585947,0.010738819,0.05217314,0.010817592,0.04666527,0.023556562,0.012995193,0.008452474,0.03903336,0.33781204,0.007318561,0.03269374,00015831_007.png
0.08422315,0.004313594,0.7670808,0.45178187,0.16469699,0.0078466395,0.46301922,0.047263045,0.018920245,0.030604132,0.024474625,0.029988425,0.24434215,0.013600389,00007557_011.png
0.05055977,0.0950565,0.9626393,0.55079424,0.22347553,0.6101242,0.087846175,0.006402608,0.1044933,0.26066992,0.0052827518,0.047171626,0.01268485,0.012222799,00003610_008.png
0.04195963,0.06349506,0.080653556,0.013219668,0.020146312,0.00996151,0.02701519,0.046735715,0.023303855,0.0075459983,0.49164015,0.1196039,0.46051508,0.04819652,00000107_001.png
0.01637424,0.013359257,0.014174404,0.20753668,0.015079489,0.0181678,0.0915114,0.8581429,0.006271373,0.02957024,0.9267907,0.013478379,0.015818436,0.010849912,00008468_025.png
0.029411504,0.012133913,0.0075092977,0.102037586,0.5702725,0.038437534,0.021288788,0.36877775,0.024331167,0.030128734,0.7194002,0.014076473,0.010349644,0.026856828,00011355_047.png
0.28692067,0.0050969957,0.0058311448,0.04429738,0.012077116,0.060635388,0.047131907,0.0039684195,0.08876811,0.061481178,0.021219395,0.042091746,0.019257315,0.014927762,00008051_029.png
0.045262147,0.0066929082,0.057532318,0.14743334,0.18672726,0.02678635,0.027777325,0.56175715,0.26004174,0.0075142356,0.005989035,0.012391059,0.10095756,0.014293566,00011431_000.png
0.012426634,0.009294228,0.0050453353,0.18303931,0.06892211,0.28666618,0.12010197,0.07001646,0.026622055,0.022314833,0.021424431,0.026331801,0.30570462,0.011820933,00009393_001.png
0.010750588,0.031174492,0.0048019234,0.028185647,0.033411175,0.014795907,0.010437406,0.0054953615,0.007796536,0.05957297,0.018743033,0.012423698,0.011323427,0.0101226205,00015606_009.png
0.004079845,0.006400885,0.0025758054,0.027398495,0.05933263,0.261467,0.0111455005,0.0097351065,0.032908,0.16407056,0.0050470824,0.010661922,0.004977436,0.0088805575,00015754_003.png
0.009462873,0.005117811,0.011577379,0.0052943584,0.10663989,0.15111807,0.00801613,0.006956957,0.0782593,0.011277202,0.012148165,0.0067259925,0.00466825,0.009698991,00001034_002.png
0.014539602,0.03692834,0.009090319,0.5559435,0.021347689,0.40647316,0.14975454,0.020096963,0.011938995,0.008239666,0.017213898,0.047144365,0.17525987,0.010612227,00005528_008.png
0.040046286,0.020256186,0.011696366,0.16410536,0.009895527,0.03711118,0.009777199,0.012962063,0.022221655,0.530552,0.09331555,0.06420978,0.005599,0.026581896,00005870_002.png
0.016998706,0.050767113,0.0092983125,0.031085482,0.013513366,0.019887865,0.0681449,0.011876154,0.004190824,0.0365707,0.1708815,0.1764953,0.010390343,0.018975886,00008346_000.png
0.010736661,0.00913171,0.020034555,0.03346186,0.07673483,0.025587179,0.0059186476,0.13121766,0.020517392,0.011392441,0.010592495,0.0050505293,0.17951795,0.0076940516,00007953_002.png
0.0073509957,0.005330435,0.0042544613,0.118095756,0.016855175,0.07113378,0.026352888,0.008174785,0.010136524,0.0070659593,0.014550415,0.69217235,0.17130002,0.0103244735,00017807_002.png
0.10085527,0.006927394,0.020547275,0.22732748,0.012305091,0.008106979,0.05030844,0.041861158,0.006166239,0.01989613,0.13760069,0.46055517,0.14058216,0.012857579,00003391_002.png
0.007694431,0.012778771,0.16672508,0.05236808,0.042787965,0.0049004573,0.17391744,0.010060719,0.017943887,0.5799772,0.008047262,0.020735173,0.024239767,0.010476794,00009925_015.png
0.3139242,0.010763812,0.00993752,0.6609676,0.056782473,0.1145248,0.054788888,0.021114718,0.40634927,0.072869405,0.025646698,0.021842072,0.033040963,0.015470487,00019307_000.png
0.10849199,0.47083133,0.59200084,0.1033962,0.07712744,0.010904483,0.021055719,0.0076079792,0.17222469,0.24766004,0.021663398,0.0069042235,0.010796584,0.0137358345,00016291_036.png
0.062020756,0.006454741,0.010125441,0.08138455,0.009574477,0.05186319,0.08913427,0.012990344,0.013527216,0.010008845,0.027058441,0.95162654,0.03934893,0.009347258,00019683_000.png
0.0170618,0.012542705,0.009380383,0.045196883,0.0672401,0.009207821,0.032933757,0.15736943,0.03067421,0.010301921,0.013889435,0.08016248,0.028896406,0.03583569,00001029_016.png
0.0059949397,0.0061435425,0.014787269,0.022608431,0.051363677,0.009738458,0.0049345163,0.018456,0.42820492,0.059270207,0.0049603833,0.023876129,0.005529884,0.0064906157,00008875_022.png
0.008817821,0.123082325,0.006631252,0.27066758,0.0072798706,0.024858119,0.006599231,0.015696215,0.0636651,0.2857417,0.016374877,0.011979184,0.015449846,0.010071681,00006808_003.png
0.045836076,0.022110548,0.06818399,0.720906,0.021649903,0.77518487,0.02554739,0.02159587,0.1658013,0.06265926,0.013714648,0.06575908,0.0060248896,0.015783954,00001814_002.png
0.19514687,0.010038485,0.02463782,0.0072819316,0.017586503,0.01730986,0.0068269866,0.022143459,0.019618088,0.01867076,0.9748539,0.008570323,0.0069419052,0.01533695,00017136_011.png
0.028916873,0.0065060356,0.15174049,0.049276326,0.029002018,0.0072297445,0.018632546,0.014913976,0.034507487,0.033764433,0.0027067016,0.019145297,0.6665509,0.010225122,00004507_000.png
0.032535262,0.009306961,0.007947023,0.020173157,0.011189953,0.047970906,0.014821591,0.25925794,0.026921216,0.005273126,0.009553455,0.007850457,0.18857153,0.008165021,00010247_001.png
0.005160154,0.006921839,0.023995921,0.05084169,0.03019946,0.039931126,0.006230388,0.0123261465,0.027647996,0.82075995,0.01712416,0.014564971,0.0050385464,0.008241237,00007864_008.png
0.05385736,0.010472169,0.005632503,0.0120061,0.038090944,0.011020127,0.008948698,0.05540375,0.015036795,0.008449937,0.0041335323,0.004265892,0.018967409,0.008234146,00010384_026.png
0.011724566,0.007258303,0.0056197937,0.732535,0.007980324,0.008359501,0.6237664,0.018849138,0.0060016983,0.82078683,0.018821279,0.008756962,0.020751538,0.009149049,00014414_020.png
0.018867567,0.009264397,0.021623613,0.7790332,0.029464595,0.40487897,0.06735678,0.017747227,0.087060414,0.015742969,0.19387966,0.015422264,0.014455195,0.012518332,00009863_003.png
0.013202691,0.6892311,0.01653154,0.7534707,0.010904282,0.032301936,0.024143517,0.017585415,0.011795422,0.2970842,0.016682513,0.016804088,0.011516153,0.01614816,00006296_007.png
0.05021923,0.0071078064,0.010113116,0.0479306,0.030937366,0.03718313,0.0077129444,0.073983416,0.029348118,0.0096788695,0.22045222,0.9129182,0.27752948,0.015271314,00001429_001.png
0.022482913,0.0076272897,0.11908313,0.46047756,0.04911498,0.0066911327,0.056021847,0.009888476,0.24313058,0.30763227,0.005018154,0.030598147,0.028698524,0.011598144,00017138_032.png
0.32160032,0.01989616,0.13197936,0.047299583,0.014415299,0.011534324,0.365243,0.02383443,0.024580982,0.022944557,0.004951591,0.020665219,0.22051197,0.013744713,00019767_017.png
0.11911421,0.01256212,0.096777484,0.42809194,0.042630557,0.0780845,0.116006255,0.0053214068,0.052937876,0.010117372,0.017168548,0.08169334,0.010037148,0.009171767,00016191_028.png
0.009952249,0.0062776827,0.003969735,0.007973619,0.019231003,0.036972612,0.03903372,0.017287381,0.013022187,0.025795342,0.027741512,0.0072244923,0.013648527,0.012630377,00005619_000.png
0.04088634,0.004142681,0.011521066,0.05857619,0.062389296,0.01900454,0.030062195,0.008033874,0.01645377,0.009494642,0.4948027,0.2797319,0.027791144,0.031469904,00009658_000.png
0.12189183,0.0067017386,0.14127728,0.032572318,0.030287279,0.013414856,0.014806093,0.03782579,0.09508501,0.0086620115,0.16385798,0.70671976,0.46799797,0.022795364,00010103_009.png
0.0131772375,0.016062649,0.26313055,0.013993419,0.011759764,0.02797541,0.010950205,0.319793,0.15173408,0.02806903,0.4875975,0.014459637,0.05352241,0.01299158,00010677_008.png
0.41842392,0.02070605,0.0231569,0.14256522,0.013374904,0.0048326906,0.030977255,0.015865026,0.016140494,0.0066005406,0.1793334,0.80793905,0.030205794,0.015776962,00013089_000.png
0.018285174,0.011626943,0.020512113,0.98064053,0.009580091,0.086158834,0.27906403,0.005412064,0.012352593,0.030421505,0.014372228,0.33221948,0.025928186,0.006600925,00002919_005.png
0.020796627,0.008210198,0.01026241,0.032265723,0.13538036,0.14625287,0.006283313,0.061520062,0.01856508,0.0076094014,0.03599118,0.0063712276,0.56788224,0.012452309,00004074_000.png
0.060890313,0.06585085,0.034412354,0.7269955,0.014233474,0.49268973,0.047115527,0.0052618426,0.042025644,0.067360304,0.035462927,0.017332356,0.008540963,0.011569203,00002529_024.png
0.46391502,0.007814521,0.015751896,0.2672124,0.019765083,0.00894346,0.3367757,0.021257093,0.02166044,0.006049305,0.0312763,0.74277645,0.031717762,0.011374962,00001582_019.png
0.008512212,0.0073065846,0.0034566266,0.017515013,0.025509775,0.07102012,0.02313657,0.021087736,0.060144883,0.009400348,0.0035290045,0.044164307,0.016568296,0.008103245,00011170_001.png
0.016601397,0.006631491,0.004219525,0.021443944,0.015358323,0.003093554,0.013095646,0.61758024,0.023087623,0.013011246,0.012530399,0.016194984,0.01387803,0.0082433615,00008068_012.png
0.057579152,0.011304541,0.0071028923,0.012426354,0.038645647,0.020236842,0.016892757,0.01585731,0.077134855,0.42532533,0.01701126,0.014272949,0.008244114,0.012247193,00011122_008.png
0.094996266,0.030626882,0.8572186,0.399295,0.30593392,0.5258246,0.024844369,0.022443198,0.058409918,0.020943152,0.0066987183,0.043333,0.034578107,0.014796004,00018562_004.png
0.10307538,0.0059724497,0.016043345,0.010029882,0.11706144,0.01198029,0.007696852,0.00891501,0.055914935,0.0039615477,0.005918171,0.00555203,0.01148763,0.004379115,00015850_000.png
0.55692476,0.008232293,0.06578068,0.8588074,0.5376223,0.06864829,0.17207463,0.011829207,0.0390735,0.026983636,0.13023145,0.02347914,0.09282921,0.03113935,00012471_006.png
0.01909735,0.006944065,0.007263758,0.33295903,0.023253864,0.9699753,0.01368604,0.018647924,0.026929962,0.012939734,0.011695935,0.017423324,0.025242068,0.0063502067,00015506_004.png
0.007473129,0.008384503,0.00384292,0.0070571997,0.005659624,0.010139654,0.017510904,0.010327431,0.010401214,0.0052362457,0.009172907,0.007026122,0.013126707,0.0055148443,00014392_001.png
0.053973306,0.00603555,0.015817285,0.023112265,0.008459055,0.029019972,0.018707503,0.96633774,0.012103805,0.009205733,0.24883418,0.012422258,0.013454648,0.0080329515,00011460_021.png
0.029379457,0.3832292,0.07804318,0.12639129,0.0514289,0.009842511,0.028953886,0.023834081,0.03133723,0.029459,0.5951425,0.020979295,0.03376431,0.046101775,00012960_002.png
0.0083906,0.008106169,0.0037652869,0.004775556,0.011467126,0.014158882,0.00666232,0.013654632,0.00812183,0.006891331,0.007721774,0.0062739267,0.013399428,0.0050616404,00006145_000.png
0.036096666,0.0144138895,0.016309278,0.036845878,0.02130264,0.0069569796,0.076917216,0.072004616,0.011823919,0.03750031,0.8648531,0.023077773,0.013709541,0.013358517,00014083_028.png
0.016412523,0.013793639,0.004911223,0.18824089,0.005668696,0.003493073,0.18378037,0.0071257222,0.008348484,0.01572774,0.027802916,0.7285899,0.010970084,0.015301115,00000426_001.png
0.59075254,0.14182265,0.014405708,0.19391765,0.014761421,0.05645381,0.1405691,0.030245628,0.060396943,0.08480621,0.023624578,0.03392498,0.028923528,0.016400402,00004001_005.png
0.02580767,0.006037229,0.007868182,0.057040446,0.00961424,0.006862705,0.01179456,0.014446508,0.0131895095,0.010587553,0.12193433,0.87028515,0.023423439,0.026658667,00018429_001.png
0.19200353,0.018476222,0.07985431,0.45285803,0.16306561,0.75579035,0.31269598,0.013263063,0.048319668,0.023577906,0.102220856,0.34502304,0.0627904,0.045304127,00013751_004.png
0.43817282,0.0048837806,0.011153498,0.12095203,0.053692386,0.0037679297,0.099673845,0.02600693,0.044135578,0.021613443,0.2703303,0.019771228,0.02714867,0.009299165,00015031_009.png
0.0063520963,0.0064127473,0.0038477327,0.016176807,0.036400616,0.019369941,0.09153615,0.12261328,0.017822677,0.07699877,0.04503704,0.06194894,0.019458044,0.018507922,00016508_027.png
0.048644565,0.005841805,0.0244051,0.0057219774,0.11392607,0.21721022,0.22003889,0.012315957,0.02600774,0.009676576,0.017022667,0.20209816,0.027890457,0.03653031,00002738_000.png
0.08247779,0.4273359,0.570466,0.9785124,0.03266315,0.06483457,0.031592168,0.031973332,0.2157515,0.09979679,0.005058767,0.020809414,0.033876084,0.0091651175,00012628_034.png
0.015130644,0.017486071,0.028955977,0.10925452,0.025542632,0.051341813,0.015283803,0.0078660045,0.28066018,0.005059852,0.0071617,0.0077263494,0.018366827,0.010801582,00009198_001.png
0.100754134,0.8817765,0.12937298,0.30868155,0.012844011,0.01813652,0.101688765,0.012263996,0.008286401,0.01326355,0.016159233,0.035501607,0.024978392,0.01772673,00013635_001.png
0.024081033,0.086168826,0.0074726655,0.021675041,0.002808573,0.010431833,0.02371735,0.009911087,0.014762289,0.014550601,0.042074718,0.17427303,0.010963955,0.033889126,00007667_000.png
0.04775025,0.021509536,0.012822687,0.038338516,0.019682214,0.0067186467,0.022429658,0.60578,0.012435251,0.009121314,0.2089823,0.123983935,0.37576964,0.032161053,00013031_015.png
0.011330942,0.009906784,0.013810443,0.8657578,0.024139283,0.68677366,0.03861028,0.008866493,0.08607652,0.077311225,0.012202902,0.018905273,0.033748813,0.007922013,00006304_028.png
0.050872374,0.009611825,0.015349392,0.03483691,0.061312288,0.018165324,0.42711726,0.0143420035,0.020038947,0.022013439,0.03487892,0.06815703,0.017461773,0.58131194,00007407_003.png
0.013021831,0.0041374345,0.003127094,0.030863898,0.010486751,0.024171814,0.0070816004,0.008609167,0.016741563,0.015998635,0.029476665,0.25325274,0.24669787,0.0070847324,00005328_000.png
0.013473593,0.0030861178,0.007498399,0.7210009,0.025672806,0.07812889,0.28578058,0.0060195657,0.017450595,0.011741662,0.021099113,0.5795437,0.06366464,0.009248122,00013295_000.png
0.12375602,0.014860564,0.08527072,0.7755274,0.018733406,0.021771912,0.19087768,0.00718535,0.014898097,0.011671319,0.025105003,0.2061177,0.11079235,0.02598405,00001194_002.png
0.013556236,0.0066553936,0.0045185373,0.00500218,0.00690426,0.0056631025,0.009947556,0.005705566,0.007873756,0.007565282,0.009660235,0.0101631945,0.007493337,0.005829947,00002811_001.png
0.016889986,0.94572794,0.018120665,0.2232395,0.03357574,0.04603494,0.013374571,0.032918148,0.054260544,0.049985122,0.05022724,0.02134575,0.013856089,0.021391151,00000156_001.png
0.01712855,0.006895258,0.05478025,0.71863735,0.019031892,0.49097663,0.02251388,0.11096833,0.07610056,0.015421026,0.014576346,0.05884027,0.46093845,0.008754226,00002227_004.png
0.066002496,0.01273389,0.008888532,0.037927974,0.018741868,0.019910635,0.021792158,0.0052696182,0.055995375,0.020764139,0.009239963,0.013757381,0.0054883608,0.008279945,00012694_000.png
0.05151488,0.016269919,0.19498008,0.77784234,0.02479451,0.039552283,0.07048099,0.017441072,0.9007096,0.18935265,0.009741628,0.017857384,0.06828001,0.010539076,00013685_034.png
0.039782163,0.12341706,0.017930733,0.025217364,0.077345535,0.041641347,0.015112527,0.019895688,0.026000319,0.013210651,0.030686224,0.035938133,0.020102777,0.82898337,00008694_004.png
0.014767254,0.07575799,0.0030656324,0.047424104,0.0065991306,0.038712073,0.013689259,0.006082669,0.014327748,0.020759014,0.062173687,0.15404247,0.015964238,0.022227354,00007305_000.png
0.00920338,0.3902639,0.13838355,0.01947333,0.0063902014,0.008006671,0.004313596,0.019668275,0.04492614,0.046927083,0.006950753,0.014274129,0.020767216,0.012797922,00002280_003.png
0.018662527,0.00464306,0.043264955,0.04604653,0.0047222804,0.0044204197,0.026517812,0.449841,0.012356643,0.007388602,0.1624152,0.14562127,0.028700432,0.0074405465,00005376_005.png
0.07479022,0.01630504,0.024670472,0.030560073,0.04532752,0.015540722,0.019235998,0.046939652,0.015010074,0.013999881,0.98340833,0.0072054006,0.008951942,0.01744113,00017109_000.png
0.17042436,0.037470553,0.7916636,0.3824228,0.09963523,0.031870626,0.048428252,0.17201306,0.42754287,0.11276429,0.008200961,0.012708359,0.19324479,0.018635448,00011752_003.png
0.94117266,0.01078267,0.08180989,0.09624575,0.016031118,0.027949428,0.035274927,0.025413055,0.74729383,0.024546916,0.4647904,0.017970813,0.012769372,0.015801454,00003990_007.png
0.053646088,0.0049510975,0.0058855335,0.012165087,0.118329965,0.35083398,0.010621032,0.011864541,0.042431727,0.005371987,0.006090942,0.1112739,0.48776433,0.010328245,00005711_001.png
0.027168721,0.0098815635,0.044698633,0.012682062,0.30198827,0.031852275,0.022206705,0.029897755,0.24501683,0.022503158,0.010987814,0.0055675986,0.0092858765,0.009277896,00005262_003.png
0.54929394,0.006349268,0.041292462,0.014904536,0.11298049,0.056822043,0.007845341,0.48010957,0.06575215,0.005860236,0.57706404,0.026007712,0.040227447,0.014417446,00001199_003.png
0.03949337,0.0037768448,0.0061238897,0.022024756,0.012366715,0.006875284,0.0074049416,0.9770617,0.010279517,0.007531254,0.021060176,0.008916388,0.015695028,0.0049272473,00001170_026.png
0.13432914,0.0038189646,0.018358627,0.16907683,0.011310026,0.018382894,0.0506194,0.9738106,0.033701114,0.0105495285,0.13480884,0.011669306,0.03522568,0.006963017,00017133_006.png
0.03235883,0.7062238,0.07871998,0.1673335,0.017326087,0.372854,0.1019563,0.01989176,0.0147253955,0.041097157,0.008719088,0.2316451,0.03841434,0.026833773,00007332_002.png
0.039032,0.007568368,0.041527797,0.02472016,0.009645383,0.017812379,0.048670407,0.078709535,0.022189958,0.010323718,0.95416725,0.0151140895,0.006743549,0.0077427044,00008468_022.png
0.02800585,0.013821606,0.16111654,0.81168795,0.009145549,0.05788045,0.034201227,0.021358753,0.4091975,0.631358,0.0071143317,0.01138478,0.017542291,0.010663014,00006490_004.png
0.06362071,0.0052945893,0.07737446,0.038901158,0.04294547,0.017104683,0.049263112,0.018401561,0.031241948,0.016058663,0.89908403,0.06658474,0.23807843,0.01939721,00010841_008.png
0.31270134,0.0040493715,0.0093528675,0.498944,0.19807474,0.15731286,0.16690625,0.004934022,0.077004135,0.1004256,0.08853586,0.031881984,0.01810897,0.018305,00005944_001.png
0.021587886,0.0101564955,0.034222364,0.6668938,0.008183063,0.0271056,0.038461834,0.049431752,0.022187283,0.05321654,0.8931323,0.08302198,0.021841954,0.015743604,00014849_003.png
0.012767582,0.021124152,0.10826709,0.4787933,0.07117511,0.06687069,0.020676598,0.004734665,0.034068305,0.07708491,0.04317182,0.01505405,0.023155116,0.0072879693,00018724_022.png
0.06010988,0.012587153,0.13536686,0.40018418,0.03168899,0.0163655,0.9855326,0.010598493,0.010618067,0.021205725,0.0056675593,0.016799677,0.0250939,0.00817567,00002846_013.png
0.5437971,0.006301587,0.19186193,0.03832528,0.025828715,0.098732784,0.019179704,0.032354902,0.24881203,0.04537768,0.32478157,0.014401307,0.03747504,0.015193979,00011683_008.png
0.01842221,0.003192908,0.006063752,0.010817525,0.03009999,0.02180587,0.009571813,0.0193642,0.012817334,0.006488454,0.82403463,0.033223383,0.05270922,0.011510199,00007962_002.png
0.0059496644,0.007199815,0.010533106,0.028655577,0.016533658,0.008121411,0.011982441,0.011629332,0.03740425,0.9429794,0.010085054,0.0072419727,0.0030089882,0.0066496367,00003490_015.png
0.0998617,0.009982972,0.021558711,0.028012568,0.0078033186,0.0081698345,0.024541596,0.012814818,0.016338289,0.011926834,0.29428113,0.7007378,0.046573013,0.008655017,00019437_006.png
0.029708691,0.019032214,0.017301556,0.043570228,0.010623013,0.27646783,0.015648834,0.16739511,0.007541989,0.016278071,0.02757954,0.03678975,0.087894306,0.040820085,00004714_001.png
0.07746637,0.0049836645,0.010487072,0.056881014,0.009356257,0.015823137,0.010095709,0.2843557,0.0066702175,0.016283784,0.98969114,0.028726079,0.007922152,0.011124453,00009845_004.png
0.011542139,0.0048422352,0.0036550625,0.08091615,0.009958429,0.015329204,0.35931975,0.0069827684,0.00945815,0.028108584,0.033667684,0.17436223,0.014263043,0.036239263,00013662_003.png
0.11295171,0.009172538,0.3679011,0.40380427,0.022513263,0.011887131,0.042642906,0.020681668,0.8364184,0.62168735,0.036081154,0.014812801,0.0049107107,0.0060376474,00003867_010.png
0.016407402,0.0072580655,0.025722204,0.03328523,0.6617588,0.007153872,0.0064714164,0.00857594,0.01759058,0.0068904795,0.039272163,0.01737472,0.44879055,0.011255636,00012582_001.png
0.030882161,0.020726116,0.038403735,0.03976774,0.019590562,0.009773686,0.016595295,0.012661898,0.017158993,0.011743107,0.059612878,0.83831245,0.10664248,0.06903954,00007894_007.png
0.035170134,0.004095228,0.115754545,0.14778486,0.056161154,0.016055077,0.035486966,0.09590945,0.012361613,0.008173166,0.019396806,0.6898767,0.60705096,0.011901865,00009166_005.png
0.012186288,0.0034970168,0.013618061,0.31542003,0.012457933,0.01292675,0.08715263,0.038950663,0.01039568,0.021944428,0.04434758,0.8137048,0.11121221,0.010409184,00003254_000.png
0.018555328,0.009352571,0.0030258335,0.022864472,0.014200801,0.006651804,0.53346,0.0038739056,0.005903822,0.012178347,0.040660016,0.15919563,0.004017062,0.015295878,00015056_000.png
0.017857024,0.0039108926,0.012563376,0.0084197465,0.02736102,0.016972505,0.013892035,0.11388361,0.01352448,0.0042970288,0.39111084,0.033186954,0.17574848,0.006874959,00015136_005.png
0.018060006,0.012467001,0.046818107,0.95782703,0.037032526,0.06256968,0.049880467,0.00877039,0.012070582,0.01423152,0.021009058,0.73796207,0.032378767,0.00906368,00001723_001.png
0.04880893,0.03613341,0.032780305,0.12609519,0.065977745,0.0052816714,0.0038742074,0.008633119,0.65818053,0.008748712,0.015474903,0.0030589625,0.01620792,0.0064455676,00010007_075.png
0.4190175,0.004757046,0.016154116,0.030775534,0.07354982,0.12386865,0.0066773826,0.27117708,0.034528244,0.008399082,0.13845544,0.007847962,0.016913408,0.009359086,00016685_000.png
0.37677422,0.025315668,0.027782992,0.36066338,0.16994983,0.20215231,0.042662885,0.14527173,0.35761988,0.015544166,0.00450583,0.00929159,0.011446054,0.013474903,00013615_045.png
0.016126864,0.008138392,0.012496081,0.020135434,0.018794592,0.009121426,0.33907732,0.008402749,0.026891539,0.018952314,0.24112386,0.043952834,0.008581736,0.02030402,00011638_000.png
0.0055485195,0.012076344,0.014739793,0.15206026,0.025194742,0.0076964297,0.0092680175,0.014302712,0.07649198,0.8339384,0.02108431,0.01924408,0.004120071,0.008232842,00003323_000.png
0.11236698,0.022589676,0.35434887,0.10431276,0.09591947,0.021944504,0.008547372,0.010392977,0.39723843,0.04372496,0.0065456587,0.00938526,0.007551915,0.0073211836,00008911_018.png
0.0103730215,0.009290471,0.007231723,0.0078386925,0.27089304,0.37858889,0.00710633,0.017597184,0.018549675,0.011313663,0.008399734,0.006818066,0.007243283,0.012007837,00006338_004.png
0.048459396,0.9540329,0.40214077,0.010528341,0.013257735,0.012926701,0.006031341,0.028484315,0.011780374,0.01810437,0.064667225,0.0112183215,0.03560311,0.054085694,00008073_000.png
0.010038722,0.008004111,0.008084337,0.034434907,0.014745535,0.051785164,0.061442688,0.024821296,0.00983878,0.045186453,0.32006526,0.011698493,0.009955778,0.009236455,00016860_006.png
0.0073752133,0.0074345,0.002795743,0.01365338,0.018093972,0.018995654,0.03182188,0.012978025,0.063090056,0.043199345,0.006168957,0.008587604,0.0038203092,0.010287015,00009863_004.png
0.13765697,0.0050428626,0.85981494,0.1551865,0.026401276,0.012580582,0.010070531,0.0061585377,0.14945182,0.9375136,0.011005305,0.0073256143,0.0067467084,0.004997016,00002860_005.png
0.08743403,0.10978285,0.0062522767,0.025854224,0.008433345,0.0072845207,0.1830089,0.0063123843,0.00837311,0.008215674,0.071441635,0.23583782,0.011618085,0.011038128,00002570_002.png
0.029856537,0.016790576,0.035567265,0.05911775,0.008215259,0.7540486,0.012989648,0.03312985,0.013105134,0.01440422,0.019387145,0.9007514,0.031311896,0.008696738,00018133_000.png
0.0060075438,0.0038538328,0.012058368,0.015329729,0.15230377,0.3825511,0.0079032155,0.02027068,0.020509772,0.012247758,0.005012833,0.005584735,0.008467081,0.009057271,00009120_006.png
0.020454835,0.020615812,0.0068121115,0.014640427,0.012202746,0.010185434,0.023983413,0.333461,0.006037659,0.011396926,0.047320075,0.0037890754,0.07253019,0.0074936566,00015214_011.png
0.37777346,0.010394699,0.024017671,0.48716232,0.21131234,0.053753894,0.15456004,0.0041634752,0.03592612,0.035577226,0.0281987,0.7702957,0.013867599,0.13400868,00012291_015.png
0.796424,0.00560181,0.10328385,0.14970914,0.05783289,0.016014414,0.05521652,0.012211307,0.046609107,0.00802817,0.06652307,0.20232508,0.035016138,0.013762136,00007804_008.png
0.03131997,0.003953127,0.23214594,0.038540732,0.018014336,0.012883216,0.016973173,0.056521263,0.518693,0.0064833877,0.5827659,0.026573187,0.2402842,0.012416323,00014022_031.png
0.0112473555,0.014040637,0.0074901143,0.0023124623,0.0053041964,0.0058726273,0.0084911985,0.16518083,0.016428718,0.021629935,0.3761962,0.0034317332,0.007360657,0.014513703,00003945_009.png
0.01185178,0.00934354,0.0052263495,0.041129783,0.044987466,0.06758089,0.019409249,0.007371521,0.015338441,0.018983332,0.3867369,0.5702858,0.018825486,0.025712011,00014016_000.png
0.0053683603,0.02013398,0.0052383645,0.00805864,0.026863523,0.013492639,0.014290273,0.006380943,0.006451311,0.008553675,0.010012904,0.0068232217,0.009593904,0.008220921,00013635_003.png
0.07919424,0.07197927,0.09253861,0.006483203,0.20678422,0.06543516,0.011687308,0.011060585,0.038905762,0.25998712,0.012868986,0.010185952,0.01994363,0.016874624,00018606_013.png
0.03256177,0.0124704065,0.3926363,0.4231944,0.7011929,0.4060507,0.04512205,0.01830356,0.055982646,0.38853523,0.011618852,0.008404585,0.025845446,0.011403273,00008701_009.png
0.02571943,0.12650527,0.0053983983,0.54474765,0.0059580742,0.01210246,0.08776505,0.02253097,0.013137922,0.016659338,0.0135082295,0.30873248,0.036838662,0.00904668,00004893_054.png
0.013076845,0.017498216,0.01966037,0.15945522,0.01397441,0.0146367345,0.06453473,0.050929487,0.012948727,0.9418314,0.048659924,0.008788101,0.014135745,0.011753758,00019508_006.png
0.06332169,0.010494477,0.022464946,0.05129448,0.02022629,0.008919726,0.026356332,0.22546506,0.4750071,0.09678349,0.03468924,0.0032987813,0.008597747,0.01133862,00013615_026.png
0.026667299,0.004447119,0.024677644,0.066816814,0.0026398306,0.012022769,0.38307068,0.059226096,0.035037544,0.22288261,0.026642354,0.003418434,0.17957929,0.012226403,00016860_005.png
0.12677023,0.0071237353,0.27901736,0.9098287,0.12361935,0.066973865,0.018270269,0.8995603,0.011499138,0.008158772,0.35303926,0.046563383,0.12193973,0.010076851,00009349_019.png
0.29545343,0.015794216,0.10555054,0.11268108,0.012997696,0.015303545,0.058320038,0.026715895,0.79033214,0.80665946,0.017665675,0.009297496,0.014101272,0.010407121,00016732_001.png
0.023111114,0.005271123,0.0049840286,0.15484323,0.3596026,0.36552078,0.011146683,0.041380007,0.049224146,0.0070970734,0.009798527,0.07612794,0.080098435,0.011780702,00005609_029.png
0.010800975,0.0039794776,0.0031552375,0.015958088,0.0756139,0.09860664,0.015041287,0.05070641,0.017292127,0.020943508,0.02237083,0.0110381385,0.0037086408,0.0080901515,00016821_006.png
0.010287869,0.028878665,0.008563385,0.59471565,0.055401478,0.0533415,0.02111897,0.13302863,0.13387068,0.09321043,0.7680762,0.012119387,0.010067502,0.014425199,00012094_044.png
0.022787279,0.011811773,0.03801035,0.014026413,0.90130335,0.85509205,0.008460467,0.056698952,0.013149798,0.0067678527,0.018733203,0.023253435,0.08086817,0.011249795,00009022_002.png
0.027841056,0.060098622,0.01704014,0.0949291,0.033087496,0.09049505,0.015220271,0.039009653,0.013456952,0.01315907,0.009837814,0.020525137,0.8656667,0.019678235,00003129_002.png
0.15319139,0.008629366,0.029891353,0.45111394,0.10272634,0.18138719,0.044559445,0.015205891,0.05056047,0.008329182,0.02024061,0.06635702,0.53659,0.02247022,00010350_006.png
0.0535078,0.056102365,0.009394942,0.035415795,0.00614869,0.010146309,0.0063861357,0.0348704,0.16825832,0.006800011,0.0054732496,0.013326815,0.031039529,0.015930975,00004893_026.png
0.038790997,0.029945306,0.097631685,0.5423709,0.038355887,0.007791853,0.07093772,0.05982431,0.14493139,0.008764477,0.006066221,0.013945392,0.122430176,0.006939795,00011553_015.png
0.16787046,0.010873099,0.008831876,0.03723449,0.02453762,0.12269408,0.010516114,0.037493754,0.48528087,0.11100749,0.0049581053,0.01606699,0.0066194143,0.016546642,00003548_010.png
0.03212054,0.016377602,0.016932515,0.11758924,0.02408487,0.029533638,0.0996362,0.01971639,0.024174219,0.9600775,0.010371058,0.017276505,0.02723861,0.01243866,00015732_032.png
0.14227596,0.019945787,0.9512851,0.64970994,0.073787935,0.015824383,0.21173768,0.0066138795,0.14341691,0.08155132,0.0073023355,0.016436579,0.44833624,0.008196127,00017036_026.png
0.02780797,0.0043673906,0.004916689,0.00678891,0.007935408,0.105006866,0.026161345,0.008783234,0.032622296,0.011284237,0.042267743,0.015295958,0.008280051,0.010868925,00018245_004.png
0.0049448293,0.009189756,0.0030878978,0.0054241153,0.008237956,0.006696551,0.009255477,0.010000151,0.0048694317,0.008236355,0.007270872,0.0061176214,0.010670768,0.0043465444,00016068_000.png
0.015192137,0.009514209,0.005727485,0.006779916,0.0072161597,0.008136722,0.015335684,0.009004139,0.008833537,0.0050043613,0.009434997,0.0075290045,0.011264024,0.005920564,00018191_003.png
0.008255428,0.28113747,0.016931977,0.5028087,0.0052553327,0.1391276,0.028887939,0.010829481,0.13209608,0.46117646,0.006533784,0.012963452,0.015438673,0.0128790885,00015605_024.png
0.039041415,0.005925042,0.36018893,0.07444884,0.015995502,0.007944666,0.024840182,0.8991187,0.21823496,0.01255324,0.4469081,0.0106129935,0.093874075,0.010091953,00016797_014.png
0.008489633,0.004672315,0.0039088354,0.028215215,0.022163238,0.10875099,0.08356494,0.009126353,0.023398103,0.0062212897,0.009007058,0.065116994,0.014564855,0.011487869,00002529_004.png
0.03860092,0.100752555,0.22734728,0.041983165,0.012531248,0.08771864,0.037350472,0.024202352,0.009453563,0.0054947045,0.028346082,0.2084643,0.122127734,0.0065585426,00015719_005.png
0.041471038,0.003769824,0.15034398,0.1998993,0.86241305,0.026690392,0.058436166,0.01438646,0.041553684,0.0056218994,0.007829234,0.020893821,0.16972786,0.016562968,00011925_074.png
0.017111693,0.021155547,0.006095548,0.01042002,0.008059742,0.014829642,0.03830444,0.010815729,0.010477398,0.05695398,0.0086549185,0.01317751,0.04025486,0.010534363,00019940_001.png
0.049357876,0.009749832,0.027852334,0.061636955,0.004439679,0.022472985,0.028887056,0.1143045,0.003937888,0.012206896,0.060001794,0.059950706,0.072783165,0.0065099047,00003400_002.png
0.030856393,0.0071910066,0.020703297,0.0069946353,0.005050503,0.10005966,0.016623473,0.28046942,0.04796842,0.22021538,0.08827451,0.018260248,0.018933734,0.02034574,00003028_074.png
0.065868005,0.014680096,0.15177979,0.73559123,0.007957078,0.026754862,0.1552098,0.15772736,0.0841845,0.09669575,0.007975607,0.029853463,0.060769286,0.009920341,00011237_005.png
0.7184773,0.009900064,0.07053466,0.2158226,0.019393006,0.010664231,0.097937584,0.049907234,0.01700113,0.007070357,0.9877145,0.0048016408,0.016006187,0.005938403,00014773_003.png
0.016738063,0.0059452974,0.020365642,0.1270479,0.03646845,0.007954782,0.02180235,0.0039150896,0.011363921,0.006650815,0.013558373,0.9722559,0.07218456,0.011157315,00007894_006.png
0.041609388,0.001966491,0.0037395696,0.050139584,0.16935922,0.007990814,0.032105234,0.0054529794,0.041751325,0.0062319594,0.24533242,0.04714308,0.038468856,0.0282968,00014607_003.png
0.00906129,0.019022712,0.00950968,0.034545194,0.05614146,0.0076482226,0.031204944,0.021195093,0.050216492,0.009882912,0.011605263,0.0054556457,0.009611717,0.0077335075,00004649_003.png
0.079523146,0.0044783587,0.066332296,0.19045675,0.92988855,0.25621203,0.010236063,0.012833871,0.013941347,0.006957771,0.039523456,0.034734346,0.7009255,0.012589856,00007772_000.png
0.67022735,0.009522462,0.48001358,0.046662726,0.023162035,0.022884034,0.1456007,0.01451193,0.028799279,0.018132916,0.27671972,0.2079542,0.011899498,0.013398905,00016119_001.png
0.13803951,0.008737335,0.009323507,0.024474218,0.020548955,0.0772387,0.048575945,0.015243179,0.019064138,0.008411995,0.01784842,0.569394,0.012231501,0.03877065,00012053_002.png
0.027616004,0.011765418,0.00790077,0.09915277,0.2481874,0.030740708,0.109468915,0.0045157797,0.0440434,0.073901154,0.03307639,0.010928041,0.011051035,0.02082559,00015266_006.png
0.017661331,0.005048946,0.0052646864,0.01175327,0.008679521,0.01340668,0.029107105,0.053635135,0.02089315,0.005187254,0.02180984,0.05230804,0.041287538,0.009059672,00004237_000.png
0.009347271,0.005167714,0.00284967,0.06983025,0.019937908,0.021688478,0.021280056,0.01068263,0.0050779986,0.014563049,0.009783118,0.009821524,0.019255241,0.008432352,00006294_002.png
0.017844828,0.0064755105,0.007847286,0.21722563,0.03973792,0.013146926,0.07206175,0.019894958,0.011672027,0.010415433,0.019654062,0.6702982,0.39597654,0.014768253,00015279_002.png
0.013495877,0.008371926,0.26312855,0.022126626,0.07731646,0.025398362,0.063565955,0.0051184837,0.028591113,0.56418467,0.01143038,0.008021075,0.008385682,0.010678428,00017207_018.png
0.049709033,0.9072617,0.14087212,0.89668477,0.024098327,0.046095848,0.02484428,0.03933616,0.043880437,0.015140046,0.012540297,0.030399164,0.053357705,0.015910618,00000398_002.png
0.00962605,0.008049787,0.44376722,0.059550572,0.011265017,0.048287906,0.0059321066,0.08115097,0.13996674,0.01120815,0.004781921,0.025030969,0.3909163,0.0064231046,00010007_066.png
0.024735397,0.00844623,0.08145238,0.97685266,0.06599197,0.027645135,0.034956876,0.13434094,0.018967072,0.13171872,0.070003696,0.032055978,0.02073391,0.0060817203,00017753_023.png
0.17581318,0.20962569,0.08595964,0.6662758,0.01345111,0.052203838,0.022978066,0.0663024,0.646082,0.034560736,0.011773132,0.03101325,0.01098027,0.011557773,00017605_007.png
0.02532246,0.006848054,0.004410193,0.02741112,0.008990351,0.010511014,0.012130189,0.65271825,0.00639256,0.031777784,0.17808945,0.010153763,0.011181425,0.00726384,00001006_009.png
0.010333046,0.0144477375,0.0020344432,0.022810996,0.008368202,0.12790951,0.00969369,0.008388985,0.04026487,0.0052142106,0.022876738,0.006645736,0.009411695,0.009962275,00007500_000.png
0.007819846,0.019584704,0.00943817,0.052699268,0.008275244,0.010822822,0.017345982,0.0132742375,0.032423045,0.96331203,0.023146955,0.007883991,0.0035537367,0.010725474,00012310_003.png
0.25145343,0.15402839,0.5471279,0.12423939,0.26724875,0.021526348,0.012188965,0.3741121,0.030999575,0.008146781,0.045461234,0.011936396,0.53422356,0.045674924,00008451_016.png
0.095741324,0.01639322,0.053373475,0.08687544,0.01171553,0.0029337422,0.040957294,0.74404144,0.006255097,0.0053532603,0.45312274,0.0077841477,0.08558336,0.010569148,00003053_007.png
0.06111464,0.012718278,0.009567787,0.21929586,0.09311102,0.020388221,0.13046241,0.0133083435,0.025826318,0.015420722,0.02574969,0.042746384,0.00584856,0.017026862,00014320_044.png
0.025247078,0.0049739107,0.04305728,0.10774046,0.05807043,0.118058115,0.0092966305,0.02978022,0.013591128,0.008960203,0.03837144,0.19765367,0.97273713,0.0132427085,00006404_002.png
0.469185,0.013183534,0.022742799,0.13676806,0.30701563,0.01493019,0.011494428,0.023951812,0.012541395,0.016058076,0.90097386,0.009696917,0.012183477,0.018356944,00012891_002.png
0.036853485,0.008082621,0.073035955,0.06601995,0.041457847,0.0066630486,0.020175848,0.06682697,0.14254594,0.18763839,0.021111785,0.0073453435,0.38108838,0.009404945,00019935_002.png
0.020354938,0.005403508,0.021687634,0.27874178,0.04777114,0.010719925,0.022942878,0.9702148,0.01962366,0.010116845,0.04010561,0.037378334,0.21969265,0.008044153,00007670_028.png
0.026374716,0.011400397,0.008723709,0.049506925,0.14429216,0.038470425,0.015190975,0.57194847,0.018843,0.019344684,0.31028932,0.0079669,0.0079070935,0.013834077,00003658_008.png
0.2425443,0.019474674,0.33113676,0.88349366,0.009537046,0.041849654,0.029752178,0.0038580196,0.060774725,0.030580044,0.11007541,0.81925386,0.022302935,0.016598228,00001836_110.png
0.013986933,0.0036880209,0.006057132,0.07784884,0.023704883,0.14577213,0.010487913,0.014346656,0.010850464,0.008745181,0.015245027,0.98625666,0.045154143,0.0068348898,00018294_001.png
