Atelectasis,Cardiomegaly,Effusion,Infiltration,Mass,Nodule,Pneumonia,Pneumothorax,Consolidation,Edema,Emphysema,Fibrosis,Pleural_Thickening,Hernia,filename
0.02415859,0.02782675,0.025351578,0.33382303,0.041307323,0.17999573,0.022762837,0.008809061,0.020045131,0.01578911,0.018842319,0.9376141,0.012246921,0.024525797,00014584_005.png
0.0036603734,0.017032124,0.0107848365,0.02183402,0.017860897,0.05915005,0.010069157,0.010094893,0.036619715,0.018252777,0.008613271,0.024131006,0.058847904,0.021555308,00009864_001.png
0.028157927,0.9820692,0.4100179,0.5422714,0.012681847,0.013222132,0.066217154,0.005558888,0.2600766,0.29161862,0.006568377,0.04761085,0.018486915,0.008838231,00000211_041.png
0.46511173,0.0022364024,0.0940941,0.62580734,0.02053135,0.00743539,0.049327593,0.022526788,0.17370822,0.12132301,0.009346737,0.0056351684,0.027881691,0.006740841,00012045_005.png
0.27794236,0.012118988,0.02420448,0.33345994,0.024332317,0.07508807,0.04339066,0.017681437,0.013451104,0.008505582,0.0047013857,0.83323497,0.0042737788,0.006030283,00003460_003.png
0.026829675,0.0073481454,0.0053809322,0.18687731,0.048006363,0.024412163,0.006978623,0.2735757,0.048660554,0.0061778626,0.051287,0.4272925,0.074649714,0.014820095,00008009_017.png
0.036177095,0.010856132,0.063923076,0.024819786,0.011155569,0.009572351,0.025986895,0.029536134,0.006140036,0.011966666,0.87064344,0.050152075,0.12983698,0.020204991,00005140_012.png
0.047451716,0.0044223233,0.006450516,0.23689412,0.03752908,0.0263654,0.021338336,0.065033674,0.047765255,0.007690922,0.5304651,0.09425671,0.014050673,0.008494009,00012892_007.png
0.09157581,0.006728726,0.009746218,0.0039815702,0.087091364,0.026725477,0.014016879,0.4351251,0.020914042,0.005006627,0.04643404,0.011657058,0.018721864,0.0127789695,00007676_001.png
0.4988899,0.35227925,0.028423667,0.09764139,0.013760131,0.64540046,0.025947105,0.012768687,0.025969036,0.008993504,0.02145066,0.02141716,0.021928487,0.017015638,00007218_005.png
0.19744517,0.030237364,0.005513186,0.13668886,0.09876087,0.14555891,0.13382629,0.027352363,0.007598412,0.013599615,0.30378684,0.011536095,0.034544677,0.2251981,00006713_017.png
0.010118722,0.0033822847,0.015353572,0.079033844,0.01468053,0.08863252,0.010811568,0.006314679,0.01855747,0.009920468,0.008469123,0.027395694,0.016738085,0.007960703,00001720_001.png
0.012114969,0.004342118,0.07738977,0.051039957,0.012491128,0.01297648,0.019600006,0.008188661,0.23686141,0.5514201,0.014958371,0.02052357,0.022118397,0.010030934,00016508_013.png
0.013285378,0.034403972,0.007226644,0.011257934,0.0179308,0.025019098,0.0063299323,0.01658788,0.0074550877,0.0069835493,0.0077898297,0.02592198,0.014605146,0.0101089785,00004003_000.png
0.04843046,0.029843796,0.019819682,0.044332467,0.028565425,0.016013512,0.014523044,0.011604799,0.0069859307,0.0083527565,0.012576573,0.03382743,0.021323698,0.93386424,00000942_002.png
0.0879689,0.01719122,0.03834392,0.10487075,0.08028924,0.032932304,0.22655971,0.004913727,0.028077196,0.007013399,0.0789523,0.58676213,0.19122587,0.058595035,00015171_019.png
0.013585907,0.012772614,0.006139352,0.55708855,0.014877285,0.13235936,0.095723465,0.012384957,0.18421905,0.9201394,0.0029430967,0.013243929,0.027661065,0.012594344,00002437_025.png
0.0139788985,0.0073640407,0.0050279466,0.021378752,0.012979534,0.02081584,0.004983279,0.009687553,0.044019464,0.010197193,0.00442825,0.010413281,0.015200893,0.01082414,00019680_008.png
0.033695098,0.012809475,0.007575022,0.05137692,0.006109683,0.031985067,0.5071852,0.020013666,0.012494453,0.07189222,0.11642476,0.017062351,0.030622175,0.016726138,00010693_012.png
0.121690035,0.13460317,0.32591474,0.6346364,0.079154834,0.16655073,0.01718241,0.22972916,0.17468956,0.013650606,0.018859312,0.2718071,0.0890972,0.014576284,00005759_005.png
0.005047784,0.007776374,0.011378073,0.23548107,0.009078107,0.0066663534,0.047739927,0.048830234,0.02077836,0.0207949,0.013590681,0.7578965,0.023980154,0.011452882,00013429_003.png
0.13349311,0.9857062,0.06763623,0.17175093,0.022282632,0.009280675,0.023442049,0.0078333095,0.020131873,0.01680895,0.014034598,0.024410658,0.016145457,0.008373085,00006481_015.png
0.010889906,0.006758868,0.066560134,0.8173933,0.05598261,0.22244589,0.00975815,0.056308847,0.0745226,0.04010634,0.007950997,0.6516384,0.11814284,0.011830366,00001836_054.png
0.022818793,0.015138634,0.1873493,0.47241378,0.024944723,0.0062389355,0.028833877,0.58239543,0.026976394,0.021324802,0.050443567,0.023818735,0.5233951,0.011710528,00014022_083.png
0.03805757,0.0147613725,0.008308377,0.007230994,0.009134864,0.035535358,0.018097624,0.010172034,0.01437999,0.025290158,0.013939743,0.009507413,0.008591328,0.03638287,00008694_001.png
0.016007584,0.025645506,0.60506874,0.47172797,0.05061359,0.10933785,0.038417283,0.009868578,0.0230875,0.9166167,0.028682258,0.040848862,0.05022504,0.01881502,00016399_021.png
0.012057969,0.0091537535,0.0119911665,0.77083933,0.03091732,0.0104480395,0.0141590675,0.0036270514,0.23274562,0.044642072,0.006007894,0.009008139,0.011550813,0.00766202,00006991_003.png
0.054014716,0.011175686,0.013207736,0.88487214,0.005302043,0.123860806,0.03761465,0.8220117,0.012350582,0.016653683,0.12968232,0.015931355,0.025188565,0.0084056975,00006605_020.png
0.24450213,0.017784687,0.02997718,0.09816048,0.026236048,0.024693971,0.019943584,0.028438233,0.0135059105,0.026047938,0.98651683,0.010574105,0.013723217,0.012714757,00016410_051.png
0.01535368,0.010545169,0.0066087935,0.010189343,0.005795571,0.028465467,0.039813567,0.008994116,0.006801499,0.0051158816,0.010959815,0.020993123,0.004312249,0.015754033,00001480_001.png
0.26629683,0.005792173,0.186917,0.11659884,0.018418735,0.013396006,0.011223813,0.95245504,0.01225246,0.007872323,0.073990755,0.011455263,0.02680991,0.0070347274,00009349_020.png
0.5386245,0.013656508,0.009742529,0.010201343,0.007484586,0.019710977,0.060244348,0.011098454,0.021661887,0.004576142,0.15496252,0.5854135,0.02949627,0.0103548085,00018379_008.png
0.01255129,0.0041374187,0.019567184,0.27748752,0.009887929,0.12263292,0.025220422,0.0034411657,0.16345403,0.09620766,0.005901024,0.023197282,0.006606631,0.008567167,00001684_006.png
0.009531902,0.009923208,0.021628516,0.0024442552,0.04017945,0.018183868,0.009453568,0.00733576,0.007121952,0.006397046,0.0034804244,0.006882115,0.012057556,0.0072690756,00006338_009.png
0.089017436,0.01164229,0.025951812,0.108433194,0.07812333,0.011292253,0.023144336,0.71095407,0.01868422,0.014049942,0.9923924,0.016684992,0.11415865,0.010530269,00003945_003.png
0.053040553,0.0057916245,0.035055894,0.41237617,0.033830576,0.014379327,0.036874954,0.014928647,0.62421477,0.21784501,0.002991809,0.008484067,0.09508439,0.0059660887,00013527_004.png
0.2418086,0.5753148,0.06900035,0.7721635,0.060051206,0.009173795,0.057864875,0.0067293122,0.018280352,0.23573385,0.018531932,0.011149754,0.013514051,0.019115103,00005573_004.png
0.014149554,0.006771838,0.023215532,0.88663304,0.14694132,0.63120216,0.010571646,0.018220153,0.022697028,0.076612815,0.007327844,0.020938829,0.022405874,0.0075382814,00005793_004.png
0.0034617418,0.01161028,0.007190561,0.2076143,0.02550561,0.0062749134,0.09261356,0.0109096365,0.13962297,0.0541057,0.008299271,0.015684793,0.09187647,0.0088447295,00003426_017.png
0.1859725,0.017501127,0.03842512,0.0075415107,0.011846064,0.016616778,0.035755366,0.031924274,0.013544432,0.010570578,0.046215184,0.7131897,0.10560918,0.022254134,00002451_007.png
0.031458165,0.012635361,0.09475628,0.10401743,0.04356195,0.033500817,0.010316686,0.8509858,0.0088922335,0.0072755404,0.008305828,0.008614904,0.017764665,0.010285782,00007830_003.png
0.8445915,0.0063433773,0.16153383,0.16968822,0.020528305,0.03208245,0.066003025,0.011761936,0.6056391,0.018975466,0.015578828,0.023876498,0.008237917,0.015385966,00013993_117.png
0.019426936,0.98110116,0.16246323,0.29266974,0.011729374,0.013525676,0.0422799,0.011526042,0.024498833,0.029341014,0.028629618,0.026722556,0.016683647,0.008132143,00010388_001.png
0.8462267,0.008757466,0.08778233,0.37634,0.20211269,0.014541515,0.01905664,0.5427248,0.05226918,0.008797244,0.040787477,0.010438646,0.08730889,0.013511388,00008232_014.png
0.02694368,0.014769169,0.80413073,0.13645914,0.6765495,0.047310088,0.011078877,0.19799611,0.08129454,0.023155697,0.01893442,0.034272667,0.60044694,0.0113264015,00009354_000.png
0.04963301,0.056666166,0.029569604,0.07282607,0.026785187,0.021479027,0.008085198,0.030189298,0.029192565,0.004009042,0.004328482,0.015949324,0.008914964,0.02420751,00008222_000.png
0.61612296,0.01452974,0.05099307,0.15080729,0.03419685,0.007199948,0.0081902845,0.031364705,0.10110145,0.009640556,0.006376612,0.010205003,0.036649864,0.0076520126,00019967_014.png
0.011985055,0.022871222,0.041886706,0.967683,0.014620657,0.008498111,0.035685286,0.017700015,0.077601835,0.3208265,0.0062946253,0.013345186,0.009017411,0.007828316,00018187_068.png
0.21021388,0.01604372,0.56443274,0.093963236,0.05956057,0.34365666,0.010004858,0.15613517,0.016139012,0.008531249,0.07391557,0.008765472,0.8977273,0.0073815277,00005506_000.png
0.007377235,0.010360698,0.01410905,0.09893704,0.025330069,0.016706044,0.026376402,0.015494734,0.015381588,0.0151509,0.59930027,0.0062064603,0.15129167,0.012438361,00010995_009.png
0.13198343,0.16796793,0.009172049,0.00646236,0.0104992315,0.0104696145,0.028993776,0.0123659745,0.018862886,0.015447875,0.0067595304,0.0111196,0.014016801,0.016387392,00004169_000.png
0.022233393,0.020966325,0.04133698,0.049800314,0.01858769,0.35893825,0.119788654,0.0031111017,0.039974663,0.01602268,0.11209257,0.005160935,0.02201561,0.018344669,00010365_009.png
0.04259695,0.0030648415,0.009908916,0.42858064,0.32038355,0.1088436,0.019306403,0.46411794,0.018375136,0.023430903,0.011863844,0.019144857,0.00475116,0.0120432675,00013508_000.png
0.0097796265,0.004515081,0.007046015,0.033721216,0.12321403,0.011019514,0.015010899,0.008865014,0.018973408,0.0050586034,0.005137866,0.019096775,0.046661202,0.007874449,00009658_002.png
0.31357,0.0073196176,0.21626407,0.09957829,0.0068380693,0.006547535,0.014453848,0.28297523,0.040569197,0.0061405157,0.11173651,0.019157263,0.02278542,0.008684864,00008376_000.png
0.93244797,0.022432927,0.032047,0.063724995,0.22074741,0.023167316,0.2433156,0.021764876,0.08648625,0.005503678,0.015016378,0.05727702,0.02333837,0.017278066,00007007_018.png
0.32472184,0.01293965,0.10783923,0.017027656,0.07909188,0.03633561,0.008111811,0.08743588,0.018773088,0.008006164,0.9661189,0.039205022,0.047253996,0.014482542,00002323_002.png
0.004157102,0.012662153,0.15152107,0.0954432,0.013720203,0.01544018,0.02455282,0.11174155,0.011434412,0.03366465,0.30129534,0.7315355,0.0354804,0.019357469,00012014_005.png
0.10370649,0.007680987,0.02292778,0.031112311,0.023222968,0.010853822,0.019976355,0.008891712,0.018926969,0.008215048,0.023984617,0.80878735,0.026393294,0.028284298,00001386_000.png
0.021754574,0.005796459,0.062492803,0.028067276,0.022292156,0.034551732,0.006024533,0.076045126,0.018994983,0.011239748,0.062845096,0.10046409,0.4753582,0.02470568,00001756_000.png
0.07943727,0.0112719815,0.04276844,0.20543785,0.00964225,0.3923379,0.014075839,0.009644417,0.025893398,0.012288076,0.01302448,0.7868146,0.08620619,0.013319587,00012380_000.png
0.044670265,0.026081517,0.10518605,0.13701,0.06723416,0.035978038,0.008115556,0.29551437,0.0076064127,0.012022452,0.9969163,0.009197183,0.033807676,0.0063356548,00000013_001.png
0.09106359,0.041679762,0.91207594,0.09274253,0.12823454,0.048431717,0.027681626,0.007264504,0.027025484,0.023901075,0.14574872,0.7134911,0.08819021,0.013107275,00012804_000.png
0.037229113,0.035456225,0.050370097,0.007290641,0.01438903,0.04877632,0.02459685,0.006653506,0.0075460905,0.006878466,0.020401105,0.014289549,0.015706731,0.016340336,00007916_007.png
0.04093334,0.012002362,0.02286384,0.023579009,0.042093758,0.068504244,0.0075092306,0.8851366,0.010858446,0.011172314,0.86996573,0.017994352,0.012656754,0.0151502965,00008566_008.png
0.008571457,0.018340977,0.012446194,0.8382107,0.036412377,0.04809234,0.33531427,0.010924291,0.038883977,0.750511,0.015679082,0.008837575,0.014705637,0.011784715,00018972_042.png
0.02187349,0.88147193,0.023519224,0.21271496,0.012135446,0.019241538,0.02915587,0.012206764,0.046491925,0.02421948,0.026570072,0.012672494,0.018567558,0.010653456,00007551_016.png
0.01652266,0.012707366,0.01011462,0.020938788,0.42918554,0.039981555,0.009966961,0.010813724,0.09424989,0.0057826797,0.011274102,0.09605484,0.017448934,0.013159751,00016508_044.png
0.0076994523,0.08250511,0.009953105,0.18550171,0.009619982,0.07690654,0.08533923,0.011641336,0.017847586,0.08879807,0.023288393,0.0073962896,0.006154357,0.011097533,00001255_030.png
0.004001281,0.010139951,0.012521092,0.22910164,0.017669573,0.035546638,0.025278445,0.0074964906,0.0530994,0.008881792,0.0024736028,0.032299373,0.24384712,0.009873253,00001992_013.png
0.016483366,0.005364723,0.0091897845,0.45095825,0.01709477,0.2361068,0.08240515,0.049678206,0.022268321,0.37112486,0.015338088,0.023476548,0.0058532977,0.011903003,00013377_018.png
0.013168436,0.0042374064,0.007355346,0.053369127,0.0059873075,0.058943626,0.010443086,0.011157473,0.012216116,0.01359049,0.0062089493,0.008498889,0.0056335335,0.013808242,00008734_000.png
0.08206892,0.11227722,0.06589516,0.023239207,0.9685108,0.020722061,0.01666222,0.01848644,0.013734321,0.0066700904,0.02473514,0.0323592,0.048943248,0.019956958,00009848_000.png
0.084927626,0.013053572,0.01385756,0.030010043,0.037399083,0.062066235,0.030788908,0.010579415,0.013583282,0.0032636048,0.09085462,0.12932724,0.78322166,0.009976018,00015375_009.png
0.049702164,0.0047819526,0.009214157,0.855157,0.005098502,0.05527022,0.24071634,0.20789337,0.016207037,0.044086974,0.016034497,0.013166008,0.0147530325,0.00853636,00013310_014.png
0.008315354,0.013945858,0.010380023,0.008150156,0.009151648,0.16369627,0.008117372,0.084450975,0.03172787,0.043588772,0.008119519,0.020487536,0.01224778,0.04082323,00012087_017.png
0.043483805,0.006785733,0.008172821,0.085891336,0.012211416,0.021489587,0.017419137,0.01813407,0.0136990165,0.008410658,0.031924002,0.89920455,0.015747698,0.010213455,00016434_001.png
0.028198685,0.032955687,0.0687664,0.052531414,0.009173739,0.013669398,0.053104572,0.04202406,0.013570086,0.013209098,0.06533565,0.025079066,0.23921806,0.006319388,00010335_001.png
0.01504044,0.008746629,0.012211347,0.0067171934,0.07565435,0.79199535,0.006259438,0.02043857,0.010206106,0.011692756,0.017893203,0.012377739,0.037453417,0.012536624,00018819_004.png
0.04201447,0.016212802,0.023522083,0.020371288,0.010358825,0.009931424,0.14970823,0.012453488,0.016079728,0.025914215,0.019529456,0.700373,0.017201511,0.01509865,00013249_056.png
0.108966984,0.23326379,0.56615996,0.1863583,0.05105218,0.014862219,0.03734515,0.02133033,0.5285684,0.09495932,0.05318459,0.036867395,0.095306695,0.013694527,00002090_004.png
0.2946773,0.0042699487,0.19225001,0.45695966,0.011297678,0.058402818,0.046438728,0.021788439,0.20649768,0.0223209,0.016238835,0.0055077747,0.010886332,0.008339256,00018360_026.png
0.012588884,0.006129976,0.018234903,0.01001125,0.082969286,0.016936328,0.00680283,0.004260172,0.021952268,0.015185526,0.0027910357,0.024616932,0.006824711,0.006396001,00009811_000.png
0.07972098,0.009318887,0.075643584,0.09561293,0.40167758,0.011894152,0.0051848507,0.009324937,0.38429335,0.031912338,0.011557191,0.011848296,0.012481293,0.009216369,00008371_002.png
0.05542356,0.013757834,0.02227316,0.07521828,0.030561227,0.017464368,0.019967621,0.6903863,0.02033602,0.01258554,0.9793671,0.04237048,0.102616034,0.012690783,00003945_002.png
0.02059523,0.014529891,0.116064884,0.031061364,0.44647652,0.09016113,0.013581204,0.08094168,0.0057000723,0.0055624815,0.076938316,0.0186906,0.038684532,0.009428728,00008561_007.png
0.008171005,0.0072948867,0.107826516,0.13782255,0.018813303,0.016842302,0.011652726,0.5949384,0.009692184,0.0075500277,0.014553821,0.13043241,0.24372113,0.0074715978,00012437_000.png
0.10582459,0.0077634775,0.41949216,0.018470017,0.014701333,0.15389982,0.019936398,0.037471253,0.15221089,0.017195748,0.00515452,0.026411783,0.03885771,0.009332126,00009358_001.png
0.10657501,0.96997976,0.0976255,0.32769972,0.010951548,0.007079116,0.049150944,0.0062866095,0.21585803,0.06919158,0.027033,0.01591819,0.042921957,0.011866202,00006808_007.png
0.023610054,0.0060808095,0.011077843,0.090363786,0.015041781,0.042969767,0.01161046,0.014379916,0.8239344,0.00794399,0.015212656,0.018038575,0.026965369,0.008171832,00010433_010.png
0.10343154,0.0064724344,0.035133522,0.3176948,0.015889034,0.03799129,0.11668391,0.00294969,0.05183588,0.0060603763,0.014062471,0.53049237,0.078296736,0.022290047,00015765_000.png
0.021629363,0.016077962,0.0070682485,0.012648861,0.015486278,0.08950272,0.23076037,0.006674357,0.0074676597,0.016495615,0.09675348,0.13964577,0.051121835,0.023165977,00007623_001.png
0.03426333,0.0079998905,0.01762634,0.08396817,0.025561353,0.0363437,0.006589088,0.8379605,0.03131682,0.009677279,0.81899947,0.052274466,0.05977123,0.012009189,00005460_004.png
0.008993916,0.008082923,0.020463647,0.89862895,0.007970975,0.016022786,0.15455733,0.16042648,0.044415522,0.05672098,0.010921746,0.13952489,0.017313266,0.0062934947,00013310_011.png
0.062880285,0.0146531025,0.01905004,0.05489625,0.0057317493,0.04982196,0.36121985,0.00765466,0.011666462,0.0033302577,0.023881137,0.019486904,0.035359077,0.011394798,00000218_000.png
0.02863927,0.009196479,0.036703184,0.033313483,0.033774137,0.010753464,0.022206968,0.7607648,0.027949192,0.018503554,0.4752597,0.011805859,0.009598857,0.029005459,00003028_071.png
0.005163783,0.035270683,0.0155812185,0.014075453,0.03599993,0.010835322,0.009271696,0.017168637,0.007338549,0.019500796,0.0038976932,0.013075054,0.021176329,0.013342123,00012573_006.png
0.070572704,0.03273498,0.6560353,0.014007275,0.014522825,0.026227698,0.020258795,0.019397277,0.031092046,0.17705387,0.008683322,0.013270046,0.012204061,0.026900267,00006906_023.png
0.35799563,0.28112635,0.98655206,0.07825635,0.015429115,0.011715895,0.09157947,0.041619204,0.11457378,0.25943422,0.018094111,0.01822699,0.02388789,0.013224919,00018387_030.png
0.014691654,0.018346492,0.026158573,0.042437997,0.17166731,0.09176513,0.0056157373,0.94778347,0.02068164,0.005756485,0.1366753,0.012205436,0.024854708,0.016151503,00005448_008.png
0.045725904,0.02039066,0.05707776,0.08915773,0.017674854,0.042929135,0.13345364,0.0058584716,0.029359449,0.0069008833,0.004588224,0.61421067,0.038757283,0.011060695,00010531_074.png
0.5854261,0.0029633134,0.3492931,0.068267986,0.0065133814,0.05527663,0.008304182,0.058985364,0.26600766,0.12923612,0.016232481,0.023246186,0.019084224,0.010140185,00009234_001.png
0.01573858,0.0153381955,0.030957446,0.040985532,0.004920019,0.011606686,0.022382982,0.022937732,0.0044070957,0.010710211,0.17023464,0.14131533,0.5850437,0.015923202,00005433_000.png
0.16274925,0.0067960573,0.003921108,0.036180284,0.014022595,0.01583673,0.07603162,0.012973554,0.0054314905,0.004858618,0.07524507,0.14497483,0.050076965,0.03850434,00000825_003.png
0.09004787,0.25487617,0.01725698,0.12788528,0.07878427,0.06772681,0.32553285,0.0065676644,0.11564322,0.21004097,0.0337673,0.019570068,0.044007204,0.09083113,00012609_008.png
0.03321448,0.039787762,0.15063782,0.33672312,0.03755305,0.05662683,0.02052734,0.039132167,0.011408375,0.008718506,0.050009005,0.20345326,0.95237744,0.013896157,00005567_008.png
0.047911935,0.013199088,0.021335581,0.0048717866,0.48118323,0.03289048,0.005453116,0.01820204,0.01969358,0.0066372263,0.0062566744,0.015723355,0.5778262,0.00848071,00009375_000.png
0.009347329,0.010094684,0.03523689,0.072546594,0.033649683,0.021883456,0.011416455,0.7600587,0.005723348,0.018473506,0.9768528,0.054579392,0.019147249,0.01151536,00011831_008.png
0.035686247,0.0062639783,0.008336125,0.02560819,0.0078062066,0.010292575,0.012298394,0.017927315,0.01690388,0.009688417,0.011590914,0.01550169,0.011064707,0.014743762,00002078_002.png
0.006130307,0.0053032804,0.0078485925,0.020731851,0.031476103,0.008176107,0.0046608006,0.093740396,0.035770044,0.017146878,0.0053473935,0.017733816,0.010965021,0.008272447,00011287_005.png
0.028465841,0.023221843,0.58318514,0.007676964,0.021681711,0.016113106,0.009445864,0.044747617,0.009940154,0.007712872,0.023256863,0.047655012,0.7826859,0.007251884,00010619_000.png
0.0057805283,0.0075985733,0.0060034934,0.011535677,0.0054540755,0.026071023,0.009371535,0.004166814,0.02649901,0.0126691535,0.005799155,0.008029837,0.014834931,0.011212838,00008697_006.png
0.15336497,0.010124216,0.5366702,0.7814232,0.0074299085,0.032092307,0.1298168,0.089417964,0.14837831,0.6640108,0.007158486,0.011866839,0.041372925,0.014488116,00008112_001.png
0.0073560947,0.012308574,0.021655347,0.6131594,0.018939812,0.0206953,0.014187623,0.112896144,0.115545206,0.15589878,0.009269011,0.39442384,0.024085771,0.013567898,00001836_048.png
0.014686124,0.6884349,0.018129885,0.013321725,0.020122511,0.010758066,0.013105769,0.005392403,0.023384957,0.092191614,0.0038017118,0.009128078,0.010419951,0.015905503,00005066_003.png
0.016218781,0.013735703,0.092674166,0.42335594,0.03251265,0.010703044,0.02742729,0.092776865,0.007949128,0.04133951,0.9805587,0.007911751,0.01455856,0.013046264,00001256_007.png
0.86119276,0.01634626,0.5688105,0.089811206,0.04308848,0.016919743,0.42599294,0.08540432,0.02003629,0.025348924,0.11301023,0.038533986,0.022909483,0.018149382,00017549_002.png
0.4546153,0.008810126,0.44867054,0.05566129,0.6874849,0.033189002,0.023172293,0.011655054,0.16047147,0.009359616,0.013376614,0.030635852,0.060373172,0.020808142,00005089_011.png
0.010452343,0.010313049,0.01127709,0.0147280665,0.04260755,0.01285321,0.0078781415,0.018542303,0.009896541,0.009369884,0.0076026376,0.008169328,0.008296572,0.014331553,00006147_001.png
0.01266477,0.0101641575,0.026217707,0.1081216,0.052180436,0.021352142,0.011975223,0.6272083,0.017940082,0.024971182,0.99379456,0.013978716,0.01667976,0.01056343,00006425_028.png
0.018627567,0.006423055,0.007387403,0.014804292,0.028086565,0.025461907,0.008449357,0.07020497,0.01584574,0.025950281,0.07511991,0.0103171,0.013298618,0.013121649,00020044_001.png
0.026482766,0.008409291,0.013544017,0.006171074,0.40578935,0.4283251,0.019313775,0.015628532,0.008392972,0.007790662,0.085923746,0.060058195,0.008742177,0.04162547,00005736_003.png
0.039401583,0.004687343,0.006494063,0.06804263,0.0068040313,0.008806196,0.22349744,0.027617443,0.0070479335,0.0043172985,0.035082318,0.067248225,0.1878171,0.009693332,00008042_009.png
0.5740845,0.029791744,0.38970035,0.05293577,0.7013974,0.03976559,0.015180792,0.03037911,0.16791184,0.009879482,0.8054712,0.068324074,0.12645034,0.04279566,00011804_014.png
0.0805493,0.22721875,0.010132856,0.036628984,0.02409007,0.018850815,0.022863273,0.038233485,0.08996906,0.7521588,0.008398506,0.015452798,0.021978706,0.027359314,00012622_015.png
0.009140067,0.024416251,0.009243587,0.011441841,0.07721374,0.04366528,0.0038283733,0.010072394,0.016427053,0.012812436,0.0054903287,0.0048800563,0.008434377,0.010925929,00008855_005.png
0.013332723,0.008989467,0.011709513,0.04440686,0.042020954,0.031411234,0.0073463134,0.82265073,0.014750634,0.012470683,0.78736085,0.02403756,0.038983986,0.019780282,00020286_009.png
0.019527834,0.006366936,0.008919182,0.79702085,0.052654784,0.3687797,0.022706453,0.0137216225,0.03791917,0.27796265,0.007771916,0.014298047,0.011508735,0.01000048,00009117_004.png
0.070367455,0.63260126,0.037995994,0.020552026,0.010472495,0.008289874,0.037240658,0.01685783,0.01224289,0.013822483,0.08786563,0.19368944,0.06470017,0.08305234,00009723_000.png
0.011594482,0.49583343,0.041901942,0.02846189,0.012584138,0.011690662,0.043669537,0.0041012983,0.032727357,0.037486143,0.007237003,0.010692396,0.123807475,0.015406871,00008649_010.png
0.64205617,0.018143343,0.6367652,0.17285168,0.14559034,0.52923435,0.029183364,0.189466,0.18644829,0.018249221,0.57977206,0.09197996,0.06635663,0.02996975,00015556_010.png
0.0099485,0.0061524785,0.02339787,0.6020301,0.013268086,0.24783511,0.01203031,0.26400378,0.023381814,0.02437336,0.0110936295,0.30207548,0.09343715,0.009868998,00001006_017.png
0.09935333,0.021273805,0.029567262,0.004395843,0.027500445,0.044124257,0.07159838,0.023042278,0.024761144,0.010639925,0.0048615495,0.0051319487,0.047995925,0.0074042086,00004659_000.png
0.019189782,0.031108687,0.13487332,0.06435181,0.011469478,0.023898955,0.017035492,0.47023255,0.007980475,0.010077573,0.87141675,0.032575667,0.08519497,0.012559448,00011544_003.png
0.043761346,0.006441523,0.008065317,0.028587611,0.034606148,0.042922113,0.022915727,0.015985345,0.011265399,0.015833847,0.004351355,0.00944913,0.005209452,0.0145158935,00002194_000.png
0.008715008,0.0078056087,0.0085968245,0.027198132,0.019917723,0.012010451,0.0079561295,0.008582073,0.0075669433,0.0119154155,0.006183852,0.010503697,0.00779875,0.0130933225,00001855_001.png
0.013444309,0.01898872,0.022849774,0.029059097,0.030442322,0.018940577,0.015425255,0.010567712,0.014136828,0.012969928,0.02964059,0.030475408,0.9169867,0.010924914,00004571_017.png
0.017724756,0.011687986,0.019980721,0.009443405,0.013060442,0.01589467,0.021691747,0.07119978,0.035164643,0.006573043,0.07924535,0.095479935,0.3811736,0.009939787,00002081_002.png
0.008190795,0.009034673,0.00828437,0.010308377,0.052095752,0.010367687,0.016131168,0.42342368,0.014682731,0.034878165,0.043821976,0.015737442,0.008137568,0.019905029,00009934_000.png
0.07148194,0.0067696865,0.02639888,0.18529731,0.53723717,0.037970807,0.008353167,0.71941996,0.083749205,0.0068447147,0.0146343745,0.027496377,0.15973087,0.013893961,00001170_027.png
0.005018597,0.007496185,0.0046629226,0.015344261,0.04906049,0.15217061,0.0052640573,0.0065693073,0.032350298,0.045656834,0.003521947,0.009651917,0.0074189524,0.0114571415,00006585_013.png
0.45038712,0.011124309,0.029750304,0.14613907,0.047467347,0.014831092,0.009224567,0.80929923,0.06890298,0.010562289,0.60533774,0.047036596,0.47459367,0.014301965,00001248_003.png
0.04053984,0.007976863,0.07101403,0.042341065,0.5259776,0.07811645,0.0054261945,0.045935933,0.023417348,0.011553787,0.017277524,0.28114277,0.03718219,0.009709298,00009451_005.png
0.026963376,0.023818837,0.32725024,0.8517654,0.035166528,0.013060566,0.4280192,0.03165855,0.53531617,0.5127329,0.0123442365,0.015908303,0.022945182,0.0076174606,00011702_053.png
0.009636819,0.016620146,0.0068707503,0.011166889,0.011453454,0.010210491,0.006276109,0.0072543733,0.0155144315,0.011712576,0.005311409,0.008640166,0.010393169,0.008776068,00009573_000.png
0.17130548,0.008088353,0.004376696,0.0133842565,0.010960305,0.018230818,0.15833105,0.021924652,0.009197026,0.0057825265,0.024084317,0.31537306,0.024971059,0.011982147,00015940_000.png
0.024086231,0.017267408,0.016552875,0.39145353,0.11223391,0.014903765,0.012075576,0.39072886,0.08636036,0.049227446,0.68131405,0.017279282,0.03213683,0.014269883,00010814_001.png
0.070745856,0.007354447,0.12062692,0.7981615,0.15072365,0.096096806,0.026953736,0.010014682,0.2856108,0.18073896,0.018688355,0.016949974,0.011931391,0.02401801,00014398_023.png
0.0065775337,0.033064406,0.013289159,0.12741995,0.038388446,0.0136316735,0.007468879,0.014386522,0.01878168,0.3657306,0.0046944804,0.008770955,0.010014667,0.013868643,00015034_004.png
0.026496302,0.004876392,0.011327977,0.01405465,0.07895927,0.0936572,0.0077472636,0.010399198,0.014824488,0.0048215305,0.015179629,0.032190904,0.006616506,0.018458597,00007866_000.png
0.07647926,0.81281537,0.059316367,0.07248417,0.03173786,0.09864038,0.040207688,0.015118249,0.026937015,0.3137525,0.008401132,0.010219332,0.011424643,0.020609796,00015770_030.png
0.009637957,0.01100007,0.025001518,0.13333681,0.034322273,0.012418743,0.08943402,0.012121397,0.048230782,0.9728308,0.0100479,0.009892266,0.0119652515,0.011695005,00010012_018.png
0.40204507,0.014419039,0.8850127,0.021652425,0.1393372,0.044039,0.035544895,0.51877123,0.5915745,0.021602599,0.24340792,0.026031112,0.03984442,0.012461766,00016797_013.png
0.0152943125,0.024255922,0.044228017,0.80898553,0.009476425,0.021141334,0.63379294,0.057649244,0.064614065,0.6937346,0.018141039,0.026343258,0.01700925,0.0147009,00019176_078.png
0.025541676,0.0031169606,0.0044857603,0.19887342,0.003709612,0.027683994,0.021845948,0.11084424,0.105127744,0.06619473,0.0097378325,0.01594769,0.010713293,0.010133927,00004646_006.png
0.10134799,0.015925653,0.03260136,0.55497324,0.016941711,0.031429525,0.0353811,0.008563527,0.032793537,0.07264262,0.008945501,0.01058555,0.2645744,0.011759592,00018251_008.png
0.020787423,0.012313991,0.0076210154,0.008958738,0.008534222,0.0063032056,0.015766762,0.027505638,0.007906012,0.0064512407,0.8427174,0.09492679,0.10582421,0.021986082,00002536_000.png
0.018241007,0.028475491,0.014845598,0.36765185,0.07808642,0.019460741,0.029934358,0.053437084,0.02472564,0.014938333,0.73923475,0.08819614,0.02809379,0.024407689,00005741_002.png
0.022888346,0.023917511,0.16777125,0.092292346,0.020180397,0.016183918,0.048464138,0.02006815,0.02402899,0.9513544,0.014535565,0.016270202,0.008328946,0.018478079,00017424_030.png
0.013484288,0.0293368,0.015790038,0.91519535,0.032645438,0.009626871,0.1510129,0.03670788,0.12045678,0.6016485,0.015825342,0.013334015,0.04726237,0.008464111,00014223_020.png
0.024326155,0.007474027,0.022923497,0.5317999,0.06929123,0.51116806,0.025874484,0.011302341,0.5412602,0.14199422,0.0034441412,0.04978959,0.014653125,0.01162399,00009365_013.png
0.04209162,0.00992356,0.08832722,0.6069281,0.08061982,0.014568648,0.027989859,0.93731475,0.07553351,0.013488983,0.35602385,0.0090326015,0.007869883,0.012369557,00011226_026.png
0.022061344,0.008778437,0.011792125,0.021654706,0.03510727,0.017115053,0.012468505,0.006004503,0.015912782,0.016203018,0.008445283,0.009741126,0.017638348,0.008471554,00014323_002.png
0.05698393,0.0069354977,0.047642104,0.73716724,0.16110204,0.032264285,0.6860025,0.01987005,0.038240273,0.16107339,0.02863503,0.007532936,0.07861449,0.013671224,00014717_002.png
0.0118700275,0.9390686,0.029181175,0.014736954,0.00914284,0.0085425135,0.0075271805,0.0148682725,0.048896704,0.0109926285,0.0061775283,0.007034021,0.024154026,0.011202286,00018204_000.png
0.020389311,0.016780196,0.06022468,0.24094416,0.039095763,0.052002054,0.018703595,0.9670611,0.009221887,0.01666898,0.020958263,0.14312753,0.055882245,0.013524468,00010677_020.png
0.0066648736,0.007113729,0.011089189,0.7014834,0.029126752,0.010616398,0.037385706,0.33676055,0.038538396,0.021449577,0.27588063,0.012561903,0.018677654,0.009669271,00015530_018.png
0.13167974,0.009327696,0.034782484,0.1093618,0.67985165,0.42310128,0.009765286,0.035529286,0.022650754,0.011993652,0.009305932,0.010334539,0.03508804,0.011476351,00007057_002.png
0.036440644,0.013437013,0.15363906,0.02443837,0.019911315,0.026082389,0.06781177,0.009583868,0.013163431,0.0062170783,0.008858501,0.270996,0.6295284,0.008694025,00003322_001.png
0.073651396,0.009143415,0.049025215,0.3551957,0.01679432,0.012449741,0.81188285,0.07466723,0.012357645,0.018772393,0.16305922,0.018797569,0.023256062,0.009576046,00017605_000.png
0.09115802,0.14640944,0.042058785,0.23548599,0.019959187,0.0098087005,0.030626964,0.64909697,0.11562053,0.06771224,0.013243419,0.018501228,0.04067959,0.016493505,00012622_017.png
0.007762361,0.031997792,0.0068101175,0.12233935,0.006766148,0.027119454,0.0045669638,0.0073044924,0.013217552,0.03249959,0.03638534,0.084211856,0.025827564,0.021632846,00008590_001.png
0.012471281,0.93132687,0.012619055,0.042589355,0.00968893,0.020846384,0.025836024,0.0067034503,0.016222563,0.021531228,0.06751759,0.025161497,0.021848552,0.029190883,00004342_030.png
0.01706208,0.010060515,0.013431281,0.13642555,0.022190513,0.042912837,0.25947893,0.0066645066,0.027337214,0.007526924,0.0034061004,0.736362,0.027502013,0.010759624,00008043_002.png
0.05590475,0.035109963,0.41954687,0.043333083,0.043372594,0.018449007,0.17633131,0.009017091,0.14161824,0.887672,0.012600258,0.023796566,0.021554705,0.020350983,00016732_012.png
0.06515183,0.007213803,0.07025297,0.23360406,0.017732793,0.008832064,0.009534632,0.6802128,0.009735731,0.013638838,0.99223995,0.019706227,0.039785422,0.0063412436,00019927_004.png
0.019330727,0.014741774,0.022254394,0.26456276,0.0029051711,0.08448154,0.008621728,0.0881385,0.07530853,0.024596093,0.042355113,0.36584508,0.02387268,0.017843932,00003730_002.png
0.0051734014,0.0075248936,0.010870488,0.16114563,0.021421092,0.1363377,0.013448422,0.0043567442,0.017375974,0.05136603,0.003963825,0.012852774,0.019205824,0.006366155,00004316_004.png
0.012857858,0.016808666,0.072801895,0.052646525,0.1041751,0.09513791,0.0042930315,0.060371213,0.12699848,0.010844653,0.0037576659,0.0069582486,0.022861807,0.0064132945,00002067_000.png
0.010590541,0.19734153,0.026319996,0.02826141,0.020811062,0.02677768,0.0079142405,0.011223358,0.0122834705,0.01116163,0.011733288,0.01441515,0.019221414,0.011168242,00019660_001.png
0.03162117,0.008403801,0.110514216,0.15945962,0.019081127,0.015298952,0.008234217,0.100794986,0.8564325,0.04158355,0.009264686,0.012676636,0.05577749,0.008350008,00010007_041.png
0.15249231,0.008539162,0.02275992,0.9563362,0.008326249,0.024438001,0.016985541,0.10559294,0.4215631,0.011619968,0.009670481,0.010335627,0.013747712,0.008049417,00010544_014.png
0.01883759,0.0077648847,0.007399371,0.02441818,0.007067064,0.02365223,0.00897292,0.007938088,0.022401301,0.015120841,0.010365431,0.010251132,0.0091110235,0.013805826,00001686_000.png
0.045530636,0.01833559,0.019078052,0.95211506,0.15509258,0.0689304,0.2999172,0.059556633,0.042957883,0.059343625,0.03878956,0.010124016,0.013930581,0.012595312,00017753_008.png
0.0053130393,0.005283679,0.049863122,0.02703803,0.06276908,0.018775046,0.010438824,0.01727223,0.010370007,0.0139387585,0.0047068596,0.009562804,0.017007338,0.0068485765,00010092_043.png
0.018475924,0.013921743,0.07999931,0.21845056,0.15003677,0.024547566,0.016325932,0.34232813,0.025067015,0.022387384,0.9611542,0.016022846,0.017781697,0.019190684,00002275_004.png
0.017647464,0.01555835,0.003681997,0.016274674,0.012490629,0.10041517,0.055190895,0.0065818634,0.014410036,0.0051031704,0.046925995,0.019991836,0.0088028135,0.022261102,00009587_000.png
0.33831203,0.01173059,0.013314131,0.0035309284,0.021460814,0.3663848,0.027283007,0.02297243,0.031114792,0.014004436,0.050260518,0.19884223,0.01273606,0.0107709225,00009355_000.png
0.008263012,0.00660025,0.007996377,0.012006107,0.010039323,0.019841872,0.014313148,0.010310081,0.013163933,0.0059784707,0.009628494,0.012050793,0.008584544,0.0130487755,00014519_000.png
0.009141738,0.027193315,0.08137385,0.0033730166,0.4827798,0.0064336304,0.010963351,0.011121516,0.01445264,0.007513109,0.23514195,0.019168658,0.06143153,0.021085683,00000248_002.png
0.26067504,0.012020267,0.040669776,0.009570612,0.0034564326,0.014235957,0.028846566,0.24494918,0.011778475,0.018342547,0.03508327,0.047391344,0.06592134,0.008713159,00005650_000.png
0.0051771556,0.005321884,0.007933605,0.013435895,0.009870648,0.035084415,0.007176831,0.035848856,0.008688634,0.016047606,0.0071459073,0.024424868,0.011422161,0.015885387,00014364_005.png
0.036510304,0.0064803627,0.013867274,0.00473835,0.060208358,0.16581103,0.022260169,0.060135666,0.020253455,0.010368411,0.004426194,0.021665499,0.015676688,0.008771892,00014120_003.png
0.0028924772,0.021123309,0.011197491,0.594752,0.0032963692,0.01512491,0.19749318,0.06716581,0.021455267,0.06443717,0.059422567,0.026879694,0.039122228,0.008270651,00015646_014.png
0.2746929,0.015102757,0.025800582,0.050732188,0.018804647,0.009453108,0.037000995,0.045051295,0.32915944,0.44162437,0.02100822,0.016934177,0.018881543,0.016102353,00001952_006.png
0.013177051,0.007811017,0.44377,0.05348847,0.051021744,0.053586494,0.016148388,0.002343829,0.19897002,0.012542363,0.015346193,0.015592464,0.22650889,0.010746157,00005612_011.png
0.037379988,0.015962072,0.02718745,0.006990576,0.008367276,0.009477894,0.018955562,0.010840229,0.030784797,0.021831159,0.020042898,0.0132069215,0.035579436,0.011550857,00015007_007.png
0.017058944,0.010918279,0.030924615,0.023054807,0.96916336,0.09305846,0.0046943068,0.013467838,0.016475871,0.014822655,0.011177557,0.028494773,0.034637026,0.015190968,00017313_002.png
0.02234646,0.013213897,0.04089624,0.834916,0.5546931,0.14077748,0.030921258,0.006515032,0.11342419,0.47598505,0.008637352,0.030382087,0.0070503256,0.008317434,00013670_073.png
0.098881915,0.005333576,0.15754001,0.18527187,0.058559787,0.0209544,0.009394209,0.050629333,0.18016891,0.016314456,0.00714718,0.068041846,0.010767996,0.024346009,00003426_030.png
0.007645806,0.009035919,0.006066348,0.009172799,0.021035181,0.023146046,0.008147462,0.008987437,0.008269897,0.0075718146,0.0055361358,0.007595004,0.008973835,0.008144488,00001277_000.png
0.012512481,0.0068073287,0.004023145,0.10599608,0.06834807,0.1031107,0.0110829165,0.27235687,0.05337458,0.0045107836,0.08381162,0.021405708,0.006164731,0.00907848,00010695_012.png
0.024004629,0.010441963,0.008201753,0.028057905,0.007973185,0.018206242,0.041182205,0.007444404,0.0077762706,0.014412915,0.04494814,0.6469803,0.017862989,0.0169035,00012543_005.png
0.09755026,0.030446874,0.05356702,0.008897193,0.00520044,0.00958999,0.020431971,0.027215365,0.24972934,0.0925931,0.027028838,0.04479816,0.01462045,0.01576327,00004578_004.png
0.050339896,0.49251106,0.36919734,0.93092394,0.017107258,0.010501565,0.15330823,0.033146527,0.05941436,0.5275639,0.02839771,0.009390833,0.028278865,0.01689115,00017138_023.png
0.008732975,0.014144286,0.0074231955,0.008735642,0.014339774,0.042405467,0.011245113,0.01996399,0.008298937,0.012046173,0.00558236,0.012069575,0.055958334,0.009462672,00018940_001.png
0.0120696435,0.00825506,0.0076430957,0.015743589,0.009763861,0.022987977,0.01143468,0.008760634,0.016006578,0.013429713,0.011283078,0.012641651,0.01431444,0.014251543,00004274_000.png
0.01373046,0.028676633,0.08805854,0.04805736,0.03925499,0.029424412,0.030277625,0.023474667,0.009964651,0.020070013,0.16182566,0.4070303,0.6044697,0.027890865,00017263_000.png
0.031329725,0.029431604,0.20031738,0.13525833,0.056504216,0.35766867,0.17422755,0.008296602,0.016416317,0.25306457,0.010422478,0.022456136,0.033487625,0.008869858,00009953_041.png
0.039045446,0.02876615,0.92818815,0.3120102,0.030456787,0.47105956,0.057074398,0.021190977,0.20846532,0.044880647,0.0056170365,0.035927545,0.06779243,0.007561584,00002300_023.png
0.007885125,0.022434646,0.08734928,0.02294801,0.024197223,0.011808584,0.1053553,0.005469599,0.062023707,0.56678265,0.011368449,0.012589056,0.06893504,0.011987625,00017425_006.png
0.07669,0.01575771,0.051556252,0.558509,0.015127155,0.011819296,0.056778952,0.89508104,0.062888265,0.019600227,0.9140152,0.017796913,0.038470168,0.010798886,00017747_056.png
0.014620807,0.0076879454,0.009120456,0.12572877,0.97684723,0.06064466,0.039106295,0.0075126225,0.013641845,0.007276973,0.008226183,0.022658145,0.063158676,0.012674846,00013499_001.png
0.034174006,0.07799434,0.02301029,0.83058405,0.014866198,0.019338394,0.026881116,0.00778163,0.8762056,0.105132565,0.00561386,0.022644175,0.012833284,0.0064084018,00010007_158.png
0.039848115,0.0031387245,0.065337285,0.13518865,0.9300529,0.24162368,0.0042730356,0.18498662,0.067949355,0.010514838,0.007005507,0.0073229973,0.01466455,0.008534431,00013911_003.png
0.0092887245,0.016221108,0.036322147,0.97068655,0.14146264,0.12546891,0.08001614,0.005338379,0.11927778,0.19632071,0.0064349556,0.021240432,0.008734466,0.005239831,00013616_043.png
0.041431505,0.012432768,0.10033194,0.2527205,0.008171542,0.014870032,0.013437626,0.80953187,0.013712074,0.02436463,0.6457281,0.028104428,0.4709747,0.013305319,00017972_014.png
0.025403924,0.9314262,0.20828968,0.045125253,0.024654122,0.018876256,0.019160725,0.026210275,0.010744347,0.011512803,0.012354072,0.035664804,0.08768016,0.017876236,00007798_000.png
0.021484306,0.0068317377,0.0066374145,0.011682153,0.010886029,0.013148418,0.009152673,0.009146681,0.01281708,0.008290174,0.005730551,0.014982061,0.01908376,0.008476934,00001855_017.png
0.006802127,0.007936016,0.018928207,0.193589,0.014971792,0.03554341,0.08310236,0.007403175,0.045893293,0.0196219,0.0047424757,0.0053418037,0.10310509,0.010559741,00003981_016.png
0.082829826,0.015797887,0.47233665,0.20677747,0.017342942,0.07390415,0.013046995,0.9709489,0.07485003,0.021003308,0.032922048,0.07209847,0.28569806,0.0120729245,00018366_028.png
0.011801014,0.017578457,0.12011436,0.09594888,0.009710843,0.009204472,0.03433337,0.59747434,0.033784825,0.010561032,0.0076779667,0.012739113,0.2104581,0.008876371,00005365_011.png
0.01833486,0.0096263755,0.13684675,0.02032881,0.4614774,0.02443039,0.013336311,0.0213395,0.094697446,0.020697204,0.323059,0.14681561,0.44496173,0.04054492,00013659_012.png
0.047317613,0.08107318,0.8077224,0.49773762,0.14821401,0.021328041,0.17380077,0.006931065,0.6920165,0.028121034,0.009178934,0.0120298285,0.11484347,0.006447355,00017036_019.png
0.00876138,0.0045712795,0.012550929,0.0073834006,0.75595665,0.03560245,0.0047786837,0.013800881,0.02588839,0.010063193,0.009503324,0.012195603,0.06265608,0.01022408,00016541_003.png
0.8315681,0.025476018,0.22496732,0.21347214,0.032897897,0.045309857,0.031860605,0.8467628,0.0151809845,0.011967951,0.07134023,0.020550633,0.046622247,0.016024245,00009820_000.png
0.0065118507,0.01582526,0.010410264,0.010620477,0.023588907,0.008165087,0.009981972,0.0076284953,0.019724844,0.017558703,0.007932221,0.007411737,0.007064103,0.0101347305,00002117_003.png
0.008741929,0.032968886,0.073637895,0.22832935,0.021055812,0.016212976,0.020441173,0.009831253,0.0932229,0.36679894,0.0048179533,0.06993322,0.010615317,0.0096004885,00015732_034.png
0.08240763,0.02714974,0.16283083,0.55413526,0.30350274,0.054046873,0.13533719,0.0230577,0.064605206,0.9300242,0.014473363,0.01733343,0.021923237,0.014314892,00015793_006.png
0.051838867,0.020065788,0.052577928,0.0949421,0.034016658,0.12667999,0.013744932,0.24688624,0.018315332,0.009800881,0.12640671,0.00954389,0.019519344,0.03488679,00011226_028.png
0.05176823,0.013898784,0.98761976,0.12974274,0.0135126775,0.012571469,0.044045117,0.15172604,0.010428293,0.066964574,0.022013497,0.013303042,0.07917103,0.004520805,00014253_029.png
0.013824705,0.018931378,0.0155384615,0.16512129,0.92794776,0.25337264,0.010485756,0.011781966,0.010542079,0.026901897,0.04055171,0.019998,0.02548476,0.011676517,00013312_001.png
0.047795277,0.016959906,0.8357638,0.023385968,0.021310918,0.014702109,0.019867528,0.11704843,0.007919791,0.013475486,0.012914776,0.26972684,0.16406178,0.011243135,00004577_006.png
0.041835535,0.013795533,0.22593732,0.43293324,0.24731115,0.0053849937,0.052043717,0.032015827,0.05808861,0.00788649,0.012267202,0.20287754,0.104091994,0.013879009,00003241_000.png
0.048434023,0.011302106,0.47877914,0.0485618,0.018659035,0.0071495515,0.07916194,0.031208206,0.007104304,0.012304425,0.71527165,0.07297775,0.16719481,0.01464865,00003593_005.png
0.004390108,0.015112471,0.02538343,0.2203781,0.17219837,0.06940393,0.070454895,0.009648003,0.0068353177,0.009178122,0.028679768,0.90173244,0.06757772,0.012899539,00018015_016.png
0.6178818,0.013695401,0.04384391,0.072261795,0.040130537,0.26184785,0.031896904,0.064164184,0.044992745,0.012229109,0.9180952,0.012298626,0.018260924,0.0167645,00004922_000.png
0.038073644,0.004202463,0.012195224,0.30194125,0.12927881,0.015123325,0.22320372,0.023227273,0.008297384,0.017014347,0.042571135,0.040160965,0.09520597,0.016682655,00018080_006.png
0.025503855,0.013636792,0.036028855,0.09402149,0.117076,0.03379929,0.017807841,0.8782551,0.022364559,0.019473048,0.80956763,0.02774138,0.41981998,0.017373083,00009890_002.png
0.0629518,0.006497184,0.019231888,0.5450834,0.032690033,0.020518165,0.014382465,0.0039438647,0.056989357,0.026451722,0.006595702,0.0073209032,0.030228563,0.009991586,00019550_012.png
0.028113078,0.007559838,0.016770167,0.78497803,0.047513302,0.18060817,0.05414077,0.3189604,0.018207721,0.01574596,0.08222992,0.020658763,0.018341282,0.009450929,00005593_000.png
0.12706806,0.012281654,0.012732367,0.0075375894,0.010101237,0.028478766,0.014033695,0.05150341,0.028077664,0.00851778,0.106792554,0.019723307,0.42813796,0.009455962,00010179_007.png
0.0042438153,0.008372195,0.0063915025,0.0094597405,0.015444747,0.039868418,0.009195462,0.011335488,0.009118564,0.022815214,0.013754702,0.20114559,0.45233834,0.042393092,00001081_001.png
0.121005155,0.009646153,0.02524749,0.0310169,0.060470786,0.03088849,0.0064480416,0.5426471,0.011588598,0.005959461,0.99659735,0.011722362,0.022128597,0.0075377896,00000118_002.png
0.012259553,0.15459304,0.07392,0.5128495,0.015884448,0.010591275,0.00928817,0.03516722,0.12421883,0.02624296,0.02163968,0.20262083,0.013492061,0.0070731025,00006096_000.png
0.013435167,0.018278066,0.009741876,0.007955199,0.0076441923,0.007580265,0.02070925,0.013203991,0.0049802414,0.014479779,0.0031104288,0.028621612,0.025952185,0.0132875275,00000459_017.png
0.022385888,0.015528783,0.02577247,0.22052298,0.011824871,0.0074496423,0.016962228,0.012555345,0.4490406,0.392636,0.0125072915,0.038093075,0.011308602,0.013986387,00013575_008.png
0.012744647,0.8332655,0.030156951,0.026156723,0.015240761,0.011047845,0.009891655,0.018651256,0.015878143,0.012752306,0.004916276,0.012288476,0.02040882,0.016063072,00018181_000.png
0.2013542,0.4388203,0.84605455,0.16071402,0.13937348,0.014231118,0.032447267,0.015713884,0.08470196,0.01335746,0.011862647,0.0077720187,0.021974709,0.010401363,00013615_059.png
0.015107879,0.08654498,0.026934436,0.055677924,0.009906885,0.0128881,0.0059364582,0.0087150615,0.048210412,0.039079517,0.0038808933,0.007472443,0.005006216,0.010575486,00001232_002.png
0.05169154,0.9830961,0.38698053,0.90233004,0.005522365,0.009888004,0.042768292,0.0056549376,0.069097176,0.1666272,0.008337588,0.05084108,0.03179357,0.00944822,00004344_043.png
0.004955956,0.0076629627,0.013618043,0.05366861,0.019976119,0.020180408,0.022057524,0.0036885552,0.014392959,0.009423907,0.026780037,0.05292828,0.78029764,0.010668635,00009166_000.png
0.014241243,0.013510004,0.07015623,0.07741648,0.016990947,0.010996848,0.012787763,0.26748374,0.014114363,0.119912796,0.09965247,0.029000804,0.007019778,0.011028154,00002720_010.png
0.0074411463,0.5852641,0.012630644,0.060342114,0.005717918,0.012911932,0.025805697,0.0054170093,0.0078104218,0.010079619,0.095216975,0.02143763,0.05389729,0.029210767,00000424_000.png
0.003965968,0.008668848,0.023418592,0.044870798,0.01391794,0.0061161313,0.033629835,0.022024017,0.012884114,0.012203533,0.00748498,0.013300721,0.009723116,0.01278119,00007624_032.png
0.017061934,0.22140512,0.033900928,0.7318953,0.029151909,0.15384518,0.5753087,0.009132697,0.020392053,0.021347353,0.032851215,0.08529831,0.28995273,0.01044762,00016778_014.png
0.3243374,0.025647871,0.03132477,0.027967948,0.00774373,0.021718923,0.017534612,0.00973873,0.012179093,0.013681549,0.86368287,0.25679797,0.04085258,0.019818308,00005653_009.png
0.013016642,0.004377795,0.015618748,0.6134721,0.005225878,0.07990824,0.0215052,0.032797877,0.13487221,0.2632018,0.0073526865,0.02061395,0.0048863958,0.007320048,00001814_006.png
0.029557278,0.027385078,0.010161089,0.6372558,0.0055382075,0.028710444,0.21019493,0.018526949,0.047703553,0.8504979,0.016977906,0.010662069,0.021569885,0.013354017,00001911_014.png
0.029267492,0.006983294,0.302016,0.9601263,0.02636613,0.032934144,0.06236574,0.022075739,0.3635856,0.6393711,0.009461425,0.023730487,0.00923686,0.007043226,00010773_008.png
0.06716679,0.009437427,0.024052667,0.02276449,0.010822551,0.025702242,0.009929315,0.81354207,0.01151498,0.006109393,0.9611542,0.032832507,0.038796984,0.012208098,00013111_062.png
0.023643492,0.015663179,0.019320134,0.04366947,0.013032574,0.010826504,0.017837115,0.0057216138,0.442739,0.014945198,0.0030148604,0.083240144,0.15321152,0.008363506,00016672_002.png
0.15072832,0.029661834,0.0878949,0.23097189,0.13963513,0.062120404,0.09690258,0.00874779,0.010407838,0.019531937,0.008703466,0.004166727,0.0480227,0.0130477995,00012045_032.png
0.0110002775,0.010122645,0.0076781595,0.020140233,0.013953,0.9676857,0.009766978,0.013125052,0.01539896,0.01164736,0.01080549,0.012569966,0.009158949,0.00809466,00019479_010.png
0.13733105,0.007928654,0.016987763,0.0062737684,0.1774453,0.016717937,0.010359212,0.0114033,0.13352336,0.025859946,0.0078061293,0.011617488,0.016689736,0.0073349383,00003465_004.png
0.040926393,0.007596204,0.009440182,0.72759944,0.041176997,0.06793766,0.14749244,0.008411641,0.03278604,0.75114995,0.011268448,0.0113592185,0.0073800953,0.0125752,00000652_007.png
0.0058527705,0.0038789527,0.10197399,0.9409572,0.74991125,0.08422393,0.017044717,0.20261908,0.041086428,0.16872853,0.030293303,0.013903098,0.048609145,0.0067070965,00006425_024.png
0.89612,0.0054779886,0.18338127,0.07075977,0.24557637,0.037054762,0.13315581,0.027747067,0.66930574,0.012134885,0.058437794,0.01531952,0.017647868,0.015868831,00016732_010.png
0.018666156,0.04253969,0.2963273,0.79058903,0.009233885,0.02617664,0.6783058,0.040984415,0.03288595,0.2191505,0.038511094,0.01088792,0.035230264,0.016184352,00017138_044.png
0.010074253,0.013505777,0.029389175,0.34453493,0.26382196,0.057315327,0.011853304,0.031835265,0.033543486,0.8119722,0.01440183,0.013402763,0.035321716,0.01359375,00004911_017.png
0.0075358343,0.0065149027,0.009787646,0.015654895,0.019150697,0.011122191,0.009493248,0.0077878567,0.010537032,0.018491425,0.004064814,0.010428962,0.010622732,0.00897412,00019098_000.png
0.06464252,0.018665755,0.06563669,0.26332423,0.039475486,0.10413836,0.090688646,0.06271252,0.026232447,0.0044047716,0.28504524,0.005362887,0.009107201,0.010389692,00008154_000.png
0.04150876,0.02786749,0.1405375,0.93641543,0.055581156,0.021168929,0.042082544,0.0755426,0.05578179,0.015638482,0.068210065,0.6731948,0.43022394,0.008184394,00011054_001.png
0.15016387,0.36849755,0.63262045,0.71508455,0.005454582,0.017722689,0.039541397,0.017689483,0.06832772,0.29563016,0.08195831,0.014553184,0.02282848,0.01909366,00001301_033.png
0.010111475,0.98431695,0.03895676,0.043425776,0.0060752183,0.011985614,0.01790754,0.0037721973,0.035832807,0.009821612,0.021691535,0.007819861,0.013861438,0.009252522,00003989_012.png
0.011406025,0.009563291,0.0077763298,0.012665629,0.28277618,0.009058842,0.0073178825,0.012447425,0.009937268,0.02123529,0.0070761037,0.02191721,0.03971734,0.016083244,00008326_000.png
0.034689467,0.018039038,0.24047713,0.9148888,0.4706782,0.08675496,0.09066926,0.012286663,0.06532261,0.010748443,0.01883498,0.08728441,0.5963241,0.008069114,00001483_012.png
0.07201245,0.009737295,0.025503842,0.015135676,0.014834166,0.5235664,0.014688679,0.03177537,0.038501408,0.013011773,0.011994493,0.00823058,0.006289562,0.010821148,00007718_011.png
0.01814071,0.016895164,0.06707683,0.16995294,0.7314519,0.023686852,0.012264071,0.6706649,0.0094022,0.018392399,0.1567894,0.019044222,0.14654154,0.016578369,00014731_022.png
0.025258048,0.007119298,0.013784283,0.029050594,0.051449712,0.04798686,0.015517045,0.023717742,0.004714137,0.01390723,0.874208,0.080804005,0.0117320325,0.019111268,00005316_000.png
0.014501173,0.88836247,0.1900591,0.67860067,0.018326223,0.009618929,0.090363115,0.01967027,0.015337153,0.05203347,0.081764854,0.029279599,0.043140166,0.012896929,00001582_012.png
0.009852042,0.01108472,0.66167974,0.74385744,0.033159874,0.027510393,0.04740775,0.11418162,0.109730534,0.059348263,0.011493578,0.078627385,0.72474355,0.008289869,00014015_016.png
0.020548599,0.91634023,0.20171995,0.09995895,0.021295141,0.019838713,0.051469676,0.010856239,0.017386211,0.04079165,0.24611202,0.14962772,0.08764411,0.018669957,00006481_013.png
0.05438209,0.9385433,0.042291988,0.16901955,0.020948114,0.015032063,0.08193175,0.0040734247,0.08673276,0.042163488,0.010526022,0.018019512,0.03393396,0.015116992,00005066_033.png
0.019065583,0.005061542,0.004324725,0.14933498,0.3598711,0.02084479,0.032250367,0.013835455,0.20702185,0.00946383,0.0043614437,0.020971013,0.025636654,0.008290497,00011151_001.png
0.29286754,0.006526344,0.33432552,0.13186783,0.030032184,0.043264046,0.012712841,0.934975,0.031911697,0.014938417,0.048276722,0.015787035,0.013034352,0.01585888,00010841_001.png
0.007839701,0.014370411,0.023228472,0.06972178,0.007932408,0.01744805,0.11065253,0.014556598,0.042676073,0.7459515,0.012652577,0.013330704,0.018946512,0.012473766,00014452_007.png
0.08667148,0.011896746,0.021379894,0.07974262,0.0049600727,0.051923882,0.07108398,0.03041752,0.3934848,0.6463547,0.009393616,0.017304175,0.025288783,0.01883807,00016291_053.png
0.09371806,0.004889601,0.03274559,0.045416873,0.007380465,0.028499065,0.014756775,0.7662785,0.09495123,0.019927807,0.17839743,0.07016443,0.19773546,0.012970228,00008864_006.png
0.13544369,0.006768757,0.029513232,0.034233302,0.10194167,0.019055333,0.01582593,0.08150699,0.21514913,0.035095062,0.0111527555,0.003922676,0.47662556,0.01807489,00010007_049.png
0.87986046,0.82964873,0.06725704,0.06040031,0.019546546,0.01543418,0.02340884,0.018799381,0.034658708,0.020309556,0.014548228,0.31444946,0.07929473,0.017778233,00009323_004.png
0.051336426,0.97441,0.7037085,0.21585898,0.024491739,0.016753728,0.020028425,0.011601905,0.038983457,0.36498326,0.016250264,0.028912803,0.03267391,0.019318337,00000032_050.png
0.12283423,0.0063189412,0.03072357,0.009355294,0.008281982,0.022374067,0.06096613,0.008709754,0.51985437,0.06983128,0.007137941,0.011684168,0.01280165,0.019855931,00015732_014.png
0.024218708,0.015479089,0.034979075,0.1631118,0.047955737,0.66077256,0.18789916,0.015233349,0.0056570754,0.021089775,0.02954041,0.03102117,0.016064059,0.015121452,00003916_002.png
0.023387607,0.47025374,0.082114235,0.07006379,0.006120524,0.02328892,0.020457597,0.013540935,0.024243884,0.013902732,0.22646545,0.04927678,0.3806237,0.033641823,00005032_000.png
0.16046152,0.0048785973,0.015446771,0.01948805,0.018931335,0.030121405,0.010626134,0.1940403,0.017079104,0.004608553,0.052334443,0.021743327,0.006862345,0.019106755,00006906_014.png
0.21095511,0.23545146,0.012257511,0.01901665,0.00829052,0.020751085,0.008606348,0.01518219,0.045065235,0.009369879,0.023624517,0.015850374,0.07642801,0.022872722,00012021_072.png
0.022162175,0.017940357,0.03819711,0.16203102,0.019398166,0.0127312755,0.017738292,0.030012669,0.11055522,0.85319024,0.004101189,0.014808493,0.010114,0.011186508,00010012_023.png
0.00987281,0.29352686,0.0069146315,0.24330033,0.008647975,0.020414317,0.06656485,0.00588874,0.18880622,0.015986986,0.01641681,0.14987895,0.072520904,0.01900792,00017370_000.png
0.1571179,0.007560171,0.757562,0.024315875,0.021697925,0.025425771,0.021104826,0.4145509,0.010467185,0.029945388,0.98640686,0.0074574277,0.01539197,0.009720542,00019242_013.png
0.0209403,0.013723591,0.89448506,0.82762176,0.13503279,0.040063962,0.20376793,0.0069492557,0.14230573,0.1408326,0.007059512,0.018554904,0.008564641,0.007980023,00013993_081.png
0.25932065,0.034370042,0.95177984,0.053664144,0.0355012,0.040164992,0.007948004,0.026957564,0.06602597,0.015497672,0.12533382,0.087132685,0.51381856,0.0088862805,00002939_003.png
0.004569806,0.0041512516,0.008226133,0.06889294,0.032922752,0.022102108,0.006867238,0.002417273,0.03619925,0.020602146,0.0080055455,0.0705667,0.035546187,0.012168439,00009116_002.png
0.027003199,0.013939275,0.2862061,0.71639967,0.060433242,0.056273077,0.19486111,0.0074054077,0.055026803,0.9334796,0.01289265,0.028736388,0.029191956,0.012782466,00004299_011.png
0.10902573,0.019200124,0.04138379,0.015768679,0.2091246,0.37749732,0.016619515,0.01349481,0.0082798125,0.06314384,0.012756678,0.016645985,0.004621551,0.026266279,00002927_000.png
0.06289761,0.009235202,0.018899601,0.08150471,0.0125362165,0.02561601,0.011328848,0.017428998,0.029536098,0.0062731504,0.0076978425,0.006527689,0.0064078034,0.0073891194,00009850_002.png
0.011216983,0.0075105205,0.016641552,0.067868456,0.054436207,0.019008644,0.0066239657,0.025483135,0.031498834,0.37781134,0.036447383,0.011544902,0.006467122,0.0110826595,00005113_001.png
0.027436335,0.008397149,0.038612057,0.8960018,0.72893876,0.11234718,0.03218512,0.17294449,0.02503935,0.040200423,0.107308425,0.012009421,0.053664688,0.007525699,00015112_005.png
0.009760984,0.003697793,0.00637747,0.043913957,0.005927579,0.013111882,0.0070527773,0.1866011,0.018114435,0.0056778197,0.07094274,0.062364336,0.04713812,0.011336772,00009166_003.png
0.08749424,0.036971815,0.01115659,0.0064631742,0.013728136,0.0398382,0.014864998,0.29584965,0.013341137,0.07146051,0.12163735,0.011559445,0.03417608,0.012473138,00009638_016.png
0.051435538,0.014309342,0.6197479,0.53985965,0.055187054,0.04620139,0.010858574,0.3025201,0.019663228,0.111407116,0.14490713,0.017294558,0.118053265,0.015405874,00008256_002.png
0.020985048,0.02400926,0.03063195,0.034259673,0.033794947,0.011603026,0.028455464,0.026036285,0.014389658,0.0103375055,0.053897757,0.034226086,0.033449974,0.8554002,00019059_001.png
0.06902891,0.020981282,0.033293523,0.58124495,0.061075717,0.11720556,0.015619354,0.01440009,0.11079425,0.013064267,0.033915024,0.94705117,0.016020922,0.014347156,00000723_002.png
0.018518064,0.020885516,0.09032527,0.014836046,0.0031600418,0.0047454988,0.015416856,0.08695073,0.03955651,0.2460075,0.028232777,0.014156932,0.04006231,0.009702377,00015401_007.png
0.088519275,0.009220449,0.099655874,0.00263026,0.10543602,0.026735835,0.0044507347,0.59976894,0.008113614,0.004442249,0.1662823,0.011541122,0.079276286,0.007030565,00006485_003.png
0.008324926,0.0148612205,0.016655369,0.9343615,0.020928714,0.013598156,0.065250136,0.011515739,0.07136154,0.0077449717,0.008069744,0.60101813,0.24034038,0.0046952846,00002711_000.png
0.07186612,0.9246763,0.014258801,0.006442655,0.013601239,0.010749721,0.011495447,0.008533281,0.025900988,0.017144652,0.020789854,0.021850973,0.059684854,0.02712562,00004725_001.png
0.15763108,0.012779061,0.12458728,0.75149214,0.024650572,0.017063927,0.6837587,0.0066004684,0.21523269,0.049831253,0.0033905937,0.007241408,0.055170696,0.00942408,00015343_003.png
0.011550139,0.004303536,0.012067192,0.2255088,0.008024544,0.017345477,0.009629526,0.3538432,0.07480838,0.26148322,0.0064488505,0.015648011,0.012513783,0.013039788,00011033_002.png
0.021626942,0.009654602,0.04182752,0.67598486,0.9328112,0.20154524,0.014748272,0.016583199,0.13977851,0.011546051,0.007820013,0.18785083,0.17508413,0.00896865,00013648_026.png
0.042736534,0.9498321,0.08500066,0.017326241,0.021478862,0.04101755,0.011159609,0.025730418,0.0090392325,0.011340951,0.020001287,0.0067958254,0.019140117,0.011861523,00001739_000.png
0.013969905,0.003715764,0.011413039,0.21298568,0.004335819,0.07742036,0.017768327,0.005982655,0.040429775,0.08101884,0.0058931634,0.014587856,0.016466893,0.010096795,00001200_012.png
0.086534165,0.06746263,0.007841437,0.024168298,0.0051801577,0.016188528,0.048951216,0.008283356,0.031979356,0.020202212,0.0115188835,0.011041423,0.012405557,0.012905735,00006220_002.png
0.0064125923,0.007190979,0.013266226,0.4900615,0.048568346,0.028658776,0.010872709,0.024613466,0.015451622,0.016747829,0.044105384,0.4749817,0.06620001,0.023582892,00001205_008.png
0.014483357,0.008438027,0.04116274,0.019934224,0.09074186,0.01700516,0.0057248184,0.6175252,0.0111302445,0.006247304,0.010673341,0.014905957,0.09909833,0.0083801085,00015831_006.png
0.010152331,0.010173302,0.26834938,0.67326504,0.13900611,0.025312694,0.011469451,0.03915404,0.19584598,0.22579059,0.0035148605,0.008469014,0.01094893,0.0063599474,00014398_017.png
0.0028802822,0.016800119,0.014211879,0.022898976,0.08228105,0.01747992,0.010711757,0.030398505,0.0054428047,0.010145155,0.008376349,0.05825657,0.019694906,0.01634137,00007411_003.png
0.010531431,0.17753619,0.0057317545,0.0047758548,0.003049038,0.014242664,0.020188529,0.015239102,0.007255517,0.011249396,0.016004197,0.017307473,0.045277614,0.021450274,00004251_000.png
0.0061057056,0.003246127,0.039125644,0.22071439,0.18775895,0.16436572,0.010370613,0.0074019735,0.015782392,0.012831056,0.0027367976,0.006240011,0.016982675,0.0047249007,00019700_004.png
0.16049871,0.018312618,0.44391656,0.063337766,0.015132128,0.017525535,0.01904301,0.3108476,0.31334496,0.057421837,0.008179398,0.008441264,0.0147811575,0.010200067,00011402_007.png
0.007957006,0.00856605,0.015004732,0.08249941,0.008772306,0.03791852,0.020499716,0.02556997,0.008393826,0.05493182,0.006817975,0.70357686,0.019937595,0.01358746,00008888_004.png
0.020236975,0.66308963,0.023044478,0.029945502,0.008929199,0.015302035,0.07440401,0.0058176396,0.021676764,0.01188791,0.0072416477,0.009440507,0.04037279,0.017633911,00006166_000.png
0.014372133,0.021920335,0.2088756,0.052672893,0.036379915,0.007916682,0.016582662,0.13044436,0.8273499,0.015558072,0.021955287,0.010620462,0.0084681185,0.00819591,00010123_002.png
0.66808224,0.018447641,0.13425188,0.049864717,0.016962795,0.011844696,0.014549854,0.024359247,0.044171803,0.010478946,0.91881275,0.10162278,0.066610515,0.028178249,00011347_001.png
0.036545206,0.0051919217,0.40861988,0.14420782,0.029812308,0.038033914,0.005734141,0.6013881,0.015249917,0.018216861,0.0074250265,0.00902946,0.18569757,0.0050861137,00016772_026.png
0.0087812,0.015610846,0.005914261,0.049456533,0.044305604,0.008325162,0.02125208,0.05732489,0.010836138,0.0062991455,0.23142473,0.029983517,0.008829063,0.015385836,00016270_002.png
0.25429186,0.98402417,0.23253223,0.14156064,0.037335627,0.010913301,0.017746147,0.020135358,0.016294573,0.025549112,0.023207555,0.01780916,0.0160479,0.011139905,00004526_010.png
0.010639352,0.012026938,0.026838658,0.057518143,0.15997878,0.3424688,0.15030314,0.005812686,0.019287227,0.08451312,0.0056477133,0.023714647,0.048427496,0.023699442,00013937_009.png
0.03352105,0.0076428177,0.027860297,0.9868199,0.008278603,0.015020878,0.11375092,0.037996884,0.13233498,0.12329084,0.006359028,0.0062596314,0.012704082,0.004810056,00011702_014.png
0.94760543,0.03764153,0.04976063,0.18654467,0.039256826,0.012150444,0.33401787,0.0069054207,0.35207772,0.07285901,0.015784888,0.018293906,0.016914336,0.01539575,00007007_003.png
0.041474327,0.0022869403,0.08513759,0.47631475,0.28947416,0.14893815,0.0107093565,0.008878288,0.52207154,0.069480464,0.012169224,0.006401113,0.023576615,0.006889651,00008510_001.png
0.027723424,0.022748679,0.3869195,0.3073264,0.008799419,0.012962301,0.05574453,0.037476845,0.020744305,0.89465934,0.010729857,0.008273601,0.022411691,0.012989636,00019730_001.png
0.037764426,0.016648052,0.091106914,0.10493559,0.06317048,0.099395536,0.024246784,0.016749274,0.025021665,0.011740013,0.004947441,0.03394693,0.00418219,0.0090830885,00017004_001.png
0.056075215,0.011772975,0.030683078,0.7907696,0.006598961,0.011154317,0.024083257,0.11164385,0.090496324,0.2036706,0.030069899,0.03415691,0.13498719,0.009806585,00012094_035.png
0.022300279,0.009292226,0.034026872,0.04286985,0.012036121,0.018344143,0.019317523,0.881746,0.01334432,0.015634805,0.93032414,0.06045099,0.041094467,0.012524092,00011460_056.png
0.019256257,0.00433684,0.0113080265,0.034092043,0.039092366,0.16854401,0.009067566,0.03370546,0.006290051,0.006470064,0.00821337,0.01854334,0.027851136,0.008751674,00017001_000.png
0.016558984,0.0100776255,0.0131708905,0.64211917,0.016865505,0.031235687,0.031869065,0.009006947,0.15991932,0.92726916,0.006073491,0.015709657,0.015319009,0.008029913,00013342_007.png
0.048909813,0.019002253,0.81691056,0.5058959,0.092711076,0.080845594,0.2916883,0.00905185,0.10020126,0.019996889,0.024968943,0.15475102,0.4025022,0.018672751,00009925_040.png
0.04004299,0.02808167,0.021242196,0.011535296,0.030485576,0.0161121,0.03212023,0.020957768,0.018198572,0.010014838,0.5954479,0.031157004,0.8406329,0.022622688,00003219_005.png
0.018519932,0.36659518,0.12305159,0.014084814,0.0033930787,0.0095967585,0.05825139,0.13623475,0.0070130043,0.022290265,0.070509076,0.019429984,0.07929223,0.015435693,00006717_006.png
0.037524674,0.0031085457,0.1910825,0.5643718,0.01574971,0.01026617,0.013753628,0.08263424,0.42643568,0.38192368,0.00925818,0.010104113,0.023762146,0.007710522,00011702_028.png
0.12248068,0.04175472,0.39423636,0.36545676,0.056387205,0.09013299,0.032794997,0.012484537,0.71844876,0.71031135,0.005907198,0.038325436,0.09896167,0.018109808,00005372_008.png
0.21657187,0.033042014,0.050224606,0.039292883,0.0064898925,0.008172698,0.12946361,0.041840374,0.008339137,0.011865492,0.104374774,0.72798234,0.03649769,0.007819192,00010125_003.png
0.018160852,0.019368222,0.20277634,0.4291015,0.9020902,0.05172133,0.027427373,0.019955933,0.3801568,0.0561459,0.09548308,0.011207728,0.3287678,0.011916414,00014398_005.png
0.018095564,0.016324745,0.0047046533,0.015590012,0.0370978,0.019043377,0.005010225,0.022301221,0.036390297,0.005922798,0.007866109,0.008402796,0.015321556,0.010412312,00003248_002.png
0.7409306,0.017460063,0.9314831,0.02516348,0.06141285,0.0803433,0.01812828,0.018181106,0.03137468,0.010509694,0.025854748,0.32114255,0.06665481,0.014917206,00012003_001.png
0.015548003,0.0071851565,0.062445883,0.76000357,0.0068844785,0.018376263,0.059813738,0.0105011845,0.0737593,0.8902484,0.015626587,0.012895733,0.0098727215,0.008781707,00014362_009.png
0.009670473,0.008200306,0.012317075,0.014504287,0.044998,0.028239803,0.0050748894,0.018048128,0.017758112,0.010980053,0.007924963,0.013751662,0.0062020593,0.010334209,00010904_000.png
0.06997718,0.013435705,0.03154128,0.040643856,0.07431059,0.069802836,0.24191868,0.006311098,0.0074865883,0.011348884,0.057390142,0.5724371,0.022366324,0.036773805,00010439_000.png
0.009938647,0.005917657,0.009169107,0.008069652,0.01203903,0.021527262,0.01002692,0.0102214115,0.008808615,0.006011423,0.009485843,0.011604126,0.012322675,0.015385316,00010857_001.png
0.033358537,0.00615008,0.011521375,0.037751064,0.060891535,0.027509024,0.005949295,0.8501131,0.08300792,0.016444266,0.010292633,0.015295628,0.11519274,0.011292449,00001170_040.png
0.042057134,0.008096934,0.020151028,0.89762145,0.031691052,0.20120995,0.598756,0.008830728,0.013612477,0.2569221,0.010496924,0.015864959,0.0072793635,0.020775203,00012364_029.png
0.09662937,0.12784742,0.98320055,0.227525,0.0134823285,0.020156061,0.014241806,0.017349795,0.17815214,0.4859763,0.008235809,0.0182063,0.07611767,0.0075016264,00000766_013.png
0.01813565,0.11272087,0.031538237,0.09214291,0.026109912,0.005938535,0.056543518,0.020805558,0.74909955,0.41398153,0.016929906,0.010546079,0.021736538,0.011021136,00014798_005.png
0.042166885,0.007830464,0.41191095,0.24639386,0.013153907,0.010979945,0.19029321,0.017319132,0.04580705,0.017825533,0.015797285,0.49101195,0.015998814,0.0144281695,00016166_012.png
0.024366485,0.04575672,0.043170787,0.2909261,0.008374618,0.0074805673,0.48345637,0.011195427,0.39653113,0.44526026,0.007341433,0.006631346,0.02273192,0.008275334,00016291_031.png
0.38931093,0.016591825,0.08406216,0.05235303,0.8020155,0.05291889,0.012895764,0.35793346,0.12490176,0.028489739,0.048590373,0.012788082,0.4651531,0.01635439,00014919_014.png
0.020840764,0.00491713,0.0036676375,0.06475205,0.009915542,0.009064228,0.020128364,0.032166634,0.4774001,0.010672027,0.019331254,0.011388923,0.014747357,0.008910886,00010384_002.png
0.010624957,0.007053906,0.03480616,0.6791362,0.020837674,0.09193871,0.011485113,0.90005344,0.021894328,0.020944245,0.01090689,0.023902332,0.06317802,0.0108927,00018921_008.png
0.5084246,0.018627902,0.05255761,0.12878743,0.012101897,0.02514165,0.03648133,0.008283988,0.023586936,0.039311312,0.006785885,0.007306235,0.05170054,0.010690726,00011553_038.png
0.016561352,0.0026242263,0.0104074,0.13319522,0.021454023,0.029742243,0.0074103936,0.37528712,0.025722798,0.014544953,0.018419132,0.018649118,0.018966166,0.008200147,00002611_005.png
0.26400787,0.28589773,0.3516345,0.2020099,0.0057614697,0.027064342,0.019131681,0.008071385,0.08231422,0.022567226,0.011488096,0.009735272,0.0121768275,0.010885958,00005270_005.png
0.27622053,0.013483812,0.027342571,0.045369573,0.0069731865,0.018934008,0.021799473,0.039569188,0.026394797,0.013608087,0.007400947,0.67367274,0.08575103,0.012867296,00000778_000.png
0.9045489,0.025570795,0.08166468,0.0932958,0.054613527,0.024166921,0.03790412,0.38257566,0.008477696,0.007906558,0.13046253,0.0150992535,0.034139078,0.058240272,00006549_005.png
0.03472591,0.006066733,0.020111265,0.14691049,0.35329714,0.057635024,0.04583147,0.30788994,0.018099036,0.053456012,0.04526464,0.009898728,0.010520366,0.022900976,00015646_060.png
0.037103236,0.9831678,0.7263119,0.047613706,0.016728217,0.009332743,0.015067363,0.022968445,0.04333077,0.017653285,0.014410835,0.016847953,0.07921518,0.008032214,00000211_024.png
0.077761486,0.054397292,0.045663357,0.01202354,0.005158299,0.017288692,0.08278847,0.010387839,0.04981128,0.032032568,0.5114943,0.028950164,0.089295834,0.013042839,00014032_010.png
0.0136288395,0.0077641765,0.0090943705,0.9250899,0.036893833,0.034718815,0.37286347,0.010347481,0.15895638,0.09570475,0.005678719,0.024813345,0.18605408,0.006858625,00018126_033.png
0.2861836,0.009827248,0.076322906,0.014769642,0.17685008,0.15169571,0.19744317,0.010478921,0.03996929,0.008420212,0.019456375,0.046417125,0.0034673838,0.015182253,00015369_001.png
0.023946455,0.0098780645,0.27272794,0.83636,0.010330318,0.013616186,0.089135095,0.0068897163,0.87939143,0.21435721,0.0055247727,0.013730795,0.013690346,0.003595155,00010222_015.png
0.097079456,0.0040001376,0.050539542,0.72543097,0.28681067,0.015150146,0.17265062,0.04481463,0.16770208,0.033080526,0.015532722,0.015145638,0.047802806,0.0104911355,00018610_012.png
0.016775632,0.01823279,0.031552147,0.19838174,0.9481618,0.05257091,0.023397416,0.009030472,0.05722009,0.012826877,0.00922795,0.05585831,0.017964384,0.01271933,00017685_002.png
0.012535084,0.006859378,0.058914207,0.43878126,0.02903836,0.015844781,0.10266069,0.011788547,0.08541272,0.9704423,0.0115732495,0.014968008,0.02808439,0.009936404,00010773_017.png
0.072988026,0.01211691,0.041545488,0.14832862,0.012818854,0.016553828,0.037609383,0.05408418,0.056786943,0.013895602,0.06421357,0.3847497,0.041818712,0.36628687,00015384_006.png
0.19141877,0.011278653,0.09828403,0.9522797,0.20232104,0.0155844,0.041716896,0.07378675,0.06903084,0.022542194,0.023601068,0.2471078,0.05697494,0.01051861,00018044_038.png
0.012406474,0.01850872,0.21431202,0.016290912,0.023968088,0.01848016,0.11270861,0.011349771,0.034935616,0.41502357,0.06682747,0.009168033,0.16981348,0.019345282,00017405_018.png
0.110078886,0.0060326615,0.85857064,0.8519895,0.20508385,0.1419909,0.04104125,0.11428711,0.22897607,0.24788694,0.017476138,0.017271163,0.026200108,0.011420902,00013471_022.png
0.026974209,0.029290661,0.09773074,0.024753993,0.038254503,0.019179424,0.007998808,0.0053773583,0.1167606,0.039813183,0.0034900615,0.013272876,0.44192672,0.010492542,00010007_067.png
0.13304856,0.008613703,0.007300876,0.058993597,0.11188222,0.117736384,0.012055993,0.9255217,0.016195668,0.005265955,0.9594665,0.013173636,0.034096766,0.01394119,00012087_020.png
0.04065273,0.00209976,0.014569011,0.16208786,0.032646865,0.2113305,0.040120233,0.0055400063,0.020086983,0.008592128,0.013387791,0.013715486,0.037624363,0.008257532,00001781_002.png
0.02396262,0.003134623,0.039604943,0.46781507,0.020737289,0.104789436,0.015204977,0.077099085,0.24271896,0.10994698,0.008663441,0.04651774,0.23727404,0.013349262,00014022_028.png
0.0059713908,0.027160864,0.005682172,0.01627149,0.06303407,0.064956136,0.011426576,0.005000939,0.021937285,0.26190382,0.017528722,0.010375762,0.010407214,0.015690824,00002505_014.png
0.016325159,0.00786164,0.01912948,0.07141567,0.027652163,0.04447191,0.0072067343,0.009599936,0.010535959,0.010225807,0.30596504,0.8516502,0.019948278,0.023117244,00013837_000.png
0.17807865,0.0061188247,0.51303124,0.8626426,0.69871795,0.5868223,0.0325975,0.021991918,0.46599174,0.107282855,0.010547891,0.024881942,0.022513267,0.008215717,00015440_000.png
0.057591572,0.056461003,0.86343217,0.046583377,0.008551282,0.03259788,0.0120492205,0.15964831,0.09725714,0.013963041,0.029484661,0.45151573,0.13673027,0.015946023,00014813_000.png
0.004852998,0.010200631,0.013990419,0.7329044,0.008415046,0.049646217,0.060832202,0.018163573,0.014278531,0.0076780827,0.12486782,0.20420621,0.016048888,0.008399193,00005577_004.png
0.108081855,0.011256119,0.14555457,0.2678549,0.20992848,0.18302332,0.008102988,0.9890531,0.033808243,0.0087954225,0.18896502,0.06434554,0.14502983,0.008906167,00018366_018.png
0.02205006,0.008694054,0.068908595,0.042855427,0.011097255,0.010537864,0.0115415845,0.3610822,0.005792404,0.009218712,0.9617315,0.022339555,0.26817587,0.011195194,00019238_009.png
0.14793915,0.005911108,0.020811109,0.06486322,0.065357625,0.08751145,0.06371279,0.010982441,0.0135044055,0.008471441,0.0101017095,0.8699034,0.012576086,0.019245218,00010315_000.png
0.025099669,0.09673358,0.0060871188,0.19427596,0.00425607,0.012589133,0.0150524955,0.014818202,0.061481684,0.011014947,0.00747391,0.009629081,0.011422985,0.010328012,00010805_045.png
0.012154753,0.0062639453,0.010887323,0.15206458,0.011649886,0.0106541095,0.010651486,0.02571618,0.021948628,0.005981586,0.02842113,0.9196117,0.2025988,0.012039808,00002628_002.png
0.096128,0.9843997,0.22171195,0.2951006,0.03059358,0.010050902,0.044107106,0.008399201,0.06572118,0.029503435,0.013371727,0.06632252,0.017987622,0.00802492,00000728_000.png
0.04253624,0.008471189,0.02399294,0.020914668,0.007509778,0.015954578,0.011680893,0.92963654,0.0102281915,0.007834592,0.97520864,0.019979278,0.046671875,0.008933828,00008468_033.png
0.012464998,0.00892552,0.015199744,0.026010845,0.019989168,0.019906798,0.007554813,0.021867951,0.0034402516,0.011431765,0.9868232,0.010783642,0.010398894,0.008929292,00016455_001.png
0.22395593,0.009112267,0.06797302,0.17544986,0.08576648,0.024937227,0.023253223,0.91637766,0.015056121,0.0102024935,0.9731425,0.014030244,0.033879768,0.016051747,00017747_005.png
0.027283158,0.017848788,0.027228625,0.064578526,0.8348275,0.07126672,0.027671475,0.0063162767,0.028189918,0.0067602606,0.0036393018,0.018431464,0.016387038,0.013271058,00012413_009.png
0.012225073,0.008634462,0.011862697,0.13542752,0.01208972,0.039024368,0.010857298,0.43287936,0.008942179,0.0757919,0.01656633,0.06035131,0.010663453,0.014204353,00007328_008.png
0.3848491,0.7756985,0.023687972,0.12454092,0.025577357,0.047548715,0.01680337,0.011352607,0.05152334,0.022011362,0.010278731,0.010991254,0.008440836,0.013531569,00013407_003.png
0.022689449,0.009216691,0.101640075,0.16889223,0.020532563,0.007392058,0.010815316,0.7609112,0.0071074534,0.0221271,0.99178153,0.009852554,0.027531547,0.007710452,00020085_008.png
0.0147776995,0.039645877,0.03939629,0.023238461,0.005290307,0.012631448,0.13221276,0.010092592,0.015211877,0.85498184,0.010999162,0.018660994,0.012212895,0.019364428,00017124_004.png
0.034311213,0.007293764,0.005402793,0.20771793,0.020837596,0.8089988,0.016597746,0.013397689,0.044782665,0.03329811,0.018632496,0.03637773,0.0087336525,0.012504499,00009185_003.png
0.015835766,0.06940807,0.047379117,0.0029359704,0.012970149,0.014107271,0.013073953,0.009077888,0.03467267,0.10148663,0.0053929705,0.010676679,0.18146603,0.02109342,00014871_006.png
0.21556783,0.011966769,0.14425969,0.08379797,0.12071829,0.022683645,0.033854917,0.7995126,0.09658958,0.020923821,0.9654128,0.027774137,0.24920858,0.019413225,00016064_017.png
0.0071401177,0.019491944,0.016551508,0.027695935,0.8433904,0.012956755,0.008931739,0.019964224,0.0137172025,0.020147348,0.0053915745,0.010344972,0.011026833,0.011984281,00015572_003.png
0.019751217,0.010303423,0.004663157,0.059405863,0.0047262916,0.020885104,0.016118877,0.021131948,0.029892765,0.0042785476,0.32636708,0.58704346,0.040037267,0.010190126,00000204_000.png
0.048550256,0.05328865,0.047533125,0.06511412,0.26716176,0.09045721,0.022002175,0.0046887803,0.0158974,0.0068524564,0.017937392,0.015432956,0.009284109,0.014696126,00013894_052.png
0.054889996,0.006029597,0.009721514,0.027480235,0.0056266626,0.011046054,0.16276154,0.028524691,0.013416011,0.006304186,0.006998773,0.0553974,0.32321316,0.010868398,00009431_000.png
0.14313017,0.019379137,0.3210632,0.5252214,0.007686388,0.022967728,0.011699673,0.0058619333,0.9424537,0.048959557,0.0043837493,0.015214434,0.020858359,0.0055382545,00011966_012.png
0.045498878,0.8749244,0.025183307,0.008412659,0.009753875,0.023340251,0.026021404,0.013602545,0.022953458,0.009364388,0.06555407,0.011091286,0.072113894,0.018251099,00004822_051.png
0.026999015,0.003714126,0.011660807,0.20533118,0.0050241835,0.01678099,0.04310735,0.022455834,0.011513433,0.011030906,0.010972568,0.5471709,0.04885644,0.011640157,00015557_004.png
0.008000182,0.009982831,0.025115104,0.007750222,0.01568558,0.015445247,0.043910682,0.0057801367,0.0057055475,0.016596213,0.10513453,0.45107406,0.01420066,0.019545626,00000552_001.png
0.023077361,0.0103424,0.020228582,0.16150966,0.5679792,0.74678856,0.019220596,0.010261868,0.02462187,0.040022332,0.031190049,0.013041802,0.010892413,0.015913276,00018213_000.png
0.30827144,0.023755556,0.041229207,0.034884624,0.0057430016,0.051648118,0.007858041,0.6849619,0.039811213,0.041931693,0.00581695,0.015452333,0.08002434,0.013544376,00019088_000.png
0.014836665,0.069607414,0.0071901656,0.08451651,0.029859746,0.03880527,0.005870042,0.12587507,0.011481832,0.0051333173,0.007398544,0.031123005,0.023451904,0.017929263,00007700_002.png
0.020264903,0.005747954,0.41522652,0.6378611,0.5456459,0.35331187,0.062762976,0.009912547,0.2795598,0.08462609,0.01637891,0.018956272,0.042936113,0.009351136,00017236_089.png
0.027278164,0.009954401,0.30455598,0.8591147,0.5569325,0.048217356,0.027961684,0.018765312,0.44661278,0.041910872,0.030641975,0.014063965,0.077435754,0.008078019,00012609_007.png
0.16457862,0.018307,0.17281057,0.70083094,0.019632157,0.03752183,0.029424092,0.54615664,0.01606403,0.017612325,0.91411257,0.024825223,0.03086017,0.014012194,00002275_005.png
0.005037987,0.009222331,0.0038857444,0.012278421,0.022781555,0.18258423,0.025679147,0.013285954,0.00887226,0.010383149,0.017431423,0.027587349,0.019651907,0.015890218,00009878_000.png
0.049740028,0.008917467,0.08972114,0.1306346,0.15795115,0.021782318,0.05625799,0.016930152,0.011923861,0.00861589,0.0076789367,0.09685427,0.1942524,0.006555399,00006188_001.png
0.03201128,0.7440642,0.10878166,0.40509975,0.0064534694,0.01907695,0.026441386,0.010983146,0.16097318,0.5193725,0.004878144,0.015658952,0.008896302,0.012314791,00018187_030.png
0.0032510078,0.007135911,0.07072423,0.049316425,0.02194929,0.011500389,0.013770476,0.39087278,0.010454426,0.028208807,0.075814195,0.032204583,0.03207963,0.014454922,00003337_004.png
0.14302672,0.03431905,0.027498253,0.034500048,0.048632693,0.025069537,0.04840723,0.02337019,0.016886193,0.021541178,0.013035488,0.07427534,0.028965686,0.79784244,00001328_000.png
0.015950497,0.0136058405,0.009201237,0.03556219,0.047156896,0.03697066,0.070301905,0.012018839,0.013672137,0.008171446,0.024745414,0.7452457,0.02179426,0.012504435,00012245_003.png
0.5215149,0.010736545,0.017714199,0.22447507,0.05329584,0.012841719,0.021987513,0.09307284,0.029429836,0.0040615452,0.034679048,0.738581,0.15089494,0.011387764,00019233_004.png
0.34946415,0.007228081,0.019567747,0.102546185,0.0023986776,0.08355448,0.38992435,0.02387079,0.011708983,0.004322428,0.024991808,0.084419295,0.04123738,0.007673089,00005372_025.png
0.061218075,0.004630153,0.01241838,0.035865232,0.050673403,0.0058407695,0.015969915,0.029800097,0.15189928,0.013349656,0.008572393,0.012721282,0.061646305,0.010011704,00009621_007.png
0.07595704,0.9747868,0.5503159,0.60157025,0.056120105,0.019904643,0.058408953,0.009156635,0.12521057,0.025769332,0.01570096,0.030751443,0.040743724,0.011349536,00010897_010.png
0.034178276,0.7286416,0.048976634,0.023007588,0.0055076987,0.012375098,0.086984076,0.01830662,0.014936207,0.013657156,0.066046126,0.013115813,0.04355055,0.015258792,00010095_000.png
0.043091666,0.110840596,0.18523988,0.7393711,0.008841168,0.01619794,0.027525697,0.00845674,0.19496961,0.9260449,0.0063667763,0.014354128,0.010031564,0.012369634,00018187_028.png
0.28899032,0.02277144,0.0068469453,0.084652066,0.005481567,0.015380189,0.2433502,0.013492055,0.068666935,0.006479976,0.10870024,0.33019665,0.008988605,0.016742686,00005203_000.png
0.06525244,0.9716723,0.6403578,0.2062793,0.09082786,0.01582633,0.040130418,0.01837727,0.03338558,0.038083468,0.056104355,0.020289183,0.028161926,0.0112971775,00001582_023.png
0.030690635,0.009103016,0.029172821,0.88355297,0.021223795,0.14974068,0.022012234,0.01705199,0.033413608,0.014637511,0.006703291,0.21767722,0.68795043,0.008319196,00016244_005.png
0.07170287,0.0058518606,0.061128005,0.9181851,0.022597814,0.19366495,0.068135574,0.020435778,0.020852804,0.42413196,0.010734833,0.037225027,0.005550225,0.008449757,00008745_030.png
0.014145211,0.033781063,0.013179564,0.10116225,0.0138168475,0.014349677,0.020039096,0.009423395,0.016865173,0.008413829,0.021018622,0.7400669,0.015470371,0.08357575,00000901_004.png
0.12666208,0.9431858,0.4749617,0.28618178,0.048824552,0.013180189,0.028725447,0.013098235,0.04688006,0.32027704,0.019833494,0.016356805,0.01809531,0.017729722,00002763_006.png
0.8521346,0.017482033,0.21742952,0.0858144,0.0799592,0.032939836,0.01742387,0.73113763,0.04336756,0.010668776,0.11635076,0.015787415,0.017154127,0.012672178,00013052_008.png
0.46380484,0.040224086,0.02828617,0.62642336,0.0062557287,0.017123235,0.4933599,0.013021666,0.28020397,0.4691019,0.023992484,0.010942198,0.009833198,0.022614412,00017846_005.png
0.003947804,0.013114018,0.01145272,0.043346662,0.00776915,0.02533499,0.00849572,0.0144486595,0.11247429,0.7349449,0.004585026,0.009371477,0.008256263,0.010909755,00018867_038.png
0.034666233,0.0111308275,0.06524329,0.0744365,0.17019935,0.02399274,0.009989242,0.3284763,0.019203568,0.021725183,0.9932863,0.0075530508,0.014633633,0.009631937,00014731_015.png
0.045361675,0.015358547,0.51404524,0.18009828,0.012664073,0.014334732,0.03428591,0.0053906385,0.75138795,0.4391384,0.004514901,0.01613808,0.025474187,0.0074609756,00009892_015.png
0.013148753,0.0029354652,0.015494262,0.60399425,0.09087866,0.10578023,0.084015705,0.007132226,0.011565893,0.05667113,0.018056966,0.0076635648,0.01253464,0.009778398,00004065_008.png
0.1302664,0.005006791,0.008917323,0.12109701,0.03336744,0.07707643,0.035018057,0.009468041,0.011722742,0.003331168,0.006603934,0.022190403,0.00849237,0.014474384,00006047_002.png
0.010542338,0.03001539,0.0093060285,0.007817646,0.007298306,0.0085731475,0.020747002,0.008878318,0.013622054,0.007958154,0.0045145946,0.013053155,0.007891219,0.0116535,00002214_002.png
0.9185003,0.011718395,0.118397065,0.1188767,0.03226046,0.032593038,0.31561264,0.01685275,0.024150422,0.006679566,0.02286671,0.32749212,0.034465145,0.017019698,00003996_011.png
0.026131464,0.008660558,0.027186792,0.07768075,0.027619518,0.5846608,0.009499594,0.009123184,0.031553492,0.4092001,0.014703945,0.023142224,0.015281952,0.016720917,00011291_004.png
0.22845428,0.18781665,0.060741358,0.50953376,0.014198404,0.0511541,0.07609933,0.0068468284,0.014504962,0.27928048,0.013119061,0.02004733,0.021840718,0.015352059,00017504_035.png
0.06612301,0.012235206,0.0075854785,0.027301209,0.025352666,0.051022477,0.0075937095,0.23270367,0.010527885,0.005136691,0.98520976,0.008748415,0.008322954,0.010260919,00015530_059.png
0.01952179,0.056732666,0.0555171,0.6192079,0.007004608,0.0068218736,0.057982843,0.026154203,0.33616772,0.010766843,0.022002663,0.009301493,0.0197711,0.0079814335,00006271_004.png
0.06614749,0.015353148,0.036985405,0.9781426,0.0226213,0.05621832,0.4361364,0.027998934,0.1506232,0.70124346,0.007073762,0.031623475,0.02420746,0.006133989,00016696_003.png
0.011925625,0.006015904,0.013748804,0.017719693,0.014380788,0.021127535,0.012537899,0.9560093,0.009791465,0.012559074,0.06959941,0.014042901,0.014439673,0.009840026,00011460_044.png
0.14381391,0.014022898,0.029744187,0.064671874,0.035846103,0.021839347,0.029790476,0.53269345,0.021404022,0.014067219,0.95105946,0.011337257,0.021589734,0.01471042,00014358_017.png
0.22523338,0.009957574,0.039514538,0.7414082,0.070550136,0.024775475,0.055252325,0.80831116,0.010568788,0.021036418,0.9119677,0.0100274775,0.015761591,0.013737404,00015848_003.png
0.016425243,0.030964715,0.40927753,0.15333422,0.008167883,0.012389723,0.04464375,0.003856301,0.24294348,0.20764387,0.0027549432,0.01088834,0.016529309,0.006551196,00011672_002.png
0.010390858,0.012119017,0.16468956,0.043143857,0.6802975,0.044410184,0.0068742493,0.3777131,0.008581906,0.015732465,0.9325493,0.012872276,0.012165074,0.009696629,00008561_006.png
0.4301324,0.022111898,0.32964876,0.13093857,0.91117114,0.14068286,0.0075808098,0.016985646,0.008906798,0.0071551055,0.008037996,0.01330597,0.018941361,0.008870893,00018427_004.png
0.02416474,0.017353697,0.027803678,0.57585067,0.04134315,0.05104662,0.25142008,0.013205748,0.111734405,0.9264311,0.0055422825,0.012187914,0.021439467,0.017077649,00012620_001.png
0.09716581,0.009349912,0.015401286,0.010796859,0.45175558,0.021908026,0.022770453,0.0066802963,0.010675059,0.0046390463,0.006994536,0.010362473,0.018798547,0.011956095,00011886_001.png
0.13544928,0.0046604928,0.008546876,0.76944405,0.008553905,0.03997343,0.026358007,0.25025937,0.034133974,0.023051603,0.42889693,0.014495416,0.016080376,0.010688835,00011808_011.png
0.030734217,0.0074655744,0.050276943,0.85153174,0.011852159,0.02433093,0.097434506,0.012131537,0.2721089,0.075043045,0.0029948782,0.04303429,0.1506331,0.00879855,00002785_001.png
0.22652073,0.0069555207,0.0069644316,0.09896293,0.12361755,0.03509773,0.054556377,0.006191989,0.012692324,0.009655236,0.005550443,0.022589942,0.022469033,0.022751983,00009237_011.png
0.01830823,0.010939107,0.010371675,0.012396371,0.006623564,0.012009744,0.023223205,0.010135754,0.010718241,0.0048854495,0.005025011,0.0064840256,0.01484101,0.009899756,00017504_017.png
0.06615811,0.80510277,0.276031,0.110113785,0.0125698885,0.031805012,0.016621213,0.06367886,0.015457421,0.012475628,0.2887523,0.0099751325,0.14278354,0.015952608,00003361_007.png
0.17206213,0.012240549,0.012839829,0.064679414,0.005266562,0.011550896,0.007601203,0.15708148,0.10281319,0.0056698136,0.38249877,0.5791177,0.5965719,0.013012801,00011683_040.png
0.8518594,0.010834718,0.40915656,0.15335837,0.029112523,0.09173022,0.07777794,0.017829623,0.6105782,0.027767947,0.024629137,0.039084647,0.034693465,0.017312625,00003426_018.png
0.052849624,0.022530818,0.4564721,0.08179112,0.06403917,0.012105534,0.016361808,0.8903785,0.13976738,0.036105976,0.18316816,0.04495242,0.49179128,0.04779108,00000090_005.png
0.06581631,0.0030161138,0.012403589,0.6116818,0.115546964,0.018654307,0.013596928,0.028629273,0.05510007,0.012647182,0.0137622915,0.07039739,0.34397244,0.015579969,00009022_001.png
0.4005475,0.023087472,0.7166967,0.49508283,0.22659454,0.07641434,0.014129029,0.09238704,0.08040524,0.024032993,0.7189602,0.16326477,0.505716,0.022518221,00018860_034.png
0.008527603,0.0071143215,0.0050004125,0.032271456,0.005749235,0.015872525,0.015018217,0.2608775,0.012218609,0.0094163865,0.21974272,0.02469808,0.04301052,0.015873441,00004458_002.png
0.023771461,0.037907295,0.009327048,0.019931294,0.008965926,0.011101987,0.11201459,0.010023976,0.0059847226,0.0022136886,0.00978663,0.02175658,0.031580478,0.01057916,00019550_004.png
0.6134165,0.010013906,0.2771882,0.66683745,0.02057197,0.010807039,0.027108593,0.014983328,0.78656316,0.032120313,0.006009053,0.010059014,0.08791372,0.0065558865,00006653_030.png
0.5383697,0.013809715,0.84033144,0.07515777,0.0050850883,0.005965179,0.013457098,0.06335099,0.8953275,0.04331554,0.014324847,0.016314106,0.021892179,0.005474345,00009348_000.png
0.012771387,0.010107635,0.03304087,0.54078805,0.029654678,0.6705826,0.019583814,0.0075331177,0.12552784,0.029510923,0.0069970894,0.0052209278,0.021027533,0.0062034437,00010773_022.png
0.013506642,0.0052157124,0.03702689,0.77314895,0.033300664,0.06451649,0.021511156,0.013281796,0.04932738,0.8953109,0.0046426193,0.01855004,0.032275334,0.009083273,00016399_011.png
0.0322497,0.016999535,0.011526682,0.44912636,0.5794606,0.0106259445,0.020252444,0.005471015,0.36439455,0.024008382,0.0036418284,0.052390613,0.005647698,0.0051822024,00007485_007.png
0.067853555,0.025109833,0.0080142,0.10450113,0.20565681,0.015193116,0.032389276,0.023631332,0.020478237,0.0052355127,0.01375995,0.8876989,0.060335968,0.011498688,00004822_033.png
0.008992922,0.0059004645,0.007443668,0.05285676,0.02683371,0.36694387,0.02147291,0.004745724,0.037901595,0.027415495,0.013717151,0.15478858,0.01654032,0.008920772,00002954_006.png
0.2854166,0.016554924,0.037282374,0.6156573,0.08372156,0.043760706,0.12977037,0.010908958,0.25170174,0.006032653,0.008166496,0.024941698,0.0326869,0.012180878,00009608_038.png
0.29594424,0.009615699,0.016114293,0.5964245,0.01438842,0.012931607,0.030751111,0.034537356,0.04997973,0.022566104,0.3357723,0.07137813,0.35588923,0.013830362,00015826_036.png
0.06406592,0.0149083035,0.017340796,0.0805522,0.048264176,0.17874767,0.026043491,0.78214467,0.017943911,0.011579681,0.96500456,0.028016431,0.039241463,0.013767717,00020195_016.png
0.08221672,0.010743592,0.05525712,0.19885282,0.04736713,0.014680979,0.023711074,0.0028229093,0.019216022,0.005807959,0.0045762747,0.2973756,0.08996604,0.015000735,00014332_013.png
0.8253094,0.008434397,0.31517586,0.12340657,0.484766,0.14986873,0.013457996,0.004419033,0.050548155,0.004022289,0.008739616,0.030239398,0.06029541,0.011388215,00015799_028.png
0.0180158,0.017493978,0.26962095,0.56688285,0.012868145,0.014622834,0.030317519,0.011802631,0.76070684,0.71756136,0.004481078,0.020654108,0.009351397,0.005654407,00016490_028.png
0.022137359,0.96564895,0.02184272,0.3007389,0.016246201,0.011448606,0.012220479,0.01589581,0.06539756,0.017485466,0.015481111,0.03553084,0.028944047,0.010738707,00006875_028.png
0.9196369,0.01781434,0.17970051,0.026812455,0.033992264,0.03670634,0.113261245,0.17348258,0.021214267,0.005735938,0.07583271,0.2976543,0.012681107,0.010127582,00017776_000.png
0.03708653,0.010262826,0.012587065,0.32579324,0.017044095,0.21916844,0.013445353,0.47955942,0.025232812,0.011030287,0.7171803,0.031808544,0.2744203,0.010145202,00012144_029.png
0.16634598,0.020243859,0.046101034,0.11184517,0.14538014,0.019029284,0.00823976,0.006417553,0.015296749,0.014665026,0.4078203,0.7682319,0.008867402,0.012683901,00009378_011.png
0.00929112,0.01786752,0.004845559,0.008917235,0.0750269,0.22395058,0.036068182,0.008456583,0.0739195,0.07551701,0.0069700996,0.023425762,0.014187371,0.008912263,00004469_001.png
0.016620012,0.029330071,0.093214616,0.16132028,0.072364636,0.7527859,0.039570145,0.009450215,0.017935025,0.23673217,0.0054945564,0.069971964,0.3308044,0.013849471,00018027_009.png
0.015289833,0.008327961,0.030819766,0.2015917,0.018878734,0.009165819,0.014937709,0.69680756,0.004879403,0.006457017,0.3529955,0.12780939,0.20949489,0.013165536,00014022_069.png
0.26706138,0.01031082,0.08913485,0.6036483,0.0883873,0.0139765795,0.010410465,0.39515343,0.25277394,0.08920112,0.0125663625,0.03236222,0.010877305,0.019125316,00000979_005.png
0.026428426,0.8103555,0.59547347,0.5630857,0.14369923,0.023358786,0.10146477,0.010197367,0.10900016,0.51530623,0.044016413,0.062955625,0.028556166,0.015119407,00015572_006.png
0.06713513,0.052698273,0.01288847,0.03347687,0.010132501,0.0059882384,0.027750282,0.14045556,0.043862253,0.009522373,0.22362587,0.10980574,0.12650172,0.10502534,00006441_000.png
0.03709751,0.021798022,0.047565356,0.05453731,0.018342402,0.0132031515,0.04174335,0.037341762,0.010871827,0.028316911,0.050577067,0.08480348,0.048670977,0.25348398,00017755_002.png
0.024236916,0.008568009,0.013626866,0.024378343,0.017327972,0.009916619,0.014549541,0.77122307,0.026117193,0.0106889615,0.9737974,0.018882906,0.081374906,0.010193666,00001248_021.png
0.0056178994,0.005255572,0.007977743,0.011610821,0.012920425,0.20803757,0.012206614,0.010657552,0.017297728,0.010259689,0.007849889,0.015405997,0.022264061,0.012243813,00001850_001.png
0.004490554,0.008498649,0.07126066,0.76393884,0.015745133,0.042290367,0.02045067,0.045041442,0.027907494,0.84620816,0.009652114,0.010663663,0.014707302,0.0076134386,00010308_018.png
0.25684845,0.011231547,0.064497866,0.34250632,0.08932931,0.04592633,0.0114075085,0.03573158,0.5256875,0.0551911,0.040582433,0.012293721,0.14296067,0.017806774,00010007_021.png
0.012502697,0.005440343,0.021475295,0.007528819,0.30730712,0.013658865,0.009814108,0.007916798,0.01001611,0.0055988245,0.0023073778,0.007868725,0.035859626,0.0059167203,00018610_046.png
0.5435563,0.014053865,0.017110094,0.02204014,0.012134862,0.019182801,0.057902083,0.3144916,0.005657537,0.0030642224,0.19853956,0.012982478,0.012774561,0.008199093,00007520_001.png
0.022161804,0.09898222,0.87292767,0.009084492,0.019852446,0.028145917,0.0085906,0.030021831,0.023996186,0.021726983,0.0321591,0.012400452,0.503074,0.0070288205,00010949_005.png
0.031506687,0.021182394,0.12417154,0.015172575,0.039258033,0.02256247,0.01301734,0.017844811,0.0052078385,0.017141027,0.035340756,0.01011242,0.014373936,0.011545295,00006714_004.png
0.008635748,0.025600113,0.0093540205,0.01110681,0.008261856,0.0050775553,0.008776554,0.004954686,0.017307408,0.015204736,0.0038426318,0.008902135,0.01952975,0.010801286,00013249_030.png
0.17994389,0.013045362,0.4117345,0.19271034,0.28087974,0.032918405,0.01246723,0.0723226,0.08480924,0.004927025,0.007574341,0.1345861,0.1329138,0.020913307,00014716_014.png
0.01626981,0.006734966,0.023473717,0.30554268,0.07850013,0.012218304,0.037339382,0.0056357966,0.28083995,0.2389977,0.021291807,0.009521055,0.02760982,0.008233092,00015606_031.png
0.56298965,0.015503852,0.010684253,0.088087246,0.010376395,0.005570115,0.06908557,0.00930853,0.35121793,0.014054135,0.009923199,0.02197492,0.03150833,0.009009182,00019967_008.png
0.014116705,0.02394996,0.0061199525,0.008027452,0.006469681,0.0075414465,0.00609117,0.005478334,0.025243264,0.012850839,0.0036154205,0.01158258,0.023491267,0.007482964,00015774_000.png
0.016265782,0.9730185,0.40218386,0.13410561,0.0153879095,0.024498519,0.032301273,0.01789447,0.013522979,0.049150765,0.016289849,0.0136980815,0.01750585,0.014470267,00001373_031.png
0.017062295,0.0076733683,0.090092696,0.09916273,0.22827645,0.008799294,0.015694845,0.19083776,0.05265682,0.100464374,0.12366956,0.018274067,0.010137401,0.010392291,00016821_001.png
0.014152193,0.014650702,0.008542602,0.006516514,0.006887599,0.011367505,0.016565835,0.0054280753,0.015106035,0.010720006,0.009644686,0.0090642795,0.01378576,0.0084660435,00013615_014.png
0.05112864,0.054081816,0.046612825,0.33794627,0.14998077,0.03293924,0.020198587,0.007507006,0.025787732,0.02498712,0.007731813,0.011647274,0.0033470704,0.013392988,00011164_007.png
0.010966272,0.007914286,0.015822891,0.04994178,0.031663284,0.28306627,0.010906452,0.018429277,0.00865219,0.00735544,0.006393632,0.032618184,0.008659253,0.016332474,00003503_004.png
0.017415922,0.006566728,0.018759474,0.14072573,0.008238493,0.01268512,0.04324439,0.45228493,0.03026645,0.012168118,0.009157171,0.036385424,0.12223884,0.009325682,00010384_023.png
0.014261206,0.07894776,0.011590254,0.018952738,0.0064460495,0.007930577,0.009566978,0.017890992,0.005851483,0.0073808185,0.00811431,0.009465471,0.017108291,0.014731652,00003228_003.png
0.009827851,0.010406359,0.022858191,0.54948765,0.0053077145,0.60983956,0.02645429,0.019677985,0.032489322,0.031773448,0.0028921003,0.050452884,0.042634957,0.012814094,00009479_003.png
0.026057255,0.0146484645,0.114595085,0.092235856,0.6407887,0.08213684,0.00790197,0.6814091,0.0060591707,0.084934555,0.011965618,0.0353522,0.010805903,0.014401452,00016839_000.png
0.019086946,0.021208066,0.010808859,0.1009063,0.010513747,0.02294582,0.026131349,0.15822428,0.004686426,0.016988192,0.9896632,0.0076425136,0.014553205,0.010722626,00017603_022.png
0.12689637,0.7715549,0.96106213,0.11180362,0.023641424,0.009477401,0.033131696,0.009245312,0.043084636,0.3284787,0.013222697,0.017103417,0.017070903,0.010278047,00006808_020.png
0.019724239,0.6890105,0.047479585,0.6288141,0.00816062,0.05344963,0.031160008,0.025356656,0.0040828274,0.036327656,0.041164305,0.007411775,0.017996889,0.016234858,00012470_015.png
0.00733417,0.006737643,0.008846238,0.6555451,0.016902698,0.06771009,0.030348461,0.047143895,0.06830019,0.16303137,0.0024380474,0.02491946,0.0330728,0.005879761,00018126_016.png
0.011120477,0.004836154,0.0062679388,0.014188291,0.0054701716,0.0099995,0.03590341,0.014737479,0.016772818,0.0055441116,0.012756641,0.025673242,0.012411231,0.011189589,00009912_002.png
0.07799979,0.015047229,0.21727367,0.042883493,0.009661644,0.05867707,0.031971186,0.022072602,0.011764585,0.012737373,0.9605358,0.013431817,0.068065606,0.01474907,00019242_014.png
0.8977586,0.09632485,0.18372597,0.12538882,0.024877429,0.025951855,0.4087011,0.018793978,0.048638035,0.011799697,0.0487907,0.093912795,0.15166585,0.02664727,00010380_003.png
0.32438686,0.020096617,0.038635932,0.27141377,0.03695795,0.02213933,0.020298349,0.06782296,0.2555182,0.0043922216,0.90742844,0.02304319,0.028006358,0.012817569,00016410_053.png
0.17721856,0.007922085,0.024922037,0.14345457,0.014013288,0.022924917,0.025740659,0.7065362,0.01218222,0.012415193,0.9494418,0.022288894,0.01779227,0.009776865,00009845_013.png
0.040482324,0.010681249,0.015602569,0.0077161863,0.0068254834,0.009699624,0.5688493,0.021584507,0.011761155,0.013303192,0.09376707,0.039463427,0.02083579,0.014203892,00006535_003.png
0.051020518,0.9703326,0.020715179,0.02948325,0.01527627,0.008111547,0.013020025,0.0072003333,0.010184837,0.011635451,0.010464345,0.010235063,0.009009532,0.010165387,00013249_045.png
0.013415046,0.021808727,0.13395447,0.042984203,0.010396685,0.038819164,0.03617554,0.004498132,0.009662037,0.0042962865,0.02534821,0.07393805,0.49690294,0.00750224,00007514_011.png
0.18450674,0.95456135,0.2230041,0.033510678,0.01717014,0.009846267,0.021937303,0.019099727,0.035615515,0.017640034,0.03708896,0.24938615,0.13031676,0.019355895,00005090_000.png
0.01970971,0.017481394,0.06348127,0.00904521,0.18825287,0.0359789,0.008383762,0.046266887,0.015009692,0.0076927375,0.97233295,0.01906569,0.10031993,0.022282608,00002359_009.png
0.0047509274,0.0044489685,0.009857003,0.057487454,0.020687634,0.015749317,0.043771643,0.037517034,0.02834349,0.5605003,0.0228565,0.00956419,0.021951018,0.011378078,00010723_003.png
0.26797345,0.018687196,0.08565855,0.03968477,0.01947332,0.012137116,0.016447043,0.083548546,0.04608763,0.013370242,0.9826194,0.0121278,0.022231253,0.01227464,00014018_006.png
0.060342938,0.017183198,0.07255619,0.026626926,0.016661704,0.03152751,0.02464236,0.010223752,0.015572466,0.015731188,0.017282885,0.9621578,0.13368674,0.028226905,00014546_013.png
0.016325595,0.023257915,0.04587461,0.014602512,0.017551359,0.005987352,0.041514,0.041769918,0.0043735653,0.002731185,0.029190639,0.023032505,0.06509167,0.009630141,00018003_001.png
0.017705273,0.0064320606,0.009429865,0.009366627,0.022513933,0.11557508,0.008890229,0.017599598,0.016065573,0.016753215,0.003921823,0.008547235,0.01191975,0.008496793,00005497_008.png
0.0028835326,0.009129837,0.008206999,0.26949847,0.010488101,0.011439992,0.01691386,0.012202493,0.03285723,0.029224096,0.0038100048,0.29916576,0.043121107,0.018959641,00000508_000.png
0.014532827,0.011428845,0.016572002,0.012613671,0.0054524643,0.01194842,0.028431462,0.012109486,0.004222654,0.004956946,0.15322298,0.069540545,0.65037596,0.012088028,00004924_000.png
0.53183275,0.022138787,0.92586446,0.1423752,0.18838695,0.45027283,0.1255055,0.0060169073,0.23052607,0.15777925,0.029316267,0.039414085,0.031582654,0.020284884,00001558_018.png
0.51687175,0.05436311,0.058838528,0.01454606,0.06729196,0.047112007,0.019883888,0.1764313,0.010435421,0.0029723211,0.22521219,0.035376452,0.020137386,0.015133556,00002090_005.png
0.048790492,0.075662404,0.007790375,0.007712124,0.022730183,0.06749333,0.011747008,0.009955947,0.0153311035,0.014735362,0.0058624614,0.02089311,0.0043282765,0.013521281,00014296_003.png
0.017820714,0.21463597,0.033100095,0.043741394,0.007816921,0.017882608,0.012617337,0.008125735,0.12787516,0.15331613,0.0049371226,0.019642625,0.0846219,0.014427674,00013249_029.png
0.16243818,0.011225491,0.1320273,0.46255162,0.017388174,0.034389704,0.033511903,0.9630757,0.031046767,0.021360014,0.08159764,0.0146264285,0.028092144,0.009620604,00003611_005.png
0.0739999,0.006176768,0.009562407,0.09905924,0.10998433,0.019933157,0.039216444,0.009526147,0.06903126,0.009531431,0.017508311,0.014182601,0.024943281,0.011775823,00013950_005.png
0.16076298,0.0057878667,0.26432344,0.07188385,0.9123799,0.07407363,0.007206341,0.010438613,0.1315883,0.00908211,0.007244644,0.019076264,0.018892622,0.008823198,00018562_007.png
0.006620142,0.010985786,0.007998786,0.01718828,0.20687635,0.37435696,0.007422159,0.028455215,0.017044734,0.08989017,0.015571545,0.019698845,0.013299674,0.010073972,00008807_000.png
0.069834515,0.01984816,0.014243848,0.054515008,0.03729403,0.8678175,0.009205441,0.014936978,0.015529585,0.036709964,0.013161195,0.028905986,0.0036117088,0.029748883,00008504_000.png
0.043543827,0.99141955,0.025206508,0.64654475,0.00985422,0.013117887,0.010604646,0.005911366,0.013321135,0.039500605,0.012021813,0.010169927,0.006795195,0.004448506,00012992_001.png
0.005282489,0.005457654,0.023307344,0.04526329,0.018844843,0.022369863,0.0039421627,0.24293461,0.024986615,0.034470946,0.006917154,0.0131345475,0.015693806,0.0073460913,00009218_012.png
0.018835787,0.010117433,0.32017747,0.03757834,0.55455935,0.2028421,0.04283502,0.010781455,0.011394794,0.010167046,0.00970244,0.013256337,0.1179529,0.0081352675,00010148_001.png
0.018978015,0.036836762,0.021401385,0.038052227,0.012227255,0.050890334,0.07690507,0.27265233,0.008604603,0.0071194163,0.015441348,0.013886223,0.014437053,0.04393204,00005260_000.png
0.46368137,0.24249272,0.7072827,0.04304563,0.021530043,0.0069780815,0.34367245,0.053701058,0.008505949,0.009623227,0.011359738,0.067960255,0.08224954,0.022010725,00019646_002.png
0.02812937,0.0104172565,0.036825586,0.96228534,0.0600942,0.012527402,0.037309166,0.8491561,0.043460134,0.017883513,0.06134895,0.027420672,0.009042531,0.0066690804,00018921_036.png
0.08236805,0.011208525,0.09306209,0.5610714,0.015865004,0.031494603,0.07068652,0.006129653,0.76723826,0.36550954,0.004178048,0.024884712,0.012786871,0.0139563205,00000766_027.png
0.1795436,0.015899407,0.11496994,0.64206576,0.04079428,0.09323316,0.014273558,0.02053769,0.028881235,0.00945105,0.012761291,0.9067203,0.018862909,0.011040127,00007552_000.png
0.022485534,0.0053412006,0.1218577,0.91858274,0.0539955,0.040372126,0.013054543,0.01242168,0.041254688,0.76733565,0.009139864,0.011206728,0.019173441,0.006035576,00008068_016.png
0.037470955,0.0055748657,0.01748685,0.07002008,0.014554252,0.026719797,0.022016935,0.75440115,0.027509088,0.043546163,0.060132936,0.042199995,0.4927381,0.012286057,00003945_007.png
0.1669994,0.006535468,0.7038517,0.03417335,0.10916815,0.03876798,0.007903204,0.015722094,0.013481409,0.005549359,0.019630661,0.037689015,0.2852777,0.011515274,00007451_002.png
0.009514565,0.010564661,0.0076230178,0.00601492,0.0050426787,0.017628288,0.015021217,0.006929861,0.0053626425,0.00885342,0.008097505,0.010735284,0.017322062,0.011780302,00018614_001.png
0.015726427,0.0115355635,0.010670592,0.024445664,0.00698811,0.012368432,0.01484737,0.0634149,0.010347056,0.023081608,0.988706,0.00817211,0.015739504,0.010473251,00005681_025.png
0.009417352,0.0054724864,0.045805242,0.8848863,0.015045533,0.10396805,0.19518994,0.09367876,0.032563265,0.15428591,0.041289583,0.011791503,0.029121393,0.009281583,00005680_002.png
0.007574076,0.030828118,0.3513946,0.8217244,0.01988747,0.00760511,0.031981826,0.011297966,0.014635392,0.98608035,0.009385919,0.008461574,0.008112145,0.004241299,00012863_004.png
0.023033304,0.01021372,0.019496324,0.025722925,0.009669199,0.008382934,0.010285277,0.17245555,0.039122175,0.0065535707,0.96065843,0.012794662,0.025136989,0.016840933,00015530_093.png
0.08485761,0.020393316,0.0386187,0.015995631,0.011043262,0.012544833,0.01259967,0.17996743,0.027303616,0.006166382,0.86377126,0.014925659,0.01817354,0.015241163,00002843_008.png
0.05559207,0.015185127,0.026180243,0.0048464234,0.35928723,0.028684882,0.0060308864,0.013874683,0.005507046,0.0042788647,0.004402961,0.011243824,0.0069265114,0.0081165545,00017035_001.png
0.0049062367,0.00870756,0.006635541,0.010117935,0.26872298,0.051552717,0.010211142,0.003935127,0.00790691,0.0075676693,0.007919675,0.018092372,0.021317557,0.010019401,00017234_005.png
0.10319718,0.027314762,0.018840123,0.2696141,0.0044453186,0.021697206,0.01986176,0.05383873,0.063087985,0.5569705,0.0048008705,0.010831157,0.020870483,0.017428515,00016376_003.png
0.007836193,0.0054446766,0.011826972,0.58135587,0.018467572,0.011633673,0.028413154,0.0077935415,0.019563265,0.02781539,0.011573609,0.78777725,0.011922114,0.0077497414,00002991_001.png
0.010373829,0.0056838263,0.0056581562,0.01919314,0.006245972,0.032047383,0.029122714,0.013473027,0.02061202,0.010429971,0.011787775,0.32574207,0.14723419,0.012854475,00000316_000.png
0.10712921,0.0056949263,0.012858844,0.006091393,0.010917074,0.021260792,0.00416681,0.011332309,0.021182563,0.008423768,0.007138415,0.011311092,0.007944249,0.0069430196,00017518_001.png
0.046254616,0.009704901,0.033356037,0.8056069,0.7349874,0.0175519,0.013848982,0.037663627,0.15252218,0.01762151,0.022842519,0.021059139,0.0050074323,0.0074167512,00015606_025.png
0.02046324,0.0165301,0.0076623713,0.035495512,0.006728318,0.007786214,0.015624702,0.013133887,0.02904586,0.019081796,0.015531323,0.9183366,0.015060995,0.017529756,00003039_000.png
0.033106852,0.014906111,0.008202091,0.009063645,0.013676239,0.016747922,0.008816728,0.0039242567,0.015851274,0.01493714,0.013808982,0.015402329,0.008800945,0.011462111,00000493_000.png
0.43207562,0.0069515,0.097861946,0.5221419,0.018610215,0.3580913,0.044491842,0.007521291,0.14902352,0.10541525,0.012943694,0.012011305,0.017772064,0.017367117,00020213_028.png
0.0076188804,0.00742407,0.06780593,0.10985089,0.017851839,0.009976795,0.013944324,0.0070973523,0.0051606316,0.009577914,0.50383776,0.15340477,0.07533733,0.011814479,00014437_000.png
0.0048494968,0.018691937,0.008214606,0.008942353,0.013545273,0.009485816,0.004529885,0.010630607,0.02359289,0.089039735,0.0035080863,0.010726223,0.011796577,0.014098096,00012129_002.png
0.016191034,0.012841213,0.056842487,0.07211548,0.013316474,0.0048757554,0.2254457,0.049075715,0.005943326,0.009351238,0.019044619,0.04201255,0.021894028,0.0069237244,00010360_005.png
0.025576761,0.008806974,0.21559976,0.7889006,0.039659336,0.33292705,0.016347649,0.009001675,0.39573237,0.014288372,0.0058114543,0.033048406,0.018243322,0.012444407,00003393_022.png
0.009356049,0.0033327434,0.006257624,0.042499356,0.018977065,0.023692962,0.012360974,0.0037413768,0.03594501,0.009505554,0.0040350696,0.0045893434,0.011782628,0.005960258,00007307_007.png
0.020566288,0.010231325,0.022943078,0.10012091,0.07312562,0.015850509,0.020658704,0.8254429,0.021018647,0.012391876,0.9383318,0.022964446,0.0145206,0.015485921,00006874_000.png
0.019489989,0.007898981,0.09731984,0.5636733,0.015886117,0.02341263,0.024847817,0.011471744,0.18542281,0.7496589,0.0164775,0.009380778,0.021720052,0.010756619,00014472_011.png
0.043238997,0.019527756,0.032861587,0.024187084,0.017491445,0.123231314,0.034555245,0.010093745,0.018099701,0.021751419,0.012722432,0.04496493,0.014395597,0.6613299,00000942_000.png
0.0052493685,0.014987525,0.0066443128,0.028489819,0.013544535,0.007903544,0.006723167,0.017750518,0.008991677,0.02455362,0.003611302,0.014598436,0.01481827,0.008640953,00013600_000.png
0.010541015,0.010503988,0.0054041822,0.033648983,0.008746566,0.0077333944,0.038844906,0.018280564,0.017138066,0.008184662,0.017574627,0.18177612,0.18355589,0.020166315,00004126_001.png
0.20166309,0.032324668,0.019685986,0.11468211,0.007371901,0.019522542,0.029079204,0.022060253,0.4051972,0.010684752,0.029527325,0.013062797,0.03588715,0.012090887,00006386_006.png
0.014066147,0.35231104,0.016472276,0.24153264,0.004281246,0.008593371,0.019113813,0.04226597,0.012203068,0.05665739,0.012349202,0.020539349,0.027702117,0.017204374,00015520_001.png
0.018672202,0.008656486,0.2311986,0.02373293,0.0325645,0.0041076583,0.005869655,0.21945202,0.14461966,0.046851367,0.05877206,0.010386118,0.05793144,0.011847309,00011723_007.png
0.0061096563,0.0050514326,0.018455384,0.53804505,0.013666191,0.009237585,0.14009544,0.004868995,0.0072796335,0.9959847,0.0067637386,0.0047901906,0.0050018877,0.005756236,00019157_005.png
0.008426541,0.009083377,0.011264789,0.047697064,0.14325751,0.018876653,0.006950006,0.031999934,0.11772771,0.015300807,0.005360356,0.008642568,0.0052194647,0.011014968,00010304_007.png
0.042187452,0.007327362,0.017894235,0.013660896,0.0072430563,0.009590289,0.008861893,0.93254036,0.034417495,0.009807955,0.85278517,0.013307098,0.04982888,0.010697694,00001248_023.png
0.038167,0.023244448,0.4357722,0.18109785,0.52781075,0.13638945,0.007200084,0.008592209,0.5764205,0.018719666,0.0045699235,0.07412064,0.0075541954,0.00886064,00010007_027.png
0.0129982885,0.011364579,0.020381754,0.06045546,0.021987025,0.037407517,0.12685357,0.013362703,0.027079545,0.006674275,0.00673422,0.5466478,0.116783805,0.0070496025,00014055_000.png
0.010789232,0.03283445,0.057457887,0.8469208,0.077564396,0.024687372,0.562056,0.011488421,0.020955233,0.5812765,0.023147667,0.0119246645,0.069510035,0.016026793,00001075_003.png
0.32253304,0.04072583,0.016403688,0.8573535,0.072772,0.5909909,0.1802576,0.0061206636,0.006840518,0.031115878,0.036836717,0.015032967,0.014201209,0.023198962,00006699_008.png
0.022636356,0.04629106,0.014650289,0.47427016,0.01318941,0.01908272,0.2669283,0.013515818,0.77567625,0.14284994,0.013769057,0.018895075,0.017531177,0.011837158,00015605_031.png
0.019061519,0.007997454,0.009856854,0.026954412,0.009501079,0.010069932,0.012366499,0.023124881,0.013133688,0.005711862,0.019058956,0.9621472,0.043707978,0.009932339,00001555_001.png
0.030300656,0.009520057,0.014116208,0.83830273,0.028238678,0.13121292,0.10958721,0.029705208,0.03587889,0.008755703,0.010190771,0.14286497,0.23012494,0.0051498367,00001946_019.png
0.011966954,0.0133561725,0.0077826343,0.039561123,0.010816678,0.012915348,0.028370922,0.011446745,0.0071040024,0.008279088,0.011982938,0.9546053,0.30578664,0.014525542,00006919_000.png
0.11498875,0.011566967,0.01781021,0.5681854,0.0124283135,0.11697238,0.05599829,0.0114146685,0.01615394,0.0055674165,0.027325228,0.148263,0.133907,0.014313916,00009553_001.png
0.038984977,0.0066012503,0.45599714,0.7402329,0.75136244,0.089561604,0.06683992,0.051418453,0.32341325,0.2538489,0.10560077,0.010740552,0.1825763,0.013063614,00011144_026.png
0.01791159,0.008346648,0.014313277,0.9325743,0.029038493,0.6560884,0.026045991,0.019058187,0.011113593,0.017550578,0.03701112,0.010217216,0.07315012,0.008302804,00006446_008.png
0.053176574,0.9179455,0.12814988,0.069051504,0.010462158,0.032333486,0.015613602,0.018131906,0.014643584,0.026430983,0.048206437,0.01865639,0.1314353,0.02259872,00000116_000.png
0.18682231,0.01297541,0.5287063,0.07075791,0.066511996,0.022949262,0.012384409,0.53625345,0.036300406,0.014559928,0.97743374,0.01659324,0.21011288,0.012548045,00016422_006.png
0.9718836,0.011561686,0.06402447,0.41195458,0.05118269,0.016233403,0.023153497,0.010462993,0.24565992,0.014734497,0.013546019,0.017200707,0.03786701,0.016338112,00008051_008.png
0.032955687,0.021460898,0.5564308,0.23282318,0.08900126,0.016323091,0.022288494,0.060375746,0.008623131,0.014768413,0.25099045,0.48995855,0.14215606,0.010163209,00016142_049.png
0.044003297,0.007889297,0.0488112,0.008216055,0.15471157,0.0099757975,0.007571033,0.007275516,0.29640588,0.012226168,0.008954934,0.012259051,0.09237935,0.013490118,00007762_000.png
0.40443164,0.017556861,0.12216817,0.037295297,0.0075580105,0.01956144,0.014839998,0.042155217,0.016123557,0.007896903,0.98476136,0.048386432,0.058341347,0.010527626,00020070_005.png
0.58378565,0.020187315,0.030202292,0.007857855,0.0098090805,0.019414568,0.053094935,0.101031646,0.0122814635,0.0063617835,0.018031372,0.017401965,0.032178584,0.0065934965,00006827_003.png
0.011230017,0.009374072,0.028023634,0.006369474,0.018485092,0.1631363,0.020141954,0.01025604,0.017639332,0.011974337,0.037115816,0.26404345,0.024780847,0.015978761,00018853_001.png
0.024557866,0.015783688,0.013368966,0.21980219,0.01735756,0.10714819,0.23533249,0.0070555257,0.04730004,0.16517931,0.0028175053,0.02437397,0.012655842,0.021392642,00018104_010.png
0.33416867,0.019176662,0.034733515,0.15559275,0.018449934,0.017126245,0.009168817,0.8305951,0.027367113,0.005666753,0.26766613,0.017364182,0.013578617,0.014132729,00016175_004.png
0.0097805085,0.06200965,0.024057113,0.08669053,0.35096523,0.009924928,0.0077024777,0.011587839,0.022471102,0.011688745,0.075599544,0.099916935,0.024958251,0.043642417,00002262_003.png
0.03174065,0.009415132,0.010956435,0.18239625,0.91061556,0.012645984,0.04798205,0.0067366725,0.02128093,0.010904616,0.019528061,0.043032844,0.039462995,0.013560548,00006440_002.png
0.016308786,0.004484108,0.05201701,0.05542399,0.070935704,0.06675229,0.011092829,0.071001925,0.0066287145,0.04103196,0.02107215,0.007820197,0.007839991,0.012049782,00016550_005.png
0.31701294,0.010861176,0.83305806,0.5741443,0.04622853,0.027258638,0.07192958,0.038115405,0.89599115,0.34317747,0.015842149,0.019358747,0.1253541,0.009759809,00000061_015.png
0.02401245,0.007631358,0.031103859,0.53457355,0.010369752,0.01758502,0.02289686,0.027961299,0.061014265,0.9514299,0.012838613,0.01351557,0.011898333,0.010542144,00014839_026.png
0.0052010445,0.007839849,0.0050835717,0.031949043,0.015968537,0.008301195,0.005394925,0.006427975,0.023551458,0.03612963,0.0039611096,0.0077583776,0.00426227,0.012268843,00009262_002.png
0.02084268,0.0033685488,0.3923004,0.13971736,0.04681321,0.16014925,0.027612919,0.012028758,0.052376643,0.17567275,0.0050670872,0.01784904,0.014223903,0.0070375428,00016719_025.png
0.14046326,0.01946335,0.06629651,0.34915146,0.23566175,0.03880822,0.081595674,0.65027475,0.023040533,0.1568575,0.04766916,0.01440007,0.1054302,0.016881175,00009138_006.png
0.1003229,0.0066412888,0.36016917,0.26532027,0.6261142,0.8045396,0.013010732,0.02521371,0.05900415,0.041713484,0.0059457454,0.036268815,0.04631361,0.017598962,00003393_021.png
0.052466176,0.08301429,0.046626538,0.011677623,0.1195923,0.007144899,0.008467076,0.042634226,0.22712319,0.0060887984,0.0027751615,0.010156697,0.017480493,0.0069406196,00013557_016.png
0.82228833,0.032185502,0.94702554,0.13481662,0.08193643,0.02193459,0.01971005,0.28589115,0.12205799,0.015788563,0.005356811,0.0065079127,0.19628586,0.006882793,00007848_006.png
0.06558538,0.022278894,0.009089391,0.0480957,0.03596309,0.15152358,0.14025033,0.0059006405,0.014809599,0.023530073,0.025592335,0.015625611,0.0064500063,0.029030265,00010744_002.png
0.025719041,0.00666161,0.01502809,0.22413516,0.03130416,0.0419497,0.018768324,0.008589184,0.0394434,0.0068974886,0.030078704,0.6799543,0.29383036,0.022019723,00020072_001.png
0.53389806,0.0649172,0.21083024,0.055212297,0.022008235,0.034478746,0.043944776,0.0052914233,0.80955416,0.026947524,0.004682584,0.011575573,0.054061655,0.009394396,00004451_001.png
0.012361538,0.01222809,0.009273496,0.030426042,0.0175075,0.2192446,0.0114843715,0.018943343,0.021975996,0.010240866,0.007609466,0.01672882,0.470148,0.012614099,00003098_005.png
0.39619341,0.006691992,0.5568371,0.04788519,0.26007283,0.04883143,0.0118502285,0.035983395,0.69118303,0.018496856,0.012765472,0.023173802,0.48154068,0.013822352,00004833_017.png
0.045317154,0.012032946,0.028153177,0.17262675,0.04942878,0.0114610195,0.007660809,0.25296348,0.05451317,0.010259447,0.89935493,0.0148163065,0.009777974,0.011002866,00013219_000.png
0.14429742,0.0027977617,0.04455156,0.37572515,0.24599966,0.060044866,0.05824146,0.00566393,0.19430998,0.013199337,0.04601637,0.0059762495,0.077396594,0.018402582,00007772_001.png
0.017708698,0.004886217,0.021351375,0.010469797,0.012200108,0.018384073,0.022756869,0.010189058,0.013961466,0.003326607,0.01086611,0.0033403216,0.03564819,0.007961166,00010610_003.png
0.017299067,0.007750438,0.023318203,0.016042247,0.02759665,0.018101942,0.020637043,0.0069132997,0.04434093,0.14396428,0.03595619,0.013347327,0.01738169,0.012349138,00000980_004.png
0.043535847,0.007162043,0.03271824,0.019471657,0.115213394,0.05118321,0.03662784,0.018407853,0.029379642,0.013388218,0.013706485,0.013855977,0.4731189,0.006128204,00009138_014.png
0.059809938,0.0059098275,0.006387586,0.007786259,0.008289905,0.043929353,0.07101211,0.008841428,0.01294133,0.009934317,0.019157052,0.55153364,0.02090524,0.038016584,00015442_001.png
0.13101144,0.013756087,0.026178475,0.0041975514,0.006486715,0.011617324,0.017420352,0.008758216,0.017001448,0.006157998,0.6581838,0.081830874,0.11653276,0.0346409,00011343_000.png
0.014148123,0.023622982,0.049281742,0.5691508,0.06365994,0.027690208,0.20380284,0.018274771,0.011008388,0.008350809,0.011649842,0.22366539,0.05025932,0.08703384,00016355_000.png
0.4517439,0.0073854425,0.942413,0.39394367,0.15455693,0.019552404,0.0084181735,0.121590294,0.042618454,0.025122795,0.006677073,0.015182624,0.055627044,0.007730229,00010007_157.png
0.05147951,0.003756982,0.0063431673,0.026929397,0.0073334035,0.01566806,0.025855586,0.011584441,0.011609464,0.0038464596,0.009038101,0.009294198,0.04240175,0.009816637,00008541_000.png
0.0067260657,0.008195394,0.015037049,0.11582316,0.061933864,0.051395837,0.028772503,0.0038501387,0.014539965,0.009832339,0.009530688,0.007878443,0.014281613,0.009504001,00001551_000.png
0.045492154,0.014697182,0.046774767,0.1067891,0.06596213,0.031299967,0.016823756,0.5318862,0.022537136,0.034693003,0.92344594,0.018941034,0.009877537,0.015246953,00005079_015.png
0.010840648,0.024771214,0.6416192,0.32878205,0.05830815,0.025852818,0.12627926,0.09344045,0.011518139,0.09566901,0.012169304,0.09035492,0.33763322,0.011106893,00001974_015.png
0.8215768,0.020834565,0.8595116,0.22922908,0.06026042,0.21225238,0.07258689,0.014336647,0.055569105,0.045933817,0.011269362,0.108712085,0.036815073,0.064996414,00019923_000.png
0.08479557,0.0068325307,0.012237217,0.009059034,0.7829576,0.017009681,0.01049408,0.014560148,0.013812515,0.006162193,0.005284403,0.018773803,0.010345666,0.014782893,00012927_001.png
0.010584127,0.0059179463,0.011275867,0.008914075,0.2127159,0.008535872,0.023098059,0.006347312,0.005674012,0.0043038116,0.009767808,0.11843102,0.04010184,0.039966915,00007451_000.png
0.4022976,0.4448923,0.10332379,0.51563627,0.01236877,0.013038979,0.09271077,0.0118840905,0.661817,0.15370964,0.016321262,0.10354429,0.035759553,0.01640872,00015770_033.png
0.029006954,0.0103222765,0.008223308,0.032003473,0.011152571,0.014597777,0.04080626,0.0077692205,0.008684741,0.0102403965,0.0065722303,0.9440205,0.016287198,0.012204477,00014201_008.png
0.007568898,0.007472011,0.014797561,0.09499851,0.030462964,0.008082525,0.008444117,0.072364345,0.2188135,0.08364087,0.002077907,0.014217692,0.016977271,0.00943924,00009608_027.png
0.038050674,0.01066734,0.01765298,0.073753975,0.012518126,0.042389058,0.022202037,0.2747343,0.0094221085,0.011817424,0.76821625,0.3560741,0.14032723,0.014317112,00008008_014.png
0.036128208,0.011362223,0.3596456,0.011591608,0.055737287,0.02054683,0.0074501536,0.792157,0.0066702077,0.0055829794,0.039891303,0.02451819,0.6655087,0.0061136507,00014556_001.png
0.020687465,0.0023239905,0.037231643,0.98558784,0.538916,0.1203375,0.0062202318,0.26620945,0.16989523,0.042506773,0.024817305,0.018199032,0.017949736,0.002714158,00013670_089.png
0.016594399,0.010170781,0.016704947,0.02037815,0.010978872,0.00825779,0.015719496,0.022478387,0.013461327,0.008089601,0.033550747,0.848977,0.18134251,0.030356186,00000461_000.png
0.10034242,0.081406325,0.02955822,0.110395074,0.005051483,0.29825145,0.028106423,0.005412095,0.030979037,0.036292758,0.0064207576,0.009667399,0.074082136,0.016049903,00020213_025.png
0.07081273,0.011713487,0.02066542,0.107731536,0.0077948095,0.009779036,0.0146032665,0.092505164,0.018983489,0.010938432,0.9903803,0.009852755,0.037566848,0.007314378,00017266_003.png
0.032837458,0.023765495,0.009972365,0.004251124,0.007086014,0.03763042,0.011426465,0.016424125,0.011903132,0.0037929113,0.02637702,0.0537924,0.024821255,0.015455547,00000682_001.png
0.2549948,0.01889573,0.019535847,0.20957331,0.017548343,0.33560377,0.053744983,0.012673181,0.052450802,0.21189523,0.0063578538,0.06769198,0.0074522058,0.015831923,00017365_003.png
0.009242884,0.007899264,0.009136362,0.006919359,0.15558568,0.22791702,0.008740557,0.011735246,0.007839001,0.005356201,0.07510805,0.02477867,0.03738368,0.015670009,00007402_001.png
0.031079236,0.008000371,0.0036933054,0.19894482,0.026016144,0.012597529,0.035770718,0.028954644,0.023674339,0.0754198,0.010227921,0.0130606275,0.00575955,0.00823584,00006304_001.png
0.01819502,0.009918918,0.0076382365,0.004725137,0.016502457,0.02316934,0.028155476,0.01636088,0.011623337,0.010728313,0.011725693,0.32209882,0.19797862,0.01079072,00005757_000.png
0.93728405,0.02007448,0.17624354,0.44082272,0.006388669,0.018705197,0.03137663,0.14738369,0.5665024,0.016925931,0.022314632,0.10442595,0.04319174,0.0068854694,00006906_003.png
0.017676635,0.0043258667,0.089454,0.99176145,0.15559506,0.18539375,0.08200412,0.023631273,0.04716969,0.15368262,0.006254078,0.018612554,0.013433,0.0036549792,00013678_006.png
0.019257197,0.0061623594,0.018265206,0.015114721,0.053649995,0.018986713,0.004664952,0.11385294,0.25354302,0.0226501,0.0049275444,0.008375624,0.0064660995,0.008464972,00009889_028.png
0.008510088,0.047620628,0.11574392,0.12574843,0.006620566,0.006750109,0.008877146,0.013072144,0.038403727,0.067495845,0.008898585,0.0164886,0.012628409,0.0059542516,00008649_011.png
0.029195545,0.0066417768,0.0117751565,0.02524249,0.15542974,0.5285567,0.009931664,0.3831808,0.010084616,0.0059285564,0.037058663,0.034397487,0.008578414,0.011719709,00008841_048.png
0.03952462,0.0066737537,0.014329938,0.23356335,0.025213618,0.36910364,0.015289159,0.02766317,0.014936839,0.010883078,0.0048209196,0.052908275,0.018429698,0.016511498,00019471_000.png
0.24824624,0.037517082,0.97570443,0.06829986,0.084837876,0.060168903,0.009368795,0.13252777,0.07775964,0.008347319,0.012312326,0.009235285,0.0841447,0.0059221806,00017478_000.png
0.008378452,0.19095589,0.012899673,0.029933397,0.0060745184,0.014819949,0.1177284,0.005205974,0.023610476,0.20901008,0.017711312,0.008666959,0.04301656,0.021163132,00007018_032.png
0.27769077,0.46758053,0.89124125,0.049424417,0.008050323,0.02480665,0.029776841,0.091792256,0.14802647,0.02169146,0.009252597,0.14322235,0.34333062,0.018457022,00016732_036.png
0.13675776,0.006502859,0.009659177,0.37541413,0.018797368,0.008210625,0.029774597,0.3017685,0.044963993,0.0061785444,0.053177007,0.45881253,0.12208823,0.015923277,00017141_001.png
0.021506129,0.006901164,0.016509747,0.03900506,0.26358092,0.0074533727,0.005555146,0.05640706,0.034375582,0.006173806,0.003863881,0.004904698,0.02488031,0.006440271,00016009_027.png
0.008769458,0.12596306,0.0093155075,0.029930055,0.00769517,0.012540284,0.027246535,0.0088564325,0.008517027,0.012591177,0.0055454345,0.019066446,0.010260444,0.011309727,00001279_001.png
0.037586007,0.23171721,0.24714616,0.3409476,0.29217654,0.0051618633,0.029742453,0.013309377,0.6847374,0.23393978,0.010066106,0.019111952,0.05597622,0.009659382,00014635_002.png
0.057190884,0.5607392,0.2093452,0.29679206,0.03150696,0.0595927,0.1996813,0.014918741,0.3486533,0.21774186,0.02612294,0.57867426,0.062450714,0.01729524,00006642_012.png
0.021491334,0.005997097,0.006069681,0.029960664,0.26467374,0.018474923,0.021475013,0.027677674,0.15561076,0.024252128,0.01632404,0.014420828,0.037035126,0.008779586,00013670_137.png
0.10182598,0.007192412,0.0644585,0.7812052,0.52777493,0.03855691,0.025281344,0.19936763,0.0745426,0.025183162,0.11461592,0.0074944897,0.0049129855,0.01146277,00005505_001.png
0.012832064,0.041909333,0.9225341,0.040808227,0.007128593,0.025788505,0.038843084,0.0084906565,0.18032502,0.11043132,0.01683285,0.011150478,0.038740687,0.014705589,00016291_042.png
0.12782241,0.01166046,0.031300142,0.12319706,0.17319672,0.028271167,0.01329572,0.7584,0.011175897,0.009217832,0.979576,0.017180258,0.39009994,0.010512938,00002702_011.png
0.1141945,0.026605522,0.50010073,0.66939634,0.41579592,0.07516879,0.01716377,0.48471674,0.03901135,0.0126753235,0.016210802,0.009019366,0.0050498946,0.011609054,00011379_027.png
0.008425167,0.031892907,0.017431382,0.012130566,0.018544395,0.004237334,0.007661556,0.0127652325,0.006826179,0.015561893,0.005135517,0.015150354,0.009887864,0.015588865,00003361_012.png
0.0133689325,0.16353863,0.016862802,0.053576786,0.054580778,0.03673136,0.019007137,0.013783486,0.0075281463,0.011355219,0.012663454,0.023419753,0.12580712,0.0116005875,00001364_005.png
0.046467938,0.9037402,0.3956492,0.034622837,0.017389502,0.013619906,0.010782675,0.02935669,0.0141241,0.012285906,0.008809698,0.006771392,0.072425015,0.015650127,00011023_004.png
0.012090653,0.007997295,0.0068879444,0.04625519,0.0120774135,0.030158762,0.0039988705,0.010009157,0.11377472,0.105611,0.0037889944,0.013825148,0.0040782504,0.008824557,00016991_013.png
0.20153245,0.005987381,0.011956388,0.018368056,0.024896951,0.008382491,0.012191975,0.07558782,0.109207876,0.031709954,0.017298596,0.012525496,0.030365687,0.015729925,00001948_000.png
0.04647659,0.46770144,0.010958817,0.01084937,0.041941673,0.026558721,0.2358817,0.0065244404,0.0597056,0.022641974,0.03530543,0.07493485,0.11778727,0.018503588,00006532_002.png
0.010417552,0.010453301,0.024829794,0.89534897,0.02709287,0.019994952,0.12492206,0.015334668,0.031790648,0.95295537,0.008575365,0.00944474,0.028881732,0.007141382,00018724_042.png
0.535216,0.8834902,0.94002634,0.28871587,0.03379986,0.04835235,0.13229507,0.017398696,0.031217832,0.04150383,0.014406873,0.058825918,0.17073147,0.00910194,00000211_011.png
0.004152068,0.0027024918,0.009083333,0.53099155,0.1837873,0.18491705,0.015480542,0.014248998,0.04091508,0.022528991,0.004305841,0.015651442,0.03250735,0.0059977057,00006700_005.png
0.0065716202,0.013156265,0.018018551,0.025689421,0.20955426,0.016788498,0.016064633,0.03483956,0.015455512,0.0110790655,0.8635735,0.012582827,0.0451135,0.021450063,00009349_003.png
0.006321262,0.007815497,0.010577987,0.014216698,0.01680074,0.03888313,0.010056426,0.048808053,0.0035467038,0.007843014,0.014381666,0.072993465,0.3415382,0.009755828,00007585_000.png
0.059008766,0.01177094,0.033366255,0.07187539,0.009274023,0.014647294,0.006500561,0.18759225,0.046985455,0.006902426,0.15346637,0.016039891,0.021937177,0.011322318,00008468_035.png
0.42543688,0.03898747,0.9053708,0.115870155,0.14002542,0.015508409,0.052448794,0.011437823,0.61162305,0.029668046,0.05044798,0.41599372,0.13550898,0.016058581,00019395_016.png
0.15635791,0.018172454,0.01658942,0.115332745,0.062814526,0.15181461,0.013228366,0.82571214,0.01013775,0.007693601,0.98492604,0.017426679,0.055838328,0.0099986205,00019373_003.png
0.020613844,0.011181705,0.14770561,0.5289147,0.61331916,0.14936386,0.17180097,0.0039171726,0.158242,0.022589054,0.01443841,0.019763153,0.10167709,0.011745342,00016719_015.png
0.015152531,0.92144454,0.14568006,0.029314306,0.063842565,0.049282447,0.011767724,0.027717661,0.016043149,0.022518918,0.016577382,0.011341668,0.022771658,0.016837548,00007228_000.png
0.08667305,0.15720385,0.06479207,0.054316286,0.13849492,0.020630963,0.008491307,0.01158613,0.05621346,0.017836222,0.0059324354,0.014375234,0.020157393,0.008357086,00010805_008.png
0.011734803,0.023386933,0.0075536477,0.11032001,0.012889179,0.042005196,0.018009694,0.25117725,0.014943014,0.045143884,0.63918173,0.0278553,0.009442965,0.01338332,00015606_039.png
0.007978251,0.006745296,0.11942477,0.9295914,0.5128806,0.5010506,0.02151592,0.016021509,0.0807342,0.17178941,0.01228729,0.0098125925,0.048362352,0.005994818,00012373_004.png
0.04253711,0.0074688364,0.25058118,0.024490522,0.0060025314,0.007289463,0.015892731,0.94221723,0.01166274,0.036484238,0.37079522,0.023843877,0.023711499,0.0107118385,00016937_008.png
0.48727474,0.02803873,0.12720263,0.3422915,0.07272576,0.11030035,0.08966343,0.028490953,0.018602954,0.017108308,0.01654804,0.5300715,0.010502567,0.37275493,00009368_016.png
0.031695925,0.021065382,0.060291514,0.8065279,0.023196222,0.21462353,0.01810013,0.014887198,0.29212913,0.032588046,0.024766676,0.6049845,0.31588742,0.011226921,00001836_096.png
0.030883802,0.014402088,0.007411007,0.031551063,0.035902385,0.012501968,0.0094016325,0.7713129,0.0137294205,0.018022357,0.018062606,0.021106653,0.027600015,0.017564371,00008295_040.png
0.020478254,0.012726679,0.009933613,0.10854656,0.61185634,0.020236615,0.014169394,0.023760784,0.016367804,0.03595324,0.0060018003,0.012442503,0.03390795,0.017773189,00018852_001.png
0.1849444,0.0146561535,0.9391059,0.08207224,0.40704635,0.120827116,0.012091297,0.031181311,0.06315214,0.009880578,0.010588198,0.032368638,0.67112935,0.007230853,00006948_011.png
0.18414387,0.01665604,0.0038150072,0.43289527,0.006968625,0.009227884,0.13916032,0.012668014,0.013957856,0.005662566,0.3363289,0.094412945,0.038584027,0.038263947,00002371_029.png
0.024136363,0.0029564786,0.021881519,0.33560655,0.053960912,0.004185003,0.09088547,0.016294023,0.06649929,0.012338547,0.01431699,0.022370225,0.02009753,0.009076293,00008371_003.png
0.068264164,0.014200889,0.012548099,0.018987972,0.016229833,0.040900834,0.004146527,0.035915237,0.015702818,0.014849419,0.020806534,0.020177286,0.032018356,0.016180253,00015268_001.png
0.0055978876,0.13385871,0.025724348,0.012785005,0.011844405,0.005387947,0.03998665,0.004453958,0.014469751,0.00787665,0.014079325,0.06160972,0.023530468,0.027741466,00009966_000.png
0.019539997,0.006824242,0.043884035,0.06710437,0.03745254,0.022099601,0.002566449,0.01841796,0.023094965,0.1557453,0.00825608,0.011102307,0.0055909194,0.008994592,00015013_007.png
0.06534435,0.006739759,0.3686543,0.7247747,0.5329297,0.31034082,0.009879567,0.021529762,0.103961,0.14243095,0.0075004795,0.01937257,0.026657203,0.01604081,00018964_014.png
0.02125072,0.04281598,0.17475884,0.06532233,0.037283503,0.010556788,0.07664139,0.34088427,0.008256563,0.019132294,0.52264905,0.036144312,0.5414248,0.020016747,00016205_000.png
0.0057514515,0.006561231,0.008358493,0.037908692,0.02617882,0.025649017,0.011387802,0.026355794,0.014706024,0.009330971,0.023138111,0.13224825,0.30095723,0.008733342,00004582_005.png
0.005328173,0.02491483,0.026038248,0.071631595,0.06814486,0.01077485,0.009020888,0.06250418,0.020609196,0.06910535,0.003416339,0.012426383,0.061418965,0.013764214,00016291_005.png
0.16309002,0.014104771,0.34135675,0.086603,0.009803798,0.0103150355,0.020873697,0.050321937,0.96409947,0.14501953,0.0064396737,0.021945948,0.04023345,0.00782982,00014618_004.png
0.34298578,0.017429994,0.3030422,0.20056127,0.057214644,0.018931158,0.17173678,0.017377399,0.3113307,0.6824882,0.055874575,0.0135067105,0.011658212,0.01810062,00015041_011.png
0.21435526,0.015588447,0.055026088,0.06008916,0.024672003,0.034613125,0.029333422,0.7803746,0.02742088,0.011912945,0.98425347,0.023784572,0.11732812,0.012878396,00012144_028.png
0.005764038,0.008296469,0.009976983,0.027095014,0.022181155,0.0066626165,0.005711605,0.035828706,0.028099963,0.011882394,0.0027692954,0.009640601,0.016294328,0.008068786,00002335_002.png
0.01378672,0.022318581,0.07246704,0.019908374,0.030733496,0.014541817,0.012027823,0.01655237,0.47256967,0.29055142,0.0029229533,0.008448231,0.007082881,0.010154966,00017524_008.png
0.097653404,0.08254513,0.15872473,0.16043574,0.07482677,0.012877385,0.016803717,0.018555798,0.22805266,0.6427895,0.052017305,0.011020481,0.12530126,0.0155561445,00013670_142.png
0.027979916,0.0080061145,0.0070595653,0.24795109,0.007237668,0.12718035,0.05846962,0.04689284,0.012590835,0.19959116,0.021451565,0.010641727,0.006241141,0.012586922,00000877_030.png
0.0646488,0.017412242,0.038220584,0.014660706,0.30712184,0.009484038,0.016752327,0.037030365,0.022420052,0.006604065,0.06809871,0.047906063,0.61812764,0.016371036,00000710_003.png
0.094930716,0.01186665,0.78451353,0.07034206,0.8272319,0.051879674,0.012632381,0.032791436,0.036041997,0.008388088,0.0077328156,0.051858686,0.710372,0.008730066,00017443_000.png
0.0611003,0.015197326,0.03927996,0.3917855,0.06121483,0.94487256,0.024735603,0.011218078,0.019421954,0.025143117,0.0107515305,0.011811223,0.019329017,0.026617898,00014663_049.png
0.015343836,0.011263939,0.013474594,0.08848358,0.021969678,0.09611166,0.0070639825,0.17138988,0.015908288,0.012032883,0.091174394,0.84801066,0.05143948,0.017471824,00012620_000.png
0.39857298,0.021350078,0.8852123,0.062089343,0.044416927,0.02400265,0.0254535,0.06344395,0.053140227,0.013452256,0.8114957,0.06346195,0.04391749,0.016948264,00002583_012.png
0.010617346,0.0068626497,0.004437071,0.009056467,0.006279292,0.089418136,0.0155975,0.0074695754,0.016621664,0.014681814,0.008786129,0.012589204,0.00555504,0.011851373,00005194_000.png
0.07267024,0.038945127,0.0891695,0.047093354,0.036335107,0.012793608,0.41501808,0.0062903496,0.012498948,0.01206272,0.023324843,0.24563384,0.08087331,0.009885067,00003665_003.png
0.020037856,0.1760195,0.15663832,0.13629712,0.008090121,0.022173975,0.03772871,0.14184585,0.03255021,0.2115001,0.38019192,0.010982533,0.008013809,0.013643713,00004344_022.png
0.09254864,0.0034475126,0.12950733,0.5108783,0.01992655,0.012613685,0.01794898,0.0919537,0.044623923,0.055325266,0.018487941,0.006361569,0.0055509354,0.007153019,00009302_019.png
0.049697727,0.16237621,0.67400324,0.5180391,0.01522885,0.04436858,0.41829878,0.011283418,0.007035084,0.10734287,0.0075284345,0.24939081,0.013482652,0.010792094,00009600_007.png
0.020159015,0.4835481,0.024812229,0.018298784,0.037544735,0.021142814,0.009377545,0.25356513,0.039630618,0.019636765,0.7187681,0.098194696,0.029609619,0.022853026,00000013_042.png
0.013422418,0.016843887,0.07539254,0.25205085,0.026449999,0.2070894,0.015398597,0.01776597,0.01753567,0.0131055955,0.0058378763,0.9816726,0.2870584,0.010481754,00016006_001.png
0.010607222,0.0047447626,0.0043181675,0.010860003,0.0069089597,0.010808523,0.010611972,0.0071507194,0.012383115,0.009026931,0.005621212,0.008596975,0.010615277,0.0100402525,00011461_000.png
0.006962671,0.022343803,0.021530818,0.113505594,0.02182814,0.023683403,0.040688653,0.011135436,0.006840236,0.019583905,0.8127736,0.030006621,0.019722788,0.017041275,00019027_005.png
0.026197536,0.030183828,0.3115847,0.0063642976,0.009404998,0.014130669,0.02991101,0.01996735,0.45339072,0.36497635,0.022234384,0.015033404,0.045219492,0.030753078,00006039_010.png
0.16733561,0.010289132,0.27426127,0.074825294,0.70604414,0.028504286,0.0315934,0.04379339,0.7099385,0.07278165,0.0109931305,0.0074307984,0.21221934,0.015008803,00013659_023.png
0.020163488,0.04156324,0.005697284,0.008436531,0.013262351,0.0057106786,0.0069493083,0.00958347,0.008265842,0.01732402,0.0053656823,0.011265256,0.01616576,0.019833712,00002636_000.png
0.024202023,0.005881779,0.015926251,0.022175305,0.01849821,0.027978348,0.006175995,0.008526358,0.023883926,0.0071361945,0.00805848,0.008644566,0.016602922,0.011203575,00011007_000.png
0.012768453,0.0064147376,0.031078577,0.36818767,0.14685634,0.60484755,0.042912222,0.025420485,0.010821312,0.42315775,0.013405854,0.01357402,0.015794646,0.013701187,00014454_006.png
0.4140876,0.018131867,0.022648549,0.03663953,0.009559269,0.08186304,0.018740844,0.15705255,0.010049337,0.011270733,0.9509343,0.025875136,0.021354064,0.013202561,00011808_019.png
0.013266177,0.011485849,0.008494921,0.01835186,0.008073553,0.141957,0.05270947,0.004758166,0.024890693,0.21906134,0.0068247174,0.021787396,0.0064122765,0.015821109,00001576_001.png
0.008962511,0.5806317,0.09711205,0.06700552,0.045010615,0.016777836,0.11151951,0.008494407,0.02671266,0.072943375,0.04598745,0.015503242,0.0071479375,0.015632896,00013594_038.png
0.013154105,0.020480156,0.0074849194,0.0467872,0.032032605,0.043550033,0.011703898,0.0074793524,0.0120641915,0.014665302,0.020787043,0.27882588,0.022604425,0.048964586,00006752_005.png
0.004286445,0.0056705214,0.0050368565,0.49889344,0.010538634,0.009569341,0.031083168,0.10280619,0.012763544,0.028330859,0.011693776,0.13289204,0.02409872,0.0066032424,00007618_000.png
0.10427299,0.31414604,0.6856643,0.75290537,0.015712785,0.020095963,0.18604346,0.10748166,0.01867761,0.400377,0.2882333,0.10712144,0.03921398,0.01548766,00016416_000.png
0.017954452,0.015376347,0.06933115,0.042232446,0.008527224,0.17401326,0.004526336,0.07417264,0.2025934,0.024610529,0.006661411,0.01488603,0.011329014,0.009029418,00010677_024.png
0.016307617,0.5139598,0.19074087,0.69723284,0.053725563,0.023542069,0.010119005,0.21830443,0.012702018,0.016816508,0.013313373,0.17625062,0.09376012,0.016267613,00010980_002.png
0.011812108,0.0040824106,0.0703349,0.39283022,0.35825709,0.042523716,0.025841648,0.0047575203,0.34991238,0.11489464,0.0044956855,0.0115885595,0.22875683,0.007580534,00004928_004.png
0.04411694,0.9757555,0.13438983,0.13725461,0.0197247,0.01620951,0.022243178,0.009289706,0.044705138,0.082333334,0.03475604,0.02668403,0.056105915,0.016009005,00006875_003.png
0.030322688,0.015618536,0.103588365,0.045416985,0.9041551,0.042976405,0.039933473,0.008969693,0.053093567,0.013964316,0.04056289,0.009754262,0.023675665,0.00904807,00001992_008.png
0.07588185,0.026996909,0.039411467,0.15224278,0.014903696,0.016264806,0.0066049537,0.0143930195,0.111339614,0.35219568,0.003887018,0.007860692,0.0076067005,0.01764485,00013894_004.png
0.01327846,0.007948775,0.008887028,0.016497811,0.011132538,0.13800533,0.022209482,0.017672628,0.0051817573,0.00580023,0.009578592,0.015314068,0.01937546,0.00869195,00010384_001.png
0.01625486,0.119264014,0.0059805512,0.01805852,0.0055187447,0.005546486,0.026021453,0.07528232,0.007223963,0.006856355,0.01012007,0.08689787,0.032163583,0.02656805,00007659_000.png
0.040643543,0.007519102,0.09293172,0.41020456,0.51769495,0.013343542,0.08127518,0.21716519,0.5804463,0.07611306,0.030060679,0.010442785,0.100953855,0.018447598,00004360_012.png
0.017926157,0.0039365813,0.009229305,0.05976356,0.03200196,0.073069826,0.006330056,0.01599128,0.04215441,0.013253356,0.0062567783,0.01273735,0.03935278,0.009039237,00018571_000.png
0.015035481,0.011037827,0.012220433,0.038947627,0.016887207,0.320499,0.0310851,0.021695249,0.006685925,0.044870675,0.09607767,0.012791049,0.006162114,0.0268649,00005069_001.png
0.046037104,0.007734213,0.008108501,0.006666152,0.013392004,0.016091501,0.1504201,0.0067573637,0.011203136,0.0052407575,0.010678669,0.022258721,0.0175053,0.011051206,00004361_000.png
0.17266943,0.5586407,0.02057115,0.05158412,0.010745031,0.008800833,0.26664656,0.007123769,0.011725201,0.009884769,0.46012163,0.036614526,0.024899561,0.008869279,00010399_001.png
0.00820613,0.006929894,0.0073644132,0.02664512,0.09644928,0.34886757,0.01099744,0.0039891186,0.021228435,0.021106293,0.006461292,0.019491598,0.01727546,0.008089887,00018989_001.png
0.017588481,0.22351402,0.15231156,0.014911658,0.085875146,0.031179398,0.009793643,0.1909383,0.04503816,0.009897718,0.9623368,0.024515087,0.044664286,0.013006936,00000013_026.png
0.04076329,0.04931989,0.035193313,0.126927,0.0059896405,0.0153340055,0.009714791,0.5917448,0.38956654,0.012792211,0.31167296,0.10057026,0.06666012,0.012117716,00000831_001.png
0.06027345,0.010847338,0.011813248,0.023846803,0.008775102,0.010896909,0.04965625,0.030007679,0.015537951,0.007839204,0.012822385,0.85545707,0.03594643,0.01661399,00000910_001.png
0.68948025,0.008927781,0.3527249,0.61372554,0.030662354,0.055248722,0.04700949,0.031247422,0.26341644,0.26543972,0.05441545,0.013674401,0.019573804,0.014705003,00014346_021.png
0.0355418,0.0059839846,0.034107346,0.22576849,0.84236866,0.038009394,0.005582262,0.038160488,0.06940152,0.012387255,0.024925016,0.014782811,0.017545005,0.014267268,00008232_010.png
0.14951663,0.21287395,0.5241441,0.013090754,0.0211618,0.039394177,0.046692207,0.009405638,0.35311046,0.4187438,0.0057895486,0.025901392,0.020468507,0.012697368,00008387_006.png
0.012415743,0.0058061676,0.012264053,0.17268023,0.019202558,0.038499203,0.014022119,0.008515907,0.010747535,0.008922673,0.015543917,0.80752915,0.20309551,0.016072245,00008748_013.png
0.02317272,0.024430815,0.91828734,0.21343142,0.2040172,0.015713014,0.056517433,0.010109452,0.014439172,0.074669264,0.06149752,0.06298904,0.7845748,0.009707174,00005612_007.png
0.01000067,0.0091526415,0.022707295,0.49069893,0.007711689,0.0507415,0.04279745,0.4057532,0.007027264,0.014761115,0.025639739,0.46194342,0.12270126,0.007545109,00001429_008.png
0.077658325,0.016392695,0.17155847,0.8854466,0.10554749,0.030060714,0.09906435,0.009066237,0.7668039,0.10549837,0.023175433,0.032445252,0.012544005,0.005417852,00013875_005.png
0.0032063413,0.09240398,0.019931713,0.11669152,0.022736419,0.03861678,0.0488048,0.009380521,0.010427954,0.030609159,0.005082534,0.007296907,0.061650623,0.007130872,00001872_012.png
0.009584267,0.013295615,0.008497238,0.59966433,0.041748784,0.050055567,0.13237065,0.012070759,0.026002709,0.9317998,0.015981086,0.0108602075,0.014568504,0.010119668,00018104_004.png
0.07893695,0.012428355,0.034177396,0.3752792,0.071151435,0.14086689,0.45975626,0.0075193904,0.015129961,0.014427823,0.0064385324,0.78021854,0.03567021,0.008332279,00016213_007.png
0.04658388,0.063849226,0.012496583,0.006229408,0.012136297,0.0052957144,0.01683424,0.04577276,0.007383844,0.0071355286,0.0055126557,0.02297485,0.0069861347,0.02201462,00011849_001.png
0.10162201,0.019710898,0.03180369,0.46526143,0.26959357,0.14789386,0.030485129,0.21365102,0.01191331,0.01971208,0.3140838,0.035968486,0.67369646,0.012100636,00003995_002.png
0.0124970125,0.0097107645,0.95379436,0.68446505,0.010430551,0.022724476,0.02025382,0.008491961,0.0340996,0.95267844,0.0061093117,0.011398242,0.008545809,0.0041199652,00010347_003.png
0.024460653,0.066480875,0.3171777,0.294026,0.08931166,0.008212334,0.02348356,0.009185596,0.024310272,0.24158293,0.008245197,0.023973625,0.36909136,0.02220111,00010007_165.png
0.027541142,0.0128399795,0.012039059,0.061970077,0.0074411635,0.0063868742,0.037626337,0.02523864,0.018107222,0.005265708,0.0073148557,0.57823575,0.41209042,0.010132946,00015275_000.png
0.057367235,0.01698655,0.07419041,0.046868235,0.3200249,0.017534439,0.027361302,0.005883544,0.5270785,0.0068945596,0.010061256,0.0088805,0.006959085,0.008932448,00016009_025.png
0.34686983,0.008010047,0.13029467,0.5083679,0.009262021,0.020259403,0.09894387,0.0108519895,0.5990162,0.78685576,0.006371841,0.024609625,0.015896648,0.020673513,00006039_004.png
0.06273579,0.015377473,0.005723616,0.042030178,0.011469873,0.017382707,0.026292669,0.0031627691,0.042605773,0.140052,0.005254483,0.019179156,0.005650119,0.011914096,00012470_002.png
0.034207497,0.41421232,0.009655328,0.050519213,0.04257951,0.024483653,0.032589495,0.034128692,0.0129770655,0.012698402,0.626249,0.041038483,0.2400945,0.018339165,00015361_000.png
0.039425142,0.13871846,0.16371778,0.09426003,0.1086407,0.008077113,0.04205354,0.021138452,0.744842,0.15704855,0.0051085646,0.011485438,0.023865828,0.010048321,00010350_018.png
0.032509718,0.6284871,0.1207743,0.004362322,0.11032212,0.027717272,0.012201377,0.018468622,0.0061295605,0.0042449213,0.009700787,0.0116481185,0.01724188,0.012063471,00008675_005.png
0.019024251,0.0067821024,0.0044132653,0.13830979,0.004519181,0.021595823,0.39496395,0.010674686,0.007386026,0.009307383,0.011575306,0.16756321,0.042141866,0.0105393445,00015273_000.png
0.006402626,0.9041308,0.054703154,0.46312448,0.010115451,0.089559056,0.029365027,0.0067867134,0.045512043,0.019434726,0.022153575,0.041610286,0.04175934,0.011853093,00003989_006.png
0.020562576,0.028943576,0.019667355,0.44457966,0.008168857,0.02025488,0.0907586,0.006910867,0.11706768,0.37186125,0.0039712926,0.031950958,0.014134827,0.01652541,00013249_017.png
0.00753699,0.05947695,0.12338926,0.63845336,0.04596213,0.02834465,0.020012459,0.025885936,0.033938553,0.520167,0.00586674,0.0064260657,0.01727104,0.0063468646,00007557_014.png
0.40213385,0.77026325,0.058059685,0.21041833,0.020099606,0.013941393,0.035187785,0.02678716,0.025170093,0.008847572,0.1162489,0.24548416,0.2248824,0.014390524,00000608_001.png
0.13419755,0.004514404,0.22659469,0.3298389,0.21137176,0.19842516,0.0135780815,0.0026708255,0.06509469,0.1845444,0.017847786,0.040796302,0.051741537,0.013805236,00018091_022.png
0.01858311,0.01565743,0.039914228,0.010630768,0.018936224,0.035698697,0.010696962,0.35623553,0.0096721575,0.02676378,0.010484385,0.27235752,0.022335146,0.031129943,00003046_000.png
0.61935115,0.02596136,0.16811736,0.047976613,0.54350704,0.10042409,0.009881516,0.027087476,0.061337378,0.006366894,0.42403015,0.5216188,0.087450355,0.01467573,00018608_002.png
0.023684554,0.007569779,0.0960114,0.105480835,0.03323115,0.025660874,0.06797647,0.009356181,0.047822703,0.045930672,0.041060667,0.64720863,0.117534585,0.018257005,00000092_002.png
0.021879561,0.05336338,0.28385264,0.1968769,0.012418105,0.0134373475,0.030298715,0.026961358,0.5235518,0.68288106,0.019582853,0.01367107,0.04796089,0.014273639,00017138_004.png
0.09230305,0.007998861,0.010121708,0.18285896,0.015504318,0.23826616,0.0849478,0.07511513,0.0052671116,0.022441927,0.2802282,0.010278896,0.009673387,0.011341122,00003367_002.png
0.5717523,0.030031594,0.24382868,0.018678809,0.042895317,0.022972852,0.090504296,0.15537912,0.032086663,0.021013375,0.039282378,0.40598837,0.01493503,0.032164246,00012536_000.png
0.004311518,0.009140671,0.009791608,0.0121193705,0.016695173,0.117112644,0.011814251,0.0077523673,0.0052485047,0.0067657414,0.04681198,0.03238136,0.047399115,0.02042069,00009165_000.png
0.020864358,0.0057977447,0.011736257,0.018669158,0.23727277,0.015279942,0.01949006,0.01439833,0.016556647,0.010895065,0.0346126,0.08224139,0.018516807,0.016744263,00008397_011.png
0.05453144,0.00295493,0.40964,0.16955926,0.0074978783,0.029442638,0.005557383,0.041374438,0.3293063,0.24441727,0.008530502,0.0075947023,0.020464765,0.008825462,00009365_021.png
0.023998553,0.015881846,0.6335164,0.72110724,0.011404369,0.020720104,0.015949082,0.036135744,0.5652274,0.07749634,0.011399934,0.020737153,0.012287903,0.005238906,00017541_027.png
0.17336972,0.00520121,0.18899162,0.0067119612,0.07894589,0.13721676,0.003798409,0.13819885,0.038986698,0.06754825,0.04694827,0.011707125,0.11270306,0.010798882,00011303_003.png
0.07089387,0.98452395,0.6776397,0.23997702,0.022906737,0.015698448,0.022423446,0.034511764,0.013791842,0.034105327,0.06444009,0.05367706,0.023681201,0.012733567,00004182_000.png
0.07970419,0.035321668,0.046772867,0.5147596,0.006768312,0.017886436,0.013979634,0.12274612,0.022275187,0.014665336,0.10550959,0.37610158,0.7194608,0.024529655,00007034_070.png
0.07916065,0.0077090366,0.049505636,0.683872,0.007863362,0.056928404,0.017051462,0.044191595,0.03689408,0.7239774,0.028673433,0.01888478,0.006932382,0.011444139,00016991_008.png
0.01443411,0.00341611,0.24645406,0.17885448,0.30098152,0.5068268,0.005471843,0.006552863,0.05565484,0.017199367,0.004098082,0.021806296,0.0069638086,0.0071634534,00009457_002.png
0.00920139,0.007654895,0.030218955,0.9560988,0.061594594,0.08856165,0.22347215,0.018319648,0.025605211,0.8672064,0.02496786,0.01340642,0.024679044,0.008102367,00020156_003.png
0.022566913,0.008352618,0.5212448,0.08226131,0.08860774,0.020922735,0.0062821903,0.021711731,0.34782323,0.10109361,0.026837518,0.009390683,0.005864902,0.006753412,00005756_014.png
0.05193442,0.012275542,0.19615519,0.055353098,0.03944829,0.021570953,0.010786801,0.07097383,0.004470134,0.006350161,0.011554826,0.2867577,0.91610616,0.007852065,00001524_000.png
0.13861805,0.69010925,0.7772894,0.02375284,0.1789766,0.03206645,0.011014085,0.016335262,0.14889595,0.16092807,0.007987767,0.022223849,0.014105143,0.018848728,00001249_005.png
0.11554082,0.26448464,0.26873258,0.7846196,0.08725929,0.05076633,0.20921826,0.004894643,0.20318827,0.7372981,0.018661855,0.028966973,0.015582982,0.017285356,00015406_003.png
0.018307596,0.01385816,0.21552628,0.9176083,0.008055698,0.010883011,0.019573549,0.017832905,0.0684744,0.746192,0.0052616308,0.009868909,0.012919014,0.0062613725,00010007_005.png
0.060135763,0.010116254,0.2430568,0.28466856,0.61889416,0.039857365,0.025278341,0.7938602,0.038830597,0.019353125,0.9610648,0.006986645,0.027072322,0.015334855,00013911_015.png
0.017671239,0.003426963,0.023956405,0.03914362,0.023078507,0.03823289,0.012074114,0.011188017,0.013152515,0.006480823,0.13430876,0.37532544,0.032434393,0.011784605,00005986_016.png
0.004364151,0.0063601015,0.012490405,0.045479164,0.0912516,0.044247128,0.038227286,0.07251798,0.0064284718,0.019796047,0.42916042,0.045966305,0.043933887,0.034778886,00019718_004.png
0.02495187,0.0057589496,0.043007825,0.022666605,0.06350855,0.19952485,0.005343289,0.81655663,0.012721116,0.019226134,0.044271387,0.012260339,0.04161928,0.010717004,00007572_001.png
0.041077722,0.008549385,0.020699728,0.5276044,0.08946245,0.0131878825,0.013606365,0.064137846,0.4446907,0.012857579,0.0123259025,0.0098932,0.0038191192,0.0057127555,00007046_007.png
0.030784247,0.0086534545,0.012596557,0.011434228,0.020070428,0.007085105,0.020666236,0.0035335587,0.021433726,0.019855341,0.0054795058,0.040853225,0.0589726,0.008945475,00012882_000.png
0.09206559,0.015460345,0.05403923,0.38011503,0.85746485,0.018504934,0.043552477,0.12546816,0.014352983,0.31245622,0.037961807,0.010421456,0.026767265,0.013026932,00015075_004.png
0.011468327,0.008103704,0.024424443,0.20036405,0.04387285,0.2785495,0.014097982,0.016649747,0.024364743,0.015702847,0.010957985,0.71966815,0.5226116,0.017567055,00011969_000.png
0.09865187,0.43828022,0.67731094,0.028464984,0.38304076,0.018329985,0.01609875,0.04820598,0.07599002,0.011165288,0.5772356,0.087872945,0.09154499,0.02870261,00014635_005.png
0.047264464,0.010830851,0.024464328,0.013581831,0.10127785,0.08940781,0.042259775,0.1129261,0.007603761,0.023976197,0.96980345,0.02355741,0.021761646,0.01934196,00019097_002.png
0.004576166,0.003967558,0.006021652,0.23431174,0.005230759,0.030372484,0.017995313,0.019248215,0.036686145,0.0101086255,0.018786743,0.055754606,0.008901648,0.0070292004,00006271_002.png
0.0074884873,0.0066819103,0.023900552,0.04491029,0.0072766906,0.030367853,0.02967412,0.013258839,0.017300079,0.647484,0.060220268,0.009760569,0.014831266,0.013659346,00009018_002.png
0.03567788,0.0066991593,0.04332141,0.034935854,0.010852077,0.009375099,0.006155655,0.027371094,0.06538941,0.0057109823,0.057696667,0.244656,0.8735163,0.014727285,00014022_071.png
0.022347184,0.008574218,0.005776033,0.03392469,0.0076893936,0.0155849485,0.009568595,0.008130506,0.014634197,0.0056746765,0.0058059054,0.010266708,0.013265809,0.010112626,00019940_004.png
0.2166311,0.0100180525,0.38950476,0.10124793,0.0062161414,0.013079843,0.040312562,0.4360289,0.0127291065,0.021770282,0.9334708,0.012418194,0.041270316,0.012272577,00016807_013.png
0.014474451,0.0068854303,0.017602526,0.10885559,0.05790512,0.176769,0.007861358,0.02028822,0.01728265,0.5280336,0.008391207,0.019710466,0.0067074266,0.015072204,00000652_006.png
0.015491958,0.013282709,0.009625831,0.03868786,0.0110923685,0.005551975,0.2511241,0.009142935,0.02251957,0.013518236,0.0081080515,0.03461216,0.057622943,0.019081792,00016484_001.png
0.8604636,0.015169689,0.12594771,0.014814059,0.01581192,0.16000849,0.021120518,0.008464816,0.046671424,0.0038203695,0.00915807,0.7714216,0.08652853,0.013089731,00000524_001.png
0.0671692,0.005398677,0.0696709,0.68157244,0.08066025,0.031634126,0.19462803,0.0055017187,0.4719666,0.013664261,0.0036149276,0.031905968,0.047275115,0.0062090377,00008341_002.png
0.66234213,0.010227926,0.30541965,0.028270409,0.20652302,0.01464243,0.015263579,0.48490363,0.8483269,0.02157869,0.021889983,0.013981396,0.049330458,0.010550752,00001170_028.png
0.05317955,0.08810716,0.01145009,0.043229736,0.004424551,0.11657235,0.14108084,0.007032729,0.066439554,0.03143845,0.015556648,0.012938133,0.06801264,0.021022778,00008103_000.png
0.024388792,0.007643711,0.11799433,0.030685296,0.013194171,0.00922434,0.012191847,0.9806984,0.013329762,0.016036069,0.2169183,0.020944502,0.025967643,0.0099571785,00008841_021.png
0.034016103,0.15169924,0.056211628,0.25190255,0.0045558326,0.026791697,0.107516155,0.006543067,0.6211404,0.024903607,0.020425912,0.028620113,0.007011709,0.011136707,00000193_019.png
0.013444974,0.016931525,0.024824481,0.61000675,0.0065135197,0.044519946,0.016320758,0.021577086,0.03594558,0.899206,0.011136092,0.017840775,0.013861693,0.012958292,00011010_011.png
0.0037953877,0.027955359,0.09316441,0.5385126,0.04305492,0.019295102,0.012492529,0.01848795,0.031890247,0.69265676,0.017903076,0.01841139,0.018779444,0.007996728,00014362_008.png
0.11803644,0.009440128,0.012826859,0.34247077,0.828185,0.02051176,0.04991667,0.21334238,0.07285173,0.016829789,0.5639333,0.02099849,0.07457528,0.014572325,00014251_003.png
0.19950977,0.012908929,0.016541079,0.8238501,0.26578045,0.16358079,0.026940757,0.25284478,0.00789957,0.020414041,0.06182513,0.023254123,0.008817537,0.008372833,00009890_001.png
0.018006498,0.14631902,0.06679244,0.007307034,0.021184435,0.012408805,0.015569652,0.006873376,0.07830529,0.03911599,0.0043860273,0.027997099,0.033024535,0.0071437866,00011553_001.png
0.048714012,0.012667997,0.029570177,0.47147784,0.036242332,0.011914185,0.034764353,0.7097229,0.026719444,0.020098032,0.9384717,0.014646358,0.02409609,0.014389178,00013031_011.png
0.016327914,0.0074252896,0.05864829,0.03164431,0.010253885,0.040366743,0.021503827,0.020176122,0.0045805774,0.0058996393,0.0048094904,0.028424935,0.11740116,0.00661257,00000499_002.png
0.009317233,0.9843508,0.14165309,0.042344026,0.012115249,0.009082488,0.011831142,0.026114421,0.009303238,0.01201594,0.011745912,0.006759563,0.025462676,0.008105126,00012381_002.png
0.008618549,0.0068832454,0.007021031,0.053407177,0.01378169,0.012259905,0.013455231,0.00587537,0.04370056,0.00852901,0.0057208138,0.0060455645,0.005593542,0.0101737045,00002529_013.png
0.03266783,0.012776462,0.13512371,0.02344354,0.0060487636,0.019524304,0.0206524,0.028396657,0.015539752,0.01878038,0.021210723,0.8016233,0.05329893,0.019895464,00016937_016.png
0.8628507,0.1651432,0.5675802,0.34999707,0.0063085393,0.02693298,0.03166628,0.02548235,0.15944812,0.10506742,0.019047625,0.015024752,0.012340783,0.014128212,00007718_003.png
0.006753981,0.3826342,0.051281128,0.024225594,0.026516784,0.016869634,0.0092254,0.051460482,0.010243669,0.05276119,0.014905881,0.007974852,0.025186557,0.013871786,00015563_011.png
0.013016863,0.0115811825,0.011309568,0.021808565,0.03376241,0.0112392185,0.0096748015,0.48316565,0.019269934,0.005484508,0.10083078,0.013137063,0.013335345,0.019964186,00017227_003.png
0.3329123,0.25650123,0.123943575,0.10745801,0.027078094,0.036486775,0.015342692,0.006961843,0.08818055,0.75612724,0.008889069,0.018480191,0.010790298,0.022772606,00006304_004.png
0.06172148,0.011938781,0.09037411,0.023186669,0.008983399,0.007340137,0.013047487,0.026985263,0.01244143,0.010940898,0.9568203,0.074865185,0.106530815,0.01695141,00010932_002.png
0.02759374,0.0059826435,0.011495864,0.018865857,0.017586602,0.051358875,0.01308879,0.0071984446,0.011413097,0.0066831578,0.07647984,0.11574995,0.09845074,0.058325548,00003678_001.png
0.64260185,0.9021073,0.88945323,0.77391016,0.009338917,0.008900007,0.051128685,0.08084828,0.048613504,0.17831522,0.019016737,0.023416448,0.025487345,0.013110884,00000211_016.png
0.022303019,0.009282678,0.012167889,0.102189854,0.1572584,0.031822555,0.009065051,0.3139142,0.011041887,0.0150140915,0.9645211,0.01711494,0.020225765,0.013877958,00011355_002.png
0.015958995,0.4070657,0.060337007,0.024626914,0.0066871373,0.18170877,0.009320314,0.056241654,0.0066911737,0.013134238,0.027145032,0.016293267,0.026632281,0.020685012,00004012_000.png
0.012753033,0.005511103,0.0053084395,0.24621049,0.041386534,0.0049383086,0.03850707,0.011033439,0.19665283,0.0077461665,0.0036559172,0.036167555,0.025842704,0.00771811,00001637_011.png
0.015538628,0.33383596,0.009934937,0.03948648,0.16384108,0.05051479,0.0084566595,0.015657056,0.018947242,0.010375744,0.037809387,0.010414499,0.008366741,0.0146824,00011122_018.png
0.016228355,0.014596233,0.21755958,0.0118492395,0.012447081,0.013535312,0.007349263,0.14176291,0.28255314,0.049918342,0.015722316,0.012185601,0.39533445,0.012859673,00014307_006.png
0.060230874,0.009118048,0.25804496,0.045538355,0.07376016,0.022032572,0.013343674,0.28570837,0.023727434,0.022308556,0.9961778,0.0061092284,0.009605405,0.008273249,00003523_035.png
0.0070421463,0.011899437,0.014681359,0.28425747,0.7425158,0.16779578,0.011174411,0.0114073055,0.025943076,0.5285995,0.005537714,0.0131134745,0.056153987,0.009885866,00016696_002.png
0.14516596,0.10216028,0.040918354,0.0060766353,0.034904048,0.007764627,0.04586885,0.018069005,0.05571533,0.038817964,0.008802581,0.016164228,0.0040355218,0.015322858,00017524_003.png
0.02521917,0.019889385,0.008365959,0.019643439,0.11015134,0.025123496,0.0069811717,0.13388269,0.029271152,0.0054839686,0.018007213,0.009655756,0.008951197,0.009950896,00007830_005.png
0.05436078,0.01831265,0.05732985,0.14720269,0.012696458,0.00953869,0.27602747,0.014964142,0.010028472,0.010035126,0.007849435,0.02989662,0.034062322,0.00863507,00007016_001.png
0.011343866,0.009874231,0.0060681277,0.024601346,0.016128754,0.03226672,0.067959026,0.0064545847,0.0075753094,0.015827874,0.012138596,0.8093583,0.0113036195,0.01899321,00017323_003.png
0.14658883,0.015672276,0.6018984,0.8506794,0.1560656,0.43150458,0.05105673,0.029827371,0.09393306,0.2610175,0.0097214505,0.02289897,0.109409906,0.020354325,00012973_023.png
0.04586325,0.96405333,0.02302203,0.021796117,0.013321888,0.016406104,0.011339374,0.018373374,0.027578855,0.00613403,0.031565867,0.04686457,0.012512499,0.009813328,00017999_006.png
0.012890623,0.0073641003,0.012980152,0.010697007,0.009048604,0.014382402,0.08655017,0.009721821,0.011839591,0.013347316,0.0047728796,0.008673689,0.03614084,0.009532561,00012082_003.png
0.021729138,0.012805286,0.010875663,0.5657967,0.008710668,0.1558723,0.022040853,0.005032447,0.08644763,0.02275791,0.01040472,0.009991369,0.008676597,0.007536987,00002072_006.png
0.026846891,0.02287248,0.009965329,0.088799745,0.05762195,0.35932156,0.030237008,0.0044493764,0.02913243,0.003948425,0.038650952,0.024852024,0.0061689075,0.011050373,00013363_000.png
0.13136938,0.012093405,0.053915527,0.057071578,0.18627024,0.05514043,0.01782782,0.23746036,0.009570801,0.009233789,0.6635399,0.019145412,0.8581975,0.0119335335,00002702_014.png
0.1333055,0.0145759,0.007110543,0.20935632,0.00929072,0.026029393,0.047686454,0.014595315,0.015163949,0.0058512087,0.014678502,0.53864336,0.04820221,0.018945783,00000529_000.png
0.0047134208,0.011302724,0.0139417285,0.7004831,0.03715454,0.1762757,0.013460466,0.00942043,0.107217684,0.16630518,0.0074523464,0.011546459,0.008660955,0.004781442,00010708_000.png
0.47183532,0.034046117,0.57474846,0.9525178,0.036322974,0.025394935,0.03380611,0.014414743,0.025594726,0.28246492,0.066767015,0.01430327,0.0061500007,0.017009547,00008051_027.png
0.12944916,0.005518352,0.007938351,0.036836658,0.0718827,0.024438899,0.017979937,0.41658828,0.011344362,0.008571502,0.98033476,0.013927137,0.016327348,0.013674657,00002868_001.png
0.029340059,0.95141596,0.06647237,0.52975047,0.017175937,0.030075056,0.03943932,0.007186871,0.01735534,0.034215603,0.010643299,0.031022195,0.021598544,0.016771512,00015370_007.png
0.29117194,0.023824122,0.14947252,0.0050772564,0.008403631,0.005151083,0.08516394,0.019835947,0.01377043,0.006342488,0.019140564,0.27501807,0.082765594,0.009736168,00014178_004.png
0.020733923,0.011764342,0.011874233,0.0064582434,0.0039825705,0.024377435,0.013277303,0.041856367,0.05979483,0.013137451,0.012154749,0.6079957,0.13840312,0.016154533,00000199_001.png
0.009796821,0.010658493,0.011040357,0.12653847,0.023166955,0.08358905,0.014821452,0.039528303,0.010646557,0.01329604,0.050869264,0.90670824,0.7344885,0.016783703,00015997_000.png
0.09786146,0.032018773,0.29651898,0.04864055,0.016220242,0.1828785,0.014482201,0.0055867927,0.48505563,0.034894567,0.009914022,0.03356239,0.017747045,0.012075831,00007718_013.png
0.678928,0.020658463,0.57407176,0.03018828,0.007988244,0.017430868,0.07412056,0.040505446,0.021272723,0.011234058,0.055140924,0.55107534,0.4202742,0.009647998,00015914_011.png
0.0115062455,0.030103968,0.46628278,0.42838484,0.016360037,0.010980323,0.41505578,0.012659132,0.060495723,0.83731955,0.014730856,0.019098466,0.042578306,0.012582633,00020037_004.png
0.065044984,0.009349259,0.0126610035,0.021633286,0.012819253,0.46826094,0.01643204,0.05523313,0.015766963,0.008015682,0.065017216,0.7336787,0.106036484,0.019836433,00006650_000.png
0.03187802,0.010946642,0.005533359,0.058803454,0.014736525,0.012386252,0.0064981873,0.0042886212,0.04092103,0.03242631,0.031921048,0.019656966,0.006262841,0.01693,00012470_006.png
0.35179895,0.007243543,0.12206198,0.23473662,0.05402632,0.031836044,0.043102864,0.025278376,0.9431742,0.030770084,0.01361064,0.009634818,0.022101609,0.008613153,00013073_006.png
0.12897998,0.011430569,0.012037663,0.035044316,0.03785237,0.045636166,0.052688953,0.008163064,0.020267932,0.013161474,0.013192166,0.2743884,0.037039395,0.37273142,00019059_000.png
0.008785422,0.028407395,0.0036300612,0.103710674,0.00495122,0.025639128,0.01304791,0.014445081,0.04093647,0.0075559965,0.111648165,0.009424004,0.007968212,0.014376713,00007076_019.png
0.19520372,0.01690869,0.07629343,0.03965061,0.047858372,0.01253107,0.01034015,0.26657805,0.004963307,0.0060791876,0.9240042,0.05307321,0.50051993,0.012374364,00019222_009.png
0.019628175,0.0036462692,0.04949805,0.1899367,0.009921793,0.017756322,0.007642503,0.070629515,0.05617537,0.16933863,0.0034026108,0.012704728,0.015270792,0.010156241,00009595_016.png
0.5960979,0.01802821,0.2888129,0.06318872,0.055774994,0.018888408,0.026413444,0.958835,0.15352109,0.022012392,0.101383686,0.016468538,0.0593413,0.014340784,00016797_015.png
0.016682412,0.003971717,0.16001938,0.078206554,0.0071347794,0.013904144,0.019685453,0.008548815,0.12384289,0.00942888,0.0036288074,0.004383649,0.027205333,0.0033120278,00008068_009.png
0.012599617,0.032944657,0.010669434,0.030016923,0.021575144,0.015232476,0.027912216,0.019608306,0.020389525,0.030990662,0.057832245,0.06276546,0.053125713,0.62956864,00013380_003.png
0.3088548,0.021293204,0.07091954,0.4104832,0.047535952,0.017628314,0.030613542,0.0068153087,0.130495,0.49187317,0.0068381634,0.0076841344,0.16395077,0.01888593,00011144_006.png
0.040386952,0.014399143,0.026649043,0.056684062,0.021956662,0.015953671,0.011328329,0.9072945,0.007779306,0.014335582,0.010565354,0.01677623,0.008655078,0.011745403,00008013_006.png
0.0068280506,0.0040177144,0.026064444,0.47212285,0.59575397,0.8901371,0.010938086,0.009447496,0.013653965,0.020047788,0.010505852,0.032265104,0.014651961,0.0063517326,00011737_003.png
0.011082665,0.018510677,0.065804146,0.06841388,0.36453438,0.05407741,0.016641364,0.08231303,0.010832531,0.813881,0.03282532,0.014294916,0.018788224,0.017402494,00017467_020.png
0.09043498,0.017170133,0.40989006,0.86876076,0.0729156,0.03881945,0.07738537,0.53678924,0.024407355,0.018695917,0.06754299,0.087893814,0.5038089,0.016514866,00017712_005.png
0.028276341,0.37163997,0.013675713,0.015367226,0.017649926,0.0116995135,0.010045827,0.0063276235,0.008048119,0.010454899,0.010306033,0.008580648,0.009078454,0.014968387,00006205_000.png
0.031471185,0.8014437,0.030109998,0.2507532,0.0073855673,0.02659146,0.31492147,0.008600556,0.03842801,0.108059354,0.023139367,0.016327227,0.029459123,0.018510846,00007018_011.png
0.017137382,0.064008124,0.00750804,0.19320525,0.012156701,0.23039241,0.017217988,0.28330085,0.011587761,0.008248356,0.018665623,0.015539191,0.014819766,0.0090430565,00007700_001.png
0.062459257,0.004294049,0.014591318,0.7846239,0.029964827,0.20573823,0.023239503,0.23541176,0.23069264,0.033156984,0.120760165,0.02027849,0.018155929,0.0068683657,00008509_002.png
0.040994924,0.01310686,0.42050698,0.12884195,0.009412598,0.010403659,0.009322718,0.10524033,0.86792815,0.012014435,0.030890578,0.060883652,0.2408425,0.011805464,00010357_002.png
0.053282585,0.0819929,0.72668844,0.8692576,0.010539742,0.030033309,0.019979969,0.014532143,0.031577736,0.8986787,0.0066831517,0.017027598,0.013130617,0.009594688,00011966_011.png
0.014794001,0.012631656,0.0322419,0.012718278,0.27236438,0.0090949675,0.006390855,0.028374426,0.012489512,0.009203284,0.0050318674,0.013361301,0.012248358,0.017313736,00016234_000.png
0.02132045,0.23596063,0.42943987,0.7945599,0.028956372,0.019790862,0.112537764,0.02802197,0.045810245,0.012919781,0.042604186,0.36496854,0.106442116,0.010067108,00004832_002.png
0.9229464,0.010245748,0.026390897,0.26454994,0.02190839,0.007163487,0.049687345,0.026847403,0.31906214,0.0144140655,0.014957305,0.012811755,0.021213813,0.011810521,00019967_020.png
0.030045502,0.013824406,0.01403539,0.016703185,0.8734807,0.04607005,0.011813471,0.0066888165,0.035314385,0.010452512,0.004932733,0.027869083,0.009967333,0.009482923,00017819_006.png
0.4864268,0.93442065,0.16657129,0.04761308,0.033440758,0.005995417,0.031820454,0.012093365,0.022426454,0.029104061,0.01636431,0.3582492,0.15994202,0.02037047,00004893_085.png
0.009589148,0.011516245,0.09598377,0.12034706,0.036503114,0.45673636,0.018199177,0.014522204,0.013311982,0.015645176,0.015839199,0.2998964,0.78568685,0.009631187,00005030_000.png
0.027777748,0.022280898,0.38385847,0.07553433,0.02853877,0.016371543,0.0070804637,0.017014802,0.042678263,0.23345143,0.003960327,0.0071620257,0.010321648,0.0070186313,00017524_028.png
0.016323222,0.009979664,0.011112478,0.14215553,0.0049857767,0.044038128,0.035296354,0.021489488,0.008924356,0.050938867,0.0075584864,0.005120898,0.031755053,0.010632895,00017839_000.png
0.5097849,0.0790555,0.65809244,0.75008214,0.012536346,0.037125632,0.14795062,0.029794956,0.1701546,0.31601274,0.0061257356,0.031741735,0.010860772,0.01630227,00013594_049.png
0.034559693,0.0108980555,0.041643985,0.6774008,0.064670734,0.76921356,0.020800628,0.09814337,0.0070584225,0.035429783,0.0128663825,0.014264738,0.040665627,0.011883368,00018448_000.png
0.036134835,0.008604277,0.027846107,0.1159678,0.011323582,0.012401199,0.030203374,0.15047768,0.16788757,0.028449513,0.8341521,0.020552672,0.013140817,0.016700555,00014849_004.png
0.26581478,0.0053601963,0.09412679,0.56287503,0.016999567,0.008067369,0.01978624,0.65864414,0.033935156,0.00609595,0.10200571,0.06203544,0.057623312,0.008657864,00009349_024.png
0.048025455,0.011359353,0.007954289,0.033569768,0.011707362,0.004966657,0.012066783,0.017744092,0.057466555,0.009414341,0.0062307036,0.009471427,0.013325969,0.009065774,00019967_002.png
0.02656452,0.022840498,0.16820242,0.013232456,0.003792176,0.02611393,0.014783234,0.0070494656,0.93494177,0.038676564,0.007657812,0.026022632,0.014261379,0.00585725,00001643_003.png
0.9239055,0.015927134,0.09833549,0.17122912,0.017664608,0.032578405,0.031591434,0.08774825,0.016195105,0.011349374,0.96752757,0.013885641,0.035175435,0.009768278,00011808_017.png
0.019600112,0.04878705,0.93820065,0.15701137,0.012860218,0.015571524,0.022787351,0.008777358,0.3206785,0.81332225,0.0047807274,0.025714163,0.024501681,0.0064630127,00014362_011.png
0.04627204,0.0047131926,0.04979014,0.87619156,0.17192137,0.013248461,0.019388122,0.008909867,0.543069,0.015816588,0.0077995798,0.017323483,0.0075879158,0.004733488,00007762_010.png
0.028804589,0.0052924124,0.0066925623,0.007886024,0.008504867,0.024291422,0.008828237,0.023030875,0.046063613,0.010899253,0.011778614,0.027774576,0.0055588167,0.01598581,00010571_004.png
0.08446397,0.9076584,0.11128769,0.03941997,0.09605886,0.037332326,0.01547322,0.009716397,0.041038096,0.010580184,0.008668741,0.021477705,0.01123366,0.010415611,00003015_000.png
0.011349984,0.019560682,0.18383552,0.51501286,0.057750486,0.010406365,0.12378518,0.007145265,0.071635425,0.7437076,0.03345134,0.017581454,0.019250628,0.005939948,00012834_074.png
0.0048238006,0.006666954,0.0067256005,0.008093489,0.009514021,0.009397999,0.008474707,0.010203588,0.010463032,0.013821513,0.0056205452,0.011474776,0.012319152,0.010532639,00009560_000.png
0.008487341,0.01310654,0.029716512,0.04088404,0.05163589,0.02303065,0.03973543,0.11156396,0.007820552,0.032221213,0.9914698,0.010953717,0.04690172,0.0124848895,00010120_021.png
0.0052006766,0.008116075,0.006933751,0.0082590515,0.0072586983,0.004823302,0.0072068432,0.009449572,0.010598563,0.015508306,0.004425072,0.012058913,0.011952648,0.012275155,00012662_000.png
0.78956485,0.040108476,0.100237034,0.12213143,0.018692771,0.011591974,0.5187302,0.022742337,0.01455419,0.008865487,0.024487056,0.20405148,0.05069107,0.013224887,00012410_000.png
0.19662121,0.019858092,0.27274767,0.8333069,0.025966812,0.022598572,0.13826399,0.011678729,0.02073956,0.025069112,0.31689176,0.038192946,0.012806804,0.049365267,00002350_013.png
0.07330599,0.021740051,0.017007435,0.0072442363,0.034542974,0.26077002,0.01728726,0.09840673,0.009983207,0.009024897,0.64138484,0.018232418,0.046475906,0.021315403,00006874_001.png
0.019533994,0.80554134,0.048653632,0.95058733,0.005303804,0.008040144,0.040577825,0.008956817,0.06157668,0.31791204,0.015286803,0.010442011,0.0171683,0.009181657,00017055_000.png
0.05261716,0.013897367,0.051397327,0.29250658,0.023198042,0.032738198,0.09798018,0.16523233,0.014582427,0.013081443,0.011638999,0.48459214,0.00936622,0.013972123,00017467_003.png
0.0155734895,0.010022324,0.03245121,0.041413322,0.31588802,0.017302535,0.018360183,0.088981755,0.014203939,0.08192853,0.13069434,0.009672848,0.013836249,0.02511172,00018284_001.png
0.016110923,0.007206853,0.007393105,0.13057493,0.011741446,0.27800006,0.01729092,0.023665514,0.17996773,0.04511762,0.0075093126,0.27681082,0.10282427,0.014339854,00006329_010.png
0.2815524,0.003892803,0.7706255,0.11072119,0.013495762,0.04505498,0.0121763,0.43800706,0.047763526,0.036545552,0.03923012,0.012667424,0.057295803,0.0060175722,00013993_128.png
0.017768744,0.0045312825,0.02160009,0.65824527,0.115052365,0.83695847,0.031008126,0.0074223,0.13705617,0.032379873,0.009085244,0.08093311,0.21460822,0.0111101465,00019823_005.png
0.019802604,0.77003336,0.011657719,0.42714247,0.016735332,0.011146295,0.037672218,0.008418337,0.1044263,0.03904718,0.027254662,0.012593454,0.016100215,0.012177028,00012659_018.png
0.04883344,0.012032283,0.018562293,0.005498625,0.032108616,0.050242636,0.057145946,0.0096114585,0.043613102,0.14481662,0.010835776,0.012625216,0.0227663,0.011731037,00000506_013.png
0.025394402,0.0076545724,0.13734038,0.76453894,0.032823753,0.018709756,0.015114749,0.16318172,0.03809134,0.7630297,0.010310996,0.009598259,0.016356815,0.010462064,00012620_005.png
0.049782954,0.005216601,0.053971466,0.8505525,0.058000375,0.06420066,0.022504505,0.0123840235,0.079408735,0.29328045,0.0045246715,0.0189166,0.004020335,0.0109368935,00016232_006.png
0.6277916,0.021484187,0.016444892,0.60296464,0.016449496,0.0065430854,0.049830265,0.011288558,0.63558364,0.014282626,0.017615179,0.025789693,0.0958015,0.00967382,00019967_024.png
0.17074239,0.00732926,0.1062817,0.08982762,0.07693254,0.15054412,0.0140450215,0.015376824,0.8852688,0.19582857,0.012436545,0.04409379,0.044451267,0.015175276,00012753_001.png
0.047572896,0.010003696,0.023250142,0.79257655,0.017034296,0.42146888,0.06424557,0.013748842,0.015638826,0.752173,0.007219573,0.015133131,0.009891524,0.015948836,00010509_005.png
0.022308113,0.0058813947,0.021533627,0.66372365,0.03953931,0.13579918,0.06934123,0.0272831,0.018685116,0.1468113,0.0066329795,0.0069271675,0.053387206,0.010498379,00005094_016.png
0.26606956,0.023381494,0.01767402,0.0076626614,0.054938044,0.04026048,0.022561623,0.10369893,0.014515757,0.009986667,0.020083511,0.4215859,0.038783215,0.033749923,00004350_000.png
0.2730528,0.011022185,0.19532387,0.17702049,0.8818562,0.02520509,0.015198176,0.009426248,0.32944053,0.011033393,0.02185187,0.13322073,0.1634594,0.04801557,00004156_000.png
0.07358902,0.0417691,0.08399962,0.11215151,0.030171692,0.034503613,0.035869755,0.015740685,0.029603865,0.022607954,0.032666337,0.23698497,0.047355294,0.7479726,00000385_000.png
0.059592687,0.040813122,0.7342731,0.28033787,0.03579176,0.06410028,0.04089294,0.0049501485,0.3741876,0.06449438,0.0061833244,0.0127498275,0.0062422263,0.0072531924,00018724_023.png
0.007263689,0.005810041,0.024029147,0.32673976,0.007750317,0.18866813,0.034112692,0.022172863,0.018923368,0.038294375,0.0030853213,0.042309035,0.19972229,0.008291987,00002112_002.png
0.1689208,0.9203501,0.07188409,0.5251833,0.025412815,0.014712603,0.010721659,0.026339907,0.021988269,0.029646521,0.01845541,0.02621437,0.028163722,0.01153999,00006875_019.png
0.09560575,0.9642264,0.028763019,0.026363725,0.010325199,0.018899044,0.01630972,0.018642234,0.013660644,0.012304442,0.04234031,0.032077283,0.027676718,0.0118315425,00007735_035.png
0.021992723,0.022534132,0.09982024,0.43468714,0.022401668,0.01942804,0.01496074,0.15020424,0.01865094,0.008477179,0.05162388,0.81772774,0.5909719,0.011196778,00013031_019.png
0.1855465,0.014877418,0.057998314,0.3237826,0.0333719,0.010608728,0.07937105,0.4695815,0.0357115,0.020028649,0.93906087,0.039257545,0.013194598,0.011003671,00013653_003.png
0.019617125,0.00857783,0.82865167,0.123816945,0.020901745,0.020210907,0.009366976,0.63899344,0.083841406,0.08822478,0.009131028,0.008744086,0.022026544,0.0087960465,00010832_006.png
0.027762765,0.015093497,0.010479826,0.04604373,0.012891643,0.016373225,0.015136735,0.023275582,0.0080399085,0.007697347,0.051799428,0.96282357,0.22148453,0.017025452,00006600_000.png
0.01306514,0.0073650237,0.004953826,0.5870671,0.013067045,0.022523815,0.1655617,0.015254344,0.081722386,0.95332795,0.010156788,0.010679904,0.011734018,0.011786309,00010627_000.png
0.68019456,0.015863923,0.5740227,0.09162876,0.019824833,0.017020129,0.06237858,0.0055001555,0.20219138,0.05607142,0.0063718017,0.014317529,0.014208373,0.009287175,00008051_012.png
0.08482633,0.014579968,0.19218682,0.05608963,0.01850241,0.010530547,0.026574263,0.8106933,0.01582396,0.06634277,0.9291148,0.03211969,0.039650805,0.013328852,00014358_011.png
0.020866198,0.009895167,0.022985866,0.012778435,0.006900465,0.006650777,0.013121561,0.009340151,0.0069796406,0.009437573,0.005821193,0.9893589,0.03120785,0.0075887134,00004022_001.png
0.014172745,0.0045484426,0.015767414,0.016051613,0.022975927,0.01146344,0.013762414,0.0087407185,0.0065382677,0.0052344026,0.16867132,0.088555835,0.15552182,0.03369672,00012624_000.png
0.7807669,0.0306246,0.44625065,0.1631048,0.019163447,0.07797368,0.012662707,0.020405386,0.20683992,0.16403988,0.0047438936,0.01082822,0.035836473,0.009965837,00011702_047.png
0.026040204,0.01931525,0.016655315,0.023605552,0.008251115,0.027343666,0.012814167,0.0035930818,0.03523216,0.026421875,0.009574084,0.043912873,0.006700606,0.03880289,00014174_000.png
0.13849352,0.011927182,0.03018128,0.2549176,0.014035002,0.024155434,0.3084724,0.0062281066,0.049920257,0.6847387,0.02208452,0.01407382,0.0128481295,0.032819416,00011859_016.png
0.020164823,0.014790299,0.01864644,0.09380062,0.032636154,0.016006127,0.010200275,0.12036333,0.007773387,0.010725686,0.9876583,0.020633634,0.23866712,0.00736318,00002702_008.png
0.40420878,0.0054801893,0.018977636,0.5776271,0.20561217,0.08618337,0.03131092,0.8981853,0.07670797,0.014711489,0.087866925,0.0376604,0.13070215,0.013625353,00014014_008.png
0.7678284,0.0138606895,0.6595566,0.116697,0.058882948,0.03496586,0.008122941,0.39600077,0.54161525,0.009403062,0.3165637,0.17720228,0.17809272,0.01619589,00010677_012.png
0.022544526,0.005467597,0.008148183,0.14451446,0.007955346,0.011349541,0.03379254,0.0073271915,0.020093039,0.007403788,0.0048251515,0.009252295,0.08298554,0.010826003,00012372_003.png
0.060839277,0.0048874114,0.024577523,0.6989882,0.012457089,0.04127497,0.016715892,0.006996457,0.100003235,0.010593735,0.12540604,0.3716771,0.054809436,0.008976712,00014603_006.png
0.017571984,0.016774297,0.048915844,0.014179138,0.012820473,0.009173015,0.03401237,0.0103046475,0.91819555,0.18668966,0.0036082102,0.008207779,0.022858815,0.009147256,00018606_003.png
0.14803012,0.013027435,0.035435073,0.046167146,0.01191834,0.011111791,0.009044642,0.07288285,0.018138312,0.0061906925,0.9365488,0.023974514,0.44593185,0.009265615,00001248_010.png
0.07583831,0.0072311447,0.22697374,0.2649599,0.01246945,0.025274133,0.01666583,0.2911138,0.034232397,0.0106277345,0.02401034,0.014874573,0.88874257,0.008247287,00006906_019.png
0.01806733,0.013423208,0.07817185,0.23056227,0.014632739,0.009827581,0.08100754,0.0115620885,0.028635144,0.00920877,0.060196828,0.08868861,0.8458494,0.00895264,00018003_000.png
0.02537965,0.016672153,0.61550325,0.041992765,0.013666043,0.020014124,0.036969554,0.46202978,0.016780611,0.030631814,0.0440494,0.43442124,0.44761166,0.011932163,00001974_010.png
0.0067583364,0.006318264,0.42318243,0.50325125,0.015054313,0.02473644,0.018847149,0.0044665947,0.015970396,0.9849861,0.005996205,0.014242408,0.010137529,0.0049851,00010347_001.png
0.011051701,0.014677771,0.049080156,0.1391663,0.2455053,0.12349401,0.039131157,0.0042802813,0.021050014,0.45435563,0.017127456,0.011688393,0.022652285,0.008446062,00018558_006.png
0.03751824,0.004339925,0.005601116,0.039702438,0.0082458835,0.034254663,0.045843452,0.021469383,0.013881887,0.010337257,0.00834882,0.072601125,0.027506446,0.049789462,00001086_000.png
0.77925694,0.018892074,0.022378286,0.07372691,0.0049646893,0.011218348,0.016773941,0.022164518,0.7998377,0.04965191,0.016889092,0.019022753,0.025519531,0.011325537,00011391_019.png
0.030059827,0.009910736,0.02068502,0.04731203,0.5720471,0.054240003,0.00916514,0.6628881,0.020922305,0.009578027,0.9798238,0.0076592728,0.015220351,0.011009328,00014731_012.png
0.21406837,0.034686916,0.036858935,0.33553293,0.0601587,0.011444441,0.054672446,0.023407657,0.01940566,0.005428467,0.09593628,0.5110546,0.047280118,0.13544682,00013278_000.png
0.09120382,0.015985502,0.037082464,0.8690167,0.0074829077,0.075321384,0.55221283,0.024456423,0.31862983,0.54869926,0.012860702,0.01630644,0.011821562,0.010060472,00014149_029.png
0.80213434,0.015578272,0.91717446,0.13705602,0.056757543,0.015898868,0.03429683,0.048390564,0.43540886,0.030853989,0.011105159,0.036395293,0.42406955,0.008473937,00019756_003.png
0.42377296,0.030077938,0.14928629,0.47371203,0.007064715,0.05483626,0.017179454,0.32978213,0.43314427,0.06308016,0.030267615,0.059923477,0.07153724,0.011436874,00017325_008.png
0.11366973,0.012838336,0.017132998,0.09200572,0.053239703,0.04837728,0.42516443,0.007954902,0.0121067995,0.0057468587,0.028265988,0.13938235,0.015639523,0.040755805,00014491_000.png
0.037017357,0.0057835933,0.028590595,0.023574106,0.040528305,0.008826305,0.005717842,0.013114536,0.024053441,0.009461165,0.003977809,0.010826381,0.10910144,0.008347564,00018949_013.png
0.2638373,0.008243271,0.08256587,0.2324191,0.12923288,0.012833622,0.009071825,0.061985414,0.95160174,0.10573296,0.009406042,0.018138707,0.019442648,0.009818214,00015013_008.png
0.02292914,0.007860198,0.06823728,0.5483922,0.023812257,0.0488301,0.04218907,0.08489216,0.013511426,0.90767473,0.038902115,0.016713,0.010097329,0.014069726,00014314_000.png
0.065037765,0.9323595,0.31512234,0.049694397,0.06684853,0.022275107,0.013644527,0.040864997,0.051457886,0.022264294,0.026110983,0.017989129,0.015911864,0.013366098,00009969_001.png
0.013197629,0.008450344,0.66401756,0.22011252,0.015128257,0.014662827,0.030141188,0.059804745,0.2982505,0.24814549,0.01115569,0.012119993,0.16136552,0.008496439,00010007_051.png
0.5241468,0.018838154,0.007858309,0.03380732,0.008330116,0.015312645,0.028809436,0.011690176,0.015131737,0.010110311,0.014063984,0.016029974,0.0054907976,0.013564465,00019967_005.png
0.061069913,0.011465867,0.024848979,0.08176215,0.0373188,0.011885138,0.013993708,0.009534812,0.013261195,0.0113297505,0.9042702,0.022643736,0.03877946,0.04231248,00010176_000.png
0.026370516,0.9329139,0.5728013,0.8629788,0.013324282,0.014351741,0.025645535,0.041424822,0.06461255,0.14853084,0.012280074,0.03486402,0.015671665,0.012561163,00012628_015.png
0.011514888,0.009097822,0.058903694,0.6520076,0.06840358,0.032575615,0.24637909,0.0099944165,0.19035907,0.46364263,0.0065914574,0.0066770767,0.01924062,0.0066691176,00016522_017.png
0.043002795,0.0055546192,0.0396303,0.08044174,0.26564103,0.008609004,0.13093336,0.11747883,0.035947643,0.0121872425,0.01756066,0.022391956,0.09719568,0.015411609,00005089_041.png
0.021635002,0.007904367,0.022307813,0.10140629,0.013954273,0.015221951,0.01198554,0.2662445,0.033623226,0.013301289,0.799809,0.01165116,0.020821977,0.014584093,00015530_068.png
0.8553123,0.018400196,0.2805464,0.5625921,0.011159088,0.007070668,0.026549656,0.041028857,0.55606014,0.24384294,0.016904607,0.04286904,0.030041456,0.0155459745,00015679_010.png
0.00729006,0.009936208,0.006373882,0.061453637,0.0070979064,0.0064217467,0.02620829,0.018058594,0.012831013,0.0073441574,0.067137964,0.86545235,0.119132824,0.015060351,00019522_008.png
0.16153234,0.055254906,0.9570489,0.2848144,0.37898538,0.057694215,0.14336893,0.022232564,0.054681353,0.0128849335,0.011503615,0.3508121,0.3642883,0.01037495,00000099_013.png
0.39384097,0.009012724,0.083018534,0.077624656,0.25872174,0.04473704,0.017179469,0.015892314,0.04739817,0.033127014,0.0052058506,0.008235572,0.0085787745,0.012831363,00014753_004.png
0.03430152,0.026641823,0.0090911435,0.11364009,0.028387792,0.010060746,0.07900965,0.0044657122,0.61227185,0.1899158,0.007185139,0.015145304,0.008577773,0.013784555,00002424_009.png
0.012648046,0.024388395,0.009338547,0.018649053,0.013614124,0.007970945,0.009894621,0.031090857,0.0252178,0.009323842,0.0042654932,0.04327906,0.0066415756,0.0075488016,00010474_000.png
0.020117609,0.011428731,0.30590224,0.0060985563,0.04575401,0.75560623,0.010771861,0.053737998,0.026097447,0.029716566,0.009391197,0.01647379,0.033478003,0.0099669285,00006819_002.png
0.011091961,0.011603557,0.00710231,0.0061568217,0.011344309,0.007582962,0.0073050726,0.011249318,0.008648064,0.021714263,0.009256838,0.010376052,0.014377145,0.016653527,00003060_000.png
0.09927201,0.082679205,0.25526094,0.15972821,0.02152752,0.010656285,0.07794534,0.011131425,0.6654511,0.13349602,0.029700162,0.006263598,0.045434665,0.012638508,00011237_067.png
0.026416883,0.018705674,0.04472831,0.02445648,0.023160314,0.4431753,0.02304862,0.04421002,0.12536673,0.16948138,0.019931726,0.31071457,0.32895204,0.031879507,00006563_002.png
0.009434525,0.01733377,0.06799355,0.17561808,0.017394375,0.028506294,0.037697844,0.0051833163,0.012812659,0.013279746,0.16536903,0.39400968,0.15613116,0.010793102,00015056_001.png
0.03855539,0.0101679675,0.024538465,0.21836092,0.25310493,0.049838584,0.0124758985,0.007908496,0.016757395,0.008600186,0.15040532,0.56802154,0.10206661,0.0490626,00000723_003.png
0.028023964,0.0076581994,0.021845983,0.05138042,0.024563361,0.97818977,0.0073734056,0.009561833,0.013906897,0.0074904226,0.007979856,0.022306086,0.007190142,0.009849838,00019613_000.png
0.021069508,0.006816174,0.011184815,0.17203851,0.008660383,0.014694691,0.049680322,0.0061169285,0.009328392,0.011786076,0.5747229,0.0749757,0.0127562685,0.016586324,00014565_002.png
0.037829656,0.019406287,0.49190965,0.4265676,0.012637396,0.0396026,0.04699277,0.010164725,0.057090763,0.9521645,0.005797143,0.013140921,0.04411291,0.012621276,00017405_020.png
0.030152576,0.009807279,0.10410078,0.013158229,0.0065449458,0.0092363935,0.0107216295,0.8272239,0.008588339,0.009603269,0.9788855,0.015501654,0.0665931,0.009133971,00010767_017.png
0.39539617,0.0070723626,0.23284438,0.70869756,0.020030262,0.15120596,0.047816206,0.053018615,0.0871246,0.18994963,0.027530454,0.020510452,0.004048408,0.020146444,00012386_005.png
0.1334694,0.010604675,0.01623498,0.5114093,0.06714287,0.10834942,0.045615297,0.072207086,0.025637016,0.50999117,0.015199702,0.016172064,0.0076342626,0.020353079,00011605_009.png
0.3520643,0.009768472,0.9005444,0.30417162,0.040876176,0.09215762,0.035444632,0.030823348,0.40049845,0.039420992,0.012522624,0.016284365,0.12600106,0.009073475,00006096_011.png
0.0143197365,0.012845069,0.012366033,0.024065442,0.0126603125,0.0072647687,0.015213777,0.0092830295,0.015467814,0.008648224,0.0073757796,0.952974,0.108165376,0.018296156,00019277_000.png
0.20062841,0.057766486,0.41830122,0.70463824,0.017942004,0.012023058,0.06943628,0.025821548,0.9124765,0.650229,0.010186034,0.017831445,0.025605293,0.008316699,00013993_026.png
0.02070959,0.012555688,0.011266435,0.014644872,0.045783594,0.89537185,0.02104465,0.01370026,0.033505008,0.008133601,0.017741542,0.06555135,0.14728029,0.016122248,00003527_002.png
0.010177393,0.021166462,0.004457139,0.04846461,0.16993645,0.08701246,0.072594896,0.0065246318,0.016719608,0.119878,0.0042744563,0.03266675,0.021140803,0.012432903,00019774_002.png
0.065852344,0.007880367,0.014904669,0.20256512,0.011817731,0.020483015,0.2534912,0.13275628,0.04635511,0.042016923,0.07315334,0.0153656155,0.0057314504,0.0070133302,00014429_007.png
0.008084884,0.017005248,0.009000697,0.05066389,0.050713114,0.02840544,0.009496252,0.011239291,0.012007079,0.10768543,0.005159207,0.009454528,0.015461439,0.015591892,00003140_005.png
0.037824564,0.6305559,0.017987259,0.35291997,0.065450944,0.013844639,0.18291569,0.004241096,0.012652011,0.010829139,0.027033651,0.06533066,0.08144859,0.024583193,00003087_000.png
0.006029169,0.0846674,0.017800821,0.008569817,0.013694604,0.04466928,0.007098858,0.017306663,0.0059345816,0.0035000972,0.00875361,0.01173781,0.08803361,0.013302089,00000071_004.png
0.024095535,0.004518295,0.008669164,0.018699994,0.011520524,0.0074857445,0.010366831,0.017354533,0.050029047,0.014046097,0.009752005,0.011893489,0.009814571,0.0051431237,00000732_007.png
0.24811508,0.44091564,0.8662464,0.3710542,0.004508994,0.021771597,0.0613388,0.035884406,0.14995456,0.122986875,0.0072729373,0.011208023,0.037390903,0.011135562,00013594_050.png
0.0047812783,0.020012647,0.01362602,0.41489574,0.0040194495,0.0452209,0.106381536,0.042930026,0.005589769,0.012575579,0.012017837,0.051279504,0.014900967,0.009060332,00006233_006.png
0.6728987,0.0045861313,0.10727076,0.07460824,0.08340001,0.0385185,0.10650074,0.01096994,0.091576144,0.0074462295,0.026604602,0.05391669,0.03167412,0.01460238,00009073_000.png
0.008525245,0.06962632,0.42993993,0.2720933,0.706353,0.022019308,0.013214183,0.004855546,0.053727783,0.2502392,0.012720055,0.10439289,0.017789388,0.010290627,00018360_009.png
0.009504921,0.012194661,0.016951125,0.018906428,0.0367571,0.0230826,0.0124975415,0.00759112,0.0046140375,0.007677625,0.004466624,0.012354193,0.007312173,0.016064193,00017199_001.png
0.58889836,0.0069574174,0.015704682,0.49475637,0.017300177,0.015201272,0.02051437,0.7122727,0.020376973,0.00897278,0.9803334,0.011819852,0.03435523,0.007057664,00002058_003.png
0.312867,0.01696339,0.68413794,0.020696422,0.02198923,0.093978934,0.013185506,0.12735303,0.1324337,0.007501292,0.0078078574,0.018663418,0.07123056,0.008000556,00013000_001.png
0.044054613,0.019428445,0.020227453,0.6570972,0.004252876,0.07024684,0.3775401,0.008958171,0.032111894,0.008005898,0.011909241,0.0955014,0.027010655,0.011453486,00002529_018.png
0.028007507,0.085580006,0.020782882,0.14095242,0.005735563,0.013371419,0.29744202,0.0060610427,0.18992163,0.029594326,0.0055942684,0.025016034,0.031020433,0.013082544,00017425_003.png
0.036818903,0.024097046,0.5860363,0.5756622,0.079785965,0.016904125,0.05288956,0.009414452,0.032393314,0.9559705,0.013085753,0.011275246,0.02985306,0.013364916,00018724_007.png
0.010765122,0.7744062,0.06893621,0.5105414,0.0068243267,0.08384656,0.01872585,0.062746584,0.01910082,0.029111963,0.07391107,0.08224004,0.045405988,0.021695197,00013211_000.png
0.02021204,0.06936757,0.10161604,0.054541264,0.032107204,0.08324295,0.0087659685,0.94945633,0.011976385,0.01958142,0.01286932,0.040963326,0.02493048,0.018331809,00003494_002.png
0.06338677,0.7795116,0.09380362,0.010053802,0.009743085,0.02994313,0.011880939,0.018922567,0.02695944,0.008665202,0.00796233,0.0061836583,0.09576854,0.014185656,00004495_000.png
0.010483471,0.23973902,0.0052341893,0.0065928968,0.015731402,0.029468318,0.025997106,0.005072198,0.034060415,0.009565985,0.023639819,0.027189674,0.048924588,0.016841125,00006469_001.png
0.053276498,0.017408242,0.064363725,0.87233144,0.59212136,0.032015856,0.009085363,0.16278638,0.09952025,0.12268979,0.13310097,0.033057135,0.0094919475,0.008807278,00010279_001.png
0.050233822,0.034978244,0.23998317,0.5959038,0.8175392,0.008709092,0.013509608,0.054078385,0.046883244,0.011062256,0.2772577,0.023353154,0.042010285,0.0155091155,00000248_024.png
0.1583738,0.020793205,0.03833195,0.00716349,0.0047564707,0.016160749,0.012869168,0.19573162,0.021718988,0.0115011055,0.25303763,0.139266,0.09420409,0.013308356,00006758_001.png
0.03721774,0.007075052,0.012696859,0.30155617,0.94766027,0.069689445,0.00852868,0.0118075935,0.03790725,0.013415336,0.035812855,0.01446001,0.011553689,0.011985942,00007405_003.png
0.016372494,0.045625657,0.110852234,0.033312716,0.0057678376,0.0068089697,0.090697214,0.011150588,0.12933914,0.3876925,0.024127705,0.006516029,0.051839624,0.015273071,00020213_045.png
0.016344765,0.010139583,0.05124526,0.21109708,0.011009168,0.013294532,0.014185043,0.0151380915,0.026897075,0.98460937,0.0050621955,0.013926358,0.009888844,0.010379553,00017365_006.png
0.014409393,0.0082735345,0.045873474,0.35756654,0.29128203,0.10379628,0.0061759655,0.28612483,0.009180629,0.016885972,0.011657399,0.01300363,0.011074327,0.0073658326,00018819_000.png
0.0060389354,0.011112588,0.010053123,0.14108104,0.033283215,0.07378685,0.02846003,0.006592519,0.09173101,0.19854154,0.0043821055,0.0144319935,0.05241844,0.00902212,00018360_032.png
0.042209316,0.018750988,0.021996517,0.97723573,0.0134198805,0.0694567,0.085208386,0.008318044,0.068569735,0.5789273,0.010440105,0.009279027,0.008537237,0.0061041894,00005712_015.png
0.067764625,0.013207966,0.00638182,0.124242425,0.020436812,0.042922202,0.023691755,0.47426876,0.006669519,0.0055268556,0.12685603,0.087166116,0.19991788,0.009359974,00014822_042.png
0.8903092,0.028577583,0.3161634,0.6589476,0.010819939,0.018602695,0.089212164,0.021701477,0.29754177,0.5946095,0.014693863,0.014030211,0.012794332,0.01967639,00008051_028.png
0.0077029984,0.008554015,0.0068722763,0.509572,0.016410366,0.07964329,0.021929882,0.0060819997,0.19653606,0.044066813,0.0053661712,0.007997012,0.0041824407,0.006298581,00018972_058.png
0.058806606,0.0069832182,0.03729533,0.83415914,0.027587885,0.01659759,0.20566282,0.05355125,0.1416116,0.048943263,0.02125925,0.023530578,0.46434212,0.010216815,00005612_002.png
0.034564283,0.009076395,0.017262658,0.049440194,0.10355989,0.01467691,0.009011502,0.007973811,0.046889804,0.011710606,0.0049234894,0.007679275,0.012347389,0.009543029,00011164_005.png
0.07002779,0.047364272,0.9432608,0.1228548,0.004802867,0.036516096,0.014937126,0.57234484,0.020719329,0.02709435,0.007421425,0.012441518,0.3946749,0.007349683,00001775_000.png
0.017494585,0.06374888,0.008690002,0.006762765,0.0075499737,0.006833492,0.061971743,0.0056181657,0.010649903,0.013813918,0.06475504,0.43241212,0.054971352,0.033233445,00003240_000.png
0.019194104,0.009730249,0.08719634,0.5797121,0.14628482,0.012368619,0.028483342,0.07668122,0.016534666,0.019519467,0.018663876,0.6791645,0.108779974,0.011613788,00012911_004.png
0.018262085,0.009444842,0.025226435,0.005415751,0.6548514,0.21702728,0.0066060615,0.007844821,0.008594886,0.0047149286,0.006282735,0.015465789,0.015613902,0.01135924,00019922_000.png
0.03237674,0.017281126,0.21702121,0.07065137,0.21329081,0.04757158,0.0076668505,0.035578102,0.014819314,0.014618333,0.027761515,0.019808954,0.97508425,0.008094085,00007872_003.png
0.12900725,0.032477286,0.05156012,0.65028006,0.0047877408,0.0056529115,0.075669795,0.059918758,0.33863342,0.4836961,0.007419827,0.0072412086,0.020349918,0.013283478,00011702_023.png
0.044195093,0.020056058,0.22007737,0.7301564,0.017334647,0.013608034,0.025242679,0.020538462,0.083429486,0.9480181,0.007719768,0.007869287,0.01418117,0.00884894,00015072_013.png
0.0070785363,0.0075185504,0.0093286345,0.03330762,0.022962946,0.017064774,0.0060857683,0.41726562,0.015577117,0.021631984,0.0043706056,0.085406214,0.07416493,0.015172775,00015097_001.png
0.008218675,0.004421671,0.26093635,0.7972713,0.0716771,0.056442257,0.0062418776,0.020256637,0.07171736,0.12340526,0.003745547,0.022997178,0.015648438,0.007593904,00013003_003.png
0.06037806,0.0065370225,0.01275923,0.40315008,0.88666874,0.2367837,0.0095538115,0.02460245,0.014139021,0.018555086,0.005915551,0.02168168,0.034127623,0.009634289,00019519_001.png
0.0047236052,0.005498377,0.25593358,0.17573106,0.11980579,0.066520475,0.006176624,0.1557403,0.009024384,0.09695739,0.0049500195,0.008552296,0.17115133,0.008344975,00019624_005.png
0.10686486,0.009583262,0.0175411,0.038807645,0.032418065,0.55450916,0.05216286,0.012735592,0.01145456,0.012645027,0.0118769985,0.9102101,0.17028077,0.014362443,00000801_000.png
0.014226751,0.020914577,0.01119984,0.758662,0.0063415985,0.013181138,0.1345628,0.019242685,0.059931785,0.96585065,0.005604464,0.008907434,0.010993603,0.011389241,00018187_025.png
0.011269782,0.0074586524,0.08196958,0.81025773,0.70760643,0.010240557,0.012694062,0.06499799,0.15551771,0.033334956,0.01577851,0.011314079,0.031067077,0.01035862,00011925_070.png
0.17242748,0.7696877,0.20398791,0.64115936,0.2413529,0.00824059,0.013927876,0.010987118,0.039517008,0.024372045,0.0059993546,0.039925158,0.028577019,0.014400293,00000032_056.png
0.03938733,0.0026693766,0.09477375,0.50151414,0.17413402,0.0055650277,0.092268124,0.24145839,0.11007536,0.05472732,0.06631267,0.013570003,0.0066290786,0.0076886364,00015044_010.png
0.0048084473,0.005494077,0.03148302,0.25224552,0.060241025,0.024281949,0.025818484,0.012695491,0.38699046,0.7829129,0.008380025,0.026959803,0.03381411,0.00789654,00018867_039.png
0.0058770026,0.011547521,0.011764253,0.02248819,0.022946015,0.016141843,0.038259465,0.0049105873,0.017728169,0.016494192,0.017473256,0.83353335,0.059406456,0.025144784,00017991_007.png
0.04014213,0.012360321,0.01594582,0.020897608,0.0077258702,0.09333177,0.012705798,0.038937956,0.013879407,0.01473197,0.033169378,0.35952702,0.05310908,0.012614486,00003348_000.png
0.37331292,0.008415607,0.038736746,0.24884893,0.028790738,0.04344239,0.07991288,0.00588065,0.015572042,0.0054459493,0.021510009,0.33659324,0.015584722,0.18351746,00019489_000.png
0.11263087,0.014743671,0.01935468,0.076669045,0.011635615,0.17811391,0.028382951,0.0134511925,0.5895649,0.30747458,0.0043455083,0.014787032,0.021081805,0.016806845,00003186_005.png
0.05150755,0.012256037,0.5094561,0.17542578,0.51469576,0.032440882,0.0073171277,0.7696758,0.12372365,0.019041194,0.016169917,0.024353186,0.21012565,0.018767845,00007670_020.png
0.6994049,0.016554838,0.15121067,0.41608754,0.09550116,0.10799952,0.010967395,0.47939613,0.011987082,0.012835326,0.21110898,0.013398249,0.020557621,0.010516212,00016987_022.png
0.01568709,0.0096033,0.039735757,0.08683662,0.13781813,0.018528488,0.027009062,0.39188406,0.015230881,0.014920682,0.98881406,0.01194475,0.036877535,0.015118626,00017046_012.png
0.049825132,0.023666896,0.96495795,0.06287753,0.013384384,0.029571498,0.007549399,0.06462261,0.01762904,0.016721575,0.050454557,0.83010864,0.1616238,0.006653449,00006043_000.png
0.007800237,0.08103484,0.03143779,0.3922734,0.07107458,0.014595404,0.014001329,0.007741573,0.18379617,0.016251598,0.0069923406,0.51547337,0.20668703,0.01866062,00009608_010.png
0.075315975,0.009797023,0.0094512105,0.12105182,0.19670294,0.026793003,0.04015636,0.0053950916,0.094115466,0.008359564,0.007302806,0.1788348,0.4267554,0.017310921,00009993_006.png
0.74467903,0.007245313,0.033912987,0.055721093,0.0870536,0.011037587,0.018413512,0.035793085,0.35178578,0.012459676,0.010251389,0.016872339,0.009959581,0.0103606,00009641_006.png
0.016337331,0.004947394,0.034756865,0.5084806,0.27759233,0.41234195,0.012116636,0.035745434,0.047666915,0.014765056,0.016440803,0.018532842,0.61429787,0.011212182,00016971_029.png
0.92571294,0.0053094067,0.11604798,0.0154815605,0.012649606,0.012493482,0.011211073,0.8717212,0.014713218,0.0031209385,0.41401377,0.01626209,0.037288036,0.005293078,00001512_001.png
0.009013436,0.007753676,0.013345519,0.08923676,0.016756956,0.025545396,0.011601856,0.008236047,0.013616339,0.011750684,0.012268825,0.9730004,0.03671702,0.01500495,00017991_008.png
0.051223796,0.046832345,0.010834857,0.0683679,0.03704108,0.025961125,0.72881025,0.0051032933,0.027952235,0.011814718,0.0053261365,0.16264665,0.020073725,0.010101867,00008343_001.png
0.013360578,0.021839073,0.02431389,0.08121507,0.74549466,0.35535994,0.013657946,0.018175907,0.008808652,0.010021189,0.008051851,0.0149161285,0.10841802,0.017614957,00010452_001.png
0.013138114,0.006220894,0.0069966554,0.011715983,0.027653707,0.03689521,0.0066911937,0.011952839,0.007619512,0.011723538,0.0037859448,0.007692574,0.027479943,0.011282913,00016012_000.png
0.06907125,0.57672,0.010461314,0.13321579,0.012604168,0.02259987,0.024854958,0.02530336,0.025263993,0.02345895,0.0058155744,0.049890704,0.03265593,0.019573947,00003580_000.png
0.016871706,0.025737608,0.005949814,0.00990415,0.33982795,0.34633198,0.0142038325,0.011369264,0.018826483,0.011303538,0.026324958,0.016835976,0.052355964,0.017672645,00014018_005.png
0.013004428,0.01052122,0.053302757,0.13257894,0.024102973,0.06010946,0.016030997,0.007393661,0.01309471,0.017103145,0.003845761,0.9787426,0.048194405,0.0102224,00006829_008.png
0.027498221,0.037452705,0.031182976,0.9059808,0.020967761,0.1059612,0.58035827,0.011546018,0.030463554,0.4390073,0.010282103,0.011554946,0.017659819,0.013697374,00008291_005.png
0.5464374,0.012914393,0.035923675,0.11673873,0.106498465,0.17548855,0.024582095,0.011273347,0.1404633,0.0057770084,0.061351277,0.011287429,0.024988677,0.05425725,00019490_000.png
0.016635178,0.0122585725,0.103979565,0.9436894,0.025741681,0.091855705,0.37314838,0.014685463,0.011890935,0.9634238,0.013687778,0.021903303,0.0072661242,0.008740847,00019208_004.png
0.010569112,0.007184112,0.030601148,0.17337741,0.41849682,0.008653978,0.013829602,0.018683344,0.019281829,0.048210073,0.019383224,0.020421162,0.14968565,0.009540631,00005014_007.png
0.007951272,0.016629329,0.005124587,0.016801897,0.038622387,0.004234928,0.024868913,0.064445175,0.043851204,0.035818428,0.014741905,0.020019451,0.03472481,0.016174832,00009350_004.png
0.039417144,0.043420855,0.85620207,0.5920021,0.009577357,0.018867992,0.16592495,0.07496682,0.0047383946,0.020172596,0.023788814,0.042838175,0.4585754,0.005746352,00020274_012.png
0.008769272,0.009723562,0.031985886,0.1579133,0.05871536,0.07461314,0.016180327,0.03783073,0.0055996217,0.016039642,0.10137872,0.8509028,0.6442968,0.014216725,00019169_001.png
0.65539074,0.015609842,0.94764185,0.5340459,0.012197987,0.17625093,0.064529546,0.019769805,0.19467622,0.098803796,0.007829886,0.021826947,0.080425836,0.0114179235,00013993_067.png
0.037096344,0.0136418715,0.025910825,0.24441123,0.97613496,0.029667478,0.012339714,0.008210151,0.026938407,0.0092392,0.013420165,0.042318117,0.028102431,0.009805098,00010584_002.png
0.21720868,0.013596591,0.08260666,0.15733416,0.01519494,0.025674852,0.013079245,0.021336492,0.02288984,0.027604844,0.983167,0.011791292,0.014394879,0.011891326,00007166_001.png
0.00726339,0.02045863,0.0033018524,0.043923855,0.02319754,0.08687356,0.053996492,0.0092312945,0.02877787,0.025113884,0.021759603,0.009761247,0.008484272,0.013755764,00008470_008.png
0.017158726,0.0025777908,0.0124758985,0.4627219,0.1682337,0.30543095,0.019076893,0.003173686,0.05722684,0.3661411,0.0047513857,0.014872296,0.008711599,0.0072037936,00013670_053.png
0.006402887,0.01198431,0.046129357,0.054588962,0.019174935,0.0062295115,0.02849579,0.037773214,0.02301315,0.029720178,0.8430645,0.008456695,0.05335275,0.01671506,00012094_057.png
0.08748404,0.007818421,0.40347856,0.10810364,0.0059865043,0.009908663,0.009681146,0.009414048,0.9532909,0.0860728,0.0032663299,0.021833414,0.017175855,0.006289744,00010828_023.png
0.017015751,0.005013956,0.015955707,0.07076329,0.010792408,0.008657947,0.037375096,0.0052725957,0.40540463,0.029723885,0.005250021,0.006821538,0.04818848,0.006541034,00010805_050.png
0.022755183,0.017801287,0.19444482,0.0939827,0.040326018,0.10470382,0.008585717,0.027867207,0.011474344,0.019102398,0.8592909,0.27350536,0.013724624,0.011974506,00017167_006.png
0.20767228,0.05628106,0.04721201,0.011394079,0.0062882425,0.014967572,0.02751375,0.033702932,0.0066557024,0.12459459,0.016296126,0.034396585,0.013687546,0.012643848,00007857_005.png
0.034395054,0.9406929,0.10640621,0.522924,0.02022734,0.01626981,0.021967206,0.0060212696,0.027814548,0.30796736,0.018146496,0.009707711,0.009734197,0.014939372,00004344_027.png
0.29191127,0.0072087776,0.02322612,0.28264683,0.5279333,0.13920878,0.025348494,0.009063406,0.024926875,0.010817892,0.0043901685,0.016677063,0.024754038,0.028190443,00015843_022.png
0.0059166225,0.0029922214,0.26959822,0.76799923,0.052958664,0.036488343,0.026974916,0.013869661,0.032091063,0.141111,0.006972556,0.008990139,0.15156706,0.005536485,00010007_062.png
0.045281027,0.045793228,0.022436582,0.010796564,0.025661437,0.01785522,0.02197518,0.31339926,0.09759298,0.026600529,0.20857476,0.006838591,0.08989499,0.025460072,00001501_007.png
0.024605326,0.012005116,0.15068178,0.010221353,0.027473278,0.11347685,0.017408164,0.010990243,0.009621185,0.006877401,0.037768416,0.09336272,0.8351449,0.007600296,00007932_009.png
0.016110234,0.022849811,0.015171092,0.034005806,0.00843873,0.025792453,0.026025254,0.022071587,0.05021598,0.67870367,0.0045867953,0.015485464,0.06617469,0.015854236,00012072_012.png
0.015340357,0.020280994,0.02713153,0.19455194,0.016077608,0.01602708,0.005612505,0.057614375,0.19017914,0.02394674,0.044041794,0.92787594,0.19087079,0.014794308,00014022_054.png
0.8048277,0.009039421,0.4830497,0.036676124,0.052368466,0.024185475,0.016192637,0.19022846,0.022109563,0.008728378,0.9816742,0.011974286,0.088082485,0.012707073,00019283_003.png
0.80844873,0.008058815,0.3990092,0.09848181,0.010576678,0.009822192,0.1346294,0.031715438,0.08972052,0.014410191,0.48334482,0.018977607,0.14418995,0.013278079,00000937_004.png
0.03553199,0.9584781,0.045748588,0.02287939,0.008686672,0.04577243,0.010288354,0.027987238,0.020503672,0.011566509,0.046411157,0.011240156,0.024496166,0.012851275,00003044_001.png
0.011978998,0.012175274,0.12352136,0.07669777,0.37239638,0.03696558,0.026465023,0.028738847,0.008273574,0.0049370388,0.008092826,0.51827466,0.14507107,0.009121102,00019445_000.png
0.14070147,0.00785052,0.03875075,0.017806599,0.50508124,0.010162345,0.012562328,0.022367585,0.016006323,0.003853701,0.111129366,0.3405987,0.44690847,0.022515008,00006868_005.png
0.38761064,0.02118023,0.061238367,0.012973024,0.047216613,0.033882413,0.07600618,0.0093215415,0.02690334,0.010020446,0.10592004,0.66646606,0.017702121,0.018781578,00012024_000.png
0.09919098,0.014387966,0.010281588,0.32762834,0.034732725,0.06842209,0.024065027,0.45380896,0.020864053,0.0065576946,0.027898328,0.011894538,0.010897701,0.017398361,00006763_004.png
0.06189786,0.005403793,0.01242626,0.039748322,0.16474746,0.22196764,0.0072660306,0.06538685,0.64557344,0.005503714,0.016499385,0.011720268,0.0050304825,0.0097136265,00011237_036.png
0.018685099,0.019019809,0.019398512,0.849228,0.030588843,0.0998856,0.011835367,0.028935712,0.0050605885,0.014059285,0.14260052,0.025573667,0.045392048,0.007183201,00012094_064.png
0.019316463,0.011916852,0.021077365,0.14604029,0.48016647,0.06568215,0.016826209,0.81117594,0.021863727,0.008642834,0.8644935,0.03730444,0.04190222,0.01622783,00001248_026.png
0.028899858,0.013183546,0.027524509,0.111275576,0.022832163,0.017356642,0.010087491,0.0074598417,0.025399335,0.011055507,0.01746706,0.97625947,0.021064345,0.01739776,00000204_005.png
0.014147777,0.0102049885,0.009289053,0.070985004,0.008719038,0.06261861,0.01621713,0.013091722,0.042010263,0.013556543,0.019471008,0.8542725,0.11350704,0.014469773,00011423_007.png
0.029393604,0.29227027,0.013471317,0.18364596,0.004628316,0.044073787,0.040141284,0.025085391,0.01865436,0.59269565,0.0103833005,0.015450048,0.009200772,0.024176503,00016034_003.png
0.059156656,0.014165258,0.017899415,0.5039805,0.009702349,0.07207904,0.179017,0.033141766,0.0077582994,0.010151444,0.0061266823,0.84243137,0.061350614,0.004912442,00017881_001.png
0.026367275,0.007778412,0.12272649,0.2691692,0.018413076,0.011003287,0.0114078745,0.0058401297,0.92591524,0.045295976,0.004733688,0.012746857,0.027348176,0.006013073,00009087_004.png
0.30958125,0.28093654,0.0372371,0.25436428,0.017436186,0.031163197,0.039710212,0.00863921,0.055521462,0.015819818,0.0071188733,0.5595966,0.06990475,0.016037988,00012021_060.png
0.06949677,0.007606003,0.18122718,0.11959102,0.022089185,0.020164771,0.014043463,0.73179287,0.009781794,0.058354184,0.01113772,0.025376229,0.021057822,0.007601116,00005089_042.png
0.005479758,0.0038705433,0.01317453,0.034860834,0.0075943144,0.01273895,0.015834747,0.004812951,0.02515766,0.03663248,0.008864306,0.026550142,0.009082796,0.009273545,00006948_006.png
0.026833877,0.016184563,0.004923571,0.33897668,0.009262961,0.007531239,0.50884795,0.015271265,0.41455474,0.12019249,0.0050967177,0.010865152,0.023372527,0.0103907315,00010544_022.png
0.019981943,0.022275096,0.03265485,0.03753854,0.019735213,0.089111015,0.08296445,0.01621484,0.11746266,0.22195286,0.002287751,0.0093026,0.09301807,0.01336601,00000506_015.png
0.08784585,0.021325383,0.90780646,0.08364692,0.045454204,0.11717266,0.090300344,0.088134594,0.0187052,0.016305193,0.011787703,0.07317204,0.5009609,0.0067164614,00017648_003.png
0.07092578,0.027246503,0.78812367,0.4102436,0.024082083,0.036177516,0.7509811,0.012370617,0.34137437,0.12828258,0.05715786,0.011947507,0.09430054,0.022461278,00015537_002.png
0.025347881,0.0030212826,0.030461041,0.026554685,0.17002593,0.011634732,0.0075382567,0.012059487,0.04676393,0.014139341,0.0034866154,0.013572162,0.009072271,0.0099852905,00009234_000.png
0.48695746,0.99014086,0.25649458,0.35739464,0.009696262,0.0074401665,0.022309627,0.004029805,0.03900387,0.047589988,0.011430105,0.029174734,0.020863755,0.009123797,00005066_041.png
0.04714097,0.01697849,0.022167405,0.09638769,0.013283733,0.036554057,0.009779405,0.31442916,0.012171019,0.014858232,0.98492986,0.032917395,0.026754433,0.009714366,00005666_008.png
0.03188872,0.017532622,0.64948124,0.025135228,0.17346774,0.051092573,0.007524784,0.010018403,0.014988959,0.009308213,0.009529611,0.59967667,0.3176942,0.010131674,00005089_001.png
0.057045344,0.027074665,0.064192824,0.1473119,0.015354401,0.009122507,0.40095288,0.03694336,0.009577633,0.010414701,0.039626174,0.04779215,0.013872478,0.03924406,00014753_005.png
0.022849705,0.033919487,0.04231796,0.053217236,0.052522674,0.026568117,0.01568165,0.011403209,0.008056471,0.012032447,0.24797426,0.46617123,0.04556059,0.16126992,00001833_011.png
0.051834203,0.019846259,0.88590306,0.8136404,0.011312565,0.014361316,0.015281831,0.29125533,0.04162924,0.020514302,0.0075731156,0.01894735,0.20980361,0.0050422316,00012935_021.png
0.021516534,0.01165221,0.028393699,0.011182575,0.78712815,0.016125524,0.006597909,0.03381198,0.012630787,0.0068375776,0.0076166894,0.06879528,0.025310783,0.015166263,00012973_001.png
0.07059553,0.32488227,0.03322922,0.4596433,0.007997987,0.019194653,0.030304572,0.012090506,0.06346796,0.9623084,0.0091848895,0.010123381,0.021706369,0.020638349,00017532_002.png
0.031805955,0.008203041,0.31447405,0.94634026,0.1729673,0.20892948,0.14266129,0.025951331,0.028474182,0.52713865,0.03173546,0.0145255,0.19841973,0.011404245,00009953_004.png
0.18223748,0.010460065,0.57887137,0.068850204,0.015248221,0.012737948,0.18923761,0.02093838,0.052294545,0.81509817,0.019613188,0.014368695,0.009883663,0.012585897,00020158_020.png
0.33463255,0.016872972,0.7263178,0.3128447,0.018016301,0.092354566,0.04210613,0.008030088,0.45383215,0.032898147,0.0050747595,0.009783225,0.02752019,0.008577984,00015031_008.png
0.10155616,0.016047208,0.90239114,0.7384279,0.08116251,0.25121048,0.016874164,0.13600945,0.036210302,0.02018765,0.004128965,0.006551633,0.16335621,0.008467337,00009613_001.png
0.17091717,0.19962355,0.04126991,0.021885699,0.045492034,0.017923025,0.030694729,0.005571843,0.025763677,0.005855088,0.25479755,0.35648093,0.029924355,0.01441767,00003095_001.png
0.005647893,0.029556299,0.011743493,0.004944815,0.0053185783,0.01731427,0.030078985,0.0055351094,0.006310937,0.01728129,0.022562753,0.1022717,0.033205055,0.021621495,00001286_009.png
0.01800047,0.4714765,0.013205674,0.03779525,0.020037469,0.03487758,0.019341815,0.0042048586,0.0111033,0.128263,0.01667991,0.012623635,0.019481586,0.026021942,00006296_012.png
0.041036513,0.034874987,0.0687239,0.014635056,0.0069857347,0.023746068,0.05673997,0.008264838,0.010049783,0.23228185,0.008945836,0.00974212,0.01894782,0.011024015,00002688_001.png
0.05503888,0.010301953,0.5449595,0.24287657,0.025923738,0.010028847,0.06414286,0.856437,0.170499,0.047908295,0.4029983,0.0079128,0.037556857,0.01536861,00012094_062.png
0.61465687,0.017896404,0.047456946,0.65579087,0.35326296,0.045389704,0.051688746,0.015417776,0.39216852,0.022354472,0.19149564,0.012276397,0.031325653,0.03415779,00008051_048.png
0.2649827,0.09342565,0.22320229,0.106827416,0.9473448,0.0076809903,0.009961213,0.015764544,0.208382,0.013293188,0.015512995,0.22835828,0.02475162,0.013781029,00009984_006.png
0.09243142,0.014901561,0.037718315,0.05872498,0.04792094,0.059295945,0.92572725,0.010554388,0.34460726,0.025536388,0.007478012,0.017619843,0.016607689,0.006664959,00002505_017.png
0.018186633,0.28609347,0.01035116,0.689525,0.14761646,0.05911563,0.02981397,0.01534205,0.011803655,0.06771035,0.028652921,0.008846857,0.010499797,0.01673373,00004342_021.png
0.0372356,0.019515343,0.69660836,0.012827806,0.7734173,0.017082203,0.009868215,0.039142802,0.043112226,0.022484835,0.03245624,0.0065399366,0.04256579,0.009891925,00011984_001.png
0.00857213,0.019010747,0.030075913,0.08902152,0.059055243,0.011367805,0.1416612,0.029900681,0.28223607,0.7241437,0.06490121,0.011682957,0.014433512,0.017583637,00012364_069.png
0.048243526,0.015308517,0.008396323,0.19274825,0.020170387,0.013065588,0.08435118,0.060069233,0.011058603,0.012421563,0.82597315,0.09930983,0.013245456,0.017478347,00019927_002.png
0.012958391,0.013126793,0.0073556066,0.04201382,0.008538576,0.08539726,0.029390907,0.016279614,0.00934543,0.008194658,0.019242203,0.78486377,0.0529893,0.017002746,00009488_000.png
0.05773062,0.009761487,0.0056291437,0.04211564,0.0065044854,0.010139472,0.011182676,0.023952615,0.02020664,0.012301696,0.005293434,0.010555354,0.008516391,0.01607404,00001855_002.png
0.03527941,0.008364028,0.05274003,0.5378413,0.016348576,0.007418598,0.017276578,0.018483734,0.46703973,0.13478044,0.002310174,0.0064362544,0.020759184,0.006626062,00010773_027.png
0.013554401,0.08639744,0.026357837,0.33731622,0.004274842,0.018687753,0.043044705,0.048106957,0.022596104,0.10692509,0.009572948,0.010928232,0.006018228,0.009628185,00018187_036.png
0.01454978,0.0061666747,0.012271628,0.42973322,0.024158113,0.9340446,0.028653437,0.006413874,0.062396295,0.025104443,0.012290322,0.024531856,0.024060214,0.010451895,00005694_003.png
0.20470548,0.0112070665,0.067488045,0.42714277,0.011970563,0.029692251,0.276061,0.036864325,0.0052574123,0.022378417,0.012207817,0.35932207,0.03164031,0.010547144,00005288_005.png
0.023601979,0.009145017,0.03700491,0.17172763,0.06807602,0.018197972,0.008493957,0.025135392,0.012812737,0.10006067,0.007770044,0.012727291,0.0050795064,0.009553856,00011168_002.png
0.015737029,0.0452639,0.011157331,0.10633822,0.07377989,0.49575102,0.027715588,0.017173085,0.020275896,0.028351963,0.009630541,0.018790277,0.1533092,0.0121440925,00018819_001.png
0.1820476,0.00671753,0.63780993,0.27440014,0.38857988,0.42401862,0.038752295,0.029389342,0.09651558,0.09156895,0.016709482,0.019173343,0.014577981,0.017151747,00015058_014.png
0.048276257,0.005538554,0.033086617,0.437248,0.11958693,0.0599048,0.010029254,0.069901355,0.16940756,0.02559159,0.10386461,0.09694619,0.01070367,0.010916941,00008490_004.png
0.33145982,0.012041497,0.4643236,0.8252955,0.029981632,0.020950308,0.02662486,0.032905534,0.2429924,0.036778282,0.0066705737,0.010787732,0.05033636,0.0085057635,00020326_043.png
0.013188367,0.013283733,0.055318862,0.06790922,0.06288548,0.034859397,0.023360291,0.022334618,0.012476615,0.018634416,0.042508334,0.96369076,0.105686285,0.012241333,00002649_020.png
0.6963623,0.027369644,0.64909816,0.059415802,0.056568578,0.08223312,0.14572257,0.012715948,0.035287607,0.01227601,0.016870061,0.6722058,0.19549485,0.012762708,00000302_000.png
0.2787386,0.01805009,0.020121232,0.097565286,0.043269437,0.014165765,0.021969896,0.018875718,0.05758269,0.49848706,0.0034289015,0.016384901,0.009052748,0.013214538,00009609_006.png
0.08681722,0.007656319,0.13383064,0.03406553,0.8842472,0.08283924,0.017047098,0.014360769,0.1363939,0.006218009,0.004750664,0.009840787,0.016143933,0.008911206,00014398_015.png
0.014592627,0.0134256575,0.013576932,0.03606662,0.026216825,0.84969115,0.016971525,0.019763378,0.0065447846,0.016062288,0.18535033,0.14845206,0.17216745,0.013643309,00007120_004.png
0.09334772,0.016971486,0.051920235,0.092099845,0.018370777,0.038294367,0.031052409,0.040212676,0.011152167,0.007847858,0.2391435,0.023454914,0.031069515,0.15206614,00000432_000.png
0.07536553,0.006353869,0.014506463,0.018871598,0.01926369,0.4375858,0.01060994,0.03735745,0.09391685,0.007471498,0.015720405,0.080055006,0.018500581,0.009224119,00006926_021.png
0.016499275,0.004887852,0.038458575,0.33621484,0.11417273,0.98763484,0.016735073,0.0053389417,0.035376772,0.027167436,0.0072888983,0.051764853,0.026405815,0.0072336956,00003769_001.png
0.31705326,0.014660672,0.039074056,0.13220465,0.0452875,0.040089533,0.020414183,0.0071799406,0.01706284,0.0042274585,0.025207907,0.04694835,0.23088291,0.014261696,00002665_001.png
0.23053962,0.015088359,0.84575504,0.02452582,0.05027661,0.051178813,0.010696164,0.13133939,0.8232577,0.15006195,0.011518015,0.021539945,0.025126474,0.010686521,00016825_001.png
0.023531018,0.04504826,0.01129286,0.044624522,0.009999074,0.017609982,0.013846904,0.0050499807,0.12174451,0.0093213,0.01730132,0.045638792,0.019519445,0.015384781,00004678_000.png
0.01817178,0.0093338005,0.020584287,0.2023974,0.96819913,0.031862054,0.008048358,0.056688927,0.015867379,0.023109859,0.043993466,0.014311306,0.0226297,0.009316321,00009671_002.png
0.00551689,0.01656432,0.056334667,0.28684723,0.011270526,0.023552578,0.03081847,0.046263542,0.030697988,0.017349575,0.04562893,0.75784314,0.08861882,0.0101319095,00010787_001.png
0.018036166,0.009440904,0.112117834,0.14759728,0.0277924,0.07600092,0.0075174733,0.0072804526,0.05484534,0.011047414,0.005390516,0.9867796,0.07486877,0.008175945,00002540_002.png
0.006024418,0.009301541,0.007976199,0.017999273,0.004901201,0.018100917,0.015366374,0.095181905,0.008469463,0.0071007903,0.08081343,0.01714433,0.022470204,0.009009714,00001561_000.png
0.019601656,0.0047219754,0.007813656,0.02273888,0.0152360955,0.18680334,0.016005542,0.008265975,0.02462278,0.010932846,0.008380105,0.2398147,0.2969522,0.014330967,00017089_010.png
0.019524584,0.0059146457,0.30207986,0.37665612,0.018606184,0.028271148,0.05562873,0.024038848,0.11486584,0.43068546,0.004841374,0.00739125,0.020008454,0.008618669,00017236_034.png
0.0071530794,0.16586138,0.10289758,0.117567256,0.014640792,0.026077338,0.01131146,0.0074119507,0.015758796,0.026631175,0.010645503,0.0096459165,0.5646912,0.010177221,00010007_100.png
0.037656773,0.005469479,0.025959888,0.6778592,0.048757076,0.45813832,0.03043666,0.029082973,0.10885974,0.035909977,0.014447628,0.043852024,0.02528472,0.009540608,00001278_014.png
0.04773557,0.008449597,0.011962704,0.13792008,0.24428755,0.074165694,0.0044975937,0.355575,0.16247618,0.012292041,0.011144912,0.03379326,0.01976908,0.011014531,00001170_012.png
0.020355845,0.9651328,0.26492885,0.033277217,0.016888823,0.019434344,0.015563068,0.023771618,0.008979379,0.0076629957,0.06454079,0.010161228,0.07777927,0.011703141,00003058_001.png
0.16025886,0.009220501,0.0089017525,0.01870183,0.014731526,0.28033775,0.011528742,0.017295498,0.022594934,0.03495897,0.02337604,0.29345295,0.0074758916,0.018543415,00006794_002.png
0.0051103025,0.01745846,0.005226622,0.01478465,0.0132021755,0.008492447,0.00876077,0.016720934,0.0093453815,0.034152303,0.004815983,0.036979754,0.0081543205,0.0102776885,00013449_002.png
0.041405313,0.9198392,0.020922814,0.06388975,0.009226702,0.019080212,0.020800894,0.020621344,0.011378856,0.025543721,0.011027265,0.019210499,0.03730464,0.021411283,00013415_000.png
0.045764685,0.0062145065,0.039190896,0.110710695,0.042115446,0.010065193,0.023193855,0.01306825,0.043937776,0.013619004,0.14634298,0.7331489,0.019230131,0.009924473,00009903_001.png
0.0085122045,0.012140477,0.22520041,0.017081099,0.008464836,0.008802455,0.070871845,0.039273698,0.008681939,0.020111369,0.76272345,0.039965726,0.22343238,0.02248287,00018055_045.png
0.06107926,0.009143427,0.046445694,0.645001,0.85001385,0.05837493,0.010465861,0.0118464315,0.045528926,0.016734133,0.016262883,0.013815179,0.0058692964,0.007860885,00007823_001.png
0.023857817,0.024089035,0.011652237,0.009973937,0.018857246,0.01286457,0.006536641,0.007694627,0.009797698,0.0059016845,0.0047153626,0.004652232,0.009961697,0.0070981923,00014940_005.png
0.007936289,0.066054605,0.008928117,0.0053851907,0.005276181,0.007659399,0.012939386,0.035935275,0.007813549,0.017052494,0.0042694644,0.008272955,0.020056602,0.01581575,00013152_002.png
0.003917093,0.008220201,0.0073750913,0.3561243,0.020855827,0.032969143,0.00961856,0.022174906,0.06374816,0.8498092,0.0027073284,0.022083571,0.054634426,0.012399437,00011122_005.png
0.009723548,0.007932074,0.009567719,0.24159786,0.03250481,0.02361677,0.017440539,0.38810095,0.0051915054,0.00846065,0.30816725,0.012239015,0.009759726,0.0133557385,00008168_014.png
0.4225731,0.017408505,0.8390516,0.2673154,0.01095906,0.007650286,0.14077023,0.05758963,0.18709268,0.025656201,0.20554446,0.029441174,0.033480126,0.029526941,00005201_007.png
0.08871492,0.0072081187,0.05153503,0.5955214,0.7581794,0.014503272,0.026553668,0.21573123,0.018826915,0.021867555,0.0058787107,0.013533599,0.07534875,0.007458041,00011164_004.png
0.024782334,0.006903812,0.05743441,0.09532343,0.016928827,0.00960019,0.009597184,0.88354826,0.008621215,0.012057733,0.9811452,0.013766687,0.025806151,0.014588843,00008168_004.png
0.34927747,0.7468692,0.67702013,0.2811334,0.015158652,0.010192897,0.05765913,0.007025451,0.053327285,0.017172484,0.013163423,0.12004964,0.80076635,0.010431941,00012505_000.png
0.005166461,0.012564489,0.010420974,0.009882146,0.010186913,0.012516235,0.011270546,0.007700827,0.0067780344,0.009792038,0.007493074,0.012815873,0.009624044,0.014046764,00011882_001.png
0.018714892,0.011703064,0.5187539,0.09382523,0.17319642,0.013177282,0.037529454,0.14924672,0.007534914,0.026036924,0.24873123,0.11782542,0.16234244,0.01628673,00000499_008.png
0.030454805,0.0058673965,0.0477126,0.5315412,0.39392945,0.044182997,0.005934776,0.03407471,0.013547026,0.012227128,0.0042346264,0.019527378,0.07046559,0.011534825,00016975_004.png
0.20009781,0.017920954,0.035769574,0.25934055,0.03359759,0.010306243,0.13526402,0.006516249,0.75902915,0.01917086,0.0136807505,0.019472165,0.06768809,0.017070133,00006754_010.png
0.021840645,0.009601333,0.027269918,0.790209,0.0064943032,0.008879748,0.118187256,0.23123138,0.10785489,0.45041904,0.0067064324,0.015235832,0.020365028,0.010706281,00017138_087.png
0.32488108,0.024579333,0.92125773,0.98467445,0.044360477,0.022701815,0.41642576,0.107293494,0.06271793,0.26801863,0.02109659,0.0072363256,0.0072462913,0.006167107,00013993_111.png
0.011282892,0.034591638,0.009949022,0.0075000073,0.15879859,0.036762085,0.00932748,0.059999198,0.020036278,0.08011023,0.011095513,0.016035466,0.014028549,0.016572967,00014933_007.png
0.035378747,0.009399154,0.013122796,0.908329,0.009415707,0.023557724,0.07123723,0.22350997,0.0072215046,0.019886963,0.56656265,0.011058683,0.010677914,0.010886867,00015530_065.png
0.0059713516,0.011148497,0.004378485,0.018350456,0.014054697,0.13018581,0.021848124,0.0045491317,0.01888367,0.010760917,0.052364416,0.020608146,0.052237526,0.012876355,00015029_000.png
0.006683917,0.016247086,0.021246504,0.037584454,0.008765915,0.028403288,0.004801837,0.08951272,0.30555382,0.0127383135,0.03314067,0.015586494,0.014878369,0.011065207,00015814_001.png
0.07483497,0.2432666,0.9741029,0.12823407,0.031443372,0.03135794,0.030421639,0.03145099,0.06821285,0.13371092,0.0130591765,0.020172557,0.013019001,0.008716549,00013346_017.png
0.0069466042,0.020089813,0.18506211,0.014503437,0.7435662,0.018973758,0.0054078717,0.018388152,0.041532762,0.042269204,0.014544961,0.012151657,0.063289806,0.011521034,00019222_005.png
0.025024887,0.9560601,0.022810383,0.09105072,0.010003947,0.007629524,0.012784632,0.027767418,0.018561756,0.018593498,0.012920079,0.013660202,0.015667135,0.014001724,00009798_015.png
0.46399277,0.025697483,0.010260517,0.012215455,0.011423061,0.036642905,0.073972665,0.04389238,0.009442518,0.00781526,0.014530286,0.10289746,0.020119203,0.010126932,00009629_002.png
0.16688907,0.0074604913,0.14364636,0.05562614,0.017101388,0.021465411,0.016052464,0.41013324,0.048161246,0.011302413,0.977252,0.013144026,0.021179702,0.012167339,00009845_018.png
0.01638746,0.104416355,0.9289479,0.32722193,0.057523943,0.011745336,0.014255375,0.052626427,0.73902035,0.124738745,0.019170526,0.033552606,0.01707075,0.008602948,00005683_005.png
0.95628494,0.2259629,0.03247867,0.012939162,0.021479784,0.020749427,0.06807154,0.010309848,0.015401215,0.009695053,0.107374966,0.19562544,0.033781,0.04494057,00008508_004.png
0.20993012,0.028606236,0.39193344,0.07540473,0.14858687,0.18263762,0.01592398,0.030928526,0.0085758185,0.013159764,0.24045457,0.024625488,0.7828825,0.011616404,00001153_000.png
0.022826629,0.018153831,0.05100963,0.069378436,0.21813704,0.15014237,0.24760681,0.011635444,0.0055590146,0.007456408,0.0147364205,0.6348923,0.28315964,0.019770626,00010092_037.png
0.30233774,0.026932305,0.11135883,0.8361326,0.0073331497,0.011704312,0.3463636,0.1056248,0.048215717,0.011297561,0.045142457,0.008892225,0.048018694,0.008350857,00013111_022.png
0.028800718,0.1694413,0.014790214,0.77978176,0.16200702,0.018780213,0.08472205,0.034520883,0.13344854,0.15422487,0.04882412,0.05844193,0.12649103,0.019221032,00018126_015.png
0.034083057,0.003855347,0.004797404,0.0363257,0.03261902,0.0059849294,0.017143913,0.008866639,0.08114641,0.0096014775,0.0060376246,0.020018987,0.027666543,0.013078347,00016378_001.png
0.009603945,0.8020091,0.08500407,0.4549517,0.019725634,0.009638385,0.012922012,0.05399331,0.14835669,0.008311968,0.03522426,0.02157984,0.01109524,0.007975637,00006317_005.png
0.027334087,0.1146391,0.24476507,0.90626305,0.015142677,0.025075017,0.04278243,0.028825352,0.009612874,0.040042683,0.31265178,0.35603732,0.13028777,0.0072309426,00000013_010.png
0.10982543,0.029607637,0.06886295,0.012880652,0.58302337,0.05709606,0.011851339,0.6542369,0.19764006,0.024231879,0.030826066,0.014514953,0.028868688,0.023715502,00017611_002.png
0.07920947,0.0065071024,0.055528276,0.03476713,0.031271573,0.01715748,0.008144635,0.94328237,0.010645337,0.0055110794,0.9961152,0.0070026377,0.021123564,0.0059367595,00013111_065.png
0.0400705,0.005542569,0.0074748057,0.075465664,0.068508364,0.27203208,0.015729895,0.006186528,0.018742746,0.007163684,0.008613158,0.013353321,0.006509791,0.014699386,00015813_003.png
0.017438121,0.0058784736,0.046377763,0.2778181,0.03573821,0.027711408,0.009077194,0.083935805,0.009809438,0.008024594,0.021374637,0.26027426,0.8847668,0.014315079,00000278_008.png
0.008438279,0.0058195433,0.00791845,0.03349756,0.020140873,0.0051480294,0.010127643,0.030028865,0.02648478,0.008707362,0.012063112,0.012284922,0.07556289,0.009304732,00005332_002.png
0.008205408,0.003252306,0.022490826,0.8720535,0.020804908,0.14031999,0.09969871,0.005113363,0.06091768,0.09349152,0.0057946313,0.010481289,0.06822655,0.005843979,00008745_026.png
0.0025480774,0.006722359,0.0033370277,0.40561524,0.014380043,0.10569706,0.01515715,0.010145149,0.012030164,0.014110541,0.03818785,0.14316644,0.014236318,0.004779829,00006605_009.png
0.058013692,0.008741963,0.01269286,0.09219285,0.08865657,0.023177134,0.008836319,0.7836995,0.033758696,0.009756413,0.99385107,0.009819771,0.011890133,0.00782318,00014731_009.png
0.065508805,0.0068629626,0.034560155,0.82821476,0.011102772,0.010018985,0.032886155,0.66322017,0.156235,0.012210686,0.05118209,0.026870674,0.2523405,0.010379533,00008013_002.png
0.009950356,0.0052949586,0.005381103,0.23961829,0.014090476,0.079391964,0.011778443,0.26108313,0.03732335,0.009508688,0.0062713884,0.058923874,0.07004866,0.0116801495,00012445_000.png
0.053953648,0.0071097217,0.046413574,0.0336341,0.018722044,0.008696301,0.010117004,0.9571618,0.016923249,0.005984076,0.07137291,0.015261129,0.017252946,0.010283257,00011460_045.png
0.004746594,0.0051585757,0.08160468,0.6604156,0.06374392,0.013813587,0.08195879,0.021465432,0.040357135,0.4153585,0.0053393035,0.0070407987,0.11999579,0.008853031,00014223_015.png
0.103814326,0.010403974,0.015907587,0.066517815,0.019457994,0.032343302,0.018150974,0.07860238,0.015006252,0.0047441954,0.8209491,0.121453434,0.4432684,0.0090039475,00011683_041.png
0.47277203,0.011284961,0.17919092,0.10953155,0.03059392,0.018116241,0.027908867,0.82663804,0.2193765,0.056555983,0.6048035,0.033763066,0.06533695,0.018153299,00013471_019.png
0.011308875,0.007275437,0.0071386206,0.012414282,0.0064728567,0.01155541,0.014702073,0.0057259914,0.025057843,0.0073765577,0.006996189,0.011715828,0.010987238,0.009454384,00006951_002.png
0.02645577,0.00902383,0.049976304,0.010219207,0.3594549,0.30206782,0.0055083437,0.07860833,0.15975408,0.020433035,0.014591063,0.0260654,0.19438888,0.01600947,00018366_010.png
0.012411341,0.010923811,0.024977062,0.15865162,0.78698134,0.049018193,0.011678036,0.43793252,0.024329133,0.015779924,0.02362915,0.017847694,0.018208228,0.013200361,00012625_001.png
0.026714316,0.014679744,0.008582235,0.032564204,0.084257185,0.041129638,0.012722349,0.6438056,0.02266318,0.011239318,0.75459695,0.024293002,0.010931355,0.021572627,00015530_106.png
0.008823865,0.006106652,0.023692014,0.04064792,0.009214653,0.004745153,0.015003328,0.63333005,0.008517003,0.021796057,0.98456025,0.0098529635,0.016120471,0.011594886,00008168_005.png
0.27629653,0.021395754,0.2734613,0.33024925,0.00986386,0.039864182,0.09417309,0.059758913,0.007747226,0.01847585,0.9577121,0.009796265,0.0065322677,0.014123875,00012315_021.png
0.76782304,0.024214588,0.14470585,0.08204189,0.06627557,0.10763732,0.008948317,0.96061325,0.012832717,0.0044795065,0.24603356,0.01584018,0.029324844,0.010607808,00007750_007.png
0.00670272,0.005550475,0.025514415,0.64724606,0.8361109,0.17893983,0.029457772,0.019402973,0.033983484,0.15288506,0.16281775,0.008618305,0.033852845,0.00875755,00013670_088.png
0.0044866847,0.019695643,0.06751229,0.03933652,0.027157279,0.00929152,0.11428736,0.02121281,0.006295138,0.03481346,0.008850227,0.034881767,0.019076,0.009494225,00001836_001.png
0.02337733,0.013979759,0.020019235,0.045560606,0.013260665,0.046180476,0.06613929,0.0097719645,0.0057815453,0.0032423665,0.015513702,0.086132556,0.0860237,0.012173938,00001285_000.png
0.078621276,0.061389435,0.01472079,0.6514378,0.0059945853,0.00844195,0.13329947,0.010025234,0.08214942,0.9310779,0.02591895,0.007966289,0.009320939,0.01583361,00005822_003.png
0.01269851,0.010373985,0.009390039,0.10084026,0.019531947,0.051990412,0.16303273,0.0030517797,0.007056678,0.013228615,0.025688054,0.51272964,0.07578225,0.014802797,00007584_000.png
0.019858979,0.9573697,0.01774111,0.32384104,0.010278129,0.022009622,0.019050186,0.009160053,0.013539126,0.12873219,0.03267329,0.008040079,0.017455352,0.015292812,00006339_002.png
0.0070140674,0.007155925,0.033018596,0.4349152,0.10615766,0.62556547,0.00726308,0.014660494,0.045847353,0.06009108,0.007684222,0.011180029,0.0062048077,0.0071865246,00011737_001.png
0.063686825,0.016015029,0.012635261,0.05641386,0.020796316,0.045176137,0.022848923,0.0078001367,0.0054444415,0.024336947,0.0138187185,0.008723301,0.004780242,0.011278951,00004646_005.png
0.012229456,0.01113257,0.009216905,0.033025704,0.012048834,0.29430258,0.15320392,0.008599723,0.008678414,0.016761819,0.010968724,0.023244323,0.011170023,0.0110920705,00005207_000.png
0.033740487,0.0105616795,0.023955278,0.9054595,0.015097808,0.01605733,0.111464076,0.011433323,0.72337013,0.19880274,0.00908614,0.011866286,0.009077387,0.0062964684,00015605_027.png
0.016516803,0.016197948,0.089704536,0.12552412,0.061595332,0.034868326,0.0076192743,0.69780266,0.008019308,0.009817652,0.98886514,0.011374029,0.020981042,0.009466843,00006447_004.png
0.098117605,0.12893684,0.023955273,0.06641853,0.010040575,0.035834067,0.03598687,0.008138697,0.7539285,0.102872945,0.009168881,0.018561002,0.0076024905,0.014421051,00000032_032.png
0.0072941715,0.05960841,0.0062906714,0.0076410817,0.04485581,0.01759181,0.022319809,0.0050974963,0.1426644,0.012247954,0.005242046,0.007526586,0.011902251,0.011998908,00019499_000.png
0.095529355,0.0028713073,0.03998238,0.2447917,0.012806936,0.006750118,0.026151795,0.0323362,0.45251006,0.20756158,0.021544227,0.012944432,0.0071202517,0.0079314895,00014429_008.png
0.023504931,0.010107753,0.13633472,0.16530918,0.7110945,0.03732586,0.016153365,0.004965929,0.044605248,0.008689428,0.0063894987,0.009628494,0.012787329,0.007111049,00007684_005.png
0.0092322705,0.003179287,0.011574941,0.016067956,0.010253914,0.03685346,0.007141717,0.048602454,0.036093075,0.040346906,0.0053430456,0.011405395,0.03246408,0.013138268,00005640_000.png
0.120731175,0.0064904313,0.07446814,0.15917395,0.0051826104,0.050202347,0.0402991,0.021017538,0.242114,0.06397269,0.005762281,0.02581407,0.0063337334,0.009830413,00003990_006.png
0.032246474,0.017086295,0.01676259,0.08231769,0.12832114,0.043716747,0.03844152,0.011634919,0.008115956,0.010888248,0.952778,0.011593952,0.043441407,0.010613379,00010092_018.png
0.036486614,0.9406436,0.21713488,0.19899504,0.06962485,0.01597625,0.03838776,0.008523085,0.14171381,0.35964066,0.0150075145,0.022518415,0.07513414,0.018062843,00000032_043.png
0.0117907375,0.008066576,0.005810584,0.00935532,0.027494088,0.06602135,0.055380095,0.0067914114,0.015087041,0.047113676,0.010784525,0.0145865455,0.074448004,0.024978137,00019328_007.png
0.24719143,0.016781706,0.75489,0.06349746,0.5780636,0.037828933,0.017021893,0.10880114,0.019406859,0.008316797,0.34635657,0.07020647,0.094102316,0.01679603,00009425_008.png
0.14604402,0.013495107,0.6702737,0.3204044,0.20295906,0.089778915,0.025812266,0.030459335,0.6212332,0.7646598,0.010654678,0.040983617,0.020261288,0.015007937,00018404_016.png
0.009869282,0.014061274,0.10104725,0.11010906,0.022971297,0.017339585,0.14634444,0.014750717,0.026530074,0.019057913,0.011867969,0.051263746,0.42552584,0.008167122,00015728_000.png
0.018323671,0.017990982,0.0038185753,0.006822297,0.010846734,0.009069061,0.0092208935,0.020558266,0.013946421,0.008796566,0.013006324,0.20038623,0.0120299645,0.01653207,00008594_000.png
0.045960385,0.83931804,0.119422406,0.11813611,0.15411383,0.02021633,0.034511648,0.010597428,0.054320782,0.010777183,0.039567154,0.008502639,0.040703665,0.009803571,00010333_000.png
0.0062560313,0.026627667,0.0131072365,0.018452983,0.018805707,0.020546531,0.009058923,0.07471957,0.008657471,0.010835818,0.0065226415,0.012151869,0.12935416,0.016624454,00012681_003.png
0.005370268,0.09096518,0.08855011,0.036671646,0.02050143,0.1409736,0.006152671,0.13990512,0.015874209,0.10480527,0.019248396,0.0136055,0.015763324,0.01156428,00018011_007.png
0.026408423,0.0052603534,0.029759984,0.44231075,0.0053642425,0.015541577,0.08437963,0.13441026,0.010922637,0.091015466,0.044169206,0.007821852,0.009120392,0.009705451,00011553_018.png
0.068169706,0.00939326,0.33085996,0.013769666,0.0143958405,0.008364092,0.012839006,0.13316499,0.023646427,0.016273636,0.9911453,0.014428583,0.02876657,0.007697399,00011752_020.png
0.034449305,0.0044857096,0.028318346,0.18545721,0.09454749,0.46525413,0.1098669,0.010776055,0.03054577,0.28919023,0.016223522,0.107645005,0.024753753,0.02549114,00011782_001.png
0.015963674,0.01381473,0.042685524,0.064065956,0.17121203,0.05566534,0.008917922,0.04540421,0.007281773,0.013582399,0.8315707,0.019686,0.29883534,0.015972104,00012394_000.png
0.029104969,0.0057886154,0.01002967,0.011071383,0.008993636,0.008533785,0.21388608,0.009652669,0.015285031,0.005456999,0.08588094,0.06496434,0.028734751,0.012645585,00003640_004.png
0.0096203005,0.018647134,0.046188034,0.1500818,0.015490044,0.028573353,0.18878095,0.004866299,0.0146089345,0.060150307,0.050417084,0.21631046,0.07878375,0.011653703,00013128_001.png
0.022772586,0.87405854,0.020514293,0.015096212,0.025221972,0.0137784565,0.020684514,0.008232095,0.011372581,0.0060730823,0.02945142,0.008702881,0.08436881,0.017259052,00007776_000.png
0.10320826,0.0062755677,0.022179713,0.02907369,0.019104846,0.057415422,0.050328843,0.012465972,0.016715579,0.009392448,0.0050312276,0.6607993,0.026168047,0.012826882,00012485_000.png
0.14018714,0.053687587,0.05317625,0.010749168,0.024432046,0.03560308,0.007199747,0.11270159,0.009362265,0.0070746797,0.0062396624,0.008651405,0.047637742,0.016587608,00004722_001.png
0.054592866,0.015830273,0.5208913,0.059194013,0.0236253,0.058539968,0.013884884,0.12871231,0.08002719,0.04952082,0.016155373,0.32819465,0.4244476,0.0081584165,00006577_000.png
0.0110873645,0.015316829,0.00470938,0.007159324,0.008633544,0.009280364,0.010949885,0.0068434244,0.014500942,0.010680448,0.006166107,0.011468018,0.017166737,0.008259375,00005798_005.png
0.17147405,0.010935202,0.079620495,0.7163325,0.007712178,0.023477921,0.64614516,0.09317905,0.04773739,0.74856794,0.0774026,0.009582755,0.01916801,0.020235192,00019018_003.png
0.019467603,0.01842547,0.75932765,0.1834505,0.07737617,0.013284459,0.02395802,0.083841085,0.03126323,0.018207252,0.12892956,0.11993792,0.90065724,0.01498986,00014022_002.png
0.029321946,0.028155128,0.15961961,0.27766347,0.03561114,0.01646555,0.057197254,0.020400733,0.012208776,0.015218027,0.1009634,0.50077516,0.4116628,0.021669997,00002820_000.png
0.008307191,0.018653195,0.2858214,0.25951216,0.18920188,0.029518088,0.007493642,0.013448257,0.06443651,0.013222766,0.0075599495,0.051193662,0.00743822,0.0064397864,00019395_003.png
0.12205207,0.012757193,0.0072174612,0.021364609,0.008899322,0.07280222,0.019283822,0.036482576,0.015713876,0.00644755,0.8628819,0.07861412,0.05631845,0.01607693,00016434_006.png
0.024989625,0.03083038,0.22062878,0.25481388,0.032351647,0.0621939,0.059113655,0.012704362,0.047154635,0.9410614,0.006817207,0.029278686,0.022618076,0.014464455,00015732_031.png
0.026528854,0.004713112,0.17683531,0.4889972,0.5492401,0.34133068,0.005229682,0.00713973,0.083603345,0.022192268,0.0075680353,0.03530279,0.0353422,0.0072623347,00014387_005.png
0.04887153,0.0054206797,0.016380668,0.96309817,0.114026986,0.19176584,0.023988074,0.19963525,0.06630364,0.010745858,0.014131938,0.040514994,0.04553194,0.009415559,00018921_014.png
0.21596822,0.011013778,0.042353835,0.46870917,0.07023938,0.6585838,0.020313893,0.0985612,0.1725952,0.014165266,0.0150772855,0.20434904,0.057323944,0.012932288,00008009_021.png
0.0064201714,0.011910167,0.010062153,0.044214193,0.01426887,0.20395681,0.03745479,0.05857822,0.0036719646,0.021727141,0.03629762,0.5163843,0.37856013,0.017413637,00005577_000.png
0.02696973,0.009473092,0.08478492,0.12342813,0.004540554,0.110066935,0.010368362,0.15887971,0.04929584,0.10246671,0.0041967602,0.024883416,0.16164944,0.012626311,00019892_009.png
0.028562104,0.019243544,0.041591376,0.024990087,0.5763481,0.045422267,0.0078184735,0.4881266,0.019811861,0.03176577,0.009691126,0.026602156,0.012360065,0.033484586,00017050_002.png
0.055241667,0.010533026,0.04325346,0.1899045,0.21049209,0.053658847,0.042469382,0.0076284553,0.013055476,0.0047349464,0.0360131,0.040355813,0.011718163,0.19990186,00009507_000.png
0.09466695,0.0068452363,0.85677403,0.040395778,0.07738476,0.356783,0.005946391,0.049560975,0.13452895,0.024161832,0.015033066,0.07002332,0.29217967,0.009998762,00012295_000.png
0.0037942429,0.006754676,0.0069370414,0.015406342,0.12382686,0.3333222,0.00679274,0.010384065,0.006769331,0.0120576015,0.009498006,0.016319921,0.03311313,0.010117806,00019499_003.png
0.010983554,0.022620222,0.6771255,0.17481482,0.015777865,0.054511923,0.008582681,0.15474477,0.010306234,0.024206016,0.03187997,0.044567168,0.023081774,0.009602181,00009163_001.png
0.014954318,0.0058987504,0.04523614,0.03436824,0.016752908,0.040521473,0.008120421,0.026501076,0.0064276187,0.0069271573,0.0064798407,0.075898215,0.88962114,0.0063011483,00003177_002.png
0.021081021,0.0058966507,0.16365957,0.16302691,0.029021874,0.017898442,0.02727727,0.009130153,0.140482,0.86185604,0.00847962,0.011273608,0.01053419,0.009962591,00014362_007.png
0.0087677175,0.2540675,0.05472114,0.1341466,0.0118729025,0.009451947,0.12948813,0.004427602,0.017849684,0.043994214,0.030961405,0.12935506,0.37535733,0.02954019,00018577_000.png
0.056218218,0.019292941,0.12793224,0.08479244,0.038105834,0.029403448,0.033405595,0.014380822,0.007546152,0.010289257,0.10935432,0.48814955,0.6943075,0.040224317,00006008_005.png
0.010542901,0.009242919,0.01681601,0.052358884,0.041536223,0.8108335,0.024436558,0.011498362,0.0051428596,0.88869214,0.006188065,0.02723918,0.013614733,0.0124864355,00016568_052.png
0.030597698,0.0114157135,0.018964555,0.6198383,0.02696366,0.079657845,0.9007478,0.0073843133,0.032835986,0.03208924,0.0044691516,0.060150597,0.01629215,0.006426224,00013376_001.png
0.033114012,0.026605299,0.013877207,0.022283942,0.0719558,0.23163529,0.16662057,0.011627705,0.01099202,0.0392311,0.017089875,0.01364259,0.057881568,0.028808525,00019210_001.png
0.042823777,0.026691359,0.01058612,0.281348,0.021443874,0.015024151,0.24221571,0.011428893,0.3930352,0.021987025,0.010718277,0.004931616,0.017633747,0.009523511,00017136_004.png
0.01688602,0.2952868,0.016457984,0.09369837,0.041944355,0.19917597,0.009886538,0.0077324235,0.013805826,0.032185253,0.007895558,0.014420136,0.012207155,0.016802378,00016620_003.png
0.009364994,0.012004545,0.017731814,0.0025097856,0.07850956,0.04776497,0.0077045187,0.031093063,0.008842193,0.0051967115,0.010172654,0.028327452,0.011270472,0.017595608,00006102_025.png
0.04751526,0.01306115,0.048211616,0.039357167,0.046206504,0.009511221,0.015688827,0.038958035,0.17482983,0.012803652,0.008140564,0.031826325,0.68292475,0.013425885,00020046_004.png
0.46014777,0.007214131,0.029856268,0.04022448,0.021781182,0.048405066,0.042543255,0.008748303,0.025531221,0.006464473,0.10752071,0.7039207,0.004611115,0.01646006,00013282_000.png
0.21268986,0.0052902037,0.042813703,0.2341512,0.003508373,0.028055849,0.024156082,0.12312818,0.09658112,0.05669407,0.2350036,0.006128349,0.04009411,0.01529045,00010069_002.png
0.02336614,0.015725423,0.027967181,0.19844069,0.085929565,0.6584744,0.019950276,0.015033892,0.021759583,0.012130211,0.053790193,0.8757964,0.0148656955,0.020918868,00020195_001.png
0.02646371,0.011933758,0.07625626,0.013433562,0.13788697,0.6255809,0.005599053,0.046296343,0.010372723,0.020079227,0.014261777,0.014683041,0.0277281,0.010110545,00003393_043.png
0.017390179,0.3102348,0.01883255,0.044492356,0.026017724,0.006235418,0.045945656,0.014755188,0.015954973,0.033949822,0.0022904081,0.014922749,0.029329209,0.013524105,00004501_001.png
0.07038196,0.0113502145,0.18356702,0.79702073,0.22440673,0.17492749,0.018306417,0.045625947,0.023210002,0.18213177,0.008832652,0.027248956,0.018002585,0.012669226,00018373_004.png
0.03003153,0.019600386,0.027447158,0.3257392,0.029207272,0.029931055,0.013472572,0.012500226,0.033311933,0.019402951,0.033228915,0.9609927,0.119212694,0.0111433305,00018767_001.png
0.073253706,0.006632373,0.010967084,0.1433949,0.8342207,0.1686145,0.04871423,0.034889862,0.018244866,0.008108719,0.054512672,0.020318894,0.008761263,0.015090575,00000711_011.png
0.045048565,0.0039218045,0.014038313,0.21721214,0.03926001,0.072647005,0.033237744,0.018256914,0.034516793,0.009052142,0.013840804,0.010117676,0.021118006,0.0052938485,00019181_000.png
0.018045662,0.0093954075,0.008478029,0.008837634,0.012265498,0.03289931,0.03353888,0.008347868,0.029444883,0.026426869,0.006707109,0.03318434,0.011180188,0.012988694,00015923_001.png
0.7424042,0.007725476,0.6562545,0.31449685,0.006513767,0.015676262,0.39143226,0.00789678,0.6704122,0.043597504,0.028129356,0.009823703,0.04141162,0.006801782,00013993_077.png
0.8419126,0.006579192,0.07530417,0.090336666,0.0047402545,0.008427637,0.027454276,0.1250886,0.08043484,0.0096605625,0.046431433,0.061807726,0.015568373,0.009212003,00008232_005.png
0.088714145,0.011104123,0.0037208174,0.029398937,0.0136482455,0.009298023,0.02227256,0.08664513,0.07509217,0.0046272445,0.039789032,0.020575386,0.033385754,0.013451123,00001814_003.png
0.54618853,0.00951433,0.009703788,0.034457095,0.036352284,0.15020844,0.38914612,0.011182712,0.013493516,0.009276778,0.025454098,0.018231412,0.057292867,0.017916497,00006827_005.png
0.06542342,0.012935759,0.6470411,0.120127566,0.79150623,0.029862367,0.04731494,0.007403245,0.16422749,0.01271143,0.008384749,0.07609962,0.5175732,0.01587508,00003556_002.png
0.049618863,0.6487205,0.018399753,0.122812174,0.015333695,0.007059225,0.2348652,0.0059495997,0.11586823,0.17623743,0.011364499,0.022113485,0.022979688,0.019475488,00006754_000.png
0.03266032,0.012508309,0.08460081,0.044871163,0.06367201,0.017726673,0.026237715,0.04087488,0.0075265937,0.08661622,0.9966313,0.004887664,0.012762666,0.009252124,00012761_005.png
0.9673486,0.016961258,0.8250716,0.024530081,0.09200787,0.019302543,0.04199662,0.032318216,0.8287374,0.023423478,0.008443578,0.01489285,0.074648626,0.009384386,00014871_005.png
0.08625811,0.009992883,0.078605935,0.9518344,0.026900107,0.024550442,0.1195933,0.038712855,0.020566689,0.01452927,0.024961263,0.5569269,0.022704555,0.0046791704,00008490_005.png
0.24339294,0.0511878,0.010015646,0.004672457,0.021593638,0.045979362,0.23096576,0.0104663,0.032281384,0.008273867,0.1577842,0.395593,0.08340713,0.02063144,00002213_001.png
0.060337007,0.04132805,0.64542896,0.29243726,0.111151665,0.036104083,0.0758789,0.06205982,0.051110376,0.89873564,0.012581026,0.015771365,0.0200528,0.016113002,00003803_009.png
0.012747511,0.045854297,0.039199315,0.02536072,0.008618635,0.024167122,0.009306934,0.01648209,0.37267673,0.24924664,0.009077913,0.02021589,0.15871525,0.014887805,00017504_034.png
0.060817108,0.007277986,0.023085454,0.0974813,0.01015071,0.028123954,0.019292593,0.70961666,0.008730239,0.008603794,0.055539593,0.20341001,0.62210965,0.010116277,00017110_016.png
0.05039894,0.006012315,0.061389867,0.48079208,0.11708664,0.05736266,0.014871869,0.20923375,0.03228799,0.7402547,0.016169053,0.011786887,0.011290437,0.012378631,00010012_041.png
0.010620531,0.018319285,0.013171516,0.10686361,0.038098082,0.12416066,0.005631429,0.697153,0.009011793,0.015608246,0.9738607,0.019756928,0.017487392,0.010098281,00008468_039.png
0.08172999,0.011931499,0.015840974,0.009239606,0.0055554835,0.00766762,0.19773073,0.0073403423,0.009611087,0.005191274,0.058276217,0.22327557,0.03228303,0.013717777,00015478_000.png
0.008977246,0.004376698,0.003942327,0.039313648,0.014032494,0.02421708,0.013327712,0.042805925,0.009301176,0.008479408,0.2697011,0.060117945,0.010533603,0.016985342,00003520_000.png
0.0077378117,0.00955698,0.008008489,0.1780799,0.03306136,0.04431549,0.015486765,0.19634043,0.021549974,0.026868638,0.021171492,0.010876504,0.008890834,0.01087659,00008701_046.png
0.024873393,0.015992817,0.022154829,0.34418905,0.010139098,0.09251492,0.012304623,0.093612425,0.06798992,0.019729644,0.010450345,0.6507773,0.28037265,0.012913469,00005376_008.png
0.022139447,0.014851059,0.020304125,0.2451003,0.05918095,0.18355188,0.031644963,0.015051343,0.019815361,0.029000334,0.018970728,0.9212312,0.0978766,0.046336476,00001836_097.png
0.10208867,0.024784489,0.9236195,0.43915054,0.6962803,0.028030448,0.009210445,0.00800341,0.68270916,0.050429706,0.0052177934,0.013469923,0.035016768,0.006003598,00017036_015.png
0.027492259,0.011057973,0.016189871,0.011478369,0.047079116,0.4860219,0.029303633,0.009917083,0.005991287,0.010676443,0.007988444,0.015754255,0.00536454,0.020406991,00015477_002.png
0.024147311,0.006898528,0.02777676,0.011886745,0.0042917132,0.006861194,0.025348622,0.085263744,0.59777206,0.12664135,0.041552547,0.015187773,0.16353695,0.00963439,00014849_006.png
0.009100422,0.01479004,0.06912482,0.015447062,0.015617984,0.009537707,0.04536382,0.015689842,0.013430644,0.020309614,0.04150096,0.7621099,0.016645297,0.024673926,00007793_000.png
0.008465228,0.008464419,0.03378739,0.7012007,0.010655924,0.009145367,0.0653748,0.006981214,0.058371373,0.9637322,0.008639247,0.009778159,0.009750122,0.00695339,00009892_005.png
0.016238056,0.008731098,0.015193116,0.24735397,0.034499936,0.094994485,0.02754178,0.01313626,0.005788097,0.007428018,0.0138042625,0.4671496,0.23971638,0.017484441,00002622_000.png
0.010103397,0.015568731,0.09889053,0.29040918,0.007954319,0.0067719794,0.01391283,0.013039512,0.055893768,0.063526586,0.0043568783,0.031664353,0.0097448565,0.007612304,00008858_004.png
0.0153953675,0.7677482,0.021585764,0.075233206,0.0145326285,0.017325487,0.03563677,0.0070942417,0.07159879,0.016626725,0.020909123,0.010065516,0.024760751,0.012992755,00010531_037.png
0.021913376,0.024715044,0.48611405,0.50730616,0.07420509,0.018840343,0.0091855265,0.0128615685,0.26839608,0.010365784,0.04028346,0.74636745,0.38219464,0.01104033,00014022_038.png
0.050201073,0.003519371,0.045371957,0.06208296,0.081291884,0.13104963,0.015529457,0.0026958608,0.030155158,0.011219956,0.008688922,0.25785258,0.028731497,0.016195044,00015671_000.png
0.02830254,0.07298859,0.022854859,0.9311031,0.0048915804,0.0081905555,0.13324146,0.012466714,0.10717225,0.8069821,0.012044493,0.011727775,0.00863096,0.012862403,00006490_008.png
0.036443673,0.009931457,0.042864695,0.014980402,0.032208946,0.007884969,0.014584661,0.009175179,0.04440087,0.00667547,0.031609666,0.07058486,0.8247049,0.013475259,00013158_001.png
0.0130401505,0.016844993,0.028205425,0.43624476,0.013542272,0.026870696,0.44007447,0.004479734,0.024540564,0.025280714,0.007372474,0.19028841,0.22842315,0.011140231,00019962_002.png
0.015797041,0.004948991,0.0058009536,0.024534434,0.007834017,0.09688112,0.00926265,0.0044483733,0.014168096,0.024009075,0.015136812,0.010679854,0.0053824843,0.016113212,00013251_000.png
0.01695049,0.01180305,0.021381201,0.020164154,0.029093983,0.3622147,0.014464795,0.0068611037,0.015719563,0.013857059,0.020063818,0.0077416454,0.011431561,0.014310451,00001992_016.png
0.024738848,0.007154929,0.034608305,0.11484726,0.011782766,0.04361989,0.01550145,0.004316776,0.025939021,0.0077242255,0.007867869,0.0045943,0.04182369,0.0058725136,00011553_000.png
0.18492201,0.018549837,0.7654102,0.03537455,0.08151924,0.0123560615,0.029805219,0.14998949,0.035802756,0.009139341,0.29877096,0.08208464,0.91268617,0.013891349,00018090_000.png
0.011466899,0.009314403,0.018579494,0.010348834,0.03031048,0.005994025,0.01357554,0.053449858,0.08000856,0.022974148,0.052039262,0.012557609,0.032608796,0.01751452,00011379_019.png
0.006473134,0.0110910395,0.009266485,0.0121742245,0.16761446,0.042794235,0.005244443,0.009714159,0.0074522165,0.0144133605,0.0033536733,0.010103664,0.00988467,0.010691518,00007745_003.png
0.011842525,0.019651996,0.041751627,0.33176953,0.7923813,0.9049017,0.020389969,0.0075747385,0.022013599,0.026552534,0.02584622,0.02756506,0.017475467,0.008303585,00019177_000.png
0.032633174,0.006912916,0.045906316,0.60027415,0.027207345,0.09201838,0.030250896,0.13409045,0.017626025,0.016613428,0.0104460865,0.69254524,0.19247453,0.011074828,00013884_001.png
0.12441787,0.034713008,0.047480747,0.12677416,0.0047412263,0.25508067,0.062478118,0.00766873,0.009567439,0.0056845592,0.019169422,0.01279527,0.32344985,0.010880532,00007321_009.png
0.004532339,0.008113653,0.010702338,0.3125885,0.008554257,0.05788461,0.06572674,0.0100313695,0.013091672,0.046395946,0.008072523,0.09472007,0.25206038,0.008379657,00000963_007.png
0.087232046,0.032123864,0.031406146,0.4138466,0.008378033,0.015256994,0.030624986,0.028031344,0.043922406,0.92765975,0.013206356,0.013034609,0.008113008,0.017701657,00001736_027.png
0.026999798,0.81987906,0.6444188,0.52249324,0.031575847,0.015711464,0.04191229,0.021535626,0.0075982,0.3776568,0.016768808,0.013820883,0.008167041,0.01199407,00013601_019.png
0.0059691384,0.0052187936,0.009358909,0.5859614,0.02774128,0.02908861,0.10238385,0.0067728423,0.014765631,0.055661466,0.017745007,0.0090512,0.010955447,0.0085002715,00001255_031.png
0.0072068227,0.007875425,0.010316233,0.024583137,0.0113846185,0.1983914,0.031787954,0.0036621091,0.01630885,0.0071374816,0.17140007,0.035329256,0.028374813,0.029339086,00013244_003.png
0.053199627,0.012187168,0.05784286,0.08998241,0.033739068,0.29694194,0.0129608605,0.03473277,0.014174318,0.009042475,0.013161919,0.9327752,0.11486305,0.012476485,00018366_020.png
0.031115878,0.006940196,0.005803363,0.008484457,0.11925646,0.117937215,0.008569197,0.05984813,0.028491665,0.0059709745,0.010289545,0.015719313,0.007967292,0.011023734,00002111_013.png
0.18492946,0.3027187,0.9774644,0.38237366,0.035628982,0.03364629,0.050628223,0.010002289,0.3667798,0.7416039,0.004843554,0.02890839,0.015263922,0.010574504,00013036_020.png
0.021433704,0.007741004,0.02405553,0.035534933,0.11036609,0.009327529,0.011200753,0.008066774,0.01114259,0.005627383,0.015915321,0.8226747,0.044825677,0.056607425,00009524_000.png
0.25915104,0.006792698,0.18413408,0.015068558,0.08304492,0.02645577,0.012688858,0.019153899,0.8024483,0.039044667,0.010929434,0.02714031,0.027766015,0.012430679,00014429_011.png
0.07267206,0.010602349,0.6724936,0.03109926,0.19398203,0.015683763,0.012961012,0.13508448,0.13245992,0.025194343,0.28082526,0.011438465,0.01677417,0.009742146,00009592_000.png
0.030188568,0.0055014757,0.025785882,0.041976195,0.010383119,0.008803475,0.0069893915,0.938191,0.017790427,0.013728354,0.58148116,0.0141170975,0.022366919,0.013961544,00008168_013.png
0.007914443,0.007437093,0.009434774,0.028947763,0.0061927405,0.04723487,0.007889159,0.026642445,0.012134486,0.28111568,0.029559828,0.019063246,0.014984272,0.016916355,00013176_003.png
0.020155787,0.010514952,0.12957305,0.06517796,0.14738452,0.011354491,0.01852506,0.008059689,0.3042827,0.009728306,0.023062255,0.011193996,0.02965681,0.016755102,00017178_003.png
0.08542469,0.004139114,0.010431236,0.836148,0.18552665,0.06871451,0.05849809,0.14847854,0.05405535,0.02075208,0.026786735,0.008959327,0.011547069,0.009117104,00017403_008.png
0.05283545,0.09349489,0.13182192,0.182956,0.0036778327,0.02615222,0.009252509,0.010168784,0.11532379,0.026546588,0.005678218,0.013621265,0.008953748,0.014324973,00013249_005.png
0.03724484,0.01301516,0.010310012,0.122130945,0.003797759,0.006505192,0.052865256,0.027410123,0.07739898,0.005771336,0.01066946,0.34158584,0.05148698,0.00769903,00013731_004.png
0.005051836,0.011610137,0.012790639,0.030297553,0.36234236,0.031787798,0.007274465,0.009627462,0.05801611,0.009322283,0.0034196004,0.007193962,0.012126017,0.0092514865,00001029_003.png
0.026733074,0.012480164,0.03706595,0.38500643,0.0067710844,0.01764939,0.32335246,0.024037063,0.0060054916,0.015556071,0.006886881,0.21465771,0.019575085,0.010986891,00014725_008.png
0.022534871,0.0050432794,0.012245076,0.6117097,0.22397234,0.49414736,0.13378774,0.012977268,0.011808713,0.021646112,0.028885478,0.026996762,0.009256785,0.009114553,00011899_003.png
0.043102823,0.009515476,0.035620864,0.03291433,0.008043814,0.017929237,0.035118982,0.008928021,0.03572262,0.014407929,0.010470904,0.85147697,0.021248396,0.010826785,00018443_001.png
0.011165615,0.9333848,0.012799349,0.32217816,0.009983872,0.013737797,0.03765756,0.011760562,0.012506867,0.009205441,0.011686161,0.05923718,0.013436905,0.009858282,00003789_009.png
0.11019659,0.0051259976,0.05794077,0.88650185,0.011883362,0.007646822,0.047989104,0.12548812,0.44941926,0.18430002,0.007765322,0.011545839,0.1027895,0.008390393,00013993_140.png
0.028420886,0.029916845,0.0079360455,0.054393686,0.14469658,0.055549238,0.012251958,0.005242762,0.07530259,0.008051598,0.0068694092,0.004650863,0.026285252,0.009878531,00001986_000.png
0.08404017,0.013274182,0.019393886,0.03851088,0.0049668783,0.012763916,0.025631957,0.04271361,0.009680584,0.009014561,0.8222057,0.16805647,0.1666976,0.010939428,00003714_000.png
0.02643301,0.20024654,0.007998524,0.035950072,0.018561443,0.0072807083,0.04033315,0.006577671,0.012011074,0.0050060977,0.005535409,0.031908456,0.027742768,0.011104211,00009229_009.png
0.009508257,0.009148984,0.055223577,0.07554442,0.0222461,0.04611611,0.0114337215,0.72485626,0.012563357,0.022284081,0.02378412,0.53454024,0.10332673,0.0147384135,00008864_005.png
0.01007083,0.0176421,0.008519209,0.031173639,0.013763663,0.010982887,0.008860105,0.008388878,0.014176603,0.028530594,0.0027807767,0.018710252,0.008171221,0.010170603,00008147_002.png
0.010172817,0.0076117534,0.025068266,0.21065411,0.031134129,0.011352697,0.06941637,0.008776786,0.7892011,0.57959235,0.0035254648,0.008866484,0.022244308,0.0079652155,00017641_004.png
0.16132502,0.0055611,0.02801967,0.070754774,0.054588325,0.0100409165,0.074988,0.6830871,0.03189734,0.007607471,0.37201747,0.011786221,0.017997578,0.010141147,00013219_001.png
0.27919206,0.020648032,0.18129037,0.32689568,0.0081448965,0.01867322,0.13247477,0.008867897,0.78837603,0.41777754,0.008618855,0.045996215,0.047851626,0.017008757,00011985_007.png
0.1417184,0.010796747,0.87532073,0.31673232,0.11791542,0.039947793,0.7442328,0.030060103,0.017721832,0.027082365,0.015906556,0.009517768,0.025140733,0.014794468,00013993_124.png
0.08404889,0.010109079,0.01480103,0.096271634,0.018280549,0.78159475,0.017911011,0.06428455,0.082742356,0.010921839,0.014248428,0.015322533,0.26502368,0.0107126115,00001382_000.png
0.006961913,0.040912934,0.01630462,0.0645366,0.0035937699,0.02128504,0.011865922,0.30877396,0.023494344,0.13104628,0.012010066,0.08385122,0.026522353,0.022417802,00012635_006.png
0.053419866,0.01368458,0.8577119,0.8134893,0.022166004,0.2308715,0.037165374,0.060629092,0.120540164,0.5925994,0.006933823,0.03696159,0.16809927,0.017666247,00012834_068.png
0.13617645,0.00881853,0.07593438,0.08041036,0.27303165,0.015098062,0.01701505,0.11882247,0.14194757,0.017871883,0.015276872,0.009957038,0.6717037,0.013143042,00013659_029.png
0.01270544,0.008092302,0.013235981,0.11363387,0.0057682316,0.012769626,0.0066790655,0.8830234,0.0084661925,0.009690477,0.19188383,0.023991527,0.42673028,0.009458096,00017972_035.png
0.044412557,0.003946567,0.005286361,0.12257091,0.00895644,0.011667623,0.009474129,0.014327599,0.047140542,0.06065636,0.009503977,0.033324428,0.0060195313,0.01440491,00009954_000.png
0.011375563,0.015323152,0.0056801247,0.009084312,0.01815374,0.012806425,0.0077607525,0.013250582,0.0106171,0.011863212,0.005410411,0.0067141205,0.008097514,0.012258568,00000929_000.png
0.016650371,0.026518425,0.01952908,0.032582805,0.008360177,0.0055981874,0.0123166405,0.017647125,0.030937979,0.009362398,0.035265088,0.6049678,0.81007683,0.017581776,00003413_001.png
0.13039336,0.009243806,0.0821592,0.0051370226,0.7347843,0.021622397,0.0062383916,0.056696083,0.1721932,0.00599689,0.007195597,0.0041420013,0.044338405,0.017659413,00014919_015.png
0.11889186,0.26050618,0.18376808,0.022750637,0.007550592,0.020759173,0.0127208885,0.017060079,0.012501891,0.020337563,0.011672736,0.011466478,0.1446413,0.013524245,00019660_000.png
0.00995458,0.011444128,0.010506864,0.010365975,0.014387791,0.013902183,0.009762331,0.009478996,0.011999355,0.008659064,0.0075216326,0.01010117,0.009205581,0.01184857,00007924_001.png
0.05248474,0.19462611,0.15586469,0.1807881,0.010546483,0.1975438,0.04227217,0.12000787,0.014203573,0.008130255,0.011113363,0.06765203,0.33751944,0.009914658,00009600_002.png
0.056180295,0.010627769,0.029703336,0.8823521,0.08331568,0.037875175,0.060995653,0.267724,0.020947307,0.024420273,0.46779257,0.2569029,0.017669333,0.011251837,00008009_019.png
0.39216718,0.03445175,0.7819067,0.013783265,0.2576128,0.1325296,0.022538139,0.02260346,0.4681739,0.11483494,0.013428216,0.022851728,0.00795847,0.017245501,00002505_012.png
0.832131,0.009473646,0.14908566,0.014372645,0.12881573,0.012076371,0.014724828,0.15058167,0.753278,0.007878536,0.0059233825,0.011148397,0.037508633,0.0064413515,00014687_001.png
0.60288084,0.006965682,0.066150874,0.84345645,0.018074322,0.0077627143,0.17273164,0.055975266,0.353507,0.006587868,0.056584995,0.017305348,0.16380607,0.0075550927,00013391_005.png
0.031043686,0.009272117,0.017679982,0.031812783,0.54550743,0.012290473,0.010933314,0.074407026,0.027764348,0.00862589,0.443919,0.019029161,0.02890247,0.01832081,00008866_001.png
0.025031095,0.006204396,0.04263402,0.009600924,0.048203878,0.045506034,0.004520573,0.36925006,0.028963124,0.005858117,0.031827997,0.01047597,0.39885643,0.009613302,00005824_001.png
0.0032136848,0.0072383303,0.004312593,0.6136352,0.018354155,0.06930967,0.007165251,0.009866883,0.021188,0.049532015,0.0046146773,0.08930504,0.047170646,0.007362023,00013964_002.png
0.07009123,0.0060552373,0.050933924,0.55868334,0.06073883,0.015598029,0.017893689,0.646628,0.025653765,0.009676648,0.024246356,0.09290694,0.69818187,0.008926903,00001991_002.png
0.00732531,0.007498918,0.009074531,0.0067465007,0.051033884,0.0410527,0.0064723543,0.10590722,0.101286404,0.020727461,0.0517206,0.04144823,0.01831808,0.025620747,00008566_013.png
0.006689625,0.004798563,0.010837856,0.028766211,0.039552107,0.01794461,0.0064408574,0.009491979,0.010195105,0.012919956,0.0053763683,0.028610317,0.009974036,0.013478544,00013988_002.png
0.026923414,0.016837912,0.014629012,0.049527485,0.01038023,0.021767424,0.020516958,0.39135864,0.01078173,0.025245376,0.0071384683,0.060110502,0.33574313,0.01355514,00005365_012.png
0.009711306,0.0066864123,0.015234306,0.027675103,0.05442104,0.08872226,0.0063662333,0.12300886,0.006162605,0.00941761,0.059377108,0.0084855845,0.02458325,0.010127046,00008892_008.png
0.09040257,0.010004862,0.044592988,0.02381013,0.036046106,0.15008853,0.0065336013,0.8349544,0.007975996,0.0085122,0.16376093,0.42669028,0.05792752,0.0095056165,00018366_017.png
0.036532022,0.0077947,0.013089467,0.010664936,0.015016526,0.121191405,0.010674822,0.6921077,0.023382898,0.021024559,0.033390425,0.035923395,0.102937154,0.009609034,00012094_022.png
0.12939474,0.030878505,0.013301338,0.006682227,0.0070391158,0.48744145,0.05655737,0.0119934995,0.015563894,0.011952755,0.0198845,0.064945705,0.06878504,0.016746713,00004163_000.png
0.016874887,0.0058986554,0.014335716,0.03218102,0.0024279058,0.014104029,0.00874703,0.022394514,0.026695088,0.01629773,0.012118772,0.0076578087,0.011106914,0.010676851,00003478_006.png
0.03024922,0.007577442,0.015974464,0.01643761,0.07028827,0.027872777,0.010549115,0.023143912,0.004629213,0.004394923,0.0056574563,0.007296368,0.013366451,0.009096746,00003826_000.png
0.012217186,0.006304583,0.011953031,0.029859168,0.0117647955,0.07738348,0.0085817035,0.03899864,0.0061368938,0.020527337,0.23927669,0.012746603,0.0063162767,0.014069897,00017410_005.png
0.009725508,0.013383445,0.06575959,0.6313751,0.007662535,0.04781459,0.098802246,0.09386384,0.044316974,0.011566019,0.005442113,0.31986573,0.06468706,0.008850047,00017531_000.png
0.3319997,0.025338054,0.6481846,0.36900485,0.16716759,0.023977937,0.016026612,0.011130786,0.2533783,0.05354847,0.020357853,0.008353266,0.022491608,0.01056983,00016184_041.png
0.044690855,0.046805266,0.8547735,0.24562499,0.06869887,0.038492545,0.10539598,0.01110338,0.10244114,0.014438343,0.008263427,0.011264485,0.15496129,0.011474102,00016291_025.png
0.0079370625,0.008882787,0.009179049,0.0066034426,0.007809505,0.016126962,0.010462093,0.008687665,0.011379243,0.008318551,0.0064086323,0.008488693,0.0065371837,0.009040058,00015512_000.png
0.04363898,0.009626149,0.015791297,0.6182216,0.020467237,0.78358865,0.01739079,0.022402637,0.017398044,0.024018954,0.0115211755,0.14253762,0.011301465,0.010595313,00013185_003.png
0.011181251,0.031467974,0.9504905,0.014137805,0.04779722,0.022796107,0.018707843,0.016439108,0.12742561,0.038806662,0.030688325,0.010712752,0.098689936,0.005742877,00019812_006.png
0.14397812,0.009041407,0.21224086,0.012458068,0.004245041,0.0062503098,0.08860313,0.051776893,0.027780918,0.011645747,0.06061327,0.013837439,0.07477318,0.0126087675,00016860_007.png
0.020504672,0.011221332,0.01605864,0.010400537,0.8842682,0.13388975,0.007228146,0.013619637,0.028474398,0.012251282,0.006415516,0.0058380845,0.02893094,0.010564007,00018663_009.png
0.12548104,0.0056309057,0.010734175,0.01723726,0.023406414,0.02556335,0.0387426,0.010841144,0.01721598,0.09055048,0.0075343475,0.0089938305,0.015303184,0.009727924,00010462_002.png
0.027478827,0.013352069,0.01201748,0.05900565,0.006025869,0.010923702,0.04727359,0.011073804,0.4112576,0.81003124,0.005253763,0.011430293,0.020063762,0.016739978,00011140_002.png
0.015577299,0.0070549143,0.06816463,0.7324987,0.48173037,0.45220134,0.00622433,0.012405603,0.22562195,0.046966944,0.010817152,0.105378605,0.015969167,0.010008359,00001814_005.png
0.24703032,0.06872677,0.019067481,0.027232552,0.02053335,0.008224985,0.030880688,0.021083329,0.020841595,0.010811848,0.009949022,0.9412245,0.032729276,0.01327706,00002878_019.png
0.020306403,0.011158216,0.012463098,0.014151962,0.016930278,0.019419342,0.008272428,0.18326527,0.011131788,0.016583757,0.02739375,0.015853148,0.01774185,0.014873247,00007764_001.png
0.06508835,0.010082792,0.08546574,0.062508814,0.031680044,0.03603551,0.0095438305,0.05478742,0.015209856,0.0052677686,0.06188097,0.11084518,0.9660731,0.008866937,00000269_000.png
0.13467707,0.07227893,0.12211104,0.91241246,0.043147914,0.10332717,0.1828502,0.003573627,0.32412016,0.03638301,0.01021359,0.024671769,0.009822145,0.010476869,00005066_024.png
0.939035,0.027646745,0.9000564,0.44330776,0.14615434,0.05604414,0.10790852,0.04525808,0.13121192,0.04753255,0.036305673,0.014436247,0.0046704127,0.018495506,00011401_000.png
0.012024259,0.0074876267,0.024403602,0.0111571485,0.01716369,0.10138729,0.014200541,0.006725323,0.010088373,0.007832209,0.007555635,0.09687915,0.019083783,0.026285373,00005472_002.png
0.0076567717,0.038640235,0.039693594,0.008207934,0.15052675,0.22918968,0.012663263,0.015350501,0.013942921,0.062019266,0.038781416,0.013872165,0.00975845,0.016334796,00005653_006.png
0.029257257,0.050241593,0.010408251,0.21993233,0.004043975,0.012671087,0.113183625,0.1834155,0.025782509,0.3449252,0.02735789,0.014069593,0.009799345,0.013954623,00016705_009.png
0.31646016,0.021364082,0.05999681,0.02953661,0.024126139,0.01117282,0.015732141,0.02078822,0.0060275197,0.003473555,0.00900125,0.17547834,0.08817882,0.008102888,00018027_003.png
0.02140812,0.009561811,0.15271783,0.031953465,0.026091935,0.012110884,0.007461233,0.2540778,0.00788398,0.012295365,0.9975942,0.004957115,0.0129693,0.0055664214,00014083_018.png
0.044203572,0.009667412,0.05775067,0.072330154,0.022000683,0.013741991,0.006021818,0.12440396,0.0124427425,0.008760629,0.9972614,0.007296264,0.0064028627,0.005259874,00008291_019.png
0.08547984,0.016653715,0.0067790686,0.02569312,0.07712464,0.05999155,0.11985857,0.009654018,0.0068915663,0.004672918,0.006426635,0.01095828,0.011693284,0.012495195,00002360_001.png
0.009082402,0.0038887702,0.07335537,0.062191445,0.017299391,0.010059038,0.010859152,0.008872353,0.026771015,0.024069874,0.0039827563,0.021328451,0.07040543,0.005221666,00020108_002.png
0.030412886,0.011106709,0.22167444,0.10092501,0.0128652975,0.037183866,0.0127414325,0.011958619,0.02166036,0.038022444,0.07130801,0.92102164,0.07529163,0.013272645,00011424_000.png
0.016016254,0.0052852808,0.040920302,0.28047344,0.566089,0.022151763,0.006283525,0.39395314,0.0970793,0.01164998,0.0049064085,0.013799641,0.044822093,0.010465289,00007830_004.png
0.01126635,0.6410853,0.0075624427,0.004899116,0.008900743,0.019499045,0.024793098,0.007264538,0.032339573,0.030618561,0.012648681,0.01786312,0.030155206,0.018712142,00003989_020.png
0.03763038,0.0074115717,0.009084548,0.52557814,0.025559377,0.40408674,0.37015656,0.0050630863,0.07352005,0.013262875,0.015682444,0.019692682,0.014960277,0.009719774,00017064_005.png
0.010138955,0.0067289686,0.0068694092,0.0088993255,0.008272063,0.009737438,0.006546694,0.0067828964,0.011464132,0.016252924,0.005539416,0.015014987,0.006145945,0.015179673,00016649_007.png
0.020170305,0.013911828,0.025406277,0.82364166,0.021417893,0.032722037,0.031641815,0.013970619,0.03848535,0.9690076,0.0067450562,0.010405766,0.013898202,0.008925477,00012993_009.png
0.010143541,0.05128758,0.16249374,0.867,0.052908495,0.12244979,0.10628595,0.010904602,0.0072318125,0.25787863,0.01199268,0.0136438925,0.01197238,0.013164298,00005712_026.png
0.018734386,0.026789991,0.052890647,0.3586525,0.016015848,0.011019666,0.5059196,0.006875724,0.019791871,0.09566493,0.009488375,0.3633628,0.022449592,0.017509015,00012350_000.png
0.042579357,0.018994082,0.013667431,0.36033842,0.072023444,0.009442468,0.045227375,0.50590867,0.2756464,0.02779237,0.09101677,0.048520938,0.022942381,0.018241832,00008219_000.png
0.42052326,0.36449072,0.99166054,0.2989271,0.010867545,0.010287802,0.1598361,0.042246025,0.100684084,0.06451901,0.012244435,0.05520892,0.05237227,0.010471171,00014626_019.png
0.024414942,0.0031470726,0.0076860576,0.022081897,0.015663289,0.008234123,0.049314808,0.0818377,0.008772734,0.017711045,0.06868717,0.02367439,0.007326356,0.011890441,00016577_003.png
0.03856886,0.013595898,0.0059731794,0.043999534,0.0924068,0.1149188,0.036402598,0.01781954,0.0054191034,0.011657268,0.009915945,0.0045503974,0.017361455,0.011661685,00014674_016.png
0.011663972,0.037799906,0.009480348,0.047900997,0.0033824376,0.009954937,0.0226775,0.009679756,0.021680862,0.40745524,0.005954336,0.017918192,0.020629426,0.016381843,00016315_001.png
0.16027433,0.012316994,0.43092474,0.09042763,0.124395415,0.08479631,0.013700917,0.010394056,0.9470914,0.06194407,0.0055217943,0.018517531,0.033700313,0.0067406204,00011741_011.png
0.017238794,0.012315382,0.04065113,0.74735653,0.028892037,0.09185608,0.5076135,0.008141342,0.042999983,0.24589957,0.0071973265,0.033796176,0.016992373,0.016516244,00017710_009.png
0.0054944335,0.011237301,0.06656967,0.021971764,0.06058584,0.026619969,0.011007896,0.02664023,0.024314132,0.032369297,0.0037373707,0.017415741,0.69089407,0.014718778,00005043_000.png
0.023359714,0.08467558,0.63835627,0.4525126,0.17634237,0.10932461,0.039835747,0.003675939,0.03613672,0.05965621,0.0063832924,0.09019628,0.13148157,0.011738746,00015572_011.png
0.010300233,0.03379629,0.022833617,0.4423832,0.18787976,0.050010793,0.038944926,0.04646273,0.014211078,0.014407509,0.040602148,0.0037138297,0.0077102366,0.030268077,00004654_002.png
0.012995537,0.0058780834,0.012309108,0.9096746,0.39195424,0.055979293,0.113904014,0.036728688,0.16099985,0.12117221,0.0064550103,0.037074108,0.05795468,0.007834633,00017236_104.png
0.010892763,0.009530516,0.016456425,0.23087534,0.026929997,0.024253722,0.051033966,0.0052701305,0.005061631,0.008179507,0.26468188,0.54707783,0.028037397,0.010820903,00016896_012.png
0.028653974,0.9316282,0.020935472,0.017286805,0.016438529,0.015384731,0.011033377,0.011604366,0.029541872,0.019420601,0.028950475,0.10922421,0.020792598,0.020031283,00007510_000.png
0.017563384,0.011800146,0.16488212,0.30736956,0.005314436,0.012635456,0.018088903,0.89463514,0.012957104,0.007427156,0.092517264,0.09008576,0.14639054,0.010073725,00010677_031.png
0.008817362,0.96304774,0.017558737,0.042124607,0.010935533,0.02522462,0.008110457,0.016050106,0.04792949,0.018624935,0.022913832,0.009216748,0.011877899,0.014076182,00006808_035.png
0.20019035,0.013921486,0.08955583,0.10192271,0.016484024,0.01248285,0.8399326,0.012033332,0.009262726,0.0097776735,0.056624934,0.06579855,0.0077524404,0.023735464,00017537_000.png
0.018035652,0.045232743,0.014065624,0.7917797,0.008135583,0.010058753,0.10854099,0.10296786,0.041498512,0.13163024,0.019707719,0.2607655,0.15048672,0.016210444,00019176_089.png
0.0147222355,0.017058274,0.015727947,0.005067188,0.011098862,0.0042749494,0.006623508,0.015295592,0.023515282,0.025590261,0.0042236745,0.009609779,0.009000438,0.012495,00000491_019.png
0.012493076,0.009526269,0.0068646655,0.55908734,0.031617828,0.09164839,0.027397484,0.0107175335,0.031575877,0.008293371,0.03092754,0.3868,0.21464959,0.013150354,00020195_000.png
0.01281535,0.0077551696,0.021429766,0.06622618,0.06737584,0.058425624,0.12542474,0.0051613683,0.059891332,0.22627778,0.0072462223,0.00942656,0.039275624,0.01162623,00010509_006.png
0.025041558,0.010936822,0.0122669125,0.10956865,0.022450255,0.011058265,0.007401676,0.9739622,0.031464104,0.0047483966,0.62398934,0.012185337,0.010343186,0.011983734,00008566_012.png
0.04167092,0.017045708,0.043740965,0.028781578,0.017578695,0.17020547,0.016945293,0.4011467,0.012499249,0.009637621,0.9406361,0.058460694,0.064449325,0.011938663,00020195_018.png
0.14466925,0.015094199,0.4901816,0.80878544,0.033797648,0.015575449,0.042320833,0.2300382,0.062852375,0.009772527,0.01695466,0.08408487,0.13337749,0.007160408,00007034_077.png
0.31308934,0.009267081,0.01485036,0.08004426,0.070816256,0.02487946,0.010983648,0.13490427,0.028676182,0.018816222,0.95622694,0.018313587,0.011350183,0.018026479,00011873_002.png
0.0324625,0.008493784,0.015982136,0.09579781,0.017726399,0.026656887,0.014538542,0.02522758,0.09295651,0.010376727,0.012005682,0.9278395,0.23898858,0.007829111,00011709_000.png
0.049483158,0.00609851,0.7934854,0.1259197,0.0078060254,0.023850188,0.005125805,0.2674526,0.019499864,0.07999047,0.011151277,0.013314562,0.02070166,0.0097005125,00012256_001.png
0.039375804,0.003999465,0.011086324,0.24417537,0.00690493,0.026516814,0.009142053,0.011025539,0.29861128,0.006774251,0.004296039,0.009110206,0.037920415,0.0050464505,00018949_015.png
0.0572547,0.031159792,0.15560022,0.26133648,0.0104813,0.028423686,0.021324258,0.42089844,0.0057260394,0.015569046,0.93570065,0.03970139,0.075478405,0.009290681,00001484_001.png
0.069115326,0.0077946037,0.016160687,0.03514167,0.0039873286,0.010813551,0.0079418775,0.65925443,0.0066101616,0.0073419786,0.9890625,0.018400218,0.046875235,0.0068462384,00009845_005.png
0.14850724,0.020189969,0.014483494,0.008807595,0.0131852515,0.23633204,0.19200306,0.03307113,0.036291655,0.03251197,0.0113471495,0.10755963,0.053486653,0.014422807,00010943_000.png
0.4553642,0.777104,0.3450713,0.55122167,0.012173215,0.008654165,0.13419105,0.01493007,0.6918476,0.4768549,0.007655015,0.029713955,0.028012661,0.013390076,00017726_005.png
0.0992646,0.02151093,0.05128601,0.06904102,0.01631279,0.03797384,0.035990525,0.3114185,0.02613198,0.02221074,0.9918876,0.008296873,0.03414693,0.011544539,00013111_056.png
0.051021878,0.015494647,0.01124824,0.2556724,0.043864373,0.036175836,0.028987642,0.015566613,0.014436457,0.008049844,0.021168226,0.9470794,0.08815309,0.018586589,00013267_000.png
0.031534463,0.020745423,0.31429255,0.17989904,0.02693776,0.007603534,0.3324933,0.009666792,0.08890135,0.9800685,0.018963601,0.0124231065,0.009420733,0.010984253,00011985_005.png
0.01222957,0.0106170345,0.010677365,0.025788434,0.0091138,0.027982282,0.018991904,0.005865728,0.011445455,0.013500746,0.26522988,0.61955476,0.021595541,0.03113894,00006342_002.png
0.058112614,0.032088514,0.20214874,0.07169392,0.06346935,0.029884089,0.027681062,0.008294704,0.017749738,0.009379418,0.01351168,0.96272767,0.3377877,0.01288722,00010648_003.png
0.0045427484,0.007687949,0.025635863,0.118083365,0.8764787,0.11303452,0.0059355465,0.019287052,0.024026636,0.03130602,0.006209791,0.024707582,0.033750694,0.007214902,00011157_001.png
0.050060853,0.011510998,0.028043551,0.014469526,0.004655265,0.008450943,0.040671144,0.009768172,0.0138874175,0.011828717,0.39962697,0.32219857,0.01474291,0.027953304,00018176_000.png
0.018322643,0.011483705,0.02650994,0.21966292,0.0071639484,0.022830656,0.0075112213,0.8313371,0.0659961,0.009728669,0.010550752,0.029164126,0.089141406,0.014934293,00020286_014.png
0.05617567,0.010197854,0.014404579,0.020895584,0.017328842,0.058009338,0.19582315,0.008373019,0.0053808177,0.013296678,0.0054322015,0.03969044,0.0946639,0.012898956,00014072_001.png
0.015689306,0.012567985,0.31228888,0.9740167,0.10264918,0.10339302,0.058863804,0.040942978,0.09622867,0.11321134,0.009405252,0.0123658115,0.1645662,0.008043712,00012834_130.png
0.04935072,0.004690681,0.07626612,0.15874062,0.117992714,0.36814016,0.008511721,0.064284705,0.033607334,0.019018352,0.007266217,0.010943643,0.9740907,0.0055621834,00004750_004.png
0.13085315,0.009447787,0.03243581,0.046554588,0.023934972,0.04776032,0.01795405,0.007127517,0.012970618,0.0056139054,0.017420238,0.8267336,0.10264391,0.014373457,00007835_000.png
0.29751906,0.00677902,0.06445522,0.26335213,0.3629644,0.031257197,0.01625772,0.24911195,0.022226084,0.0044547743,0.06470326,0.010015934,0.007841697,0.055830847,00009368_008.png
0.03966487,0.92132914,0.01644658,0.045536686,0.009438661,0.0148795005,0.011295974,0.048469517,0.015641343,0.025585553,0.007897022,0.014418579,0.023625491,0.021026326,00009932_003.png
0.3700383,0.006019709,0.012749125,0.1341243,0.013143847,0.02249845,0.025273284,0.012852381,0.038157187,0.0050503067,0.014775076,0.43855458,0.18196456,0.017186685,00007856_000.png
0.025602223,0.60921884,0.017060416,0.010085049,0.025884574,0.03727225,0.012741404,0.027042354,0.0081972275,0.0048336745,0.019473858,0.008870353,0.033932537,0.019727513,00012646_017.png
0.008277272,0.007870743,0.04245041,0.13734859,0.013375162,0.025598448,0.0071183075,0.88676906,0.014357381,0.01751795,0.01980388,0.120366305,0.20972988,0.0116461525,00008547_001.png
0.5275327,0.01099814,0.06143608,0.64522254,0.06800459,0.0053631254,0.007332879,0.33434537,0.059688598,0.0036460217,0.046027493,0.023977319,0.011476535,0.006568209,00010805_039.png
0.09684317,0.013197964,0.0365185,0.012239131,0.9364759,0.254178,0.0059127673,0.017446302,0.014807603,0.0051620444,0.020418275,0.01374722,0.006770594,0.009542362,00014717_011.png
0.39871895,0.024122333,0.2046434,0.49532464,0.0071878643,0.015691323,0.106959656,0.32725996,0.099379145,0.006554623,0.07971893,0.04196055,0.013760071,0.011369569,00012024_001.png
0.14530763,0.61985296,0.12696934,0.05908597,0.048757385,0.13125765,0.01169899,0.008109505,0.024211068,0.030614665,0.019508235,0.0076130857,0.0058306553,0.014398189,00016818_004.png
0.012736096,0.0047470354,0.0074365158,0.7830853,0.028838156,0.09365258,0.0106882155,0.0167766,0.15132959,0.24159446,0.0045937328,0.01041794,0.006940748,0.0069717504,00010773_005.png
0.35336283,0.024101924,0.019587178,0.078094654,0.01622311,0.01849313,0.06639342,0.010638393,0.024350442,0.009779738,0.019521622,0.87210965,0.028983925,0.015632294,00012640_018.png
0.0026618885,0.047326084,0.03389458,0.7440175,0.1231339,0.054148022,0.0072809565,0.0034499578,0.19108808,0.17145622,0.008593388,0.010555473,0.01064129,0.005122341,00012413_019.png
0.34925002,0.014059827,0.023019053,0.05037605,0.015313629,0.01568427,0.31912115,0.010209012,0.02230846,0.015002616,0.12623176,0.3191196,0.005756304,0.027240878,00003577_001.png
0.008102911,0.013451198,0.010183313,0.02494735,0.0376391,0.068984956,0.00955916,0.011899795,0.0064101205,0.0051668533,0.0039205514,0.080438286,0.069355845,0.019745821,00011984_005.png
0.06046052,0.0123414,0.011324431,0.42073393,0.007954651,0.004958809,0.08135195,0.120587654,0.84400237,0.3214225,0.005664494,0.012388853,0.019854842,0.007930608,00016972_005.png
0.16311935,0.010763253,0.0754585,0.7771652,0.04745007,0.85743505,0.017487235,0.028461633,0.034221727,0.02183353,0.008030877,0.018168693,0.021276917,0.012673586,00016550_017.png
0.016281195,0.016377572,0.020809716,0.018706715,0.026379209,0.03437661,0.009843264,0.08544057,0.0076250373,0.035163634,0.9880243,0.013366072,0.017311407,0.011947732,00008468_042.png
0.11397479,0.004695229,0.039152432,0.7774011,0.8292991,0.25158125,0.06339676,0.02194369,0.20571011,0.0318557,0.04172547,0.020512393,0.015880825,0.01073689,00007354_009.png
0.026432058,0.03601611,0.110790834,0.1402229,0.02086776,0.0151020335,0.892159,0.014685489,0.070615485,0.5229325,0.019465368,0.011842748,0.023060774,0.020827316,00019176_103.png
0.036526784,0.008499915,0.18515219,0.08032804,0.029032039,0.03279217,0.010372874,0.04548336,0.37573472,0.017655965,0.0014222784,0.0041123424,0.08349325,0.0056346315,00010007_046.png
0.012439322,0.006396411,0.007891282,0.42920774,0.08158987,0.38766205,0.012169053,0.03313844,0.014899748,0.046548914,0.02746883,0.008712657,0.013323149,0.009829601,00009397_010.png
0.015099198,0.014622161,0.013373785,0.00635539,0.37273547,0.4321829,0.0040369765,0.1912311,0.04313472,0.008873116,0.032746926,0.008356877,0.014946328,0.012605373,00015581_009.png
0.19628021,0.011726605,0.015046069,0.14250925,0.058172446,0.21555306,0.0077181654,0.65546346,0.36062855,0.005898775,0.19599469,0.053761777,0.018193692,0.018870654,00002666_000.png
0.022340044,0.005613261,0.0047383024,0.033193346,0.031880423,0.00577823,0.018460307,0.09734388,0.04330278,0.0125867445,0.006090659,0.09774954,0.045695662,0.008575441,00007730_002.png
0.028698668,0.016572058,0.033990882,0.4776046,0.19324514,0.15630233,0.050828643,0.007750629,0.01932895,0.026355864,0.036130585,0.34842598,0.86723363,0.013965437,00013731_000.png
0.008431324,0.014908892,0.019222083,0.70084435,0.007263892,0.060095295,0.050379883,0.007019007,0.08492208,0.25303122,0.01277737,0.013172873,0.0034828018,0.007943159,00004808_042.png
0.054820973,0.00852887,0.010965278,0.022465674,0.39633298,0.4806716,0.010108502,0.011973238,0.012833551,0.015247339,0.024891587,0.015398641,0.008472179,0.014002461,00019774_003.png
0.6297434,0.6446147,0.8116496,0.33489907,0.015731135,0.02571108,0.028025564,0.007210375,0.20454444,0.018017428,0.008356241,0.015415712,0.09057951,0.008208567,00010478_011.png
0.024751628,0.07990978,0.9125663,0.52138156,0.031772763,0.041503966,0.053686053,0.022789842,0.017875616,0.760329,0.012747217,0.029079966,0.018495977,0.011843,00017961_012.png
0.02738661,0.011517282,0.019249476,0.01786718,0.0030664168,0.035829544,0.015856966,0.13329951,0.009035684,0.0110461535,0.023682425,0.112026595,0.66733503,0.011554396,00001998_000.png
0.07927429,0.9236006,0.35583103,0.037808925,0.024879714,0.020058583,0.024785288,0.057566848,0.030051136,0.033949237,0.0092778215,0.010333511,0.04082042,0.015907077,00008349_002.png
0.024350818,0.007648056,0.005153596,0.015898705,0.01447741,0.011486331,0.007102495,0.00603008,0.02436118,0.008332176,0.008110722,0.009325845,0.0119652515,0.010812302,00011769_000.png
0.008243786,0.00794281,0.043030497,0.05260834,0.022469776,0.014555463,0.011962788,0.034743693,0.009206273,0.00885974,0.0939484,0.075324215,0.7846269,0.017022928,00001395_005.png
0.0117195435,0.0066545173,0.05053704,0.42152232,0.01338813,0.03236437,0.033354163,0.0072303875,0.08393842,0.829205,0.0046292567,0.01359939,0.033448517,0.010345562,00007296_003.png
0.0858448,0.016200613,0.002727128,0.012238024,0.0033248903,0.010059423,0.06592722,0.06357267,0.014640708,0.0068681217,0.383522,0.06361134,0.017267982,0.012742039,00008468_062.png
0.07231577,0.0072188727,0.024576385,0.77961373,0.55012953,0.048456863,0.09757912,0.027610844,0.08865436,0.07727953,0.015697835,0.006465392,0.007539994,0.008282918,00013992_022.png
0.008238431,0.005241715,0.007009637,0.008817599,0.009291783,0.02917746,0.011237623,0.0092974035,0.019960865,0.005707771,0.003912929,0.011660256,0.009154182,0.009203968,00000966_000.png
0.027754864,0.015598459,0.037751324,0.06919579,0.22569296,0.016025975,0.022751367,0.6712163,0.06896205,0.018488863,0.53911126,0.05311734,0.4307162,0.054057825,00014675_015.png
0.06019922,0.011699789,0.020354131,0.3594331,0.015415012,0.015068423,0.0069588143,0.024400046,0.02907808,0.007752789,0.14549172,0.8952198,0.053211033,0.014105415,00007109_006.png
0.13512069,0.011828577,0.85335636,0.014971608,0.011629381,0.021321801,0.015559155,0.43851507,0.031603526,0.006790237,0.027357386,0.019299123,0.39795136,0.0041747084,00006044_007.png
0.042872366,0.008422848,0.021617418,0.86546206,0.022434385,0.03594168,0.010819637,0.10898925,0.558011,0.011753565,0.014090562,0.016089773,0.011179623,0.0072151762,00015770_038.png
0.0900308,0.044240758,0.76862586,0.57654387,0.036238622,0.032981098,0.018246427,0.0051461076,0.52708656,0.05501704,0.004562972,0.03329391,0.64331937,0.00855645,00018949_005.png
0.03417607,0.03320678,0.1844328,0.03457524,0.009099962,0.100674964,0.03458969,0.0038918417,0.041079942,0.04681485,0.010324317,0.031902008,0.028499182,0.015183018,00018217_010.png
0.012810198,0.006889406,0.49999678,0.7837529,0.1753459,0.47192547,0.018379752,0.011933032,0.8095507,0.08290176,0.004409071,0.044210948,0.03783045,0.005135948,00005288_014.png
0.005583972,0.023523392,0.0051380047,0.006079006,0.013190371,0.011966594,0.010451105,0.0063091163,0.010603119,0.021715716,0.005898569,0.01080991,0.0104521755,0.012280821,00013557_015.png
0.13465567,0.024854414,0.06459016,0.10326454,0.18333574,0.03398275,0.027838273,0.25228855,0.025319329,0.009599024,0.8992107,0.06040405,0.60959643,0.015635626,00020274_005.png
0.09006813,0.96931165,0.19766639,0.20384158,0.02417778,0.014038327,0.06721296,0.0066209696,0.044463877,0.049856428,0.020333586,0.06381751,0.026991405,0.017117972,00004079_000.png
0.044999104,0.0116325775,0.22923607,0.017581733,0.021816302,0.0262474,0.042140085,0.016835961,0.013666543,0.019378722,0.013646709,0.93303585,0.015521207,0.010993208,00010695_016.png
0.095409535,0.0062109036,0.008124798,0.035552476,0.007135718,0.007132459,0.015614833,0.010478451,0.038395174,0.008477456,0.008921809,0.0140212765,0.009517458,0.008635666,00002529_002.png
0.021459477,0.94645214,0.016856313,0.034711868,0.012449788,0.024678664,0.02829681,0.016494835,0.017911581,0.012172441,0.010403689,0.020106332,0.0070819356,0.012800241,00005853_000.png
0.13393569,0.008999613,0.84316075,0.6848904,0.010170882,0.025818232,0.027255293,0.010619685,0.64623374,0.7172598,0.0040776557,0.013465215,0.010813001,0.006387195,00010887_025.png
0.08415247,0.013849697,0.06978295,0.031106759,0.022905815,0.0611837,0.03296485,0.01432292,0.023525566,0.8944928,0.01024293,0.02025832,0.008954975,0.0189158,00005110_008.png
0.3164895,0.009255521,0.029294211,0.7353305,0.11788492,0.26556817,0.6685059,0.033027496,0.026299061,0.020453129,0.023357188,0.022387791,0.010455669,0.012792386,00003523_018.png
0.038267534,0.009482367,0.01669216,0.01074857,0.119268045,0.5217947,0.028128961,0.009710916,0.011842391,0.0055621415,0.018875249,0.374527,0.038852975,0.030598683,00001182_004.png
0.017484065,0.009426653,0.057687156,0.62615937,0.027582224,0.5486358,0.015018119,0.052419547,0.01307906,0.02428684,0.047918122,0.16813277,0.026663035,0.014993874,00010916_000.png
0.015016843,0.013236293,0.012431212,0.10200397,0.0058546383,0.016103782,0.022868112,0.7036004,0.0400029,0.0737971,0.007781353,0.011479992,0.012653249,0.014663303,00009257_001.png
0.033167932,0.008347363,0.024501037,0.017951999,0.62721163,0.84174764,0.007597552,0.013401112,0.0125939585,0.008879631,0.016585687,0.021090614,0.009519203,0.017006366,00009120_001.png
0.1482942,0.029195376,0.032275915,0.03372159,0.09165516,0.010081665,0.15529117,0.013465874,0.02210265,0.01745339,0.0155942505,0.18004575,0.01637235,0.5874335,00006624_000.png
0.06494362,0.34359878,0.4224164,0.3386915,0.005495218,0.014563261,0.123942606,0.011128262,0.03613845,0.764154,0.024141468,0.016281432,0.008965426,0.020212034,00001249_002.png
0.06749561,0.016216978,0.009546839,0.023123147,0.020428944,0.011067447,0.011946646,0.026422648,0.009831443,0.0056643006,0.005072605,0.024560997,0.0069709183,0.010657397,00001616_009.png
0.011120361,0.057628848,0.044908598,0.008219933,0.024573447,0.012342831,0.035913512,0.074819006,0.10864802,0.65168864,0.014386785,0.01947303,0.035241894,0.02232997,00017504_038.png
0.18343137,0.007592675,0.004666666,0.02881043,0.015450389,0.25541407,0.03806291,0.008704494,0.009696903,0.011024379,0.022711063,0.027934626,0.007987991,0.03725854,00008191_005.png
0.018227553,0.0038260175,0.14246538,0.11961659,0.042121172,0.19964305,0.012387051,0.0035482058,0.038159892,0.05329426,0.0070780306,0.019789558,0.013347822,0.012204918,00000711_005.png
0.17922907,0.0054557654,0.17179142,0.41834378,0.15418051,0.09628421,0.016745998,0.0026790113,0.28627592,0.017900964,0.012470723,0.024468824,0.011059558,0.009346968,00007857_012.png
0.59109706,0.1907843,0.95667744,0.11724036,0.031640377,0.025714856,0.027131794,0.007266667,0.76235265,0.032014858,0.0055587483,0.019783717,0.06449232,0.007176946,00013993_019.png
0.010080618,0.011446286,0.015742416,0.015133074,0.0204477,0.020099422,0.011010398,0.009119258,0.007058272,0.006860778,0.007816388,0.0065058353,0.008389601,0.010442011,00015248_000.png
0.08822287,0.9227484,0.025556099,0.29325795,0.013615276,0.010437662,0.07287682,0.0137227075,0.084612034,0.17366728,0.011871879,0.0147327725,0.013347096,0.015090002,00004381_037.png
0.0050546885,0.0036493803,0.012723043,0.04112199,0.012302199,0.0990489,0.009171208,0.21017161,0.012924833,0.011689389,0.0050240858,0.12669905,0.03401161,0.011058887,00008748_002.png
0.008054056,0.005346105,0.018415786,0.063354656,0.019033575,0.51068,0.011836388,0.005393423,0.029468272,0.13707447,0.009969813,0.015459218,0.04994472,0.009137031,00015809_023.png
0.067917354,0.024745343,0.025608893,0.89000756,0.012522258,0.056983292,0.37942368,0.016084746,0.021324152,0.023011692,0.013081751,0.4801681,0.007007849,0.0077167843,00015575_000.png
0.42174056,0.012886965,0.5906948,0.59664845,0.39093977,0.030658985,0.028589493,0.098889545,0.3644807,0.019817542,0.04523617,0.15272397,0.7725199,0.01382754,00011436_004.png
0.107530616,0.022615632,0.0074291113,0.006313575,0.30903062,0.063629694,0.02297594,0.0093856,0.08388686,0.0047739083,0.011623798,0.010345812,0.068376936,0.014779775,00010020_009.png
0.005232283,0.0046980465,0.0060343063,0.25318867,0.014759536,0.017615698,0.020969443,0.0050390456,0.29057753,0.07955284,0.004049583,0.01553351,0.012056153,0.0054461877,00009863_009.png
0.01699124,0.012551432,0.71782255,0.315128,0.06545998,0.015195912,0.24473411,0.0045673777,0.15600026,0.15173267,0.01926725,0.012485383,0.017230451,0.005805215,00016577_010.png
0.011973908,0.008989833,0.010930386,0.009330194,0.15022975,0.3220267,0.011009484,0.005795354,0.01130953,0.005635361,0.0069646495,0.016263083,0.027351948,0.012119605,00009120_004.png
0.009990831,0.0047311997,0.005808593,0.027459381,0.009081514,0.016816178,0.028222647,0.0033706226,0.06645565,0.014681082,0.0050641457,0.01145516,0.016186265,0.008702655,00003581_000.png
0.01627601,0.026373468,0.018549312,0.060792893,0.04579517,0.09341964,0.053120676,0.01675767,0.023322664,0.0077018104,0.62767076,0.16606726,0.016694086,0.01153059,00020123_000.png
0.028629426,0.007836505,0.018659458,0.049215566,0.40448886,0.53280926,0.027677879,0.017465202,0.009644837,0.0071979403,0.03854358,0.59393036,0.044771336,0.009557138,00005663_007.png
0.032678664,0.0072419224,0.01384889,0.016844233,0.01035236,0.010359202,0.024490291,0.013965924,0.014757067,0.029097121,0.008367695,0.026966002,0.01020598,0.018216025,00016860_001.png
0.25459677,0.1753324,0.04384409,0.019017521,0.002469311,0.0090437485,0.055388886,0.017475588,0.0066962214,0.009835255,0.52329654,0.10163994,0.09452205,0.0169573,00004857_016.png
0.0055940007,0.012387034,0.347472,0.0692561,0.01987415,0.11914748,0.024547817,0.018110871,0.03120286,0.6874148,0.010599508,0.01844637,0.014237957,0.0093907,00018126_011.png
0.014198826,0.018303454,0.0035646574,0.04626627,0.012086321,0.008763127,0.016746039,0.0049572163,0.04043725,0.018090589,0.0042606816,0.013826818,0.01785775,0.0103038065,00016175_002.png
0.03132731,0.012359821,0.088220745,0.43506783,0.21301746,0.048405584,0.025301326,0.9744154,0.057789225,0.019113088,0.11584238,0.020543395,0.021853857,0.014701071,00017324_029.png
0.044294327,0.006921567,0.03138595,0.024141263,0.051977146,0.027344955,0.007651274,0.96529925,0.04889024,0.00883816,0.01516917,0.013412698,0.048753984,0.011471002,00001170_033.png
0.10413615,0.9878265,0.045718435,0.1854634,0.009640137,0.011829179,0.018990144,0.005124796,0.01229306,0.020003017,0.017524607,0.035064496,0.016199855,0.008933251,00003789_000.png
0.18225946,0.025375882,0.04397604,0.028225446,0.014687843,0.051934116,0.016527867,0.008641326,0.024116946,0.0062700454,0.91010576,0.014493741,0.14678673,0.020303011,00017714_022.png
0.011468699,0.022239275,0.04734192,0.49858567,0.1304384,0.05315107,0.03040104,0.020878058,0.62994677,0.113990076,0.045926232,0.010121756,0.049892344,0.01670718,00017504_061.png
0.07270891,0.008957993,0.011092328,0.2132646,0.013265335,0.07388938,0.018227702,0.70951813,0.013177976,0.011192608,0.6414179,0.034484446,0.02414258,0.010768733,00005726_000.png
0.2392209,0.042004477,0.5256195,0.48254696,0.009021119,0.011087061,0.17904636,0.0722076,0.13050771,0.71355015,0.11339335,0.01322001,0.012508286,0.021269923,00015072_010.png
0.027446473,0.013067501,0.024222173,0.010204208,0.0130252335,0.114791185,0.014533278,0.031944092,0.015366314,0.0072527323,0.008243478,0.039571296,0.004232982,0.007790935,00008347_002.png
0.018440979,0.012932544,0.006493186,0.018905522,0.020326836,0.026111268,0.29287866,0.005062544,0.006042171,0.0067725154,0.3170598,0.019319955,0.059153873,0.03436256,00014436_013.png
0.0530024,0.010750684,0.33783576,0.9446724,0.018553995,0.07355408,0.14411026,0.0061267666,0.19381163,0.1010969,0.003557847,0.020027764,0.26379237,0.011017914,00014414_007.png
0.013271114,0.006902524,0.008509874,0.3799426,0.009565916,0.35006884,0.02756357,0.004731157,0.28329435,0.027066916,0.0048929965,0.014127056,0.013609328,0.008141499,00016618_000.png
0.009201833,0.006671879,0.010703099,0.027152084,0.01733797,0.13560522,0.008492583,0.0074122073,0.011697601,0.010111194,0.008542198,0.005121697,0.007860834,0.010452452,00009496_002.png
0.059796438,0.0071111927,0.011369698,0.023610488,0.017822977,0.043403774,0.07618345,0.0092446795,0.011537179,0.0093568545,0.008709515,0.94150794,0.01419761,0.010202057,00013611_001.png
0.0133114755,0.009433531,0.005880274,0.16155608,0.014737743,0.009847411,0.035868473,0.008320986,0.12855965,0.9738584,0.004718103,0.00929465,0.01001022,0.011673618,00014203_053.png
0.2650135,0.5164282,0.019090738,0.02706101,0.028284073,0.009842088,0.08832311,0.005796307,0.015795454,0.004093867,0.015523836,0.029905494,0.039821822,0.01767853,00004822_042.png
0.12509,0.031381488,0.013901412,0.84970677,0.034857035,0.17687869,0.058503963,0.02578378,0.2851463,0.008793407,0.020727394,0.021685474,0.010131942,0.0074516237,00006436_006.png
0.0841157,0.13554057,0.015946517,0.15845925,0.015562192,0.029246176,0.008386967,0.009590307,0.17452888,0.046580426,0.010906133,0.02072101,0.035356503,0.0131880995,00015007_006.png
0.05612151,0.0066520623,0.010241359,0.062550925,0.019184893,0.60809,0.34304038,0.008979257,0.023261234,0.070185535,0.01959741,0.025533926,0.01277126,0.012610768,00003798_000.png
0.06977666,0.006733732,0.71574354,0.15217508,0.013667559,0.009926625,0.06032763,0.008689033,0.2662383,0.26773137,0.03611056,0.0126454905,0.007664935,0.0069815717,00006472_002.png
0.102141455,0.013873117,0.07046965,0.1505753,0.085994236,0.026615804,0.020609489,0.13928786,0.96844304,0.012616404,0.14581175,0.017037474,0.020016802,0.009336287,00010828_065.png
0.08463466,0.016812677,0.76312417,0.13644113,0.15299153,0.03031388,0.018369555,0.7706293,0.006162689,0.016489312,0.019607406,0.009070209,0.024039442,0.011043512,00015895_024.png
0.051523715,0.020801606,0.023823565,0.65765506,0.04089827,0.15054883,0.041276164,0.010882661,0.01626383,0.9322898,0.012091012,0.016908864,0.012485902,0.021089187,00001200_014.png
0.16486508,0.014924272,0.06204812,0.3082053,0.22592308,0.02085697,0.020849517,0.96645385,0.04794567,0.026173376,0.8125553,0.013411941,0.01759194,0.014626119,00010936_015.png
0.08075357,0.12199501,0.06536883,0.008659474,0.021071421,0.012440301,0.012811953,0.0246017,0.037646923,0.08263357,0.006481081,0.024688933,0.0039270497,0.012339075,00016943_004.png
0.8508956,0.013219779,0.042278502,0.23797967,0.2394613,0.43526536,0.07286317,0.0101586,0.33921286,0.0057394966,0.010961634,0.14770314,0.024262631,0.009186183,00005083_000.png
0.1790305,0.008734383,0.07475893,0.021142736,0.0076935096,0.01254954,0.005305618,0.45833963,0.020517306,0.004696203,0.9793443,0.04903818,0.1322005,0.008280975,00010767_021.png
0.014776838,0.007980661,0.015191966,0.056648612,0.01316625,0.014352875,0.0128379185,0.018960755,0.012116368,0.009393362,0.014954648,0.42566702,0.6417305,0.016825829,00002826_000.png
0.9286092,0.008243548,0.33164763,0.26848555,0.024249356,0.013474302,0.03641155,0.6976183,0.1567048,0.023531828,0.047721785,0.014117408,0.010282418,0.0071096476,00006868_013.png
0.5786322,0.028437635,0.21487376,0.056730676,0.008653937,0.0097576855,0.013708033,0.0979285,0.016772205,0.00867366,0.8279437,0.13847184,0.32884994,0.0129660955,00000324_007.png
0.02306823,0.006488393,0.6888722,0.41539592,0.17560153,0.08563275,0.119114034,0.007927348,0.040589992,0.08075513,0.007736776,0.23664059,0.024175642,0.017830959,00009730_001.png
0.00656697,0.11344249,0.0077963853,0.050672375,0.0034732064,0.020964833,0.029492091,0.015101409,0.031109296,0.06403177,0.004987596,0.009850336,0.08741933,0.014599828,00020171_000.png
0.031044766,0.006140914,0.015473429,0.037193015,0.5752974,0.022995908,0.006820637,0.008347828,0.01883428,0.009199951,0.004828205,0.022943828,0.019885514,0.015200816,00015981_006.png
0.08436986,0.020832362,0.43958488,0.017821109,0.31454822,0.04401117,0.06663088,0.12905188,0.034700163,0.18541926,0.42980954,0.032937743,0.016279034,0.05599652,00019665_001.png
0.008614781,0.0121114375,0.9518817,0.10018584,0.086225666,0.0449203,0.018496137,0.020039953,0.47517475,0.058928285,0.006187129,0.012921289,0.018807177,0.0051129675,00011925_006.png
0.09261005,0.0045843315,0.1299704,0.13539898,0.09352729,0.02711933,0.017452687,0.2145303,0.15318957,0.008852386,0.010358821,0.0061455783,0.012730539,0.008010652,00008147_011.png
0.22532664,0.005946614,0.0154121155,0.027326616,0.08927302,0.10389553,0.005130279,0.0072601787,0.10451616,0.011158231,0.0076424014,0.009664797,0.009168453,0.010717751,00007172_002.png
0.15939932,0.36531585,0.6841972,0.37934384,0.3310097,0.012692313,0.01197528,0.032168623,0.21690473,0.06255523,0.013080353,0.012967255,0.058746994,0.0132926805,00000116_013.png
0.089997895,0.009865834,0.63102597,0.23001854,0.0617452,0.026401455,0.039393228,0.050730746,0.0141493995,0.01083712,0.009191301,0.3226014,0.4505891,0.011332405,00017258_007.png
0.0105554825,0.0055260565,0.007670494,0.05653739,0.009710219,0.013474632,0.4164339,0.00748182,0.0063836705,0.0055574304,0.010186899,0.031968478,0.015169773,0.016481103,00005639_003.png
0.07551665,0.0035362977,0.02465771,0.15786922,0.05268217,0.1706917,0.009109379,0.0074685537,0.3319063,0.02556954,0.0034386253,0.012362301,0.0057564513,0.0083275875,00004470_004.png
0.10470771,0.007670545,0.05533709,0.013635367,0.018908216,0.024496417,0.018778412,0.012478836,0.013055993,0.009477536,0.89741576,0.13326204,0.060408913,0.015621525,00009644_003.png
0.014235916,0.018324662,0.0074276133,0.060175687,0.01619531,0.040593147,0.03072276,0.0147592155,0.21285018,0.77949184,0.0034892454,0.010679782,0.016429981,0.0143617345,00014141_001.png
0.03227988,0.015564369,0.03614598,0.088717,0.03443885,0.058287717,0.0097849425,0.93082607,0.016562829,0.011820553,0.9196481,0.027881246,0.033617914,0.013503116,00013310_045.png
0.13317326,0.007705142,0.026482003,0.018883605,0.035964884,0.03471929,0.009576684,0.9225372,0.008313081,0.004838994,0.962089,0.011407806,0.035507806,0.008158984,00017747_053.png
0.024743479,0.015565511,0.0070904,0.589225,0.40704548,0.041479226,0.028113764,0.011441119,0.03428157,0.0641509,0.014223602,0.007276567,0.006494337,0.0076139076,00015018_004.png
0.010412225,0.02610184,0.014517264,0.01732695,0.018859528,0.047502294,0.013439819,0.0067801634,0.031113988,0.02758339,0.0052315183,0.36744875,0.0153484335,0.01400763,00008940_000.png
0.7389321,0.42241883,0.92130834,0.042764664,0.01456899,0.021456154,0.1408706,0.023915475,0.186581,0.0603854,0.011078099,0.061670646,0.06157956,0.013560452,00015386_001.png
0.035851423,0.20604703,0.7432535,0.89529884,0.020467158,0.012030152,0.068736956,0.006903822,0.54321545,0.060683407,0.011665802,0.013943825,0.014635811,0.0051715393,00012413_013.png
0.37894627,0.019391963,0.08015735,0.10329537,0.0047774184,0.12235106,0.13101472,0.010905557,0.029289473,0.0077908584,0.033774596,0.42373213,0.062077787,0.024139434,00000415_001.png
0.83549166,0.038146954,0.10981873,0.011856914,0.006099363,0.010321984,0.1021419,0.028160766,0.12935631,0.018350314,0.011431253,0.13978282,0.015641462,0.034271102,00007422_005.png
0.41433486,0.012010468,0.027063256,0.03287719,0.035785712,0.010893112,0.015055549,0.09352783,0.013008356,0.0064629964,0.023894703,0.043150816,0.7228923,0.011174949,00005490_001.png
0.013883742,0.009073707,0.010832608,0.009520618,0.55048954,0.10298284,0.0051429668,0.0075818067,0.011965292,0.014435934,0.0078679435,0.012132897,0.009694106,0.010912709,00019169_012.png
0.11692464,0.047975056,0.0057764654,0.4639959,0.007063404,0.15109439,0.034695204,0.040921416,0.007853696,0.007265395,0.13446657,0.016206741,0.028029084,0.03097854,00001255_007.png
0.0356627,0.0057203877,0.016226321,0.015565531,0.011424703,0.02764795,0.0051392773,0.9383282,0.03136564,0.008315876,0.047131594,0.02898707,0.018476013,0.008648878,00004876_005.png
0.011078574,0.00992379,0.010440287,0.592242,0.9026355,0.084730245,0.022251755,0.005373246,0.06921798,0.074579,0.0075261476,0.018897448,0.056853727,0.009428867,00015196_010.png
0.21939309,0.015325778,0.14576815,0.02693228,0.10268863,0.031248704,0.014644142,0.005446634,0.04999244,0.007348748,0.43020546,0.31853536,0.021983307,0.032974422,00012808_000.png
0.024533173,0.011869245,0.06454149,0.050918564,0.036929116,0.051762376,0.0044340556,0.0036224306,0.26889798,0.25624463,0.0035497488,0.009492567,0.011871001,0.0085103335,00014452_008.png
0.016512465,0.0074866447,0.020179817,0.38750774,0.0569317,0.14328307,0.028685926,0.0069531305,0.055475,0.6675108,0.0069475477,0.019485913,0.025370339,0.02073849,00010012_004.png
0.300386,0.007704555,0.008689435,0.0056383302,0.006272152,0.007970131,0.21789502,0.027883083,0.06170462,0.045575984,0.020155026,0.009752673,0.044151492,0.009954504,00009735_001.png
0.061723553,0.0064315237,0.011021447,0.0058637424,0.011340213,0.059412617,0.047755785,0.0073761567,0.012836499,0.004126221,0.0515609,0.1767555,0.043596968,0.016129157,00010092_003.png
0.044235043,0.014165731,0.033741653,0.105759434,0.018263975,0.020825755,0.012425038,0.06657014,0.010921086,0.0068237092,0.93733954,0.009711663,0.009767531,0.013990544,00006333_000.png
0.67621005,0.16420053,0.39288017,0.014071861,0.009410828,0.018137064,0.052367106,0.015005006,0.03680134,0.011276856,0.00456916,0.011623841,0.1295437,0.009433206,00015147_002.png
0.038975954,0.010914454,0.0069152764,0.016793573,0.016018292,0.009658815,0.02766578,0.0070849904,0.010664594,0.014993332,0.004988985,0.01508762,0.018662184,0.013813274,00013378_001.png
0.11176073,0.0130430525,0.2196024,0.061110415,0.011808952,0.02913032,0.012939551,0.62579983,0.022268884,0.008581846,0.877749,0.020833291,0.020288888,0.01391139,00016410_049.png
0.009708829,0.005568874,0.016728852,0.022463445,0.5958445,0.033619415,0.003999395,0.080043174,0.027551074,0.012346016,0.006185144,0.009379994,0.0138291,0.011297215,00010584_000.png
0.21061535,0.43693742,0.4718776,0.32951528,0.015462747,0.04058255,0.026915396,0.021058682,0.0030349093,0.07854733,0.028292421,0.008766271,0.07371614,0.017318808,00010172_002.png
0.009705859,0.012133251,0.016361304,0.012907994,0.7146255,0.012457347,0.011845578,0.020663878,0.010020196,0.010705185,0.016010799,0.026166469,0.07355824,0.013545298,00017234_003.png
0.010020976,0.24961804,0.01639795,0.04082107,0.0217055,0.00987055,0.033471387,0.010613384,0.021267837,0.015038439,0.004355803,0.067967884,0.2457655,0.025342159,00008002_000.png
0.083547354,0.03520609,0.02849573,0.049797397,0.038839165,0.029652735,0.02684143,0.021089418,0.018137963,0.01791394,0.029945515,0.03645627,0.030242987,0.9152943,00000003_006.png
0.74138117,0.0145866135,0.33934766,0.17775553,0.018833015,0.012334764,0.042051367,0.31738296,0.052530013,0.012481122,0.98340285,0.006739701,0.028442584,0.010479326,00015044_008.png
0.00948574,0.009393522,0.0109532885,0.0114143025,0.015190617,0.012849049,0.00834593,0.01203103,0.017086415,0.0072355345,0.012604149,0.01218063,0.016509889,0.012012352,00019421_000.png
0.23786873,0.013492443,0.008332862,0.010466573,0.099353716,0.355774,0.011944255,0.014930513,0.027977193,0.018562255,0.03948283,0.020401048,0.087464154,0.025661955,00004521_000.png
0.04371216,0.05661248,0.2565344,0.8616436,0.012540574,0.031026803,0.2690136,0.042066827,0.014801184,0.042743165,0.023530621,0.006190367,0.042681202,0.008667242,00011553_009.png
0.30577463,0.013689457,0.029221073,0.005214038,0.00859932,0.016110137,0.0077516995,0.7895559,0.01943639,0.009298531,0.061901208,0.048415314,0.039036617,0.006810063,00008594_006.png
0.6705456,0.01163307,0.057881426,0.024480155,0.14117232,0.06304697,0.011501256,0.27023524,0.016542017,0.01265984,0.9716213,0.021621557,0.04379376,0.015752591,00014919_000.png
0.031077744,0.007813729,0.0148516735,0.034916095,0.060027227,0.028725818,0.008967286,0.95207554,0.012331087,0.006142116,0.23758674,0.013939893,0.007339338,0.013579225,00007676_009.png
0.00985838,0.012927699,0.37122923,0.0068299524,0.061877433,0.012232083,0.011837135,0.012553612,0.018405503,0.013514522,0.25414863,0.017054029,0.42108274,0.013638958,00017046_015.png
0.025348417,0.025783714,0.25233683,0.034596622,0.78619057,0.08895981,0.0049897213,0.06743331,0.010224379,0.014557057,0.009938768,0.0128349755,0.0562431,0.0071241804,00018496_009.png
0.03504852,0.007819114,0.028300565,0.19402601,0.022717554,0.07935698,0.016689532,0.018041564,0.013886223,0.014083158,0.009881983,0.9603396,0.13152054,0.010151348,00019354_004.png
0.010836109,0.008739033,0.031954784,0.014932314,0.007224568,0.008114459,0.020997552,0.011680963,0.005730149,0.011278653,0.12532794,0.8164158,0.08058278,0.021029541,00001944_001.png
0.2746693,0.01022049,0.012327221,0.21342538,0.012002028,0.2300824,0.32665294,0.020930322,0.008611463,0.011956562,0.025932709,0.07871725,0.5023461,0.010953258,00005454_000.png
0.011187706,0.0073886197,0.40097642,0.3114065,0.014171353,0.07073052,0.01583158,0.009924549,0.6732795,0.4263219,0.0048819203,0.03529661,0.02165502,0.0066699106,00009365_020.png
0.027454676,0.00723251,0.085295156,0.028596459,0.027196122,0.0669044,0.008419484,0.1557532,0.05863953,0.1391283,0.0021923732,0.012638354,0.06143585,0.013089442,00011598_030.png
0.00951415,0.005946132,0.015142891,0.15751606,0.0060251835,0.08088822,0.0054742075,0.03272101,0.0243946,0.0068076695,0.0025185668,0.06958793,0.025118235,0.007936477,00012306_000.png
0.352883,0.033333752,0.016221369,0.022680685,0.0073456983,0.21052898,0.08707244,0.031438638,0.011841632,0.007947162,0.015087947,0.3547406,0.26189575,0.016144661,00003574_005.png
0.025095308,0.021134319,0.01806509,0.02344306,0.021391524,0.44510797,0.011995708,0.0077905064,0.01006014,0.00636671,0.01156223,0.026209587,0.014620643,0.0062036524,00003837_001.png
0.013663736,0.0040701185,0.013129479,0.09445178,0.023876129,0.06700677,0.01678309,0.0073420415,0.012479448,0.012038174,0.0025919296,0.97069955,0.023416193,0.006592413,00003211_000.png
0.017567366,0.97007084,0.046074867,0.02972583,0.012823899,0.0343377,0.016127916,0.0146719795,0.020763211,0.008161604,0.048347827,0.010926218,0.013197647,0.009965615,00000897_001.png
0.23731095,0.009165538,0.091855675,0.45966357,0.02880429,0.006778403,0.019440152,0.008558427,0.8846798,0.03236933,0.004431434,0.009331212,0.02535273,0.006011042,00010828_043.png
0.013854094,0.0022772353,0.03984646,0.079316795,0.010338325,0.29127297,0.017275825,0.0048262235,0.09919263,0.01794598,0.004313156,0.022473635,0.006092311,0.0054195793,00001332_001.png
0.36007947,0.011536233,0.22029996,0.121669166,0.07579648,0.019451436,0.0090056285,0.030424306,0.14858781,0.008853248,0.007352523,0.011634946,0.008613768,0.013166553,00008911_016.png
0.026817057,0.004266348,0.009367769,0.050181553,0.0710983,0.008950423,0.07477281,0.03516331,0.09846041,0.07016714,0.39039284,0.009145147,0.007433578,0.012170182,00013140_001.png
0.03691623,0.0076503586,0.022130901,0.048923243,0.043330163,0.053676296,0.049509045,0.00676166,0.013538389,0.007697752,0.007399143,0.8999573,0.00996174,0.016296912,00012336_002.png
0.03652862,0.018540092,0.014635297,0.027512806,0.011065782,0.1674047,0.027591601,0.020409912,0.0113866525,0.017160496,0.009200829,0.26260898,0.49370915,0.01984351,00019230_000.png
0.015472441,0.008876379,0.007300493,0.0058000046,0.008211949,0.031286974,0.014252138,0.0095860325,0.015463734,0.010410441,0.006753121,0.012639312,0.006986178,0.011799619,00015054_000.png
0.02779903,0.0067903046,0.1178238,0.9833218,0.022400254,0.19110124,0.53957474,0.010311306,0.04175558,0.66402644,0.01295353,0.00882724,0.01989028,0.0058687036,00010866_007.png
0.23060903,0.0062737535,0.06252773,0.15909533,0.034507982,0.03078312,0.014026089,0.95248705,0.03645498,0.01992971,0.22783644,0.019828264,0.0597949,0.010795383,00002720_012.png
0.02598363,0.98346126,0.48072594,0.46064565,0.023671836,0.010660842,0.027591366,0.016059348,0.14850849,0.1288444,0.045804236,0.02830492,0.039667215,0.013748675,00017448_002.png
0.044569213,0.03388228,0.017641207,0.027166907,0.0090846205,0.117879406,0.015502607,0.0099968035,0.043019366,0.006738744,0.008173474,0.21534288,0.80896556,0.010550892,00004794_000.png
0.07309301,0.006842773,0.011987173,0.23515843,0.049945757,0.049309608,0.0217625,0.9159378,0.060811136,0.013033396,0.19784816,0.019215671,0.008591706,0.012598739,00008594_005.png
0.027218776,0.0065790047,0.0050220294,0.014492768,0.28612375,0.023204835,0.028527094,0.04744988,0.035180863,0.0047780303,0.024183657,0.024319101,0.07252828,0.013573189,00015187_001.png
0.91372913,0.08585053,0.48520163,0.1400662,0.083683364,0.018872451,0.032125436,0.013851717,0.30889007,0.024943924,0.014331647,0.016571049,0.010159535,0.012113429,00007046_008.png
0.011615124,0.020330852,0.1406533,0.23660082,0.014490466,0.0039257663,0.041241534,0.059388652,0.021792939,0.018687036,0.84632933,0.08100838,0.24683963,0.018392885,00013031_016.png
0.20686497,0.10843883,0.011091564,0.011601211,0.010441947,0.04490548,0.062779345,0.023004677,0.053334363,0.018456826,0.009529535,0.015141767,0.021638308,0.043728165,00007624_024.png
0.08247018,0.22814535,0.1164627,0.023044208,0.025599727,0.15259956,0.08016032,0.0481922,0.021796808,0.097770415,0.0029248414,0.03568847,0.027525477,0.028120978,00015147_000.png
0.22302957,0.0111454055,0.66058487,0.008612689,0.9882167,0.049683295,0.008843216,0.014040407,0.14606644,0.008972911,0.010428327,0.013772735,0.010643785,0.0059471102,00012604_003.png
0.033418015,0.007760018,0.17006023,0.21398571,0.009977021,0.02103038,0.005554448,0.97909236,0.024786832,0.009935307,0.028589379,0.015993379,0.24469681,0.00604474,00001170_042.png
0.016236601,0.016218659,0.010934527,0.016018637,0.0366428,0.009511913,0.20685253,0.036037184,0.0071023074,0.0060616974,0.026481276,0.30419204,0.012240901,0.02401661,00011940_000.png
0.26186806,0.023947828,0.06455842,0.054282904,0.004753993,0.036382046,0.0998862,0.00587839,0.7571908,0.36831868,0.004519975,0.014442265,0.016523544,0.014396274,00016376_011.png
0.041836843,0.003725478,0.054161564,0.06040091,0.015646162,0.031088026,0.0073445993,0.05345445,0.0071635246,0.01699489,0.019518426,0.0056779194,0.03823994,0.0070173056,00016333_009.png
0.020556532,0.29189953,0.08060225,0.5349571,0.1286505,0.037943322,0.04691382,0.00412276,0.020516042,0.044083297,0.00691643,0.17367566,0.024691125,0.012902175,00016837_006.png
0.011298946,0.0091772685,0.08106599,0.07885156,0.31313443,0.30914712,0.014386845,0.028068336,0.007863593,0.014319319,0.008420205,0.017212905,0.32414073,0.010969588,00011753_002.png
0.05901405,0.008706733,0.045554888,0.0742144,0.021950359,0.023743577,0.009012738,0.9127233,0.0072904956,0.008536501,0.9968905,0.0063519096,0.030592687,0.0054748384,00017046_010.png
0.009922258,0.009854792,0.012175142,0.019577635,0.014694262,0.015866479,0.008931204,0.01092831,0.010845722,0.009124701,0.008095556,0.0125304805,0.011719986,0.013621131,00009757_000.png
0.017664706,0.006879632,0.012638325,0.046202984,0.049031112,0.026484283,0.010960905,0.035806745,0.013569506,0.012342307,0.016224427,0.8221783,0.45177516,0.021562122,00017214_010.png
0.05052608,0.00580783,0.015064043,0.23622708,0.042323075,0.008558007,0.024660336,0.033881616,0.024766756,0.006431792,0.0016203738,0.034702845,0.30597943,0.008438195,00006767_001.png
0.031499796,0.0046146875,0.0042585926,0.03983395,0.010671263,0.03530837,0.20052703,0.03187367,0.03758993,0.0068021338,0.009777226,0.044969402,0.039618876,0.013552922,00006483_000.png
0.020001763,0.011200849,0.010062082,0.010734712,0.20810643,0.19664793,0.014156274,0.01143928,0.0050731273,0.010556887,0.0075395163,0.015620806,0.0048930286,0.012336042,00010326_002.png
0.013254635,0.0105115445,0.17061333,0.26441094,0.057452235,0.8870315,0.02703683,0.0053648376,0.008674222,0.027764684,0.00577306,0.052127954,0.09535839,0.011419847,00012047_007.png
0.5641022,0.9434973,0.3721305,0.08578711,0.033478778,0.011541089,0.043083288,0.01539088,0.026834063,0.01948644,0.009335613,0.5432931,0.04573817,0.012580732,00012178_000.png
0.07219496,0.020779476,0.44952098,0.952865,0.038402047,0.016155312,0.092182554,0.034698512,0.6975474,0.7594368,0.022526901,0.019253349,0.018712651,0.0062388256,00017055_004.png
0.015615683,0.005236494,0.0067834067,0.014433784,0.0059997444,0.007897135,0.00885342,0.0096313,0.05188094,0.008637593,0.0043980638,0.024746811,0.018271312,0.010849701,00002529_028.png
0.026671564,0.93120617,0.018331332,0.023050562,0.011721024,0.03536692,0.017023863,0.012524841,0.022148833,0.014283834,0.030840546,0.030679774,0.019056626,0.017075408,00008435_003.png
0.05664826,0.089511886,0.04480309,0.0020994092,0.10997082,0.029040715,0.01768881,0.015576458,0.038428724,0.1593996,0.025828034,0.027949449,0.01109883,0.023572676,00012263_010.png
0.011827129,0.40355426,0.01720539,0.113556705,0.0038150125,0.20140748,0.051373623,0.008466645,0.01967224,0.09871888,0.0065844017,0.032863885,0.0061437264,0.0125214625,00004857_000.png
0.04096945,0.023780499,0.118106015,0.8971141,0.0129635865,0.034310166,0.1087124,0.8280093,0.03049708,0.070655555,0.4364998,0.029644685,0.050590634,0.014287963,00018921_023.png
0.052562997,0.029128544,0.022029392,0.040551517,0.037705883,0.016366629,0.018793367,0.010329941,0.044997435,0.016764201,0.008097558,0.91734415,0.54813296,0.024550183,00013185_001.png
0.048475664,0.010973944,0.21750334,0.6650597,0.2686698,0.09648347,0.02590237,0.050565857,0.026884733,0.01881837,0.016311686,0.8346434,0.016743423,0.009787969,00018091_008.png
0.015161079,0.015780043,0.0062134024,0.016469937,0.0056320964,0.009661512,0.011414195,0.01679621,0.008990759,0.044799212,0.005136155,0.017190157,0.012269871,0.021213043,00016484_006.png
0.006588607,0.034593247,0.110609874,0.28888074,0.5116649,0.05082634,0.007913768,0.0072131027,0.09764515,0.31571186,0.007237425,0.012643335,0.05021657,0.010136993,00013992_023.png
0.100366786,0.016404187,0.008648883,0.07855775,0.043304298,0.028624766,0.029024567,0.010879032,0.40608522,0.08029014,0.0040696873,0.008844679,0.09629642,0.010992447,00001122_000.png
0.009862379,0.00520446,0.0048587015,0.01318625,0.013545585,0.010496616,0.015421886,0.005694416,0.02547038,0.012808854,0.004561495,0.03766251,0.045848895,0.013187361,00019794_000.png
0.027380254,0.025204755,0.018739494,0.030574305,0.4116886,0.04136693,0.014427376,0.103714645,0.018325783,0.0037670902,0.029565655,0.009567837,0.0074420716,0.021623772,00016550_009.png
0.0066460534,0.01691205,0.10951288,0.5518519,0.48722112,0.22206636,0.0119422,0.02276744,0.021177312,0.041322444,0.06357271,0.010669887,0.014481446,0.006418024,00017439_002.png
0.66210496,0.045027513,0.32349557,0.11399306,0.11973742,0.066862985,0.03893025,0.13126503,0.008476113,0.0050050737,0.010072551,0.017203018,0.058473855,0.043733496,00009959_006.png
0.02966813,0.0067438274,0.02297202,0.17935742,0.83522964,0.8070706,0.02423228,0.009227788,0.02673419,0.014985011,0.012856731,0.020630468,0.023777898,0.016091714,00014663_021.png
0.2614815,0.024919141,0.21016702,0.4725329,0.200803,0.46128175,0.031808734,0.25877073,0.015798887,0.010060814,0.083925135,0.01462309,0.05124996,0.011950186,00013931_001.png
0.005726602,0.006818586,0.056976784,0.055980805,0.3990045,0.10563485,0.00863407,0.0119427685,0.015684646,0.021367362,0.023907254,0.014470595,0.6204103,0.017012943,00013884_003.png
0.8597693,0.009791756,0.08935446,0.022519538,0.055658147,0.028548475,0.00920682,0.7729739,0.030126635,0.0025436007,0.34922004,0.015351099,0.01104483,0.012013066,00008473_003.png
0.010724796,0.9580665,0.0077831503,0.46243438,0.009381665,0.016754983,0.018849958,0.008573909,0.063611925,0.1972777,0.010149757,0.014862692,0.010607483,0.014946917,00004342_015.png
0.0047848946,0.0059260502,0.08400953,0.2039035,0.0064212424,0.010934095,0.01805905,0.044566225,0.02929039,0.008395068,0.072824836,0.5682199,0.09853245,0.015664378,00008473_011.png
0.0652666,0.9573928,0.101567425,0.37213355,0.016928073,0.0068443674,0.028661963,0.009007637,0.018081307,0.009814223,0.014168623,0.029769987,0.043592654,0.007984387,00013249_035.png
0.012427366,0.0138288215,0.0094567565,0.17009437,0.01383843,0.029240513,0.026684936,0.018442001,0.02480797,0.9659909,0.006509874,0.012803747,0.012843461,0.014930554,00010693_015.png
0.00864318,0.0055852965,0.0064938636,0.055614516,0.028946124,0.16194081,0.0075473203,0.013167879,0.014534588,0.06725661,0.0067104897,0.011347129,0.021653257,0.011874328,00018929_001.png
0.089533746,0.22409454,0.20054203,0.3192746,0.009363893,0.01762539,0.052693427,0.010473997,0.2681051,0.57556903,0.008498914,0.014542308,0.030004667,0.0119548775,00014389_014.png
0.08359746,0.9502135,0.15720403,0.16732556,0.039632868,0.0149658155,0.02200055,0.008973017,0.043273404,0.026249517,0.008213677,0.15419483,0.054118805,0.016532216,00015316_000.png
0.024518782,0.017411508,0.012182536,0.042222966,0.10641301,0.247452,0.034038797,0.02341318,0.34679353,0.0188971,0.16292185,0.010973873,0.017899036,0.014260026,00003894_008.png
0.028572852,0.024332505,0.86055833,0.78836715,0.0061728284,0.041574303,0.013523483,0.7894189,0.07208496,0.042616237,0.028062528,0.049437962,0.1947154,0.010392738,00007670_035.png
0.45471323,0.01677398,0.9405504,0.022699615,0.044544354,0.018037505,0.008891931,0.014938698,0.028076876,0.021944562,0.60418725,0.2596807,0.08409917,0.010581112,00018524_006.png
0.07490448,0.038109764,0.023201518,0.15144919,0.8346392,0.22974245,0.016710477,0.015041689,0.011278844,0.014114621,0.011208926,0.0146239,0.018106261,0.0140364,00015147_005.png
0.054439325,0.24557224,0.022114882,0.22605738,0.012238289,0.009697855,0.02378961,0.010240812,0.04362207,0.010469738,0.01018018,0.88564366,0.08250156,0.020287855,00012947_005.png
0.1169812,0.003904065,0.009336583,0.044068452,0.48234615,0.019425983,0.00936268,0.017396316,0.022917714,0.005129386,0.003089097,0.07073542,0.00905203,0.010578547,00003523_023.png
0.011929272,0.008187762,0.020515999,0.008321293,0.97764915,0.14685468,0.0056680855,0.011641006,0.0056823716,0.005303746,0.0071381135,0.009636146,0.009320904,0.005418816,00006558_000.png
0.029124804,0.013503877,0.013669521,0.00946202,0.09471582,0.032191083,0.02226359,0.027082315,0.008284657,0.0040904484,0.008049558,0.022470796,0.07148378,0.0063972836,00012758_001.png
0.012911002,0.013783043,0.18606018,0.5832715,0.09755884,0.008917897,0.28394464,0.012214413,0.040493637,0.03790783,0.019357346,0.26550028,0.42658594,0.019205052,00014956_037.png
0.39914384,0.046071358,0.042165924,0.030195199,0.024435641,0.013894491,0.17054078,0.007983322,0.8750928,0.04283293,0.007909424,0.014096167,0.013061094,0.012393376,00015770_015.png
0.08122979,0.01902984,0.03930895,0.07172076,0.0051188185,0.01841864,0.01693998,0.034724306,0.017312244,0.0057872715,0.041031107,0.2126287,0.9273727,0.013466533,00004991_000.png
0.014156651,0.008185405,0.01856086,0.33412793,0.1219702,0.11324081,0.0076441164,0.6985223,0.030590978,0.07056566,0.06350242,0.01331715,0.008252765,0.015243108,00008342_009.png
0.9614189,0.03457858,0.22279346,0.047289345,0.011463489,0.058206614,0.08209806,0.0721527,0.14808917,0.013727522,0.005976003,0.018829595,0.020127377,0.011834096,00006386_007.png
0.004988334,0.0039851326,0.22807561,0.02164256,0.034088466,0.0082461685,0.010099688,0.048089217,0.04597269,0.17436652,0.008973934,0.009371925,0.02584643,0.0054327706,00004435_022.png
0.03422659,0.07362398,0.029960249,0.012139237,0.014321931,0.321033,0.017998891,0.018293213,0.009920018,0.0037548481,0.057257902,0.020040993,0.12452353,0.0120307915,00007514_000.png
0.007934864,0.005246003,0.026109783,0.060568616,0.23730709,0.0317788,0.0066750464,0.011633136,0.013442248,0.0073807137,0.0029571983,0.008780736,0.009048454,0.007832191,00019535_004.png
0.020176193,0.011777992,0.051924773,0.49582773,0.024509529,0.012660027,0.0967917,0.06622115,0.071442604,0.014057672,0.02707994,0.4093245,0.008935547,0.011020591,00017467_016.png
0.012047506,0.009921063,0.048291717,0.059878577,0.054257046,0.02373444,0.014824822,0.013755983,0.016088428,0.015162638,0.2095004,0.81085634,0.09166602,0.0126429,00014984_000.png
0.022277717,0.013297072,0.012017379,0.017011397,0.022676252,0.013138825,0.012553251,0.03044773,0.013220825,0.00896252,0.021194547,0.15999033,0.7412431,0.015890911,00009437_014.png
0.060286336,0.004899422,0.041718353,0.7623367,0.017500741,0.09193604,0.009219396,0.08238728,0.016275262,0.25545806,0.06903584,0.030706026,0.020158313,0.011802605,00001200_013.png
0.053555693,0.010648199,0.07370972,0.03591417,0.27852616,0.021545002,0.018076804,0.012259224,0.007504605,0.0061995117,0.01582769,0.4553022,0.88247955,0.01775837,00001913_001.png
0.0070917965,0.0095946295,0.015958134,0.014158296,0.008457083,0.2420729,0.0074856775,0.042708762,0.0076740184,0.021310696,0.010293245,0.06722105,0.1312584,0.00876797,00006116_008.png
0.02352375,0.027121745,0.054303758,0.8731092,0.038538504,0.044660766,0.017281929,0.24449751,0.017398776,0.014562466,0.45908046,0.009084689,0.010016402,0.010585526,00014813_001.png
0.32487038,0.01074086,0.057617117,0.6164922,0.003414197,0.02505139,0.026269669,0.021837153,0.09493288,0.17540246,0.022836236,0.006093876,0.008704831,0.037453707,00012863_042.png
0.16944689,0.008812662,0.050149404,0.8088169,0.11852294,0.0215312,0.2798906,0.0389687,0.64237773,0.020669531,0.0054132785,0.014279713,0.016456148,0.0063580824,00016972_028.png
0.013914922,0.040937107,0.23957331,0.07070632,0.008929675,0.041533172,0.043167505,0.016275957,0.87704027,0.15299731,0.009334339,0.02517,0.017618125,0.0073388414,00016291_027.png
0.0128875235,0.0672622,0.0060974034,0.05788546,0.0104431445,0.44578266,0.0074747414,0.07594343,0.048671205,0.025504721,0.009727897,0.02619512,0.017260103,0.022657622,00005836_001.png
0.010746152,0.004779641,0.012236957,0.041041616,0.28997293,0.7700448,0.0054620607,0.018570783,0.02332589,0.02022532,0.009819317,0.016234744,0.018712752,0.009752218,00009247_001.png
0.040177338,0.01196479,0.014421234,0.043528147,0.005618936,0.015725113,0.031117128,0.0076343995,0.039067335,0.9047095,0.019427214,0.015998349,0.006094272,0.01766714,00011877_001.png
0.045060005,0.009278076,0.018538682,0.009221195,0.0071110716,0.0144256605,0.26378655,0.0073781046,0.01751211,0.021470666,0.024196142,0.4213201,0.045390427,0.012297926,00001500_002.png
0.011018615,0.005555025,0.020446487,0.01872292,0.07311093,0.020780908,0.0050296686,0.028375458,0.07938959,0.010599368,0.07124416,0.0063734017,0.0073865186,0.010657176,00013750_016.png
0.34231275,0.008455628,0.020227022,0.19956616,0.029759798,0.03961541,0.05128375,0.011095597,0.36816794,0.0071389107,0.0071330024,0.009953954,0.018227179,0.00607013,00002072_000.png
0.027853936,0.012330297,0.32644892,0.0070199976,0.044657096,0.017837323,0.01291522,0.016536271,0.33843207,0.026947862,0.014360675,0.018221505,0.10577488,0.022892289,00001900_030.png
0.030577725,0.8644263,0.061869934,0.025267705,0.011416009,0.008244803,0.014202844,0.012994338,0.015689468,0.014179823,0.016731346,0.011950609,0.028571777,0.015851244,00019801_000.png
0.14959757,0.01966628,0.036405735,0.12513593,0.0780458,0.37952006,0.01548598,0.48133868,0.0137561,0.011682081,0.9715376,0.011343561,0.03682781,0.015410829,00014731_024.png
0.5454087,0.04444798,0.89609873,0.07185556,0.021318303,0.009210074,0.016131593,0.08935691,0.43840006,0.017867781,0.057293355,0.015461042,0.6422874,0.009390727,00001900_016.png
0.16182397,0.011041528,0.81656355,0.6455911,0.014460426,0.038137916,0.022579817,0.01738336,0.8422322,0.05236913,0.018841427,0.035221424,0.028034663,0.008679439,00010314_015.png
0.19614156,0.03024381,0.31464165,0.044609107,0.012710986,0.23491016,0.006726489,0.25909802,0.09615456,0.0086966185,0.13597803,0.1989268,0.3808053,0.011051306,00003423_006.png
0.5123016,0.02205395,0.8743656,0.044440128,0.33754736,0.021475961,0.023562552,0.015972238,0.22931999,0.009761768,0.0070623606,0.013085156,0.03811107,0.006526335,00009653_003.png
0.0070540556,0.005812432,0.010285383,0.028345013,0.005224396,0.025357997,0.0063071637,0.0138423275,0.020573325,0.009308126,0.004423709,0.019724116,0.15205364,0.014404951,00003896_006.png
0.32290947,0.8787847,0.56479406,0.92743564,0.011014153,0.020818738,0.03504208,0.16559379,0.028883744,0.017532606,0.11610265,0.012716445,0.018242193,0.0070031625,00000211_019.png
0.17483243,0.028818628,0.1518903,0.41771483,0.20249109,0.006771762,0.019257594,0.039429538,0.086739056,0.0060524517,0.10213938,0.025553832,0.06764632,0.028275589,00007683_005.png
0.02989287,0.007828327,0.016522536,0.069631696,0.108091526,0.012715666,0.008747191,0.48700207,0.01968242,0.015615741,0.018687777,0.015493703,0.013509608,0.014293639,00009993_007.png
0.065461054,0.026803872,0.07646067,0.13366373,0.15217948,0.59190273,0.060495753,0.006194566,0.2600005,0.019996002,0.008123253,0.031021476,0.020438608,0.022081872,00013370_001.png
0.3392458,0.8558272,0.061003268,0.021572199,0.04390944,0.03910934,0.03240505,0.011365207,0.020173566,0.015666591,0.008131232,0.11023039,0.06674003,0.021033982,00018451_012.png
0.27947664,0.01675482,0.07601365,0.29519707,0.0071797054,0.13418283,0.020040514,0.014707642,0.2814414,0.019663656,0.0072026006,0.011590018,0.35544723,0.022815246,00018464_027.png
0.020229762,0.010313926,0.029070707,0.271567,0.012293968,0.023023773,0.015156522,0.49822888,0.009238982,0.019356301,0.98558795,0.008503391,0.015383821,0.008823019,00005681_041.png
0.011004263,0.0075267,0.009226385,0.13257372,0.7519594,0.09738631,0.012023302,0.020013306,0.010186068,0.011865083,0.0054194764,0.030410586,0.00785648,0.0070972685,00012927_004.png
0.03087521,0.01791497,0.032054823,0.009700475,0.7565558,0.07416753,0.008075639,0.081287645,0.047828443,0.009598988,0.6052757,0.010401485,0.09231406,0.013087132,00017459_000.png
0.22563434,0.010468148,0.020510927,0.037775427,0.01867553,0.008972212,0.3305888,0.04590998,0.22451332,0.019149903,0.39902383,0.021700151,0.037739433,0.016901843,00017747_024.png
0.005199567,0.0057783863,0.0154063,0.30049866,0.022843068,0.004916063,0.0381098,0.01813098,0.02429622,0.023885094,0.0057008937,0.0328167,0.4358248,0.009475929,00014022_105.png
0.0628337,0.006494398,0.79989105,0.62762773,0.52599937,0.44412872,0.015745576,0.14046894,0.023276936,0.30405334,0.013960954,0.016976094,0.029430015,0.015321994,00006449_004.png
0.0054197437,0.008240391,0.114663444,0.6060579,0.008347268,0.01632532,0.013952311,0.1821751,0.06403683,0.09645146,0.005572815,0.01186419,0.030054035,0.00543425,00009218_013.png
0.06098101,0.032989737,0.9509848,0.7389284,0.010773371,0.013377214,0.030056378,0.12868288,0.065719396,0.3814032,0.017814733,0.010145106,0.013574326,0.0067147883,00012236_005.png
0.06318627,0.008452226,0.047062125,0.04118314,0.026918162,0.018614428,0.0074164807,0.9203008,0.009873314,0.009955186,0.9905139,0.010258765,0.011357248,0.007953886,00015646_031.png
0.05332255,0.033239417,0.18228765,0.15277599,0.018943446,0.031769473,0.021742279,0.1352113,0.0772722,0.021055099,0.22595504,0.15380944,0.9193714,0.01650553,00020000_000.png
0.02798653,0.012556627,0.055653587,0.77860856,0.06706164,0.47253907,0.01706779,0.6735734,0.042403195,0.012162612,0.03337255,0.012381179,0.07195706,0.010530531,00003611_001.png
0.12530036,0.02316375,0.38067392,0.07916667,0.011576222,0.010452842,0.08448444,0.43229666,0.007908242,0.014955155,0.22841768,0.050480988,0.43610913,0.00989891,00006787_000.png
0.090381674,0.037080854,0.24624154,0.2950251,0.6041349,0.07189691,0.028395787,0.47419745,0.06999651,0.028443294,0.9634147,0.032798976,0.022419762,0.017036483,00017467_021.png
0.026711447,0.8650053,0.024588121,0.014897362,0.011995308,0.010008325,0.019995734,0.0062013804,0.058613803,0.031318057,0.010182108,0.010713476,0.022537893,0.0144307045,00013615_050.png
0.8391227,0.058309764,0.061282218,0.17755331,0.020590184,0.01836822,0.08377657,0.051204044,0.7268623,0.3923478,0.011448968,0.02129683,0.013768688,0.020835778,00012129_003.png
0.5849802,0.04098614,0.99370086,0.02533833,0.020469468,0.039283846,0.03034686,0.010071957,0.24325466,0.05654927,0.00427525,0.009904632,0.020880809,0.0051496807,00012649_004.png
0.008960932,0.0124114705,0.008842251,0.42415163,0.024028754,0.568666,0.1727515,0.0070991665,0.019044489,0.019227937,0.009833598,0.27636656,0.009808659,0.010415355,00010872_005.png
0.053255253,0.032678485,0.98840106,0.07446545,0.05215168,0.030085215,0.0039127804,0.03993694,0.22757417,0.032842282,0.00669769,0.08832209,0.2661288,0.0057815094,00009726_000.png
0.073340125,0.011264188,0.03205544,0.005076146,0.022521826,0.03194559,0.05172488,0.024674492,0.005824961,0.003591636,0.032830134,0.19839734,0.013536382,0.010990633,00015831_007.png
0.028397,0.011233809,0.9097915,0.061706886,0.018624438,0.029505955,0.04936381,0.010767701,0.035581056,0.044656016,0.042853117,0.10791395,0.16636972,0.009032653,00007557_011.png
0.24317504,0.04118501,0.72821015,0.46410656,0.02419206,0.03821669,0.059926264,0.014284062,0.048612587,0.933906,0.011960207,0.027656892,0.010911891,0.018351212,00003610_008.png
0.20409806,0.6542583,0.020863613,0.020944133,0.049890302,0.03200295,0.01659401,0.010162528,0.009969135,0.009073673,0.08162537,0.10685511,0.05781152,0.07583134,00000107_001.png
0.02435289,0.009428279,0.025935195,0.10316934,0.024910476,0.014353387,0.012450064,0.9323883,0.012047557,0.012286098,0.98920655,0.018412203,0.029832851,0.009288184,00008468_025.png
0.036749035,0.009223774,0.014446827,0.09651573,0.03573494,0.014602038,0.014680296,0.26140615,0.029926812,0.02798943,0.97971445,0.0194151,0.01817013,0.013586105,00011355_047.png
0.84446245,0.04269137,0.19138426,0.7765971,0.021199996,0.3141344,0.03709547,0.023717113,0.12621272,0.06893977,0.019426094,0.010517647,0.02951621,0.022800343,00008051_029.png
0.07225588,0.007898244,0.098230205,0.48341787,0.11525488,0.12686414,0.029412607,0.037728,0.77382386,0.056943398,0.007873029,0.115048856,0.14597605,0.019218914,00011431_000.png
0.013065872,0.007755735,0.0182893,0.22360887,0.007453204,0.012370087,0.0127950115,0.85253215,0.027849618,0.017444674,0.012336071,0.061248954,0.048358273,0.013171771,00009393_001.png
0.01241288,0.002698131,0.012145528,0.20870723,0.03848857,0.0069017587,0.010447492,0.013629858,0.07969409,0.031125678,0.002894728,0.008729587,0.049708515,0.009049652,00015606_009.png
0.00907863,0.005002873,0.005122893,0.0973948,0.22387832,0.19319601,0.0068429834,0.012311299,0.04537072,0.18880472,0.0048162094,0.014465054,0.006886917,0.012871403,00015754_003.png
0.026511071,0.0056277188,0.017660182,0.366294,0.16619904,0.5791397,0.009329828,0.011241482,0.01747869,0.03090592,0.007393395,0.012490199,0.0038354283,0.00956663,00001034_002.png
0.0781294,0.007439991,0.008449653,0.061137173,0.04990705,0.69882286,0.08172023,0.028991932,0.006453139,0.005715901,0.011360621,0.06322586,0.013226966,0.008772696,00005528_008.png
0.045547225,0.0076229773,0.016333736,0.017597258,0.009328211,0.017808944,0.007147247,0.04537701,0.21786338,0.034196086,0.0052635428,0.023074018,0.020781446,0.014139739,00005870_002.png
0.0066843512,0.006504492,0.030786872,0.040460173,0.0107705975,0.065112084,0.035680432,0.01566573,0.008667271,0.004866616,0.007533424,0.23554486,0.02595118,0.005787255,00008346_000.png
0.011288824,0.011268698,0.024293046,0.01833519,0.022849172,0.11752517,0.003254774,0.065041766,0.056640003,0.039190743,0.010840289,0.0052375593,0.055782314,0.011852584,00007953_002.png
0.038415458,0.010986591,0.037907336,0.4818647,0.013886568,0.01181895,0.02907577,0.0107573755,0.04220071,0.0063940347,0.0088332575,0.8908342,0.060880415,0.01358608,00017807_002.png
0.09851026,0.017919209,0.09216919,0.027752038,0.011638592,0.010495512,0.11775315,0.07645536,0.008207158,0.010003984,0.77317095,0.058478005,0.1835139,0.014071497,00003391_002.png
0.018151628,0.019983027,0.84696037,0.079687595,0.011027603,0.009524289,0.026065892,0.014204907,0.061279353,0.46873516,0.033401906,0.010024671,0.038682237,0.00653336,00009925_015.png
0.06370784,0.004350967,0.009206139,0.38729295,0.051232155,0.039710402,0.01054402,0.043809883,0.092191726,0.0085604545,0.0060952916,0.011861479,0.015149933,0.009086759,00019307_000.png
0.021499282,0.3666618,0.30860114,0.18439591,0.017604431,0.008906832,0.017064517,0.010027829,0.92471504,0.05135294,0.01181115,0.013821409,0.014127123,0.0043408154,00016291_036.png
0.01749361,0.011555862,0.008187968,0.16013803,0.018335057,0.07386424,0.028348152,0.02290962,0.020076564,0.015571802,0.015899556,0.79250634,0.4732891,0.015273336,00019683_000.png
0.010570215,0.008058755,0.008129506,0.19302823,0.0034829376,0.01382635,0.06358152,0.009309683,0.02374245,0.013112735,0.009857212,0.10136918,0.009888521,0.010846355,00001029_016.png
0.014125036,0.007291085,0.22821626,0.051005356,0.61717266,0.030848527,0.003990407,0.0070041004,0.2234769,0.107453756,0.0049615437,0.015728073,0.019424591,0.008289489,00008875_022.png
0.01562581,0.7252998,0.035431698,0.72867936,0.005686064,0.030965755,0.05478675,0.0116098905,0.06880213,0.13989657,0.015593416,0.012503481,0.0125713395,0.016617011,00006808_003.png
0.025143133,0.010874288,0.020609416,0.08533717,0.022535656,0.11497869,0.0080367075,0.49308577,0.179378,0.027399354,0.011119423,0.0526537,0.019077089,0.0128148245,00001814_002.png
0.062245987,0.013541157,0.0357658,0.018882465,0.030995741,0.0362162,0.0071340054,0.020135485,0.0063365195,0.016748378,0.99483705,0.00792502,0.018033912,0.009083908,00017136_011.png
0.0678631,0.008193794,0.2568904,0.03189309,0.05940799,0.16955599,0.03250381,0.004768144,0.025432998,0.01092324,0.013419868,0.009667884,0.14279628,0.009295023,00004507_000.png
0.014857178,0.0062420606,0.017530365,0.021241527,0.0026593755,0.01648509,0.01431253,0.038242463,0.029821413,0.0076864325,0.039341025,0.021022685,0.15583463,0.010186698,00010247_001.png
0.007416611,0.005445353,0.02095812,0.3065088,0.10291469,0.10429027,0.0068844818,0.005803498,0.027250463,0.64203113,0.011551587,0.010970442,0.009145864,0.006902596,00007864_008.png
0.04171823,0.0048217364,0.032579985,0.15540242,0.0071724113,0.008835325,0.009608831,0.051446307,0.24534361,0.016170684,0.0028523265,0.01240578,0.017157126,0.007002396,00010384_026.png
0.019372422,0.003383492,0.12245437,0.9586134,0.039732408,0.31080976,0.06602419,0.014344585,0.099514194,0.6196069,0.014190558,0.017257271,0.023749806,0.006342106,00014414_020.png
0.01054911,0.00746573,0.015101332,0.053311396,0.034433544,0.018368395,0.05105868,0.0057839826,0.17571232,0.2503242,0.0057235807,0.0068972637,0.023128167,0.0111258635,00009863_003.png
0.011340935,0.88621444,0.019077402,0.12674162,0.0103394715,0.011111472,0.03499322,0.015678668,0.010031577,0.035318587,0.01427184,0.013986368,0.054313105,0.029995378,00006296_007.png
0.031394143,0.0066863964,0.010848407,0.09690036,0.022893103,0.084450915,0.0108072385,0.034731597,0.022267057,0.007895973,0.01823836,0.9724825,0.10997017,0.009649078,00001429_001.png
0.063317,0.009654885,0.3946896,0.035483297,0.013050924,0.027515544,0.00849333,0.0083989985,0.126389,0.5354777,0.0038710416,0.017820232,0.02573509,0.0095240595,00017138_032.png
0.7929099,0.014190499,0.2971117,0.709399,0.105744146,0.015806504,0.36128044,0.018473752,0.035395898,0.011525526,0.018656783,0.031090925,0.21905519,0.019729897,00019767_017.png
0.31243375,0.01400987,0.24842331,0.059429135,0.09965198,0.017111307,0.026763164,0.007605031,0.48714218,0.0117565105,0.0038251395,0.029564261,0.01225459,0.0118044615,00016191_028.png
0.017603045,0.0076566124,0.0098927,0.005630449,0.018611575,0.031311005,0.009129756,0.011773066,0.0054719024,0.006541421,0.008308455,0.0049100444,0.010581816,0.0071395733,00005619_000.png
0.015896698,0.0057995543,0.017603904,0.11941572,0.0043538907,0.007695003,0.016809003,0.017848639,0.007983631,0.0048255976,0.04088196,0.429343,0.07186806,0.015771033,00009658_000.png
0.15366337,0.019696018,0.74864686,0.029885346,0.014288837,0.026936678,0.0052645765,0.14867,0.027253775,0.009090864,0.21000944,0.4282513,0.9270174,0.0126208775,00010103_009.png
0.31495145,0.014813614,0.6067308,0.12631519,0.00595943,0.014925955,0.05026145,0.52904797,0.043714378,0.012776913,0.110315286,0.010903356,0.084817715,0.019846415,00010677_008.png
0.03790052,0.011545115,0.019944701,0.010226879,0.011835507,0.031468496,0.016764004,0.009573622,0.0069357706,0.007192147,0.8358838,0.06724699,0.05855483,0.011727206,00013089_000.png
0.099608295,0.032065913,0.18142186,0.59337175,0.0058972435,0.116219886,0.5112182,0.010297307,0.022125171,0.03159851,0.0058400026,0.21474102,0.0476348,0.015503176,00002919_005.png
0.09647549,0.0047349553,0.015986351,0.05148765,0.115125015,0.1979257,0.01740884,0.0072997636,0.12348591,0.007613064,0.015886296,0.018100616,0.15524086,0.024506142,00004074_000.png
0.63703966,0.014132808,0.026772691,0.35454306,0.017823128,0.016573293,0.04932253,0.0051136855,0.44284233,0.056682896,0.016623996,0.010746799,0.060028724,0.017944828,00002529_024.png
0.010284806,0.011950835,0.00816384,0.07121392,0.020064447,0.010276703,0.062659346,0.0055741025,0.020308653,0.010057855,0.0056371223,0.8859719,0.03717997,0.008722344,00001582_019.png
0.06679741,0.022213,0.01068391,0.032174695,0.86159027,0.043341246,0.018518515,0.014529125,0.07076112,0.0046387296,0.0197339,0.019607421,0.08758041,0.010688831,00011170_001.png
0.0129060615,0.006963611,0.01945269,0.026625963,0.0074220747,0.03313292,0.007595763,0.11069289,0.010845041,0.09286845,0.009308851,0.01190136,0.027537074,0.0111525655,00008068_012.png
0.008692657,0.16940777,0.013808326,0.056600574,0.04537896,0.028497534,0.011379666,0.004459977,0.013238734,0.016563442,0.016504027,0.016077781,0.04528419,0.0072749103,00011122_008.png
0.26150396,0.014464632,0.72550386,0.07860366,0.6657493,0.02450851,0.014708435,0.043272246,0.38069955,0.016832165,0.008998223,0.08913734,0.0376953,0.012999819,00018562_004.png
0.09193707,0.0050838343,0.009486622,0.049155165,0.030780394,0.0061660223,0.011474917,0.008666845,0.044133812,0.008739499,0.006880447,0.011597269,0.022703696,0.010287136,00015850_000.png
0.013084878,0.012743544,0.00868606,0.35258907,0.12713146,0.17061795,0.06333021,0.0069304355,0.112971194,0.40779266,0.012206173,0.021024924,0.016191255,0.0143617,00012471_006.png
0.018260043,0.0042704847,0.03518742,0.60225976,0.027244676,0.9362361,0.026428057,0.010707453,0.027112449,0.016436687,0.011157768,0.010388216,0.030038944,0.008388704,00015506_004.png
0.00550626,0.017586049,0.0071166796,0.048271164,0.009394999,0.011965229,0.013044969,0.005757915,0.022121483,0.014129386,0.0048333053,0.008511102,0.008911514,0.008872679,00014392_001.png
0.006747382,0.005032779,0.007542217,0.027541284,0.015564158,0.023279913,0.0074402518,0.981533,0.008360655,0.006592759,0.09126816,0.015196898,0.012603948,0.008655777,00011460_021.png
0.16542974,0.032938883,0.14357558,0.389905,0.010237416,0.024922326,0.029736524,0.012768789,0.3925159,0.0061362507,0.53820956,0.013148121,0.012898599,0.007455733,00012960_002.png
0.017953578,0.008978009,0.01708378,0.10752343,0.04542236,0.010118083,0.015054892,0.010592084,0.0123682,0.0068614674,0.006433971,0.00877061,0.03375311,0.009581483,00006145_000.png
0.018155046,0.40275997,0.5149346,0.057685096,0.05782199,0.03665038,0.03639907,0.10024907,0.04117199,0.0217319,0.828712,0.03417127,0.015047999,0.011913966,00014083_028.png
0.002703006,0.0073980824,0.0078074182,0.0727307,0.012014979,0.008711397,0.047538944,0.008030194,0.009608168,0.01772493,0.036226127,0.6837736,0.02947655,0.017633004,00000426_001.png
0.09505353,0.022017712,0.06335075,0.02845219,0.06134353,0.061000265,0.099198505,0.07977823,0.014269976,0.025741674,0.05023811,0.008946545,0.018711464,0.017330667,00004001_005.png
0.012806841,0.005723261,0.007581764,0.02660709,0.009562475,0.016661853,0.009742193,0.12775658,0.015021688,0.007797514,0.85116595,0.039518975,0.030851537,0.022789901,00018429_001.png
0.1276197,0.42448848,0.03627286,0.5522847,0.024583392,0.13105895,0.034327906,0.008376971,0.05305328,0.011098244,0.027522815,0.74383104,0.06874185,0.014223576,00013751_004.png
0.33415,0.0068090796,0.28735167,0.10753867,0.039113544,0.010846351,0.03984814,0.08487187,0.7466795,0.25236112,0.01820076,0.010158518,0.0302954,0.013659488,00015031_009.png
0.009186681,0.0035854385,0.012974582,0.029274609,0.00838782,0.015034324,0.012076878,0.017000046,0.03757146,0.036711086,0.004526203,0.013122444,0.016436348,0.008519664,00016508_027.png
0.0258192,0.006658843,0.013499058,0.005692896,0.18379392,0.014693544,0.016034842,0.01779667,0.007770184,0.0048248745,0.0021527985,0.04289368,0.07742484,0.010328363,00002738_000.png
0.27948013,0.77233917,0.65438294,0.345363,0.01883045,0.033778083,0.03973744,0.014834798,0.41569737,0.3683538,0.017006923,0.030737774,0.03634163,0.017400317,00012628_034.png
0.0052873446,0.005165677,0.032984614,0.24789831,0.019075487,0.14365731,0.00854213,0.05751287,0.046250384,0.015134487,0.010735649,0.02646516,0.01246403,0.0075838924,00009198_001.png
0.02223938,0.9267877,0.01828858,0.06800197,0.013058359,0.03114202,0.08780559,0.008816282,0.0136948675,0.010170489,0.038289607,0.03365485,0.019648785,0.009258967,00013635_001.png
0.037348036,0.09831207,0.009681416,0.018079521,0.0056381994,0.005541922,0.06178908,0.011084531,0.0096015185,0.023045115,0.042472318,0.45179054,0.023467645,0.10615174,00007667_000.png
0.02741421,0.014222705,0.09198773,0.2892097,0.065050654,0.008884093,0.07133505,0.887275,0.10665279,0.021743987,0.7612171,0.03254597,0.26429063,0.030765962,00013031_015.png
0.028606726,0.016414415,0.01494498,0.19718024,0.014111968,0.38583615,0.04147353,0.020252183,0.03727128,0.045032743,0.005257345,0.31670254,0.007839007,0.011567741,00006304_028.png
0.041403126,0.016159907,0.0118435295,0.06364441,0.048059728,0.018126804,0.061137486,0.012573809,0.009363287,0.009162702,0.010226039,0.42192945,0.07918655,0.4390655,00007407_003.png
0.02353517,0.0073161023,0.013810651,0.031994287,0.014528913,0.03939124,0.02128214,0.056474417,0.0563646,0.020381127,0.010583762,0.42660192,0.51366967,0.0133237615,00005328_000.png
0.009767628,0.01320998,0.02441201,0.11945239,0.026915014,0.033087246,0.019684823,0.011154074,0.009596908,0.01057407,0.007288287,0.861316,0.3305406,0.008789044,00013295_000.png
0.20647101,0.0067173806,0.016461829,0.24715352,0.02263324,0.014114548,0.036128428,0.19917077,0.008838407,0.003574284,0.16157448,0.032893807,0.115963265,0.01877908,00001194_002.png
0.012554404,0.017085431,0.010674469,0.008304611,0.010946569,0.0075583463,0.011232267,0.008549082,0.008012452,0.014856377,0.005528248,0.008157676,0.015039592,0.011369869,00002811_001.png
0.011337493,0.9207708,0.09789924,0.13812953,0.014149925,0.010826177,0.038305994,0.015634201,0.15105386,0.063583046,0.02555662,0.008911552,0.020663105,0.011139486,00000156_001.png
0.0045990823,0.013635495,0.38518777,0.32011783,0.009396362,0.015752902,0.12074284,0.059205364,0.028289374,0.0331488,0.034098595,0.10051786,0.41644475,0.007963626,00002227_004.png
0.009010332,0.0058395737,0.010366542,0.021927444,0.014121192,0.026957253,0.009259729,0.0048507974,0.033333696,0.011096188,0.0063379696,0.005226483,0.010711277,0.0074364003,00012694_000.png
0.020557914,0.00415913,0.21801662,0.6507547,0.029047618,0.015783377,0.04055273,0.012502227,0.95488614,0.09357225,0.007807876,0.0110904705,0.023100786,0.0041555534,00013685_034.png
0.19237417,0.015018226,0.060263693,0.06212931,0.6919538,0.021024466,0.014717221,0.022654984,0.20535658,0.009369578,0.066280305,0.4136401,0.013997914,0.08190327,00008694_004.png
0.009469714,0.10637239,0.004725684,0.043464318,0.014207919,0.19781075,0.02638313,0.0066635697,0.0069153095,0.012685555,0.14319067,0.029230082,0.062347516,0.046154995,00007305_000.png
0.17260723,0.7657266,0.057873797,0.010151415,0.037343144,0.018743338,0.009446328,0.008679091,0.1371417,0.0059391293,0.01283671,0.015829308,0.040628426,0.011792181,00002280_003.png
0.20025025,0.009954255,0.78409004,0.5609607,0.010552794,0.019479576,0.019227527,0.6773616,0.1210498,0.029791761,0.032418653,0.030358328,0.2898628,0.010018347,00005376_005.png
0.034150194,0.008945936,0.018076783,0.014903473,0.03160924,0.062192168,0.018836332,0.0050547025,0.01793983,0.012689367,0.043985274,0.7634832,0.013759471,0.035158925,00017109_000.png
0.045726027,0.014169921,0.97356796,0.42868862,0.026319182,0.0143493535,0.030729743,0.03683976,0.6996121,0.11369601,0.0073229447,0.022672765,0.016639173,0.0039614365,00011752_003.png
0.34381872,0.0047696577,0.019647256,0.06078425,0.010931619,0.009445677,0.023945274,0.13431066,0.5462025,0.02512652,0.41511092,0.016213601,0.016647452,0.0133146625,00003990_007.png
0.017247206,0.008067282,0.005547117,0.019370457,0.008348898,0.008451248,0.025919577,0.017241897,0.011932078,0.0071360655,0.0053702756,0.29088387,0.3578956,0.011570958,00005711_001.png
0.0585275,0.012040816,0.12803651,0.086664826,0.7529851,0.058977854,0.010885696,0.12688251,0.3024432,0.011732591,0.007534747,0.008031599,0.008065836,0.011919654,00005262_003.png
0.074185506,0.0059917956,0.0058534783,0.028443497,0.029089572,0.009915921,0.0104880715,0.16041857,0.17333512,0.013268593,0.2686523,0.020844564,0.0226418,0.010675667,00001199_003.png
0.11918239,0.007556637,0.04304143,0.021552596,0.09002525,0.030929912,0.0042701378,0.9639145,0.04794259,0.008679406,0.011025866,0.010750294,0.13929854,0.008186129,00001170_026.png
0.046559285,0.017173328,0.010898368,0.32562482,0.018246043,0.033619925,0.019007647,0.48808986,0.007865033,0.030662348,0.57581747,0.014489102,0.01335722,0.014519134,00017133_006.png
0.02267964,0.91980493,0.019717405,0.14163429,0.009667582,0.022155195,0.076431945,0.029196115,0.009930092,0.047372296,0.07543518,0.025684426,0.025607977,0.015439173,00007332_002.png
0.0108605,0.008250041,0.0085587995,0.06440222,0.012055404,0.016391495,0.008879266,0.40721905,0.014747739,0.017030455,0.9221114,0.019102875,0.011272263,0.015505132,00008468_022.png
0.030239647,0.008259246,0.033850797,0.830414,0.038092244,0.031224249,0.05280844,0.017183527,0.21184158,0.7520571,0.0044863545,0.012326058,0.016276209,0.010207089,00006490_004.png
0.03970252,0.017641323,0.31021458,0.03473981,0.05347452,0.06044573,0.007699569,0.014607357,0.008443982,0.009359895,0.200891,0.7677189,0.6899786,0.01709662,00010841_008.png
0.6385746,0.0556664,0.06483976,0.021053212,0.08284472,0.06426982,0.03534156,0.033740815,0.31996173,0.03147742,0.023227105,0.049080215,0.016018929,0.015424068,00005944_001.png
0.14739239,0.014397729,0.033773948,0.037532963,0.008475812,0.027958559,0.010203616,0.07764651,0.03739339,0.020720426,0.97290266,0.019208016,0.063825585,0.015298337,00014849_003.png
0.016615212,0.008469403,0.18512806,0.17112218,0.037596695,0.039630264,0.020420749,0.0034949738,0.118708886,0.01965464,0.0094385855,0.008481124,0.013731513,0.0047876565,00018724_022.png
0.34790868,0.049923513,0.17530905,0.31253153,0.05627721,0.17323849,0.888674,0.011959182,0.04003842,0.040924687,0.016148183,0.044574168,0.012391159,0.016899277,00002846_013.png
0.59323275,0.008539141,0.027834265,0.07450309,0.0149117485,0.018424101,0.028179752,0.5259587,0.01559789,0.017202817,0.9405204,0.020374136,0.01905211,0.010242813,00011683_008.png
0.025683781,0.014566546,0.04236421,0.0175038,0.048599873,0.015712276,0.022440866,0.022227734,0.0047289594,0.004811266,0.16449326,0.009727939,0.017207598,0.011898058,00007962_002.png
0.010499019,0.016242467,0.031122249,0.53138983,0.033009358,0.014915126,0.024540545,0.007400296,0.0836,0.8589692,0.022909706,0.014813628,0.009643862,0.008546953,00003490_015.png
0.2697492,0.013549519,0.015974855,0.007899111,0.004639606,0.014253693,0.043591645,0.008101854,0.009846192,0.011806831,0.3475328,0.20966503,0.012142679,0.019440493,00019437_006.png
0.013183143,0.013964761,0.050364237,0.031774566,0.02576996,0.5288276,0.012940911,0.0041642347,0.018688746,0.005868417,0.015742917,0.015118192,0.3577455,0.015430456,00004714_001.png
0.21951053,0.010392065,0.041207056,0.022670018,0.0033229033,0.008067191,0.010325717,0.2554863,0.02096221,0.0055665746,0.8176562,0.22639646,0.047029365,0.00815257,00009845_004.png
0.10978267,0.019122275,0.016223561,0.1688884,0.017014673,0.0070077763,0.2173474,0.006819264,0.008423426,0.00691945,0.0235983,0.50051016,0.012735592,0.0309859,00013662_003.png
0.062173966,0.0037458865,0.45554096,0.22333348,0.030942325,0.009945574,0.055372883,0.015388213,0.67757493,0.70121205,0.008086414,0.008935674,0.01788177,0.006688671,00003867_010.png
0.024870057,0.013592842,0.386669,0.018827949,0.3473476,0.0087440405,0.008664433,0.33742246,0.015463517,0.006399254,0.017032571,0.01924056,0.7072214,0.010749245,00012582_001.png
0.046864722,0.012494505,0.0054415325,0.16934948,0.033844415,0.016090332,0.033084225,0.031374298,0.024504667,0.010090244,0.3780255,0.53863823,0.0318609,0.04610298,00007894_007.png
0.041429576,0.020565012,0.023558773,0.080866545,0.018265018,0.120611705,0.028448531,0.07107502,0.007984471,0.0081276335,0.012255398,0.5647097,0.40501377,0.013340729,00009166_005.png
0.077749565,0.009965192,0.07263229,0.5566927,0.009292432,0.007705572,0.15517104,0.18405963,0.026602725,0.014195449,0.18972488,0.35086182,0.10561253,0.007968672,00003254_000.png
0.015999377,0.017090011,0.011956123,0.012069074,0.008012062,0.018535817,0.14907375,0.004344184,0.008452115,0.0043939385,0.05362854,0.26378196,0.1294141,0.024017502,00015056_000.png
0.0065796687,0.0077205566,0.012381435,0.18271363,0.56298846,0.009205912,0.02160009,0.112425424,0.013137329,0.008657648,0.123752706,0.028250812,0.03889101,0.014877055,00015136_005.png
0.029060952,0.015077253,0.14431837,0.8099113,0.044375286,0.088206224,0.056187473,0.0221016,0.015315435,0.01532611,0.0082637,0.27846864,0.30329403,0.011526682,00001723_001.png
0.06500645,0.07200984,0.047610212,0.46806413,0.061905812,0.0123587325,0.013479203,0.008111239,0.8906932,0.007075671,0.0116983615,0.00974713,0.017020393,0.005265014,00010007_075.png
0.110882245,0.009702307,0.14401725,0.44167474,0.00702136,0.044316873,0.020962812,0.026806798,0.084437355,0.018901227,0.01746219,0.011576648,0.0062330314,0.014885849,00016685_000.png
0.17703424,0.05864069,0.14541613,0.35404557,0.07559393,0.009000383,0.015490307,0.024188653,0.03825024,0.038305935,0.0041358965,0.0075130626,0.005904373,0.0070079747,00013615_045.png
0.020133324,0.0059500006,0.016390411,0.07006701,0.07879009,0.04979585,0.04703727,0.0026804667,0.077301376,0.021888137,0.010544508,0.17433183,0.010431236,0.01875249,00011638_000.png
0.0110996105,0.0030819217,0.014735666,0.2788932,0.02976163,0.008877826,0.0061235325,0.009737175,0.40742704,0.13033204,0.0068058874,0.021437887,0.0069365,0.0070642806,00003323_000.png
0.007150127,0.011198282,0.03427971,0.016879538,0.024362138,0.01871188,0.008744103,0.0047573443,0.314949,0.042441722,0.0032623722,0.0075979154,0.0060178176,0.0067457273,00008911_018.png
0.025046607,0.008553833,0.016308192,0.0054571084,0.08906902,0.3257877,0.008035514,0.011764714,0.01933131,0.005310857,0.008469059,0.008261418,0.0058697383,0.0075713596,00006338_004.png
0.056122083,0.97751725,0.34535143,0.12173728,0.01139561,0.07787562,0.011334158,0.013062877,0.021548666,0.011484512,0.015530491,0.021746581,0.01859267,0.012053207,00008073_000.png
0.027839642,0.04419189,0.11029882,0.005444491,0.18491313,0.024609173,0.07478606,0.08577705,0.009323031,0.26754215,0.026002781,0.013359566,0.007775873,0.021099707,00016860_006.png
0.015227977,0.013424344,0.011269691,0.06905958,0.047540586,0.0060322727,0.010238812,0.008110886,0.07036873,0.10362275,0.009065021,0.011480008,0.0058641736,0.009090422,00009863_004.png
0.060944486,0.012800783,0.8921758,0.189153,0.12495606,0.03434015,0.04545302,0.007567469,0.04992971,0.96695286,0.020310434,0.02205779,0.010440647,0.01011474,00002860_005.png
0.02423293,0.019764617,0.0065647312,0.030174533,0.02358548,0.054146662,0.055553377,0.007719191,0.0060742768,0.0045642243,0.15054221,0.32077998,0.12239283,0.014578893,00002570_002.png
0.011015992,0.04201483,0.6404307,0.10235003,0.007458667,0.016464006,0.023228968,0.015768679,0.011003717,0.027358174,0.029699014,0.41240993,0.2798139,0.0067762723,00018133_000.png
0.016627721,0.012550255,0.046602387,0.010488369,0.737048,0.085670434,0.005890125,0.009262687,0.0075733378,0.004330503,0.0049464484,0.009953456,0.010558785,0.008808019,00009120_006.png
0.010400503,0.009364787,0.0127555905,0.18132178,0.019979805,0.031064026,0.0062370193,0.534871,0.012667138,0.021910453,0.070363544,0.016542802,0.020854639,0.01848381,00015214_011.png
0.4063378,0.0036151563,0.018410513,0.43219778,0.007304707,0.024008831,0.18373854,0.010299451,0.03894905,0.010014195,0.011408897,0.114124894,0.08238445,0.010522138,00012291_015.png
0.23295352,0.008834752,0.044231273,0.0033088287,0.052824114,0.010617246,0.041694995,0.03222155,0.049076695,0.0034496004,0.029129516,0.014850187,0.028994333,0.0071900464,00007804_008.png
0.2072843,0.039026797,0.77738273,0.4745509,0.11994657,0.010367765,0.014193166,0.2102946,0.03240367,0.010431817,0.2750832,0.07782922,0.587211,0.012521721,00014022_031.png
0.29137215,0.08883641,0.023544177,0.019456252,0.0125425635,0.014141288,0.016037002,0.6437663,0.013281434,0.008116731,0.7395825,0.019153679,0.011301813,0.019823445,00003945_009.png
0.0067623323,0.0090633975,0.010744976,0.048529807,0.016351275,0.06887626,0.011195569,0.01985165,0.010520287,0.018544352,0.22199574,0.8094192,0.0182725,0.016973125,00014016_000.png
0.0048986673,0.038974132,0.010580667,0.013001245,0.0127512375,0.007376149,0.005317461,0.010707922,0.014267394,0.019080203,0.00474645,0.0077218474,0.017235683,0.010117954,00013635_003.png
0.007962319,0.013160209,0.036027845,0.02763724,0.06265441,0.06319279,0.011207934,0.0046633803,0.08905896,0.29415146,0.0033284745,0.009419573,0.0056269476,0.019396756,00018606_013.png
0.03576174,0.016579404,0.7275708,0.19292796,0.12712811,0.44512147,0.018261299,0.007369913,0.07193596,0.69993687,0.009789296,0.030688444,0.024762593,0.019003462,00008701_009.png
0.0070024757,0.540012,0.009127897,0.11764136,0.007228472,0.016046522,0.044706278,0.0035066095,0.03431702,0.011947693,0.004887437,0.027087593,0.08882736,0.0128361415,00004893_054.png
0.013557079,0.01923147,0.02373963,0.63856775,0.010237179,0.015223665,0.046987772,0.13067885,0.01132292,0.889853,0.07777365,0.013668209,0.010875406,0.0130530195,00019508_006.png
0.019731848,0.008573942,0.026837612,0.07431084,0.20211756,0.0070984517,0.011729064,0.2671497,0.015046233,0.03283562,0.0077618067,0.008365998,0.031241784,0.012900395,00013615_026.png
0.029958315,0.0030223757,0.041966032,0.23119192,0.060599644,0.010030428,0.039138686,0.022776788,0.7100626,0.030722389,0.01224669,0.0095984815,0.011619306,0.007100129,00016860_005.png
0.20413646,0.0072426656,0.040008597,0.11656209,0.02832264,0.04623992,0.0074050296,0.97457266,0.023645738,0.009324278,0.22909944,0.020522995,0.06068478,0.009248786,00009349_019.png
0.0728644,0.0334607,0.39619914,0.05056032,0.008742913,0.009747513,0.060255315,0.024145141,0.19383451,0.7651114,0.019233352,0.026345694,0.02352503,0.015695604,00016732_001.png
0.005032712,0.011932915,0.0066345762,0.058386955,0.12519947,0.059795845,0.0069900304,0.0066952,0.014470793,0.015778214,0.006122,0.02138178,0.24961813,0.013277266,00005609_029.png
0.0067018624,0.0034819532,0.011642219,0.48593363,0.029767536,0.032174185,0.011769433,0.07050361,0.10589116,0.10864802,0.0060352297,0.007049372,0.013044693,0.008418756,00016821_006.png
0.008145566,0.018359851,0.014865716,0.17075156,0.06742583,0.012488571,0.017799456,0.082086235,0.124585055,0.09215642,0.8405996,0.011877501,0.021920603,0.012983413,00012094_044.png
0.012774357,0.0068848105,0.17211471,0.24442935,0.72685814,0.59442014,0.007514794,0.024573859,0.071202,0.017235458,0.010688105,0.124646574,0.040209677,0.011087965,00009022_002.png
0.010396397,0.007709989,0.0078853415,0.029354377,0.43530944,0.11743272,0.011007896,0.011161009,0.012011356,0.01358102,0.0051387455,0.033802982,0.014262192,0.011046299,00003129_002.png
0.06781792,0.014734532,0.02058385,0.86808693,0.016821673,0.04273426,0.37278163,0.0054301536,0.024689134,0.00624034,0.0066632857,0.011064076,0.09154198,0.006556173,00010350_006.png
0.014957346,0.13721672,0.041390385,0.399006,0.002368411,0.012597582,0.02410637,0.021457596,0.026321022,0.028972078,0.01519064,0.10674444,0.013943674,0.021457477,00004893_026.png
0.0043852604,0.010214202,0.021488536,0.18294066,0.012578379,0.0115455175,0.00944068,0.009331609,0.053134803,0.03405043,0.0019765124,0.007814894,0.019995866,0.005007292,00011553_015.png
0.05871394,0.008964879,0.037913255,0.122703955,0.012916478,0.058470797,0.043907087,0.011975561,0.04802717,0.9720516,0.0056501646,0.018433016,0.018128535,0.02048258,00003548_010.png
0.01838047,0.019769689,0.08386993,0.08849145,0.015727306,0.01315085,0.09953826,0.0068574552,0.03385319,0.9878071,0.0070693423,0.011559386,0.017066421,0.013691945,00015732_032.png
0.11811071,0.06768788,0.92410314,0.71721417,0.35956055,0.011804591,0.10513048,0.004878648,0.3094624,0.03183973,0.0073372507,0.013884603,0.16121928,0.007130369,00017036_026.png
0.0074133123,0.00515441,0.005600094,0.007470381,0.0051826327,0.035084076,0.014742785,0.0063723205,0.014020016,0.015710145,0.011849702,0.012155481,0.00891624,0.016423842,00018245_004.png
0.01003072,0.006816787,0.0064823953,0.011159214,0.009126094,0.014667279,0.012371077,0.010050115,0.011611445,0.0085348105,0.009108988,0.010581572,0.011556352,0.012958103,00016068_000.png
0.011897031,0.008229938,0.0049066395,0.008529035,0.02120508,0.01317215,0.007074466,0.006724183,0.014478158,0.014026994,0.0050519984,0.008574895,0.011508925,0.009552368,00018191_003.png
0.12580703,0.1304205,0.018616486,0.37120178,0.011315215,0.05972335,0.28451297,0.012197408,0.18438642,0.7824781,0.006978373,0.015923882,0.022669258,0.04531064,00015605_024.png
0.067018874,0.009171805,0.9555477,0.09348246,0.014263512,0.0064223125,0.020129245,0.34106958,0.5224801,0.017962089,0.0865231,0.019747468,0.026418196,0.0064893793,00016797_014.png
0.02746381,0.009407678,0.044450447,0.02328508,0.010779578,0.015928134,0.01922359,0.006510969,0.027746415,0.0074879485,0.011384001,0.06622905,0.11482903,0.01561262,00002529_004.png
0.093943045,0.8796721,0.13092054,0.32086366,0.047258805,0.009842065,0.033631895,0.0056666965,0.028549708,0.010767027,0.037520338,0.08775558,0.09907407,0.0112975715,00015719_005.png
0.026782988,0.004410815,0.29863298,0.4726477,0.9220038,0.042214423,0.012257891,0.015739813,0.1009075,0.017826602,0.010797267,0.013160209,0.12108005,0.011914128,00011925_074.png
0.015397073,0.042286165,0.009253493,0.028345773,0.00840493,0.011065756,0.017802972,0.008956948,0.012958469,0.025505923,0.007227079,0.011854863,0.0214517,0.016393365,00019940_001.png
0.034555707,0.008694008,0.00683897,0.22497605,0.08964566,0.1938394,0.013241936,0.8983163,0.012914095,0.012237505,0.7708465,0.019900123,0.03210178,0.011939523,00003400_002.png
0.019900672,0.00839666,0.014378457,0.37889576,0.008479264,0.015634423,0.0478377,0.38905287,0.5030506,0.36515003,0.008325575,0.0346252,0.11456575,0.017560422,00003028_074.png
0.064889185,0.012622987,0.024194311,0.7003394,0.022489432,0.05554774,0.88941354,0.02122478,0.12832668,0.48351532,0.009768578,0.013414552,0.035118353,0.014422413,00011237_005.png
0.7267748,0.014593834,0.040704336,0.17491533,0.013475729,0.009467653,0.254693,0.24762899,0.016577506,0.013686734,0.93045056,0.010149829,0.0130898245,0.006536753,00014773_003.png
0.07206076,0.024193,0.011284105,0.051839337,0.13295811,0.008562964,0.015096793,0.07975306,0.007010202,0.0058262344,0.1353786,0.5874679,0.14526252,0.015010701,00007894_006.png
0.016621549,0.0077532292,0.0062765223,0.03315275,0.17442456,0.064387724,0.00877642,0.0070287175,0.013486979,0.013746089,0.42980918,0.052429743,0.027606789,0.04107973,00014607_003.png
0.015885372,0.018419744,0.013833048,0.025330646,0.04365512,0.011119758,0.018182848,0.003985153,0.032293025,0.0043220688,0.005358348,0.016201232,0.015299577,0.008487445,00004649_003.png
0.022625588,0.007123847,0.0785673,0.146159,0.9830966,0.3036941,0.010608538,0.018843962,0.010206266,0.013981074,0.026375128,0.033449672,0.7570131,0.0056895986,00007772_000.png
0.6028854,0.03204188,0.1137019,0.058540635,0.051408336,0.02589694,0.057929,0.014306638,0.034539882,0.012423779,0.77941257,0.17644203,0.011653532,0.020800011,00016119_001.png
0.43900722,0.011425413,0.012226438,0.38356668,0.0046321335,0.051512595,0.021306355,0.0195266,0.06791073,0.00925927,0.024959475,0.5826169,0.0587484,0.031417865,00012053_002.png
0.016362898,0.012328822,0.024988353,0.024769768,0.26863468,0.01205524,0.024906386,0.011916341,0.20190038,0.11928413,0.1275348,0.007723696,0.041602205,0.041214466,00015266_006.png
0.021364484,0.013615199,0.011596531,0.13161662,0.006560193,0.039001368,0.24945255,0.0069182804,0.010503428,0.10934181,0.014342625,0.03367146,0.009355342,0.016853224,00004237_000.png
0.01992355,0.009673843,0.009203523,0.14121757,0.020062791,0.057808794,0.044378974,0.0048996853,0.01095598,0.019634273,0.009580099,0.009439245,0.0118288165,0.010632248,00006294_002.png
0.0069473633,0.011778232,0.0069766175,0.06916055,0.015873732,0.08589856,0.040957518,0.0055501144,0.017034223,0.01219897,0.008423095,0.8107967,0.13144192,0.014453787,00015279_002.png
0.25954697,0.09243669,0.39546007,0.23868655,0.020272337,0.016602993,0.06485436,0.013944088,0.01587996,0.014354567,0.0073968004,0.015036838,0.0047720983,0.009026343,00017207_018.png
0.2253356,0.77009004,0.042943254,0.16790372,0.02032919,0.13133018,0.029603057,0.032608416,0.033899464,0.0124879945,0.044576727,0.30321836,0.031368062,0.019671103,00000398_002.png
0.014091569,0.008053461,0.019639576,0.047779817,0.013129127,0.16023971,0.0053411657,0.002677203,0.17689379,0.019558918,0.023251474,0.008999613,0.018092243,0.010426409,00010007_066.png
0.059748147,0.013944232,0.028330224,0.9943041,0.12142989,0.01361618,0.06692046,0.022204563,0.026865548,0.046186652,0.031185983,0.015874425,0.0206391,0.0037630966,00017753_023.png
0.021421537,0.05791106,0.011237491,0.24106425,0.004120879,0.014291194,0.037351903,0.03893898,0.6830756,0.110846505,0.00920746,0.024714472,0.022431953,0.016840057,00017605_007.png
0.015579332,0.009826686,0.009505101,0.47948492,0.0125873545,0.027069848,0.018982168,0.9489107,0.015185434,0.037545435,0.22406892,0.03108847,0.014164214,0.011236707,00001006_009.png
0.03763291,0.00806671,0.005418405,0.022614567,0.015839614,0.01029494,0.01128093,0.013110834,0.044154584,0.013009329,0.008876446,0.010110659,0.010145466,0.017793603,00007500_000.png
0.0075586042,0.03109543,0.010683508,0.18373998,0.01707836,0.024710735,0.017651193,0.08929504,0.045633703,0.81036687,0.0704015,0.015168599,0.022152828,0.017853554,00012310_003.png
0.5341878,0.11518084,0.2623872,0.012437799,0.49649167,0.014396646,0.008499883,0.025009923,0.34484702,0.00632116,0.013686324,0.009824196,0.062489036,0.02860678,00008451_016.png
0.047431972,0.009557811,0.24351451,0.07360114,0.011775173,0.011010694,0.009338732,0.012786474,0.05197113,0.014425273,0.83905154,0.03170424,0.036882684,0.01114094,00003053_007.png
0.104809925,0.047361646,0.41815412,0.23739122,0.058818407,0.3399847,0.013115246,0.07586278,0.17343068,0.016346736,0.03249037,0.047780924,0.47379875,0.013208588,00014320_044.png
0.06697263,0.00801437,0.015710387,0.04131073,0.040324546,0.25529966,0.019375559,0.043785084,0.051848926,0.009888457,0.032532863,0.4176289,0.71504694,0.012700739,00006404_002.png
0.38939214,0.012868951,0.043235958,0.18566765,0.048729613,0.03289811,0.01477234,0.9003279,0.029485341,0.010553646,0.9672782,0.011397807,0.02340958,0.011702943,00012891_002.png
0.56802005,0.009918095,0.03598315,0.21344076,0.013995847,0.012944346,0.024703888,0.6242105,0.57769924,0.022014733,0.091946155,0.039728235,0.18636546,0.0108045675,00019935_002.png
0.016607868,0.037000284,0.12678708,0.37707105,0.0073662093,0.01441435,0.014072927,0.78811693,0.1432817,0.042509086,0.012978905,0.110890776,0.45753592,0.021497456,00007670_028.png
0.030847227,0.008042935,0.02273486,0.17131416,0.14478149,0.022884477,0.013640023,0.97600603,0.023155633,0.018633295,0.50343084,0.0132247945,0.01262508,0.014287446,00003658_008.png
0.030574836,0.016039867,0.14775549,0.9426002,0.032491248,0.15510102,0.054677676,0.012007764,0.27960622,0.013051895,0.01401012,0.21238276,0.10411617,0.011143079,00001836_110.png
0.016627464,0.008654583,0.019308677,0.23306754,0.039161827,0.06887846,0.011938825,0.008271805,0.021418009,0.010136051,0.00834157,0.98013866,0.026767563,0.0067759156,00018294_001.png
