Atelectasis,Cardiomegaly,Effusion,Infiltration,Mass,Nodule,Pneumonia,Pneumothorax,Consolidation,Edema,Emphysema,Fibrosis,Pleural_Thickening,Hernia,filename
0.35338846,0.0160793,0.08592054,0.1566676,0.18777406,0.22144422,0.050157845,0.014242845,0.039857823,0.013272857,0.07804426,0.85903895,0.02339969,0.21257019,00014584_005.png
0.016785804,0.028086936,0.009214727,0.01880504,0.009319439,0.7287857,0.033593446,0.002274329,0.015308777,0.008873695,0.0118115125,0.009810975,0.033198666,0.01948944,00009864_001.png
0.06523114,0.9801769,0.41355658,0.2486272,0.018234985,0.017959036,0.052997842,0.010915901,0.022690946,0.1624928,0.0045282207,0.011217983,0.022939133,0.010585936,00000211_041.png
0.7574907,0.01072637,0.790293,0.38467076,0.04458154,0.023888858,0.045470547,0.013519004,0.82947725,0.35168317,0.026763786,0.007430468,0.057369556,0.0064019035,00012045_005.png
0.0079032155,0.0060179736,0.0052475384,0.48284966,0.032896984,0.110467784,0.07249023,0.10705302,0.017518764,0.011139921,0.024274465,0.46657455,0.004050462,0.008834995,00003460_003.png
0.026130851,0.0031377487,0.0023643654,0.10094408,0.02115519,0.040534656,0.019859703,0.21898752,0.16161263,0.0046821223,0.020316683,0.100054294,0.045942124,0.006412206,00008009_017.png
0.10063349,0.008863736,0.059260063,0.064673185,0.010171933,0.03464514,0.008780665,0.35969666,0.011880737,0.008784854,0.82924455,0.023860728,0.6993556,0.008630679,00005140_012.png
0.0076013934,0.0059607546,0.011068866,0.31064793,0.4727614,0.67935157,0.009398759,0.2513712,0.009625972,0.010170637,0.5625964,0.15200765,0.009909286,0.016279224,00012892_007.png
0.018635012,0.0046308013,0.0037221154,0.22691725,0.011948723,0.013028011,0.01668518,0.94880724,0.035202302,0.0089151785,0.005939822,0.019100253,0.020278677,0.0038603938,00007676_001.png
0.18032926,0.94882655,0.123765945,0.061569016,0.058596916,0.04034901,0.03163118,0.0149018625,0.018567517,0.0363432,0.01073812,0.012040993,0.017114563,0.027700627,00007218_005.png
0.36396372,0.005528483,0.01656745,0.2187392,0.3151817,0.15027408,0.077326395,0.017978726,0.037655443,0.014310317,0.32319388,0.08573745,0.010618367,0.061567396,00006713_017.png
0.01511901,0.0067894724,0.0016427876,0.009203546,0.0076418123,0.03321007,0.05145855,0.012875857,0.005090908,0.007790334,0.018668361,0.022672188,0.005801259,0.012776866,00001720_001.png
0.11140849,0.0048663574,0.013237114,0.42707,0.008054605,0.01903046,0.40172106,0.011813811,0.088207215,0.32783064,0.008181623,0.010032719,0.05609436,0.004890014,00016508_013.png
0.01513048,0.2925768,0.005610869,0.09629879,0.0057666865,0.15664698,0.06991663,0.0055455156,0.019143626,0.0127133615,0.0039604963,0.008813075,0.0353462,0.007603613,00004003_000.png
0.52911997,0.29068714,0.16494998,0.03738844,0.084533796,0.11280391,0.08415434,0.007448295,0.024416087,0.015133564,0.038717125,0.121522225,0.008516109,0.83490235,00000942_002.png
0.31512672,0.007063671,0.042298622,0.51115966,0.007663021,0.013025865,0.086558685,0.022149319,0.02945375,0.0036422263,0.0059731547,0.90204275,0.22591065,0.006177692,00015171_019.png
0.007994311,0.0026392946,0.008991231,0.9015007,0.031717096,0.17158547,0.29990336,0.012270582,0.057273332,0.8984722,0.0067077605,0.003579869,0.010925661,0.003530707,00002437_025.png
0.046345748,0.0039126636,0.0042857165,0.07707938,0.09179176,0.06392342,0.013401527,0.06416879,0.064533375,0.004760531,0.0039580497,0.069708556,0.14259803,0.005998729,00019680_008.png
0.042410664,0.0045599737,0.0112671675,0.92781425,0.011441075,0.27389026,0.71870166,0.009529058,0.019845443,0.015919646,0.0075670183,0.17583954,0.022223637,0.0041891388,00010693_012.png
0.124903575,0.054450296,0.087730795,0.77982,0.019890556,0.16859289,0.06912406,0.03844499,0.023035027,0.004044492,0.004241819,0.056847844,0.7509761,0.0077772047,00005759_005.png
0.01545422,0.00790187,0.0059436215,0.0837947,0.008462206,0.041391443,0.032070342,0.007890017,0.02538606,0.003551198,0.0040693316,0.9728934,0.009965935,0.012424095,00013429_003.png
0.39827496,0.97150856,0.11703263,0.058328643,0.026640775,0.018238846,0.04431388,0.015582484,0.017252516,0.016427431,0.010962921,0.016676618,0.013834025,0.048480164,00006481_015.png
0.011170591,0.0155298505,0.06987954,0.97880405,0.018231872,0.6437277,0.2495461,0.012981623,0.06168053,0.027741767,0.0038444044,0.07530754,0.16098793,0.0059015555,00001836_054.png
0.15804504,0.0068095527,0.013479608,0.067408,0.010616133,0.017770657,0.025732331,0.025448114,0.0314327,0.006272455,0.030584374,0.5815786,0.43033934,0.010438396,00014022_083.png
0.09919196,0.014340258,0.0015282619,0.005635385,0.026092306,0.005698662,0.009170207,0.029791147,0.028673256,0.0076636006,0.0056747007,0.0034361815,0.008633997,0.0052688457,00008694_001.png
0.17803703,0.5511989,0.4083855,0.35782498,0.029001778,0.07006774,0.05191765,0.01699627,0.020034332,0.07692612,0.011909875,0.015783997,0.34805375,0.013660947,00016399_021.png
0.3090251,0.02554637,0.007349141,0.07192858,0.04383992,0.056809492,0.021186931,0.01695595,0.037997548,0.011577046,0.0047077136,0.002595117,0.027304193,0.0049785906,00006991_003.png
0.021572012,0.0045601144,0.015461694,0.9654241,0.009027942,0.022298168,0.06396061,0.87888783,0.015211805,0.03507641,0.0066629667,0.026279334,0.026894484,0.003321348,00006605_020.png
0.7955157,0.008059986,0.042651106,0.06516578,0.04371018,0.007263648,0.0108713135,0.23060758,0.03733477,0.015161761,0.97634447,0.0026857287,0.02491358,0.009970557,00016410_051.png
0.014107047,0.047969207,0.004621788,0.0053242827,0.009509344,0.20142011,0.047419865,0.00146695,0.019736782,0.0066525764,0.0070970464,0.013012385,0.0057735476,0.030692209,00001480_001.png
0.07666343,0.021958452,0.74176776,0.6562447,0.5112429,0.11313709,0.010037594,0.9358354,0.020943895,0.0058504543,0.14632545,0.038063385,0.47772434,0.008595483,00009349_020.png
0.5727929,0.005749682,0.044801477,0.055139966,0.00462247,0.00801644,0.03317976,0.012799855,0.017789962,0.006509297,0.7841734,0.13473436,0.21591932,0.009102681,00018379_008.png
0.14303778,0.009547975,0.040868297,0.59477633,0.021373456,0.13833149,0.10198134,0.011806354,0.4211005,0.0062141474,0.0023661407,0.019249542,0.1208134,0.0058114543,00001684_006.png
0.0039689844,0.004138242,0.00535353,0.08280219,0.30271667,0.8895319,0.007600325,0.010897341,0.009781095,0.01844242,0.0053837504,0.0049962504,0.017877877,0.0054146238,00006338_009.png
0.052702796,0.014598703,0.02509859,0.042787205,0.014699642,0.0812927,0.009765567,0.7649039,0.012165488,0.006398169,0.9580719,0.02739703,0.10566109,0.013192959,00003945_003.png
0.05010106,0.0026244824,0.038556878,0.91942877,0.007723681,0.02861084,0.18292515,0.037924338,0.8818517,0.039031003,0.0036266479,0.008686301,0.09329203,0.00414854,00013527_004.png
0.08668015,0.046444364,0.24728805,0.19014136,0.07585534,0.032801867,0.010576749,0.010646181,0.51274246,0.8170704,0.00695314,0.0055635134,0.035439946,0.0050724866,00005573_004.png
0.026585912,0.002681289,0.045750126,0.867832,0.55019855,0.7839813,0.019178195,0.010561495,0.16011807,0.05695254,0.0053910427,0.0077151717,0.027551204,0.004851076,00005793_004.png
0.056159798,0.008133909,0.008242101,0.5990833,0.0058697774,0.13047262,0.10524831,0.019336443,0.11675189,0.017384728,0.003810727,0.004786055,0.16831699,0.0036613976,00003426_017.png
0.045597844,0.05203404,0.005436699,0.10847928,0.0028171074,0.014253793,0.05261904,0.060639847,0.006077813,0.0087840725,0.0183229,0.3127242,0.41648594,0.007328541,00002451_007.png
0.37184778,0.013394089,0.066133015,0.18969245,0.7485502,0.03893891,0.01829233,0.50156033,0.05459128,0.0067204195,0.028357796,0.030789968,0.1748818,0.011553018,00007830_003.png
0.41397282,0.010299649,0.033386365,0.11151304,0.016289225,0.0071443142,0.017728291,0.0149508715,0.7050527,0.0067719603,0.0031172128,0.023735603,0.34848243,0.0053114896,00013993_117.png
0.07046093,0.98686373,0.053408053,0.04888035,0.012230198,0.011477098,0.015971033,0.00811599,0.00992267,0.011649134,0.0067412625,0.01312431,0.033870697,0.016638437,00010388_001.png
0.8866946,0.02483935,0.037682563,0.068478584,0.22225435,0.014121357,0.012348203,0.045894153,0.060504206,0.00705999,0.010882672,0.004743099,0.071115084,0.007511143,00008232_014.png
0.012416129,0.0063918633,0.09345,0.65496725,0.24535319,0.20973888,0.010658171,0.018734995,0.20449619,0.018134847,0.0030473394,0.028980883,0.5889919,0.00427593,00009354_000.png
0.046746194,0.019408377,0.007748209,0.0076772473,0.5290142,0.10370574,0.006692182,0.0079133315,0.0103639355,0.0046766927,0.007285452,0.0073187756,0.040627185,0.013506189,00008222_000.png
0.2262491,0.017633375,0.003520692,0.0074411742,0.09068149,0.010265022,0.0077002253,0.007494085,0.028367361,0.005160189,0.0064008394,0.0035524382,0.02305078,0.007676884,00019967_014.png
0.024518121,0.1595263,0.28259173,0.59523827,0.030341007,0.055007145,0.31532094,0.0075925933,0.015775496,0.92150325,0.010419327,0.020992925,0.045936774,0.008520482,00018187_068.png
0.011285057,0.015896088,0.14439948,0.067784674,0.15938088,0.3020648,0.0041732714,0.018288268,0.031670596,0.003668713,0.0075305477,0.038629647,0.9897602,0.006779604,00005506_000.png
0.0054507894,0.013100886,0.0053112726,0.015480636,0.013011056,0.07342267,0.019819211,0.07768997,0.0039926213,0.020787673,0.8316592,0.025175067,0.0060776924,0.014909241,00010995_009.png
0.14696084,0.1255086,0.0048247646,0.016650787,0.0101844715,0.005403713,0.016096417,0.009634266,0.08321151,0.004635932,0.0024056653,0.007560597,0.041678462,0.006851632,00004169_000.png
0.07660972,0.0031609477,0.0056281695,0.22357468,0.02754447,0.53516275,0.045762625,0.00787894,0.009948689,0.0063314927,0.0044341944,0.0052708806,0.026518574,0.0051805214,00010365_009.png
0.17666352,0.0050812564,0.009614359,0.44803593,0.22593775,0.03703018,0.015440021,0.54135334,0.022984538,0.027785147,0.010840659,0.0057227947,0.03646018,0.0044465493,00013508_000.png
0.010561691,0.0039534615,0.0046351533,0.09513122,0.028459366,0.11604833,0.008983748,0.034344967,0.103853166,0.004143366,0.006570322,0.6531758,0.34474832,0.005532918,00009658_002.png
0.30763185,0.005572078,0.030897569,0.2801869,0.8110223,0.0258631,0.01635432,0.22909233,0.12324118,0.011495332,0.031072639,0.02286454,0.034592133,0.011231251,00008376_000.png
0.867219,0.005698332,0.05970814,0.4324031,0.034329686,0.029675286,0.04048267,0.04466808,0.09697331,0.004145271,0.013362538,0.020066265,0.4955086,0.0053656953,00007007_018.png
0.64772457,0.035897683,0.09497831,0.06365477,0.05496495,0.020255584,0.023032531,0.15894859,0.022899926,0.009624558,0.4704654,0.07523485,0.54514366,0.02516474,00002323_002.png
0.01568499,0.013102531,0.09771053,0.8010839,0.003350011,0.004819783,0.059179675,0.1521428,0.005025378,0.016148115,0.03263064,0.8891461,0.09847266,0.0029499566,00012014_005.png
0.22999036,0.0057589114,0.012621811,0.04609936,0.015913798,0.012257528,0.16456005,0.003985865,0.05184147,0.006159647,0.009218708,0.8406486,0.0062168697,0.058665585,00001386_000.png
0.026755553,0.004098728,0.0033662524,0.015873635,0.01640688,0.04697275,0.007613713,0.019151704,0.024644088,0.006320552,0.009605207,0.052688487,0.7312358,0.0046860394,00001756_000.png
0.037556842,0.007371535,0.00828378,0.0861384,0.020626677,0.2622568,0.038304802,0.016865268,0.008442162,0.006732727,0.13802034,0.23261322,0.04316696,0.017373718,00012380_000.png
0.11119709,0.0057827244,0.062241007,0.11398219,0.033751726,0.020360569,0.0053170044,0.7864773,0.019267235,0.009474787,0.9945604,0.0043432503,0.017341455,0.006700625,00000013_001.png
0.25886363,0.009356765,0.16431412,0.29627672,0.052430216,0.024005724,0.031799793,0.016037663,0.046296153,0.011426997,0.073555656,0.9769036,0.072105184,0.020249974,00012804_000.png
0.2275,0.099054724,0.18149354,0.052973136,0.01916549,0.44506013,0.02791519,0.0049793674,0.0399831,0.006033494,0.021124432,0.017116118,0.56787574,0.022074765,00007916_007.png
0.05073036,0.010660056,0.010711116,0.015477549,0.61248595,0.10437786,0.010512501,0.7974619,0.0143028265,0.004261853,0.2230873,0.006566579,0.037234753,0.012874548,00008566_008.png
0.020930985,0.022718119,0.16030726,0.58705014,0.017842237,0.05994162,0.41663492,0.00622279,0.0883938,0.9421299,0.00811472,0.009115971,0.033603355,0.0062604113,00018972_042.png
0.019482933,0.8673099,0.082961604,0.098386265,0.044868454,0.024367645,0.0074693244,0.023685722,0.017138153,0.05086924,0.003580549,0.004849927,0.14449567,0.0059282025,00007551_016.png
0.28015313,0.0024869295,0.005706389,0.11529247,0.03236791,0.12958606,0.041420527,0.018695733,0.07941548,0.0026742318,0.008217885,0.011500579,0.066057295,0.0061887773,00016508_044.png
0.0052702404,0.06950217,0.013607427,0.113427356,0.011832558,0.2955484,0.022925781,0.0027663158,0.33424065,0.040136386,0.003134645,0.004410212,0.035679027,0.0045006247,00001255_030.png
0.020409117,0.006642746,0.0037886,0.12740478,0.020599358,0.3810359,0.016271263,0.046030283,0.012915755,0.0046124193,0.0041246302,0.02508145,0.3582714,0.0050728763,00001992_013.png
0.0061286245,0.010263108,0.005930704,0.305251,0.08591765,0.30442056,0.01367615,0.036200296,0.0105370125,0.63551766,0.007853901,0.006359489,0.032789465,0.0046839784,00013377_018.png
0.0074473186,0.0032670938,0.0013545718,0.050226986,0.013347082,0.117006995,0.013145454,0.023810506,0.06618226,0.004533,0.0017642269,0.02899283,0.059372243,0.0038144013,00008734_000.png
0.1908576,0.06800106,0.08806142,0.011531112,0.27553892,0.71508014,0.019823654,0.0028201803,0.01593825,0.007835129,0.03289156,0.010418879,0.01711008,0.24500813,00009848_000.png
0.21109113,0.020081118,0.032946575,0.052693404,0.07658062,0.15092534,0.021519199,0.015044869,0.022252593,0.0074457293,0.024451822,0.24374579,0.82870126,0.023631357,00015375_009.png
0.009893705,0.0018738207,0.012182577,0.985053,0.012155711,0.035098556,0.12470252,0.39707875,0.05493004,0.136314,0.004818143,0.014169662,0.02423749,0.003127849,00013310_014.png
0.021018313,0.0020709666,0.0017539898,0.2255535,0.013686496,0.08363101,0.034109764,0.05810794,0.13629167,0.014004765,0.0028392193,0.006752961,0.024874168,0.0038921945,00012087_017.png
0.0697496,0.0067804935,0.017149819,0.31531152,0.021054327,0.05262574,0.06099096,0.036692303,0.019838097,0.009033029,0.29235482,0.71211785,0.019142855,0.014533052,00016434_001.png
0.034865983,0.0040214485,0.02329615,0.48353663,0.028340394,0.057530455,0.01844081,0.060028967,0.19998741,0.0118804285,0.004486838,0.016741658,0.77138865,0.004847155,00010335_001.png
0.004491995,0.005331692,0.0037373977,0.017828487,0.17877693,0.67264533,0.006032233,0.018005276,0.00581054,0.005148418,0.0047835824,0.011261905,0.07520202,0.0054184534,00018819_004.png
0.37743074,0.008141657,0.016603375,0.42686468,0.010282389,0.12607312,0.18917808,0.014347613,0.015506939,0.0036936882,0.010492843,0.13335364,0.09327897,0.0073113483,00013249_056.png
0.28824905,0.05629842,0.010923213,0.1716015,0.11934172,0.078634486,0.047786098,0.16595207,0.00913155,0.035316363,0.06161353,0.012181378,0.020604562,0.019793978,00002090_004.png
0.48304567,0.0029610882,0.040838633,0.85654974,0.117328085,0.062248576,0.037680015,0.42445844,0.1598859,0.009270202,0.02160519,0.008912298,0.18398511,0.0043978174,00018360_026.png
0.011879969,0.0139195295,0.00699867,0.02926002,0.067516424,0.023692084,0.006460134,0.012538022,0.2321703,0.008029533,0.0023321463,0.009954904,0.25171113,0.0035798484,00009811_000.png
0.07026374,0.004117337,0.042877287,0.498063,0.1454304,0.0813759,0.013007811,0.020626912,0.77668077,0.18289705,0.0070188576,0.0049345237,0.050430287,0.0047035883,00008371_002.png
0.20438747,0.016941862,0.035151105,0.033443082,0.038410995,0.037449557,0.012065852,0.86370766,0.017344747,0.0060328613,0.88502055,0.018836623,0.2109025,0.013902941,00003945_002.png
0.24972981,0.05637452,0.63709956,0.35342792,0.76955765,0.42506406,0.03610726,0.114059165,0.01173816,0.027734024,0.18424691,0.023372345,0.13778287,0.024737792,00008561_007.png
0.027489696,0.022989085,0.2966165,0.52831334,0.039144427,0.015880885,0.010331931,0.7103293,0.022123706,0.010254388,0.009012912,0.41161764,0.45964906,0.0066423207,00012437_000.png
0.021398094,0.010804374,0.24563597,0.17680737,0.2723913,0.5280474,0.009571421,0.009076306,0.042703208,0.0074240244,0.007584808,0.12474044,0.91374105,0.010782538,00009358_001.png
0.062218383,0.65895027,0.067789376,0.1740154,0.010863933,0.048347026,0.099441804,0.0056181927,0.6048644,0.035336073,0.0048884153,0.0049375775,0.031414647,0.011045522,00006808_007.png
0.02004316,0.0021366645,0.0061168415,0.27557963,0.55069923,0.19502547,0.008250256,0.04116145,0.4729262,0.009280508,0.0071245376,0.017049767,0.083204344,0.0053431345,00010433_010.png
0.040728398,0.004498224,0.018135251,0.24172768,0.037639048,0.016995026,0.04888634,0.024983846,0.011039252,0.026488021,0.9556876,0.0601748,0.002833664,0.014563734,00015765_000.png
0.009932334,0.009697306,0.0027379014,0.009751209,0.0041514626,0.058457673,0.020292046,0.0046177027,0.0060163117,0.004078516,0.034682535,0.8658994,0.0486124,0.016938766,00007623_001.png
0.016944174,0.008185723,0.009638667,0.019883413,0.1994001,0.027049022,0.006165424,0.9745145,0.014406093,0.0077635143,0.23602086,0.009817671,0.035293493,0.0068483497,00005460_004.png
0.056157984,0.0013493032,0.02000203,0.990244,0.019234983,0.028419623,0.1711533,0.613565,0.11867672,0.07169998,0.01470237,0.01377703,0.021590529,0.0030922396,00013310_011.png
0.0141743915,0.010219902,0.005163712,0.7000471,0.0056512635,0.27771685,0.059221387,0.045734197,0.04797199,0.0059492444,0.0044737007,0.14755163,0.48963323,0.00468791,00000218_000.png
0.02508595,0.019594057,0.010489017,0.059435926,0.017173981,0.06282501,0.016955607,0.967602,0.008054829,0.0072839516,0.38564774,0.035668433,0.022539962,0.010016871,00003028_071.png
0.10136174,0.021782229,0.0033835627,0.01186045,0.048610624,0.022048976,0.015828313,0.0667754,0.0056308047,0.005627836,0.023007598,0.010179479,0.016889771,0.011559877,00012573_006.png
0.39260378,0.0044074426,0.30038002,0.7780844,0.011300565,0.004376598,0.009395558,0.7862314,0.32817954,0.025349278,0.0040237796,0.00914261,0.15832561,0.0034302266,00006906_023.png
0.3553158,0.06853495,0.72892296,0.40334538,0.019142749,0.021199415,0.20128827,0.010718949,0.55554265,0.618469,0.010465728,0.012596112,0.055095304,0.008768066,00018387_030.png
0.01359531,0.020512076,0.0106491195,0.080988474,0.084053345,0.14215468,0.010201647,0.9587203,0.010853372,0.0074484535,0.047606546,0.088058345,0.081881225,0.009305435,00005448_008.png
0.66442376,0.013476901,0.051289465,0.21653207,0.008495945,0.040968254,0.72974867,0.0049793418,0.091714986,0.006538943,0.0032902558,0.12590104,0.025418382,0.022062166,00010531_074.png
0.4950675,0.007007292,0.0062882304,0.12435569,0.010848741,0.009638798,0.022014052,0.07935852,0.28377897,0.029657217,0.004400447,0.0036781523,0.05242173,0.00395186,00009234_001.png
0.067581706,0.014575441,0.023593279,0.27174544,0.013678118,0.43700853,0.07683321,0.018227763,0.0077610025,0.02558157,0.19931546,0.050874833,0.25310978,0.015964836,00005433_000.png
0.038805775,0.01608774,0.011148613,0.048955802,0.018568663,0.68127733,0.030518554,0.00976039,0.0056833033,0.0064505716,0.046976335,0.07617465,0.10043575,0.031246964,00000825_003.png
0.21167164,0.0062412266,0.3804713,0.7755061,0.39797145,0.7904311,0.123717815,0.00633065,0.42633677,0.06745918,0.011052775,0.014709487,0.0367843,0.013329016,00012609_008.png
0.0168607,0.008830002,0.018973842,0.8654759,0.004516644,0.02534659,0.078028105,0.07865447,0.038652204,0.0055695237,0.0023158565,0.30934995,0.5706941,0.0032199093,00005567_008.png
0.020114776,0.004586935,0.047843445,0.015763145,0.64788646,0.2232321,0.0029162574,0.008034905,0.048019763,0.0038856172,0.009685142,0.07890807,0.90876,0.007319178,00009375_000.png
0.11918703,0.0050051687,0.0212572,0.34874928,0.045472804,0.029387169,0.013334127,0.47988605,0.021579346,0.008320876,0.9837441,0.015644994,0.006163782,0.0079340935,00011831_008.png
0.013212653,0.008289512,0.0010976258,0.0033849876,0.005714763,0.0389659,0.014087921,0.0037911204,0.008839535,0.003517318,0.005164707,0.0068543814,0.0131154815,0.006545538,00002078_002.png
0.021155046,0.0060895476,0.0046984707,0.13626371,0.22895922,0.12841928,0.01337301,0.033222113,0.03388764,0.009233885,0.0016900274,0.0142613,0.04590802,0.0046373312,00011287_005.png
0.023808748,0.019413179,0.053666174,0.03699346,0.030657062,0.024289446,0.0061628846,0.6901144,0.009467519,0.0053121345,0.03807104,0.1209594,0.94114524,0.007903559,00010619_000.png
0.008417863,0.00913685,0.0013737986,0.0061715916,0.007865986,0.10044287,0.013037536,0.005430851,0.005987347,0.0050296905,0.004187655,0.0060846177,0.0125006195,0.0055817594,00008697_006.png
0.41493043,0.010376159,0.06440571,0.4785769,0.013021587,0.02540812,0.26761112,0.019055035,0.6041325,0.12275285,0.005970471,0.009614972,0.053556047,0.00785919,00008112_001.png
0.0033841287,0.0054794853,0.007417569,0.9631626,0.015295175,0.60677856,0.09234137,0.056890544,0.010834249,0.035514258,0.0047845948,0.09225828,0.038299467,0.0032045085,00001836_048.png
0.0032810532,0.9521423,0.028826673,0.10932044,0.0025338866,0.015843138,0.08000586,0.0017308382,0.13140364,0.0629023,0.001866719,0.0033990568,0.012685089,0.004213785,00005066_003.png
0.07152259,0.0037646375,0.033073403,0.14788036,0.08894748,0.019296605,0.0045977333,0.2974771,0.015492851,0.015538227,0.9958259,0.0046289973,0.0037817839,0.006548773,00001256_007.png
0.86722964,0.0047347015,0.06680912,0.55543226,0.014779845,0.035268225,0.5328759,0.014477341,0.030537616,0.007737976,0.06551546,0.0970064,0.036720093,0.01106296,00017549_002.png
0.26188794,0.0032002178,0.04643824,0.14372233,0.850076,0.06327522,0.0082381815,0.051242534,0.60764414,0.0053120214,0.021547243,0.07031567,0.256423,0.009509811,00005089_011.png
0.013498365,0.006024067,0.0011974776,0.0057851016,0.018066324,0.008547053,0.009333228,0.036775816,0.02297194,0.009373474,0.005058455,0.008094473,0.013775508,0.0042326483,00006147_001.png
0.020432023,0.005609576,0.03612372,0.33507577,0.023670895,0.036813535,0.0066893133,0.88185537,0.013341055,0.012565842,0.9844065,0.011114076,0.0121967355,0.0060459115,00006425_028.png
0.056812596,0.005038651,0.0028148845,0.023761671,0.1819462,0.017222848,0.010159669,0.31783307,0.01895163,0.008674558,0.044088785,0.0053041787,0.009432706,0.0065022795,00020044_001.png
0.025926584,0.006798903,0.005183606,0.017622003,0.010551978,0.25565565,0.026832957,0.004431375,0.009453778,0.004159739,0.018733408,0.47715402,0.064837344,0.022512954,00005736_003.png
0.30010697,0.00658482,0.019095823,0.10063707,0.006056681,0.01154315,0.019981697,0.49122107,0.024255097,0.0062158206,0.76684093,0.015667127,0.13128269,0.0062962207,00008042_009.png
0.5648591,0.0053512114,0.027799238,0.11602586,0.4021969,0.14869697,0.02503258,0.01750567,0.08770847,0.006794989,0.035967816,0.11194246,0.20632568,0.01925944,00011804_014.png
0.364788,0.0023275223,0.009640688,0.34878677,0.019984808,0.0072295326,0.0225234,0.3768581,0.7801291,0.03449781,0.005339228,0.0048501715,0.0217327,0.0046605594,00012622_015.png
0.011543798,0.02236005,0.0134471245,0.0055285697,0.09694464,0.6675076,0.013045019,0.0016201162,0.013781378,0.008330387,0.012284656,0.008499577,0.00781346,0.03741012,00008855_005.png
0.02389723,0.011322889,0.006837399,0.04949142,0.03499691,0.04328987,0.01204888,0.96283704,0.011538521,0.006714044,0.1378809,0.021915104,0.02511102,0.0067896713,00020286_009.png
0.043435205,0.005416712,0.004979242,0.46338108,0.07512583,0.16636881,0.049098343,0.034521773,0.013347108,0.4122042,0.02157923,0.004786132,0.022043807,0.0055766455,00009117_004.png
0.68608546,0.0093379505,0.025178181,0.11672194,0.14039122,0.09608874,0.042335503,0.020376882,0.020338291,0.0071783327,0.16639559,0.02130549,0.083573334,0.028445104,00009723_000.png
0.029625602,0.16472349,0.008238918,0.34735587,0.013268755,0.26934284,0.036337286,0.040224243,0.015384962,0.008458734,0.005016114,0.0099408105,0.28132015,0.008022475,00008649_010.png
0.20141597,0.0113600595,0.39022818,0.52547723,0.58922106,0.18574718,0.016643424,0.13265422,0.11084485,0.010862344,0.23478033,0.7062355,0.4020246,0.021129917,00015556_010.png
0.0052285413,0.007177191,0.00453827,0.60474,0.015624855,0.54513067,0.018419955,0.08327694,0.017258914,0.007063809,0.0025249813,0.11014543,0.18151806,0.004069691,00001006_017.png
0.05873795,0.053579304,0.0085129645,0.042833887,0.11904114,0.09330843,0.014105885,0.020524964,0.012462921,0.06413691,0.006339009,0.0052163284,0.020631822,0.008210757,00004659_000.png
0.042201776,0.013369355,0.065410614,0.2622978,0.030799974,0.060966704,0.009735304,0.88579816,0.011064816,0.007922058,0.9763397,0.041015744,0.01878482,0.010608843,00011544_003.png
0.0061091757,0.0047771237,0.0027166617,0.015581117,0.06674865,0.12306508,0.010922554,0.22902061,0.0064259376,0.00523594,0.22719258,0.03119546,0.004619836,0.010685644,00002194_000.png
0.03476258,0.16046794,0.0018841622,0.010986404,0.0045547993,0.016379815,0.022457639,0.006584801,0.01428615,0.0034062606,0.0028345764,0.011083251,0.019412594,0.008772294,00001855_001.png
0.04829091,0.0043370146,0.016812757,0.1765611,0.03041034,0.73137903,0.023136398,0.028897135,0.030292675,0.00872934,0.053145494,0.08757992,0.52580184,0.011803233,00004571_017.png
0.25055256,0.014224256,0.025402954,0.08939166,0.017109044,0.010534811,0.010879418,0.060046375,0.030162353,0.0035721364,0.004683409,0.012247406,0.8983452,0.0042936783,00002081_002.png
0.07674005,0.007883622,0.025213167,0.35258573,0.31767634,0.030929059,0.0146273505,0.9206595,0.03183506,0.006822094,0.008497653,0.015403623,0.05193419,0.00581491,00009934_000.png
0.21166076,0.012459665,0.10803802,0.048020024,0.09581264,0.002296088,0.0034486072,0.96049535,0.15269503,0.005418328,0.004233004,0.011720643,0.11105925,0.0042548394,00001170_027.png
0.02370747,0.0049544345,0.00611652,0.03942183,0.22810338,0.5953996,0.011142495,0.014936122,0.016919822,0.0042694258,0.0059320447,0.0073004896,0.057493526,0.006696621,00006585_013.png
0.62960035,0.0046386835,0.021087086,0.37127504,0.006022357,0.012746413,0.056036413,0.38141015,0.04109028,0.0050458782,0.2182955,0.015567123,0.19788119,0.004561844,00001248_003.png
0.30304363,0.0021137593,0.006962582,0.17071748,0.10448585,0.08446151,0.04033462,0.024708709,0.16903755,0.0052458565,0.038121723,0.037034318,0.045318134,0.009473965,00009451_005.png
0.0047992463,0.12409956,0.29266572,0.2765825,0.020292623,0.24545442,0.031813443,0.0017337672,0.8421668,0.20253278,0.0031403243,0.0048857997,0.031243602,0.0050726915,00011702_053.png
0.039913077,0.026236022,0.0018044645,0.002879079,0.032353174,0.0052716234,0.004483112,0.0068057263,0.018410277,0.0069428915,0.005528612,0.0037566232,0.027998745,0.0049912864,00009573_000.png
0.004893591,0.008309006,0.0018330973,0.007250552,0.00599712,0.07383302,0.014248998,0.012561181,0.0056197247,0.004099832,0.022892332,0.6006759,0.02331933,0.012639503,00015940_000.png
0.035589743,0.0029605548,0.024750402,0.7448623,0.7593272,0.07848272,0.0067831213,0.6608781,0.04898356,0.01798291,0.8264355,0.018435676,0.0070842165,0.0070943492,00010814_001.png
0.26711795,0.008399189,0.06935126,0.104212254,0.95516807,0.12188525,0.008919224,0.007617064,0.09856516,0.015372189,0.0113953035,0.007009492,0.023443373,0.011427483,00014398_023.png
0.16451542,0.024422146,0.011981871,0.41228297,0.18875399,0.21973535,0.038557112,0.072821245,0.008700857,0.06511624,0.014769884,0.008332685,0.039538473,0.009285148,00015034_004.png
0.0054870523,0.0118621765,0.0013133629,0.0026988008,0.014252803,0.058294136,0.006231135,0.024210619,0.0030806547,0.0040092194,0.010639824,0.026844002,0.032710228,0.0072283377,00007866_000.png
0.47150692,0.050313186,0.05092795,0.6583877,0.009386026,0.036003772,0.2366038,0.056965534,0.2493788,0.018444145,0.006630574,0.0053063002,0.078635074,0.005756992,00015770_030.png
0.014350209,0.0030849413,0.008757685,0.61356205,0.09311663,0.08541833,0.043175727,0.022638345,0.029636106,0.93824655,0.055379473,0.0043930705,0.011744688,0.004679232,00010012_018.png
0.9103689,0.004836875,0.35852727,0.7831661,0.007962032,0.0070479466,0.17913313,0.18569654,0.033416778,0.018016513,0.2019939,0.017603515,0.061168566,0.004015765,00016797_013.png
0.01567694,0.023462828,0.014789695,0.97092044,0.005685411,0.21254787,0.75298387,0.016913645,0.016550522,0.03100388,0.0069724764,0.02640607,0.085975744,0.0044453754,00019176_078.png
0.26800618,0.0022285264,0.0062918128,0.60271275,0.078752406,0.016257256,0.08666676,0.127815,0.37433687,0.41580763,0.027188927,0.0044823103,0.0067779,0.0075568515,00004646_006.png
0.12880236,0.027040796,0.094034165,0.6591691,0.013514604,0.30728084,0.108776234,0.010897331,0.06849851,0.024163159,0.007837072,0.017097661,0.54741055,0.008995246,00018251_008.png
0.49168125,0.009569685,0.015574397,0.0058515803,0.021274148,0.014522783,0.01704578,0.005028173,0.013906929,0.004923886,0.5370209,0.06515169,0.15631272,0.047913548,00002536_000.png
0.12085236,0.01064341,0.0064189937,0.12776154,0.0053868815,0.05316783,0.34413335,0.009467867,0.00609115,0.0070713814,0.11092787,0.14861831,0.01658022,0.016953222,00005741_002.png
0.04385951,0.019460304,0.15588856,0.13986304,0.024669334,0.013233833,0.029245485,0.0054338323,0.040867195,0.9868421,0.016942665,0.0055379476,0.014808883,0.0034404213,00017424_030.png
0.67373717,0.003404429,0.017722681,0.7570544,0.0078755105,0.012931375,0.30789444,0.08539004,0.087836824,0.14970618,0.030411825,0.004354083,0.05786888,0.004127426,00014223_020.png
0.012898537,0.28789324,0.11731304,0.2930974,0.026912985,0.1034382,0.010144388,0.00866123,0.19133717,0.07824744,0.004902465,0.0056563113,0.37358567,0.005454557,00009365_013.png
0.38616505,0.007510354,0.061991014,0.060510803,0.1869385,0.012450321,0.013330772,0.8919799,0.1553521,0.005865358,0.14241707,0.023664663,0.3663826,0.011518721,00011226_026.png
0.052098144,0.008260852,0.001705457,0.009764488,0.030193783,0.018728204,0.012410804,0.0079197055,0.017590689,0.00583524,0.0045002806,0.0057063997,0.012167952,0.006328673,00014323_002.png
0.00836758,0.009557562,0.0032389252,0.5408216,0.007919117,0.06720181,0.06631651,0.119161375,0.007777606,0.09841778,0.0033561941,0.012384473,0.06686858,0.003568913,00014717_002.png
0.009541789,0.8496613,0.0061028586,0.034964606,0.010452813,0.030995427,0.010743324,0.008794138,0.012982809,0.00745579,0.003349575,0.008626298,0.05923623,0.0076167425,00018204_000.png
0.06723077,0.021259692,0.36349595,0.82581294,0.0821729,0.05399512,0.022503782,0.94802344,0.018816238,0.0094698705,0.08326211,0.14830385,0.13972096,0.008457563,00010677_020.png
0.35959685,0.01741579,0.01629974,0.65051705,0.02775065,0.053141676,0.0723911,0.12160001,0.008358718,0.027803993,0.03035024,0.010075518,0.15394188,0.005598947,00015530_018.png
0.107854344,0.008508768,0.034275003,0.13547926,0.7730287,0.37696925,0.0097431,0.02242644,0.05343751,0.009968839,0.0072416062,0.0033346068,0.09799535,0.0058042267,00007057_002.png
0.055991475,0.0069613396,0.031353764,0.098682515,0.004655488,0.017773988,0.02078265,0.008588603,0.03905962,0.0064389994,0.007656029,0.16930719,0.9526741,0.0046500578,00003322_001.png
0.13632303,0.0042441557,0.031872377,0.9566296,0.012422293,0.044011295,0.9250817,0.018452324,0.041453708,0.0623618,0.009103682,0.02709147,0.022067055,0.0047161663,00017605_000.png
0.42914966,0.004424694,0.010864788,0.30588678,0.10341907,0.012727938,0.015845718,0.29691508,0.10844866,0.04191122,0.006980408,0.0058051543,0.017072598,0.004416919,00012622_017.png
0.012305039,0.0067008855,0.0016926078,0.03525669,0.005243244,0.13278304,0.07931802,0.009291875,0.00710599,0.004601744,0.004871133,0.07809138,0.011259569,0.008207384,00008590_001.png
0.05593274,0.61447823,0.02836468,0.034324344,0.017194774,0.17002752,0.064531475,0.0108296545,0.0051756944,0.012813376,0.051792353,0.2133635,0.014364042,0.24697681,00004342_030.png
0.05111917,0.012145099,0.0061894576,0.27313176,0.0066114548,0.0673343,0.27090424,0.008086498,0.043974977,0.0036925492,0.0014265383,0.53656346,0.026063282,0.009765474,00008043_002.png
0.03889098,0.043008532,0.45084444,0.121488415,0.03463656,0.5787316,0.07023986,0.0010964025,0.86198986,0.017991012,0.0035965526,0.024432613,0.031249374,0.019296708,00016732_012.png
0.032662336,0.010891058,0.11303083,0.058402844,0.021708803,0.037274815,0.0044688825,0.90460026,0.008470597,0.0062216995,0.9547091,0.028142216,0.36262563,0.009539694,00019927_004.png
0.06964785,0.0063223937,0.070686854,0.7647118,0.02221106,0.09680693,0.15603535,0.017012352,0.015993208,0.02412084,0.047746994,0.7886466,0.09628869,0.0078027947,00003730_002.png
0.010851088,0.0057141185,0.00617704,0.23070611,0.009831949,0.10953905,0.043887436,0.010789574,0.35422933,0.2631895,0.00467606,0.0052289083,0.040431827,0.00453227,00004316_004.png
0.028827516,0.036044016,0.0069635017,0.026991185,0.08967814,0.11835598,0.012383481,0.004496204,0.056858324,0.009096335,0.0029889527,0.0048793657,0.021490837,0.0063796523,00002067_000.png
0.076308206,0.041309733,0.0037725486,0.021759141,0.013341721,0.031605504,0.027595608,0.005057761,0.017095402,0.008436284,0.003851251,0.009373178,0.022053145,0.009319481,00019660_001.png
0.008387041,0.01279583,0.02755885,0.4010254,0.033589542,0.023026766,0.008724938,0.35752293,0.08190965,0.035929114,0.0030318953,0.012063799,0.71606654,0.005373144,00010007_041.png
0.86028916,0.0047701807,0.042699214,0.72186255,0.017357528,0.0111795915,0.11189821,0.4075744,0.43822417,0.061189223,0.018823946,0.004768422,0.019376284,0.005163286,00010544_014.png
0.25743294,0.003934766,0.0031911237,0.01816366,0.02763423,0.0057762903,0.01453247,0.015710574,0.027854329,0.0069436673,0.016362224,0.009570919,0.037344795,0.006288796,00001686_000.png
0.06178063,0.0046639782,0.032046985,0.73110634,0.14079694,0.015472827,0.014112646,0.64245063,0.3662152,0.010938075,0.0025312342,0.038110167,0.0942921,0.0053786873,00017753_008.png
0.17539805,0.011446906,0.020225978,0.020449046,0.87880975,0.03649807,0.006346946,0.011603479,0.087776676,0.0068562278,0.008184228,0.00788071,0.03411758,0.013416736,00010092_043.png
0.009946119,0.011211401,0.022394812,0.08305257,0.036837183,0.14410406,0.006957922,0.6473705,0.009790379,0.012703574,0.9731224,0.025251726,0.03197565,0.01188292,00002275_004.png
0.038136534,0.009038874,0.008251996,0.01789644,0.024416443,0.6057438,0.021699255,0.0035046022,0.009130575,0.004016549,0.009438514,0.06881573,0.050398994,0.033416003,00009587_000.png
0.16734871,0.005491326,0.011066602,0.018268473,0.05782956,0.1087867,0.032465894,0.0046140268,0.019427454,0.005624757,0.20693201,0.26000687,0.0175181,0.08031149,00009355_000.png
0.014036612,0.00616276,0.0015920685,0.012930151,0.010943096,0.080146976,0.0154255815,0.022908665,0.004831686,0.003819863,0.0073503023,0.015118362,0.018095583,0.005782754,00014519_000.png
0.68159676,0.04581676,0.100767806,0.03747555,0.5225668,0.023963422,0.009446355,0.7072639,0.0147846015,0.011621564,0.60811645,0.004943996,0.030862147,0.018194824,00000248_002.png
0.5139053,0.07508548,0.015813174,0.026623737,0.009315388,0.004804248,0.02101927,0.0071802326,0.56608653,0.0049446463,0.003393229,0.0074550556,0.084857985,0.0068652215,00005650_000.png
0.035618037,0.0065437458,0.006997994,0.01777925,0.56595963,0.025797192,0.008732835,0.04088792,0.018790588,0.0106978305,0.023400916,0.017327176,0.029425139,0.009580135,00014364_005.png
0.22728255,0.030824058,0.015853357,0.24562366,0.21987455,0.12550732,0.029184768,0.5113888,0.0077666333,0.00843102,0.013261551,0.009979956,0.07737081,0.009001782,00014120_003.png
0.05510828,0.16015685,0.032041766,0.8152972,0.010626817,0.061068133,0.12160623,0.038559504,0.009738734,0.034916442,0.006970588,0.0183094,0.479234,0.0065124556,00015646_014.png
0.20345205,0.001814672,0.0134165855,0.63325876,0.09981601,0.009277489,0.020443045,0.4375358,0.5131181,0.07996463,0.026168939,0.0078221215,0.015442029,0.0057766186,00001952_006.png
0.039324306,0.0035705313,0.05542946,0.13652271,0.21209031,0.07210187,0.007115238,0.01717814,0.4793462,0.0049053263,0.0052664424,0.13693117,0.8590329,0.0059364047,00005612_011.png
0.033709865,0.0056421813,0.0015002327,0.010143556,0.029361093,0.018619644,0.010807519,0.01616733,0.01750481,0.009601863,0.005586576,0.0040545785,0.012459964,0.0045880214,00015007_007.png
0.06642377,0.012402501,0.06192836,0.011206993,0.9728694,0.020192271,0.0020056446,0.04036097,0.03046901,0.004067821,0.008129048,0.003837823,0.18481664,0.004953438,00017313_002.png
0.011612785,0.004365977,0.027705226,0.70631236,0.15025033,0.12513421,0.031195743,0.011607829,0.07313149,0.96683896,0.008062201,0.0047799153,0.012193266,0.003277746,00013670_073.png
0.5494053,0.008086429,0.005864738,0.14874698,0.00905381,0.009264427,0.15205468,0.06579591,0.31843093,0.03448394,0.0048331954,0.005956671,0.012521504,0.007200964,00003426_030.png
0.028898813,0.06257276,0.0014005196,0.003947568,0.008607963,0.005788981,0.014007045,0.00681535,0.025216391,0.0065704775,0.0029157442,0.00657143,0.0056602196,0.0069886525,00001277_000.png
0.116837054,0.021122908,0.0055722683,0.0087879095,0.21802512,0.019358272,0.00924561,0.72396934,0.00748594,0.0041830344,0.025698593,0.0056086136,0.017723875,0.0075444384,00010695_012.png
0.014495573,0.007975071,0.006191086,0.14823239,0.025703166,0.28117728,0.028497098,0.054559343,0.01217474,0.005243013,0.16827944,0.57540554,0.014932925,0.014758841,00012543_005.png
0.38038456,0.0048716133,0.006456075,0.1898481,0.008420865,0.028873194,0.22350682,0.01416488,0.4953588,0.01890787,0.004968,0.006044573,0.026415424,0.00686618,00004578_004.png
0.4237656,0.041243657,0.35673323,0.6208177,0.0082644895,0.009934481,0.13569742,0.043303695,0.22211175,0.28910276,0.007167985,0.0099638095,0.14620991,0.0055548484,00017138_023.png
0.0033211776,0.029626762,0.0015169197,0.001323797,0.015783057,0.09405044,0.003821206,0.0034724323,0.002686397,0.0027975156,0.008290983,0.026089009,0.04501906,0.012658887,00018940_001.png
0.0049872384,0.008775968,0.0013984372,0.012723206,0.012452139,0.18751597,0.014907876,0.008752956,0.0046376577,0.008351417,0.0031141364,0.012574051,0.008266858,0.005898434,00004274_000.png
0.11709433,0.013485818,0.03339605,0.15024264,0.110676646,0.2259777,0.026208797,0.037749365,0.02772961,0.013117672,0.4534216,0.75284034,0.08770244,0.046195526,00017263_000.png
0.037613172,0.02829782,0.09027261,0.3909645,0.02019437,0.7272,0.08607279,0.0032468045,0.36537972,0.015764136,0.0048749084,0.006022471,0.066388585,0.008800945,00009953_041.png
0.01965742,0.004470075,0.01667693,0.82520187,0.011415039,0.3331883,0.12429365,0.011593497,0.28173122,0.078670904,0.004337812,0.007525628,0.1339994,0.0047360766,00002300_023.png
0.007622743,0.39722407,0.390911,0.14760919,0.046564564,0.17177139,0.011571831,0.00256308,0.46645316,0.18126723,0.004768234,0.0054252064,0.09166041,0.006095077,00017425_006.png
0.068386935,0.016145296,0.051002946,0.3258416,0.09306218,0.08611629,0.0121866055,0.9932997,0.020483958,0.0065751816,0.54824674,0.03167434,0.04839534,0.011912182,00017747_056.png
0.21329676,0.009160568,0.038850445,0.2533977,0.9259678,0.31013486,0.011944283,0.014973529,0.14548336,0.009167608,0.005781249,0.0072081424,0.017781215,0.009176978,00013499_001.png
0.032481294,0.01806147,0.3373005,0.6358759,0.049942102,0.014428908,0.0062697567,0.16256173,0.258814,0.013995103,0.0032570097,0.010611071,0.9110194,0.0040733493,00010007_158.png
0.019572336,0.0131149925,0.0142778475,0.031997047,0.8062228,0.37199962,0.009255089,0.23812003,0.0034045095,0.013395634,0.073102385,0.0051327962,0.10294407,0.009300482,00013911_003.png
0.012685734,0.020737236,0.107879356,0.49383405,0.012755585,0.19466887,0.15447775,0.0036992796,0.8301742,0.24626195,0.004353039,0.0063036326,0.04270015,0.0063234186,00013616_043.png
0.062317926,0.02109568,0.07939339,0.57524925,0.052033935,0.14480627,0.018567689,0.99160755,0.011732928,0.007037946,0.5798914,0.025590496,0.15494215,0.013149358,00017972_014.png
0.14865682,0.24130818,0.014109109,0.09555027,0.0051979,0.079041116,0.10907977,0.0076708095,0.017744185,0.0038929116,0.004721156,0.18000886,0.11718256,0.03232842,00007798_000.png
0.06585953,0.0772899,0.0023733827,0.00857286,0.020489335,0.011989517,0.011166937,0.007198697,0.019468496,0.0053052153,0.0031894813,0.005166466,0.018060522,0.0072144484,00001855_017.png
0.06096677,0.0020327033,0.008197876,0.4469048,0.3050861,0.68195754,0.029470297,0.012820871,0.084279254,0.015251564,0.01306541,0.012457342,0.034650393,0.0074763973,00003981_016.png
0.70881677,0.017221458,0.9485977,0.3116301,0.014034341,0.0030079428,0.0069297864,0.88609266,0.021419648,0.0061022025,0.05350202,0.016996516,0.43421814,0.0030226272,00018366_028.png
0.19778135,0.0068697487,0.017669698,0.78318834,0.016679965,0.047456246,0.055688925,0.78731513,0.033716142,0.005251991,0.012444853,0.021203931,0.17449205,0.0050769676,00005365_011.png
0.43855748,0.005104955,0.17252816,0.2378385,0.91726494,0.093484186,0.009486295,0.03188535,0.26434165,0.005400339,0.017872194,0.102903426,0.3163451,0.009807955,00013659_012.png
0.10579995,0.55296147,0.84073883,0.38565493,0.07017558,0.32466084,0.11889649,0.0058682584,0.22877577,0.17127253,0.009310651,0.017757045,0.045725018,0.018947955,00017036_019.png
0.039568163,0.005914814,0.013227403,0.10882005,0.18149807,0.7379067,0.017760722,0.013388112,0.009492091,0.00716308,0.008581809,0.033576876,0.23680417,0.011035266,00016541_003.png
0.4977274,0.0633314,0.03432166,0.2484636,0.025249396,0.026170477,0.03170569,0.19179036,0.0114816865,0.006030749,0.010853167,0.023997225,0.50592697,0.0088571785,00009820_000.png
0.019280428,0.010802564,0.0012607415,0.018297588,0.005760929,0.040472582,0.017598264,0.016119134,0.00886059,0.0042104507,0.0025551745,0.0070683924,0.030630257,0.0037017514,00002117_003.png
0.006761593,0.005922147,0.0094653675,0.14415754,0.02939986,0.13860689,0.01257504,0.01009935,0.1878104,0.105865,0.0041574123,0.0056286077,0.09524849,0.003686746,00015732_034.png
0.03927,0.0030936056,0.013705996,0.837733,0.43902755,0.109637454,0.025355497,0.045328688,0.055390712,0.7993149,0.015240661,0.0053223437,0.010087196,0.0041932324,00015793_006.png
0.19166666,0.009365847,0.037075024,0.3482825,0.101590954,0.019957941,0.017980771,0.9590795,0.046039943,0.006697008,0.027804857,0.032001186,0.09825292,0.007428717,00011226_028.png
0.34440485,0.0057738046,0.56093365,0.8678563,0.019131087,0.036226448,0.03986064,0.2877421,0.059272416,0.0067843064,0.0155895455,0.018013371,0.8087922,0.004516858,00014253_029.png
0.037586186,0.004450783,0.081249826,0.2570933,0.70393157,0.8621177,0.008504501,0.0032441407,0.20611459,0.009448733,0.0051125404,0.009652656,0.057131052,0.00807431,00013312_001.png
0.6976514,0.012346068,0.08350629,0.116633855,0.005299006,0.007965001,0.03047194,0.09565636,0.019465983,0.0036799982,0.07036362,0.099866755,0.54831,0.007147917,00004577_006.png
0.18247373,0.005370647,0.039419025,0.70935535,0.16848503,0.57004535,0.08035024,0.019955577,0.0481913,0.005701756,0.008558541,0.38098723,0.060576558,0.009867488,00003241_000.png
0.20686905,0.008324312,0.07674807,0.92645705,0.09683357,0.08487337,0.1406405,0.19786869,0.03581991,0.010766014,0.0643638,0.5230522,0.026007159,0.009353345,00003593_005.png
0.008906785,0.0053285016,0.012439662,0.42729035,0.082007065,0.7448901,0.011680138,0.027001357,0.019086514,0.0051628794,0.033323012,0.90840435,0.031550277,0.009964581,00018015_016.png
0.02213786,0.007414175,0.004666604,0.004350545,0.06876866,0.025261316,0.0057370914,0.7544192,0.012204039,0.0047628246,0.62929106,0.0061459895,0.03643326,0.0076399175,00004922_000.png
0.01722535,0.006154771,0.10902515,0.89125025,0.040476482,0.77242345,0.068609305,0.010819286,0.06099429,0.023790963,0.0082635945,0.17212725,0.6008978,0.0084021995,00018080_006.png
0.013395351,0.011712835,0.027150787,0.0092918575,0.61232173,0.100021966,0.0053010974,0.5542872,0.010427944,0.0076616323,0.3191817,0.018097598,0.38829264,0.010818525,00009890_002.png
0.20136122,0.01708507,0.00935894,0.04370116,0.15485007,0.009072044,0.006383214,0.02951001,0.11587663,0.038675826,0.003938601,0.005746371,0.037561823,0.0047685374,00019550_012.png
0.019132566,0.0027444514,0.00930821,0.9730812,0.14654389,0.2237849,0.03957553,0.78081554,0.013903771,0.0656404,0.20004298,0.009052103,0.006522119,0.0036926775,00005593_000.png
0.0362805,0.010575213,0.0109324185,0.021775667,0.01628244,0.45647544,0.013244173,0.013775313,0.006997077,0.009068718,0.063882,0.021293184,0.7452808,0.01312229,00010179_007.png
0.00420211,0.0042275568,0.0019942806,0.00082403794,0.026428396,0.017062368,0.0025901946,0.015471287,0.0044568176,0.0038768123,0.080889955,0.03965773,0.2699242,0.0062532932,00001081_001.png
0.023608057,0.016995298,0.05786531,0.04729801,0.1237019,0.14429542,0.0047595478,0.6943367,0.010719809,0.007651644,0.9899266,0.028142104,0.043461125,0.017289858,00000118_002.png
0.016111791,0.0053432127,0.0023445974,0.08163063,0.008203483,0.06287499,0.021599162,0.19019258,0.007039609,0.010215788,0.005095351,0.007516064,0.060218297,0.003717973,00006096_000.png
0.12459194,0.0743951,0.007137319,0.17332663,0.010172803,0.0688256,0.052480426,0.009495391,0.053105254,0.007280718,0.002302656,0.018599354,0.09324705,0.008993805,00000459_017.png
0.1289559,0.006221325,0.009534262,0.41588753,0.2434628,0.033404764,0.009589741,0.13455014,0.05621307,0.59105164,0.020317152,0.0050592106,0.019187588,0.005294027,00013575_008.png
0.10965365,0.6303879,0.022396937,0.07716704,0.06372192,0.050708216,0.020162052,0.024507254,0.019707821,0.009944439,0.004246555,0.010950639,0.03901132,0.013028299,00018181_000.png
0.31596863,0.03361221,0.09952577,0.09202555,0.57430786,0.0453961,0.011616345,0.010962668,0.45151964,0.07497502,0.0070815263,0.008671988,0.025999924,0.011752938,00013615_059.png
0.3583415,0.6130001,0.068209305,0.08073593,0.03201155,0.039939616,0.02917411,0.0112694735,0.066976145,0.07019397,0.008052669,0.0066428245,0.061568826,0.011284024,00001232_002.png
0.012850572,0.9697768,0.08306596,0.39689767,0.0064716586,0.011721787,0.03339295,0.018395107,0.013789248,0.044188518,0.0020759779,0.009910844,0.059821136,0.0053996653,00004344_043.png
0.0051141027,0.006037541,0.009515036,0.029650778,0.040356833,0.36105028,0.0058118016,0.018466102,0.012067653,0.00885982,0.043055512,0.48181167,0.7069592,0.008882749,00009166_000.png
0.6248775,0.0038836135,0.00577225,0.48737937,0.05714875,0.050781988,0.102427304,0.11221029,0.031138437,0.008789455,0.06479559,0.0043804976,0.012496684,0.0054137274,00002720_010.png
0.028246349,0.060854707,0.004054444,0.04851901,0.0034067042,0.044108797,0.123519346,0.009952606,0.0038116015,0.00801644,0.021749515,0.22082457,0.048461996,0.014945274,00000424_000.png
0.02226803,0.023668295,0.027619043,0.027366174,0.026192615,0.622755,0.03317341,0.001858664,0.21149793,0.0058535254,0.0043743895,0.020683954,0.038134933,0.019900914,00007624_032.png
0.08425254,0.025236923,0.03220086,0.95460546,0.026095437,0.110264115,0.1294334,0.3923165,0.016509656,0.009637161,0.010025457,0.07692944,0.13907479,0.005806588,00016778_014.png
0.87683934,0.0063505163,0.048263784,0.06251989,0.0032498026,0.0023828752,0.27716836,0.004455212,0.02216635,0.006401995,0.085006654,0.285601,0.041125737,0.011758417,00005653_009.png
0.020147353,0.0016401573,0.011798061,0.9417288,0.20302217,0.04109536,0.009046197,0.48142123,0.17193538,0.18494764,0.0052719656,0.0069239964,0.010033889,0.0031654194,00001814_006.png
0.07152931,0.050924744,0.007737801,0.7315467,0.0044660005,0.017644605,0.3916806,0.03702961,0.016866598,0.04333075,0.0041283807,0.009740114,0.13694657,0.004133165,00001911_014.png
0.040647987,0.0021520024,0.0049268194,0.96707547,0.053306103,0.092607245,0.46466857,0.083241455,0.050717212,0.36895284,0.023401057,0.0068105687,0.008706453,0.0046602385,00010773_008.png
0.17629963,0.0068529234,0.02636226,0.03082582,0.023846854,0.020255916,0.0061257733,0.8751478,0.024146674,0.003942885,0.9830859,0.0047876975,0.03901775,0.008168459,00013111_062.png
0.36092046,0.0019981174,0.006606653,0.5647979,0.015612393,0.08730307,0.14031598,0.028919792,0.47955805,0.0076207593,0.008730115,0.012389904,0.073835336,0.0056778276,00016672_002.png
0.15873198,0.0037464453,0.016155262,0.6393023,0.10215095,0.36076856,0.5016446,0.012025777,0.053724445,0.2276129,0.02387343,0.006675543,0.016375544,0.012635813,00012045_032.png
0.004805774,0.0069790664,0.0071016746,0.027361212,0.036016062,0.9621783,0.011459648,0.0031111978,0.0058410796,0.0052538826,0.0064520906,0.0123100355,0.011811674,0.0112854345,00019479_010.png
0.2951903,0.0050503975,0.0029820404,0.07820438,0.026403893,0.0119238775,0.014524218,0.06565532,0.088228084,0.0150794815,0.0042216913,0.0034264699,0.05890093,0.0036453533,00003465_004.png
0.022182846,0.0060039745,0.012824032,0.7729712,0.09791353,0.20062539,0.116948195,0.019699808,0.02784554,0.9122617,0.014701001,0.005459896,0.016820654,0.0050716787,00000652_007.png
0.023985116,0.0068279663,0.027174102,0.29434955,0.3125256,0.029533988,0.010829848,0.9229813,0.06692716,0.008069079,0.00892132,0.014841657,0.0981367,0.0068999166,00006425_024.png
0.38150173,0.0058871997,0.217927,0.06357421,0.2695841,0.03681832,0.009495553,0.009185801,0.91115224,0.006496993,0.009933544,0.016483838,0.26576945,0.008150175,00016732_010.png
0.15154836,0.007622436,0.011404369,0.5539747,0.0060778274,0.007986683,0.07509903,0.6903886,0.013863041,0.014128691,0.004766682,0.016438035,0.028882947,0.003541751,00017138_044.png
0.0067833522,0.014796156,0.011951802,0.14795834,0.073955275,0.09230297,0.008399626,0.013964617,0.027610652,0.95687443,0.008963731,0.00490676,0.021395609,0.0037761093,00004911_017.png
0.046293933,0.13564548,0.006852547,0.043711018,0.009188474,0.02102611,0.021777108,0.0089727845,0.23137791,0.023622736,0.0030810663,0.004745049,0.041014265,0.005064256,00019098_000.png
0.9217329,0.009487352,0.69500875,0.3227786,0.67414623,0.037891053,0.02149189,0.069718994,0.17478809,0.009428198,0.12579966,0.021013094,0.11308378,0.0123942755,00008154_000.png
0.009529113,0.0061173434,0.034958832,0.80869424,0.045916986,0.20062488,0.008728056,0.39576268,0.029349545,0.0054636076,0.17768827,0.8917056,0.050274048,0.0065063126,00011054_001.png
0.8136205,0.0031438568,0.3628884,0.70098567,0.04272558,0.005598291,0.013632212,0.38052368,0.4266118,0.31687865,0.06401684,0.0038860028,0.029398235,0.0041800463,00001301_033.png
0.021623017,0.9642442,0.031257026,0.16994235,0.0062254737,0.024230868,0.36068052,0.0056376406,0.011583689,0.06690726,0.0043094363,0.011571896,0.0055319425,0.013159932,00003989_012.png
0.07367351,0.008141483,0.008064882,0.010666279,0.41664347,0.017768161,0.004994053,0.014073032,0.023950072,0.008691194,0.009239807,0.005149343,0.13474439,0.00591665,00008326_000.png
0.08536085,0.0027642497,0.020597547,0.98033947,0.13159697,0.34283558,0.104585804,0.26346081,0.02843004,0.026620228,0.05129461,0.022483546,0.041167013,0.0037930193,00001483_012.png
0.016489305,0.11187566,0.024072919,0.01544213,0.11028847,0.012706935,0.0055769207,0.013283877,0.42556176,0.14697814,0.0028922793,0.0048341425,0.014091987,0.0040649646,00007718_011.png
0.22540623,0.06972088,0.057418093,0.064098224,0.08856556,0.03817444,0.015353888,0.7899388,0.0064274906,0.009403142,0.12623048,0.01450878,0.41015399,0.012853743,00014731_022.png
0.15420769,0.0048508043,0.014312106,0.08835283,0.013251597,0.028242664,0.07823068,0.008503279,0.012812406,0.010314222,0.5994518,0.10382109,0.018320262,0.017242698,00005316_000.png
0.2177252,0.72069985,0.038754914,0.22789046,0.005423873,0.012633488,0.13632111,0.017527448,0.006836126,0.007778681,0.0067348415,0.17650251,0.16727702,0.019315118,00001582_012.png
0.009571982,0.009235556,0.5300007,0.94907606,0.05956512,0.05608082,0.014022692,0.53903145,0.030952971,0.012220254,0.01086567,0.39753935,0.5063508,0.0045877076,00014015_016.png
0.031519063,0.9373999,0.16185448,0.24494395,0.0075058765,0.03572803,0.074932404,0.00934193,0.0034128244,0.03159046,0.026766712,0.45063198,0.09863324,0.037056904,00006481_013.png
0.018453252,0.982904,0.25934318,0.24924743,0.01785832,0.038981035,0.012789093,0.012614783,0.011203685,0.012718971,0.004189131,0.016602844,0.1709282,0.009766595,00005066_033.png
0.021537453,0.0026050208,0.0022514893,0.043830197,0.17598246,0.018964494,0.009544341,0.072002016,0.38913953,0.012462939,0.005569278,0.008544016,0.014562892,0.0049571833,00011151_001.png
0.39701104,0.008261391,0.048342846,0.24609503,0.27017915,0.019579034,0.016158435,0.92932874,0.12048112,0.01000235,0.3221714,0.01542015,0.08237794,0.01220378,00010841_001.png
0.06791047,0.018912965,0.02007184,0.77615184,0.025234584,0.034789063,0.045790114,0.6439204,0.0056354334,0.15390413,0.046334464,0.024560278,0.06345955,0.0072066276,00014452_007.png
0.01256324,0.5272992,0.12600484,0.24536394,0.0115057845,0.05714146,0.035438355,0.005243615,0.032200705,0.36211723,0.0068741124,0.00932326,0.19436058,0.0060206875,00016291_053.png
0.14910378,0.012205356,0.019654097,0.6864933,0.00834812,0.06399306,0.05680417,0.40030056,0.013647943,0.0074872435,0.026264304,0.043942202,0.6630886,0.006468872,00008864_006.png
0.49647802,0.0019408126,0.00604246,0.27613783,0.037416775,0.014280082,0.03732622,0.056440428,0.35197735,0.013810911,0.010939839,0.007326165,0.037381228,0.0044608773,00010007_049.png
0.1644286,0.8140162,0.057250183,0.12376698,0.025285808,0.042040817,0.033799455,0.016391205,0.013623309,0.008093198,0.007050196,0.016766557,0.100802526,0.018864408,00009323_004.png
0.23100911,0.87450945,0.97747964,0.19736138,0.073813535,0.043329258,0.04201534,0.005601743,0.2248673,0.2787866,0.008484886,0.016187912,0.033212963,0.013526358,00000032_050.png
0.11807425,0.04282357,0.014592463,0.21045385,0.016453074,0.024150895,0.032000978,0.028967632,0.4398953,0.08695315,0.002910376,0.0055500483,0.04122747,0.004786721,00015732_014.png
0.089733526,0.009481001,0.013523799,0.7466525,0.012489205,0.4798794,0.09914577,0.028666245,0.025122508,0.008253082,0.009020987,0.021426305,0.43140584,0.0061761676,00003916_002.png
0.041105133,0.013084132,0.014043265,0.033483237,0.037233762,0.21697865,0.04548035,0.008597154,0.0082335705,0.011514856,0.3294151,0.3267973,0.0110234115,0.098159425,00005032_000.png
0.49353063,0.011806142,0.018659668,0.15928248,0.097988434,0.019349424,0.021522285,0.6171216,0.031042282,0.004395705,0.0076162857,0.012083241,0.14531949,0.006238512,00006906_014.png
0.07363369,0.237844,0.0057812715,0.013555944,0.009368296,0.006787225,0.008360383,0.012164239,0.018370906,0.0154876085,0.005290673,0.0050362805,0.12659897,0.004821462,00012021_072.png
0.017792085,0.0022852872,0.04914293,0.73749006,0.053335346,0.14557897,0.04444921,0.009661453,0.96542937,0.19878551,0.004385444,0.005151266,0.017343981,0.004523744,00010012_023.png
0.0076912353,0.051249277,0.003354668,0.11432217,0.0058064503,0.21336055,0.027160645,0.080730796,0.00589534,0.0070757186,0.008404978,0.2874919,0.14360528,0.00905022,00017370_000.png
0.17982936,0.005986615,0.67729545,0.111149445,0.013305088,0.0027410644,0.005790364,0.08646527,0.008408356,0.010715391,0.9951226,0.013313836,0.010179637,0.0044644084,00019242_013.png
0.009511693,0.20697102,0.65730435,0.7565545,0.008674841,0.073418856,0.23062581,0.0025756094,0.5957148,0.09019372,0.0025323094,0.014683139,0.05952012,0.005088897,00013993_081.png
0.18764025,0.031647835,0.43238392,0.16491894,0.032413606,0.009945472,0.0059998943,0.12305321,0.039240986,0.0060285544,0.0076071722,0.0094235735,0.9651172,0.0043071355,00002939_003.png
0.009308636,0.0020390237,0.0024372078,0.18446763,0.048749734,0.38481998,0.015270798,0.03564477,0.02342571,0.032563347,0.005237736,0.004185818,0.025931198,0.003812746,00009116_002.png
0.010143512,0.2159941,0.25500524,0.25069696,0.06329242,0.22881274,0.019039866,0.004059478,0.18204463,0.41640407,0.004644109,0.008727863,0.06860108,0.0063008526,00004299_011.png
0.29526392,0.006221859,0.008857379,0.54145455,0.28419992,0.1868163,0.03901366,0.07005583,0.018188858,0.039217398,0.03221452,0.0047686663,0.024082894,0.007125992,00002927_000.png
0.25545564,0.0064530224,0.0048363428,0.05799063,0.036991946,0.0072492654,0.010404258,0.5949536,0.03551367,0.010911258,0.008716586,0.004320897,0.024662217,0.0038687254,00009850_002.png
0.03289532,0.007955685,0.0040287413,0.04029316,0.30893886,0.045908477,0.010760623,0.23574121,0.007708602,0.021681538,0.01610233,0.0066536725,0.00961624,0.0060736984,00005113_001.png
0.20123391,0.0038948467,0.023212003,0.5287299,0.07143982,0.045626175,0.037397552,0.058460537,0.0132294865,0.04519157,0.13342042,0.0061563435,0.09634704,0.0048264433,00015112_005.png
0.1931322,0.014673558,0.0075564366,0.02042094,0.029003961,0.018404016,0.017367054,0.49442136,0.017132401,0.0047858646,0.05379189,0.033233106,0.11084081,0.011416073,00009166_003.png
0.09102289,0.009502259,0.007791716,0.056557193,0.13627227,0.03133632,0.012900972,0.11883249,0.00876802,0.035202723,0.021272331,0.0048626335,0.02345382,0.00586716,00009638_016.png
0.3561015,0.002648016,0.06912322,0.9546877,0.31387222,0.4981322,0.247204,0.04452963,0.2593478,0.02163065,0.024523005,0.03693974,0.02978723,0.0074907592,00008256_002.png
0.7640537,0.084739156,0.025239874,0.016835306,0.01562691,0.018948935,0.14687662,0.004895602,0.013301827,0.007804563,0.061859768,0.139697,0.02184468,0.37491345,00019059_001.png
0.10310789,0.006548189,0.06158134,0.857016,0.05210986,0.081998326,0.33379355,0.021380667,0.043570656,0.014438703,0.007681593,0.8400136,0.011033496,0.013579001,00000723_002.png
0.06484129,0.0056694485,0.012582278,0.19124395,0.008619357,0.005132282,0.06703089,0.061259646,0.10005619,0.6946509,0.01150777,0.010497791,0.024888942,0.0049926154,00015401_007.png
0.26287413,0.032387923,0.054936055,0.029405357,0.01728555,0.048935164,0.01602969,0.1191284,0.008404604,0.008014578,0.74043596,0.016675359,0.52418524,0.016862351,00006485_003.png
0.007349524,0.0071545765,0.016526587,0.9415607,0.003546761,0.012363512,0.17776679,0.05770102,0.0154121155,0.0042583174,0.0018306943,0.88863164,0.011402171,0.0017782451,00002711_000.png
0.31110087,0.855873,0.17841302,0.040536076,0.078945786,0.10616499,0.04638756,0.009708503,0.02231428,0.011759232,0.0147570865,0.0318006,0.017829573,0.25755635,00004725_001.png
0.29435748,0.012614231,0.31813225,0.35850903,0.22807308,0.475092,0.040040705,0.0055547697,0.7803096,0.01202669,0.006061655,0.018094802,0.112032115,0.014911819,00015343_003.png
0.40049115,0.0024307047,0.04366465,0.6245321,0.16637897,0.02264941,0.020120185,0.4785632,0.6992199,0.006757162,0.014280061,0.0212784,0.2856334,0.0066418643,00011033_002.png
0.037816253,0.011591263,0.063196115,0.026149228,0.57594067,0.27070153,0.0045241844,0.004235636,0.42884466,0.0044546514,0.005141815,0.0149857355,0.34713152,0.0076191947,00013648_026.png
0.015668325,0.9279567,0.035663478,0.012786713,0.044104192,0.0443557,0.009864121,0.002885163,0.02578928,0.014744198,0.0036220397,0.0044174157,0.007800189,0.014274102,00001739_000.png
0.066278584,0.0021945387,0.020305192,0.75465417,0.15159771,0.28339258,0.07940042,0.0173295,0.76010424,0.07020589,0.0075483415,0.009417908,0.024826445,0.0070696673,00001200_012.png
0.050881296,0.012843334,0.0019507757,0.010860173,0.01076036,0.0057742563,0.014304568,0.019710364,0.09466965,0.011028019,0.0033906754,0.006235906,0.018155534,0.0044692834,00006220_002.png
0.07510786,0.009298199,0.013263566,0.083961286,0.010533528,0.015460033,0.011819062,0.018817604,0.02446654,0.0037433018,0.015236111,0.9801052,0.13962148,0.009556636,00001205_008.png
0.003307843,0.010831449,0.0057825763,0.012340225,0.09966073,0.09631759,0.004852547,0.9716864,0.004918063,0.0065615973,0.1313182,0.027500855,0.049282525,0.0056675994,00015831_006.png
0.031872258,0.0077054338,0.42672735,0.6479829,0.19743586,0.79034966,0.026413528,0.0023712306,0.85378164,0.02265256,0.003858247,0.011490001,0.047265965,0.0075269137,00014398_017.png
0.3893831,0.005339699,0.007104789,0.44854265,0.007986411,0.053375315,0.093643345,0.107638285,0.012243483,0.0039097504,0.019697161,0.0060484884,0.12031112,0.0032858055,00007411_003.png
0.019844905,0.7144863,0.006606712,0.009474067,0.009478964,0.01263297,0.03177631,0.022264253,0.0030501105,0.041683584,0.057046268,0.0237248,0.0072121844,0.024267854,00004251_000.png
0.0049783164,0.00408049,0.0045667617,0.2043889,0.52276486,0.12109796,0.0062839384,0.08418408,0.08157299,0.034115512,0.0021486261,0.009092579,0.016940758,0.0033200758,00019700_004.png
0.265256,0.029772943,0.16735949,0.15913425,0.019504119,0.017556326,0.032940045,0.010725115,0.33436278,0.34358656,0.00794228,0.008904963,0.117105916,0.0057615982,00011402_007.png
0.007855313,0.0054490315,0.008223865,0.36522734,0.09864509,0.07653139,0.015726058,0.5296541,0.011843842,0.028022127,0.03256012,0.05387328,0.015604742,0.0055273375,00008888_004.png
0.07240974,0.8917884,0.03670156,0.051291868,0.035299372,0.026920978,0.014444865,0.009252832,0.029420093,0.010117485,0.004627376,0.0066849464,0.0670297,0.012000389,00006166_000.png
0.494792,0.009490167,0.042524822,0.0920602,0.02618537,0.004450849,0.010446979,0.12525523,0.2831535,0.18479751,0.010159641,0.0056868936,0.030798737,0.0045352145,00010123_002.png
0.5037942,0.016643604,0.09668127,0.15368766,0.34146872,0.35866985,0.08607823,0.013372198,0.03964204,0.016055273,0.09992404,0.4621902,0.017459074,0.3761774,00011347_001.png
0.018863983,0.014733914,0.028557336,0.13360223,0.33858147,0.026232567,0.006626652,0.23231418,0.14105548,0.009153006,0.0026755673,0.02067402,0.6919743,0.0063569713,00016772_026.png
0.025474174,0.004208746,0.0036246825,0.07707852,0.030113986,0.10030989,0.0696255,0.05948563,0.019333037,0.026097992,0.3166012,0.0055064796,0.004111167,0.0123988995,00016270_002.png
0.6110329,0.41265184,0.06074881,0.053526025,0.13887173,0.059456028,0.021933943,0.014731043,0.043274608,0.011632468,0.009123408,0.004825241,0.033203464,0.01816545,00004526_010.png
0.009766443,0.008001409,0.0047253855,0.6657125,0.007996539,0.6967733,0.06084496,0.014951165,0.029184634,0.0065415483,0.0020946604,0.05340439,0.082420416,0.0046237074,00013937_009.png
0.07417283,0.003166489,0.019345127,0.96596944,0.035815835,0.075065054,0.20626982,0.10035805,0.06816702,0.3108233,0.0104463035,0.005630257,0.054852773,0.0038507737,00011702_014.png
0.62779987,0.0021334013,0.03793383,0.8852052,0.036442455,0.05912231,0.4837477,0.05637905,0.40410295,0.02566354,0.019118514,0.012670192,0.025404276,0.0065251854,00007007_003.png
0.00867168,0.0034188107,0.009050379,0.499319,0.016375123,0.038318295,0.020319365,0.037369456,0.8085291,0.030740123,0.002267515,0.0126413535,0.12352399,0.0037140574,00008510_001.png
0.15303399,0.031669028,0.6193777,0.15493444,0.27605966,0.026951993,0.009171017,0.0054229014,0.3804289,0.8832297,0.00886415,0.005113489,0.015907198,0.004156775,00019730_001.png
0.29734725,0.02743334,0.025784653,0.14583367,0.030365054,0.15256043,0.12310146,0.005862989,0.08417174,0.0038392362,0.002445995,0.023596786,0.028799893,0.018349012,00017004_001.png
0.018098658,0.0063547273,0.009193181,0.42581093,0.010722161,0.012865062,0.021952834,0.8976224,0.014214907,0.07325003,0.012479229,0.013866653,0.023455912,0.0042476594,00012094_035.png
0.026373498,0.018763827,0.028508272,0.21540962,0.007453881,0.066402495,0.009434208,0.99172264,0.00419465,0.0037711724,0.87332183,0.037316855,0.039425243,0.0076523926,00011460_056.png
0.004970587,0.011035963,0.0040336326,0.024306025,0.029241592,0.14475371,0.008360449,0.25929207,0.005828917,0.008055522,0.028775323,0.14011206,0.097522244,0.007753141,00017001_000.png
0.07925064,0.0039484133,0.075935684,0.73027045,0.07035132,0.012977775,0.009610546,0.065662004,0.2005295,0.89146274,0.009669513,0.0039750063,0.030366419,0.0028832997,00013342_007.png
0.3753731,0.008478561,0.22719587,0.64790046,0.015567014,0.045465022,0.101723135,0.010676534,0.0879566,0.003987891,0.0050923573,0.66847223,0.73701453,0.007425754,00009925_040.png
0.15338999,0.01736855,0.026771909,0.0414945,0.058558512,0.107129,0.018582575,0.061536323,0.013475564,0.011186114,0.2665231,0.06498376,0.8024155,0.015425335,00003219_005.png
0.055255342,0.10991309,0.015621153,0.42357594,0.0054178755,0.05148319,0.045025676,0.02183619,0.016324745,0.006066256,0.0049211886,0.039326295,0.83319134,0.0067344266,00006717_006.png
0.05395283,0.038992416,0.026819007,0.084778085,0.008899653,0.010272606,0.036826447,0.01547534,0.23250683,0.6898121,0.005456163,0.007552426,0.05465413,0.0050673084,00011702_028.png
0.13762383,0.021879906,0.2311606,0.6252163,0.034947053,0.091034345,0.054061327,0.015778948,0.41757607,0.3958255,0.012032634,0.006197094,0.22017811,0.0063023395,00005372_008.png
0.40905756,0.024537595,0.020476041,0.24440975,0.0028339091,0.0060348297,0.3910342,0.020400543,0.0049006455,0.0073238597,0.103963934,0.3659839,0.04395144,0.0093176905,00010125_003.png
0.018010419,0.021949248,0.18469873,0.13735881,0.6338837,0.6859453,0.0072565475,0.0038966457,0.12036084,0.02274207,0.0043313215,0.0072935056,0.08436074,0.0070184954,00014398_005.png
0.004419245,0.020567015,0.0010610936,0.0023245113,0.013783932,0.0240328,0.007924098,0.0066161198,0.0071261777,0.0049618445,0.0029462115,0.010873749,0.0065840273,0.0066681663,00003248_002.png
0.83177704,0.018759966,0.22693218,0.1152601,0.17238924,0.17667866,0.079451606,0.012053961,0.049059723,0.013104258,0.08731435,0.45876932,0.07581019,0.27789253,00012003_001.png
0.012903523,0.32931748,0.09644657,0.091668755,0.0041753743,0.005344201,0.37174556,0.002621876,0.11121466,0.92786545,0.0029734643,0.008927578,0.0071387896,0.0048940927,00014362_009.png
0.095453106,0.004100953,0.002410027,0.02167531,0.03386116,0.009777595,0.0109360125,0.06912004,0.048109446,0.004350983,0.0044360133,0.010917023,0.09825468,0.004222343,00010904_000.png
0.033260837,0.014743027,0.030583026,0.24551629,0.0624536,0.2675908,0.0239853,0.044387188,0.017621912,0.011197401,0.238119,0.9235339,0.024828888,0.039362513,00010439_000.png
0.008140514,0.011564133,0.0014444022,0.00482626,0.028799422,0.025985094,0.0073446794,0.0066446685,0.014140497,0.0070991097,0.0028922928,0.009103342,0.015320943,0.005048975,00010857_001.png
0.058259588,0.0066538583,0.006359125,0.08104064,0.07871779,0.021608466,0.012676051,0.8086133,0.032365315,0.006742083,0.01336191,0.018206906,0.102866545,0.0053714802,00001170_040.png
0.0033170243,0.013866445,0.0054701045,0.33283004,0.034678254,0.23746063,0.019568004,0.028613511,0.0077840374,0.88390833,0.017078497,0.006686225,0.024748607,0.0050552352,00012364_029.png
0.09734747,0.8544923,0.77982706,0.23548411,0.047116812,0.12042955,0.13421892,0.0067023328,0.12659779,0.4454888,0.010939556,0.012628962,0.025109911,0.016459843,00000766_013.png
0.5137586,0.008693974,0.28394806,0.20378743,0.038139943,0.0039026537,0.01209357,0.012410301,0.2833537,0.9304146,0.01750608,0.003480709,0.010633326,0.0027185678,00014798_005.png
0.6283191,0.003698053,0.051382482,0.69144183,0.0049149347,0.0069654407,0.6620178,0.016761545,0.021604128,0.008885655,0.029610172,0.21425463,0.04228042,0.003975327,00016166_012.png
0.122532524,0.20571013,0.6520478,0.122123465,0.019766109,0.034668915,0.16461314,0.0037115617,0.71833384,0.6880105,0.00968812,0.0077213137,0.019008124,0.009207256,00016291_031.png
0.3353391,0.0069565647,0.040666323,0.07352798,0.6640473,0.016927287,0.00390349,0.03222915,0.17190516,0.054896392,0.015087714,0.0031805404,0.087688796,0.004632569,00014919_014.png
0.1715022,0.001914745,0.0028212094,0.33970585,0.028825266,0.015195754,0.07442536,0.15333764,0.8487154,0.012916187,0.010601709,0.009354254,0.010957924,0.006772707,00010384_002.png
0.06275201,0.0033017755,0.052270375,0.9294369,0.010321764,0.014847543,0.031171316,0.9740288,0.027136419,0.0076677394,0.010766839,0.016496653,0.04761792,0.0032547168,00018921_008.png
0.36449206,0.0036174275,0.022729553,0.45145684,0.015272893,0.009769625,0.01999681,0.18068486,0.17684768,0.0085914815,0.004217506,0.017460087,0.4774278,0.003705485,00011553_038.png
0.56293684,0.0012356326,0.016222289,0.90264535,0.6122866,0.058892544,0.04031502,0.11762003,0.21156299,0.075364195,0.2693822,0.0040755225,0.009198934,0.0058345287,00002611_005.png
0.2002179,0.06352375,0.74183863,0.102259375,0.09904649,0.012947241,0.0066993586,0.007450301,0.911559,0.40065116,0.006228957,0.005754697,0.031253945,0.0053566964,00005270_005.png
0.6206654,0.06982866,0.033914395,0.06393759,0.0067957453,0.0058747577,0.09335505,0.0085494695,0.04045245,0.0041177943,0.003033493,0.5283285,0.11098047,0.025016949,00000778_000.png
0.48367748,0.23264869,0.07073542,0.022896662,0.23795336,0.022281447,0.010638048,0.015828023,0.019297706,0.005431835,0.01303082,0.010772894,0.27748942,0.020968415,00006549_005.png
0.016765088,0.001676371,0.005070211,0.96187943,0.022562753,0.074623935,0.046895817,0.63155293,0.1100344,0.056364145,0.0064817416,0.007996202,0.020135894,0.003587243,00015646_060.png
0.0579358,0.98078096,0.3919759,0.35122925,0.016126826,0.014470336,0.029802654,0.020339454,0.018306298,0.02527296,0.0033501098,0.015985794,0.066445,0.0096569965,00000211_024.png
0.29496178,0.0043824716,0.039479744,0.090016454,0.010891987,0.010756137,0.034972806,0.017500807,0.020353308,0.04787455,0.97046757,0.0036045157,0.012627404,0.00807839,00014032_010.png
0.006264578,0.0012960668,0.002194761,0.9493787,0.010702535,0.1837019,0.4165554,0.05606349,0.28852612,0.05945919,0.0075854887,0.010629224,0.0065922537,0.0039670663,00018126_033.png
0.18399511,0.0058978302,0.02122142,0.5328306,0.71949655,0.35435838,0.029499646,0.04996124,0.02536949,0.0077331597,0.006895843,0.014301912,0.0359608,0.007121516,00015369_001.png
0.20063421,0.00320807,0.033284266,0.7656146,0.030150471,0.017670004,0.127639,0.052510142,0.6352977,0.6929076,0.0120160645,0.0046617608,0.022340873,0.00567062,00010222_015.png
0.04271236,0.006967486,0.15989752,0.7768243,0.24014272,0.08192734,0.013210166,0.10388958,0.16667521,0.022039367,0.004967074,0.008812913,0.6265755,0.005004017,00018610_012.png
0.11734386,0.003935024,0.0066553247,0.22299275,0.044011295,0.43998492,0.030953696,0.013067679,0.012395768,0.0044884933,0.004484787,0.008309556,0.086431116,0.0049954206,00017685_002.png
0.0027498102,0.013383817,0.02030893,0.23632209,0.03785573,0.60696876,0.021472214,0.0041454914,0.07092214,0.81458145,0.0056553027,0.0043684193,0.018646033,0.0055342014,00010773_017.png
0.0532388,0.0101743005,0.027150843,0.5963176,0.030781865,0.1644482,0.03214953,0.14446262,0.025586586,0.00956111,0.13564259,0.86230713,0.14491269,0.011873641,00015384_006.png
0.17771298,0.003519262,0.025397584,0.38778844,0.17633365,0.09300333,0.17026554,0.01127044,0.41825378,0.02236133,0.011740151,0.23846914,0.023405489,0.023618558,00018044_038.png
0.0118605625,0.016368264,0.07505999,0.21605983,0.05242409,0.013960397,0.0042108702,0.015616518,0.02028528,0.97992903,0.009202941,0.0044615865,0.03487172,0.0025250618,00017405_018.png
0.3302279,0.0016931493,0.014689548,0.892894,0.44298288,0.051561885,0.028442683,0.6448863,0.36669406,0.014099932,0.19739622,0.00861956,0.008843739,0.0059209233,00013471_022.png
0.09851132,0.01827156,0.04037069,0.13042954,0.049872387,0.06680972,0.015016926,0.0069205156,0.60963637,0.012298718,0.00436226,0.014992733,0.37822422,0.006627685,00010007_067.png
0.06067057,0.019569194,0.026023367,0.23914672,0.11626182,0.112124845,0.01862488,0.96787953,0.010593319,0.011841632,0.42232051,0.017487587,0.03973179,0.011015259,00012087_020.png
0.043813583,0.00912218,0.0050140866,0.18302158,0.12597132,0.22264467,0.025605388,0.21885768,0.005559426,0.008982511,0.015301058,0.014581243,0.018946933,0.0063205156,00001781_002.png
0.07350489,0.0037167578,0.0071040997,0.803908,0.010437903,0.16148914,0.1310246,0.03097158,0.095923096,0.0045369193,0.0027193567,0.055546973,0.15596631,0.0037946973,00014022_028.png
0.019334292,0.004128881,0.0048447177,0.09470131,0.121823184,0.067071155,0.024041232,0.020714575,0.36581182,0.10237829,0.0038206798,0.007403855,0.009359307,0.007196316,00002505_014.png
0.045959424,0.0043883137,0.021922061,0.016507532,0.12354604,0.046374723,0.008112153,0.010637847,0.02044311,0.00958118,0.92253864,0.22099604,0.024535125,0.03359261,00013837_000.png
0.05408289,0.010048492,0.19282298,0.43944713,0.65152425,0.4374305,0.016295543,0.0054817228,0.5124224,0.35366014,0.008139489,0.0062957015,0.022203384,0.007798208,00015440_000.png
0.116996035,0.013438966,0.3302522,0.2748017,0.042735696,0.09165465,0.028008085,0.010142545,0.065450154,0.008088181,0.00659513,0.717301,0.68102235,0.012633595,00014813_000.png
0.022872915,0.00855755,0.016550066,0.49302828,0.04381366,0.28516445,0.019729763,0.058131397,0.027068462,0.0051591755,0.019247005,0.9392405,0.03261532,0.011367484,00005577_004.png
0.16062362,0.005810876,0.013474727,0.46709293,0.2541063,0.052999202,0.019940183,0.94854623,0.08002353,0.0057524927,0.11654452,0.01579366,0.015689122,0.0072514345,00018366_018.png
0.036488142,0.01535257,0.015636036,0.0057788817,0.013353678,0.03138333,0.003823788,0.1115359,0.0045435294,0.008146213,0.9900045,0.0088314,0.064079374,0.013042151,00019238_009.png
0.099416,0.0050800582,0.007976282,0.19633244,0.02465389,0.084459096,0.080535494,0.01639411,0.043556258,0.004883065,0.03086121,0.8588734,0.015408961,0.019476572,00010315_000.png
0.019638693,0.0030325425,0.0013138953,0.05039783,0.010233885,0.028889202,0.016441552,0.040571418,0.09299945,0.008665971,0.0024969296,0.008031018,0.039570108,0.0031970658,00010805_045.png
0.0116532855,0.0074840304,0.0066666156,0.018307531,0.010708331,0.04692369,0.006629936,0.021678455,0.014442007,0.004887056,0.018157603,0.43360633,0.8600101,0.006152858,00002628_002.png
0.16247433,0.97828954,0.1982084,0.14865662,0.035701912,0.029265191,0.0429294,0.029366264,0.01358176,0.015740396,0.0077809775,0.046137195,0.022845155,0.0458374,00000728_000.png
0.06599704,0.0048243823,0.014578366,0.083242685,0.0034205432,0.0050993343,0.008759177,0.7928476,0.006618257,0.012546398,0.98926675,0.002851369,0.0077495356,0.004304923,00008468_033.png
0.015679818,0.0036412093,0.005698178,0.008309485,0.0035118954,0.005051744,0.0034472027,0.07346818,0.004272005,0.009213234,0.9953424,0.003624798,0.004979677,0.0058469665,00016455_001.png
0.070986226,0.016090292,0.020837955,0.053766098,0.013982874,0.03620297,0.009349983,0.83591527,0.008142053,0.008292535,0.9815306,0.0070954403,0.020982804,0.010643499,00017747_005.png
0.020257747,0.006638571,0.024022153,0.043571733,0.96940976,0.14779931,0.0036348486,0.009019234,0.12421256,0.008357134,0.004783403,0.005898918,0.01868355,0.0049244007,00012413_009.png
0.23934184,0.012869163,0.021363065,0.6145422,0.03245163,0.22888988,0.77763754,0.010188746,0.013903649,0.11807798,0.04016126,0.014276215,0.031467877,0.0153815225,00007328_008.png
0.04080386,0.6918943,0.07776196,0.13468589,0.009995327,0.023108961,0.11131952,0.0061981133,0.70894533,0.053711075,0.003482941,0.005371269,0.014573762,0.009186825,00013407_003.png
0.22607976,0.011247891,0.042276144,0.28495175,0.0069623217,0.02919616,0.026018843,0.5510935,0.014565245,0.007955507,0.70091635,0.046754315,0.36945665,0.008077931,00020085_008.png
0.0640213,0.0045320806,0.030663159,0.7209771,0.009530435,0.07770562,0.3324103,0.008841324,0.6992215,0.026386872,0.0032444522,0.024483081,0.116881125,0.0062782117,00017124_004.png
0.037314,0.005381402,0.008790253,0.035325438,0.28295347,0.67434,0.022380302,0.004427472,0.010284228,0.0070616817,0.011327374,0.0154230045,0.010201512,0.027816948,00009185_003.png
0.022015253,0.025241861,0.017984206,0.18300311,0.052948654,0.10962749,0.009972157,0.023037817,0.20304206,0.029070105,0.003754665,0.004537273,0.25382042,0.0044780886,00014871_006.png
0.154095,0.0059159044,0.02872855,0.16006352,0.028779726,0.021406272,0.016826997,0.13728906,0.0218566,0.014324024,0.98107255,0.008874827,0.0113770645,0.008922449,00016064_017.png
0.0298053,0.0054231123,0.009544687,0.048985515,0.11646124,0.01790977,0.007586024,0.016496738,0.6244551,0.4259856,0.0055031455,0.0050809137,0.011600506,0.0045739533,00015572_003.png
0.036108445,0.009748714,0.038462974,0.09771111,0.023282858,0.04621485,0.01673258,0.011154918,0.019240333,0.008829651,0.083526425,0.9797814,0.0400527,0.021980025,00000204_000.png
0.30074906,0.054836765,0.23062353,0.06667233,0.4272488,0.7087901,0.019745069,0.005409254,0.044499204,0.006191136,0.009626093,0.032281056,0.09444748,0.0755678,00013894_052.png
0.02017591,0.009675619,0.016660767,0.024054095,0.036229607,0.10847801,0.008020647,0.011501203,0.018276988,0.006425341,0.017780699,0.26928416,0.96223015,0.00938921,00009431_000.png
0.26015165,0.005695372,0.041326392,0.3328701,0.251665,0.047003187,0.019975381,0.016900774,0.5014031,0.8157417,0.015909556,0.004155557,0.013101471,0.006383359,00011966_012.png
0.6072909,0.5452103,0.06430463,0.2437422,0.023001876,0.049634103,0.10654459,0.19499561,0.008501739,0.013446283,0.11110332,0.02158161,0.16527757,0.02486643,00004822_051.png
0.038523886,0.0051638884,0.024718776,0.62774277,0.02645389,0.023715198,0.044166103,0.1595671,0.065285094,0.011327091,0.050349962,0.75718474,0.045357227,0.007052022,00015557_004.png
0.0399427,0.024168286,0.06273781,0.22694851,0.011820103,0.022506688,0.049624093,0.032605253,0.0063784975,0.019354139,0.414491,0.82696766,0.033138465,0.01678055,00000552_001.png
0.0064643538,0.0035849835,0.005004872,0.53380704,0.33329597,0.9346152,0.0129929995,0.027425548,0.009381079,0.04999299,0.0066415784,0.0046572424,0.014395009,0.0047889473,00018213_000.png
0.0026195804,0.050331756,0.02854587,0.10633491,0.07029984,0.025561538,0.0024545244,0.052337345,0.10926017,0.28364336,0.0024143104,0.0046120957,0.2570082,0.0031014406,00019088_000.png
0.010958698,0.079469636,0.009186686,0.2319153,0.011873042,0.57826126,0.0252027,0.04724703,0.0073562684,0.0063101146,0.005026911,0.059484873,0.31564948,0.011181589,00007700_002.png
0.03236089,0.0032446017,0.04779993,0.9380307,0.23271173,0.34459656,0.058561683,0.026253128,0.0412463,0.5881109,0.015081005,0.0056679244,0.04598452,0.004180592,00017236_089.png
0.43012485,0.021499703,0.29133096,0.45517296,0.3415278,0.5383753,0.04441395,0.010695413,0.30763084,0.01579074,0.009229615,0.0073264013,0.08101517,0.010348947,00012609_007.png
0.02339829,0.0063284542,0.026105814,0.7362419,0.12976044,0.14981543,0.012602488,0.85712194,0.016061775,0.023008134,0.9349458,0.017909786,0.014865905,0.0073304665,00002275_005.png
0.00456341,0.0054995506,0.0020400952,0.005023242,0.0098815765,0.05047024,0.01312502,0.021528272,0.0048977025,0.0048152013,0.06259633,0.12166233,0.011073205,0.010094826,00009878_000.png
0.57001597,0.0074155685,0.14191993,0.56430596,0.15550347,0.22547713,0.060773443,0.031742968,0.06651488,0.004074125,0.009366264,0.29301208,0.22336951,0.013489136,00006188_001.png
0.041648503,0.70798844,0.8132136,0.28584036,0.0291951,0.14143741,0.13604678,0.0036951767,0.53494406,0.3762944,0.0074205855,0.008908238,0.022753544,0.012551403,00018187_030.png
0.19511232,0.0647027,0.023824856,0.77806395,0.061757557,0.117381945,0.06688032,0.2373066,0.010164183,0.050108615,0.025483591,0.015910946,0.19405144,0.008528006,00003337_004.png
0.5077977,0.037630603,0.052481018,0.123413704,0.051173057,0.32339755,0.4267286,0.009189534,0.022633407,0.011015482,0.017017283,0.064979605,0.012480258,0.2705845,00001328_000.png
0.044921935,0.015546217,0.009771079,0.37963,0.014858261,0.15754054,0.22738127,0.025243176,0.0069011087,0.009031595,0.115612164,0.5623791,0.009036495,0.02041527,00012245_003.png
0.24321619,0.0056474083,0.021809805,0.37753987,0.14967512,0.048532356,0.022715217,0.23264766,0.2887393,0.0063984566,0.015336785,0.308255,0.30286387,0.008578105,00019233_004.png
0.036815226,0.009390651,0.0063307243,0.055783555,0.0043980703,0.34945747,0.17510374,0.0030853022,0.016977143,0.0056835245,0.007578292,0.056457967,0.046135556,0.014321465,00005372_025.png
0.028991226,0.010712101,0.007870084,0.03897565,0.36952847,0.00977339,0.004972224,0.05838089,0.43341354,0.021193134,0.001930678,0.0073744077,0.044846483,0.004376052,00009621_007.png
0.093235694,0.983751,0.7278916,0.2313309,0.02552758,0.021484645,0.020025346,0.007502006,0.078283355,0.01412248,0.0031261398,0.00989641,0.067642756,0.009172729,00010897_010.png
0.120943956,0.9630184,0.022748994,0.07673368,0.0045574787,0.00899673,0.104477845,0.008296956,0.018113043,0.010557351,0.0041527716,0.014343284,0.020486508,0.014301287,00010095_000.png
0.011041679,0.11719314,0.037554797,0.0685042,0.013968754,0.01640278,0.008708218,0.012329838,0.14234841,0.8809261,0.0047783824,0.004280958,0.03616402,0.003443642,00018187_028.png
0.07196433,0.013440186,0.008266123,0.030106671,0.013382299,0.085572556,0.08259442,0.0058768387,0.011566313,0.0062947,0.027848126,0.73141074,0.013877723,0.07350524,00005203_000.png
0.2892036,0.13573249,0.30969998,0.5601844,0.01540019,0.046009537,0.06124778,0.017236315,0.19918907,0.01611948,0.0055260877,0.0084325075,0.30256182,0.005476908,00001582_023.png
0.047553323,0.010279736,0.011743161,0.19613951,0.014925378,0.59534323,0.030356523,0.05027819,0.017669145,0.008173069,0.02756262,0.067756325,0.7484618,0.0122731775,00016244_005.png
0.0077269706,0.001610941,0.004140876,0.7154019,0.06594933,0.32757744,0.021905443,0.030389952,0.22644593,0.44141462,0.0061313035,0.0036618293,0.015024764,0.0039380756,00008745_030.png
0.40603018,0.003307593,0.03254577,0.49196422,0.06321617,0.31814906,0.14427508,0.012422785,0.13395329,0.005811967,0.0136789875,0.72048986,0.066732414,0.022511644,00000901_004.png
0.6171482,0.37611255,0.22401655,0.1533738,0.081414424,0.016904855,0.011467597,0.04598536,0.050309677,0.08337454,0.007377811,0.0074999537,0.105092995,0.008156345,00002763_006.png
0.9756104,0.009961571,0.12830792,0.27545938,0.1448094,0.019375715,0.025491847,0.42203972,0.10930858,0.0034488006,0.06916912,0.0077177593,0.10625373,0.007231493,00013052_008.png
0.08198569,0.13512821,0.17749378,0.4517271,0.019811612,0.06390027,0.059045292,0.010149733,0.81079257,0.024124686,0.003973211,0.007284128,0.07724421,0.006516239,00017846_005.png
0.019045504,0.0027575304,0.0057876473,0.121196404,0.09343031,0.10590155,0.02697722,0.016267767,0.372298,0.13729763,0.0075457986,0.0060350867,0.013451003,0.007327106,00018867_038.png
0.0084914025,0.002714194,0.010199876,0.049163032,0.08117591,0.10584384,0.0042213323,0.054876175,0.016037911,0.012713129,0.9823183,0.017082708,0.007362803,0.010514173,00014731_015.png
0.11084111,0.063419156,0.5841826,0.09249198,0.016985685,0.016345825,0.036488257,0.0036751078,0.93065214,0.32406533,0.00690069,0.0063875727,0.026444104,0.0050244103,00009892_015.png
0.12776877,0.0015173975,0.007439403,0.7910679,0.14079836,0.04397046,0.041547455,0.101876706,0.5465711,0.3084886,0.018137254,0.004636766,0.012131188,0.0053963987,00004065_008.png
0.028734254,0.023563249,0.005335881,0.0704323,0.021468401,0.039628603,0.011607692,0.015392908,0.34218788,0.009062382,0.0033317506,0.0065836096,0.2840257,0.004510612,00006047_002.png
0.0047426913,0.013841892,0.0007954547,0.0010078956,0.021962302,0.009361624,0.005169131,0.0063693407,0.007460025,0.006357869,0.005505636,0.0055574463,0.00326405,0.0056194155,00002214_002.png
0.68658173,0.02255549,0.39275134,0.5012925,0.048942372,0.053245533,0.2921646,0.013325994,0.024693446,0.02368962,0.031985722,0.7456027,0.06851907,0.04686601,00003996_011.png
0.024864737,0.019696616,0.020945823,0.10538944,0.07943612,0.062139694,0.0073728748,0.015312536,0.047326114,0.7337005,0.011253254,0.0050012213,0.086876325,0.0044867913,00011291_004.png
0.010333179,0.038652282,0.014371315,0.09826274,0.018877713,0.056148764,0.019021694,0.011547695,0.29903972,0.72650236,0.004792999,0.0051985653,0.027149796,0.004858851,00017504_035.png
0.015573227,0.00973302,0.010207918,0.056585785,0.010395062,0.057128105,0.008837091,0.5760479,0.00701904,0.009632983,0.98018014,0.01665861,0.020013204,0.009574685,00015530_059.png
0.0423872,0.0035035617,0.023752315,0.8625672,0.008059323,0.01912561,0.04509425,0.1645028,0.071298,0.19442485,0.0045774127,0.007328628,0.19208391,0.003506696,00006271_004.png
0.0045432467,0.01295617,0.07337236,0.5821348,0.02559869,0.021992544,0.024496395,0.010687539,0.0116485795,0.98871744,0.0061725243,0.0067375754,0.02361837,0.0024078784,00016696_003.png
0.004603964,0.0045208205,0.0018513246,0.05142417,0.007264693,0.012152241,0.0089841755,0.98399144,0.00970432,0.007969648,0.018293263,0.015416886,0.005174563,0.0025941038,00011460_044.png
0.30235323,0.021262575,0.2805228,0.034100298,0.011942787,0.00483145,0.010608379,0.052191935,0.007388756,0.03393145,0.9833114,0.0072258846,0.030752786,0.010781495,00014358_017.png
0.058788862,0.007913117,0.014113699,0.47518328,0.03505946,0.075107,0.03856491,0.2405219,0.011394287,0.016832892,0.95442224,0.0189321,0.006990404,0.010459227,00015848_003.png
0.23769806,0.05947394,0.13728471,0.05300519,0.018883813,0.03968795,0.54792005,0.0036276283,0.65901214,0.48498473,0.010230813,0.006127037,0.008235856,0.02247288,00011672_002.png
0.38862288,0.056463543,0.5652734,0.14842793,0.78719896,0.09464646,0.01367287,0.8710414,0.017733624,0.009521136,0.6204535,0.017260896,0.11033828,0.025367878,00008561_006.png
0.53780407,0.009647848,0.043652486,0.071652204,0.7549132,0.030852348,0.009408433,0.035070423,0.05127859,0.0049292347,0.009075705,0.009152188,0.19253467,0.007269801,00018427_004.png
0.06751171,0.070127554,0.030118674,0.081803665,0.017682573,0.012818486,0.019500557,0.016822502,0.06373002,0.85720605,0.0068473336,0.006579846,0.044031475,0.0048789885,00012620_001.png
0.7535047,0.0051150927,0.01092125,0.043889776,0.045556553,0.012819801,0.01472063,0.013713887,0.08351394,0.0037332487,0.009316924,0.0040259315,0.13125113,0.0045171757,00011886_001.png
0.57979953,0.0033644116,0.012020351,0.14465606,0.18181223,0.0073281806,0.009902065,0.9627969,0.09310963,0.0043673697,0.38437608,0.0035300644,0.0045779673,0.0067112306,00011808_011.png
0.018031599,0.004283233,0.20026937,0.76617163,0.04245941,0.90579647,0.03297121,0.0021982256,0.7500858,0.0103845205,0.0030089829,0.03790977,0.14778112,0.0080150785,00002785_001.png
0.45946485,0.01694087,0.009966138,0.0912952,0.20268373,0.14650127,0.030739287,0.033930637,0.010103403,0.0063629583,0.017272877,0.0038978634,0.023319885,0.01182816,00009237_011.png
0.01835632,0.4747356,0.004629437,0.009076339,0.006536561,0.00482593,0.013284702,0.005477817,0.04817151,0.034041073,0.0030709899,0.006323251,0.020979378,0.004746445,00017504_017.png
0.69324297,0.1507944,0.04297616,0.10096109,0.030285701,0.018698787,0.02813328,0.05333413,0.013767464,0.08417009,0.044394884,0.0048942715,0.09659124,0.007568988,00003361_007.png
0.010365271,0.015889673,0.0137984585,0.25557768,0.00856824,0.08088043,0.0100356,0.2326235,0.008354491,0.007849473,0.12611657,0.9100365,0.42153805,0.007897874,00011683_040.png
0.084908135,0.18456697,0.27890566,0.10652397,0.127817,0.21727836,0.02322916,0.0036300041,0.59649295,0.013176649,0.0051921974,0.009220262,0.064327605,0.011822821,00003426_018.png
0.4260154,0.010632895,0.15874945,0.17259635,0.09729614,0.00853967,0.0104922885,0.9726284,0.05608835,0.008202902,0.13703561,0.015864007,0.060223546,0.008060241,00000090_005.png
0.06981445,0.0027581495,0.019127091,0.46768743,0.6999405,0.29143548,0.018546963,0.041486003,0.20569606,0.013387539,0.113718115,0.04891728,0.048942074,0.009585648,00009022_001.png
0.15216221,0.0118349055,0.60061044,0.44244844,0.2170431,0.17654668,0.013853409,0.05045047,0.06782623,0.006408204,0.08719282,0.8355042,0.7562451,0.016855713,00018860_034.png
0.04684331,0.012770805,0.0037998615,0.012353844,0.020059118,0.041245304,0.012213746,0.051772673,0.0037628068,0.0062056896,0.046526413,0.008239935,0.12955056,0.0074148453,00004458_002.png
0.04564974,0.01907816,0.0077557266,0.29125667,0.0063562845,0.3195775,0.06614216,0.009641276,0.016575944,0.0066478075,0.0047892337,0.093253665,0.40776688,0.007884357,00019550_004.png
0.37610668,0.0030179783,0.006841941,0.2960482,0.070812106,0.06026656,0.083031535,0.025068857,0.6188772,0.022355713,0.00751621,0.0058351294,0.014040479,0.008941106,00006653_030.png
0.88156873,0.0024629112,0.14102979,0.71220547,0.0045724795,0.004270081,0.08013235,0.27623174,0.13078085,0.014282223,0.01798306,0.01918635,0.1213529,0.0034144481,00009348_000.png
0.0078031747,0.0060080993,0.024931507,0.5414843,0.018475391,0.20450191,0.027772434,0.0068008383,0.8622437,0.045450963,0.0027104805,0.008868131,0.09358445,0.003920607,00010773_022.png
0.009340844,0.021167368,0.042201724,0.3835055,0.05164866,0.024917345,0.0046419958,0.06872717,0.027723527,0.8365399,0.005337028,0.0066605145,0.12964328,0.003652766,00016399_011.png
0.1006401,0.04788195,0.02985379,0.24778275,0.018341204,0.38225418,0.09038646,0.006175079,0.29482207,0.0057060802,0.004812184,0.005483566,0.06370819,0.009390642,00007485_007.png
0.19807608,0.6483513,0.044327404,0.37187603,0.012080537,0.13488474,0.109198876,0.04561535,0.010207383,0.007581097,0.018558564,0.11987978,0.30854234,0.031489555,00004822_033.png
0.023697997,0.004869774,0.009516982,0.10606001,0.11471705,0.7100777,0.013608547,0.035046153,0.01933393,0.0059489002,0.035511896,0.114721365,0.18251523,0.010872248,00002954_006.png
0.09191262,0.0038878324,0.10460061,0.47475663,0.66985273,0.057111055,0.011727102,0.021612328,0.9161882,0.038010526,0.0044382885,0.011112331,0.022914905,0.006541824,00009608_038.png
0.02404129,0.0043070475,0.005105824,0.08279638,0.051406965,0.5268734,0.028376063,0.011185997,0.013085766,0.0047128145,0.019127449,0.22346248,0.02286436,0.014141747,00015826_036.png
0.13128653,0.024412833,0.050849367,0.20756137,0.028103115,0.1511096,0.019617874,0.9265196,0.01697419,0.0068412633,0.9415035,0.028494904,0.10540498,0.017164912,00020195_016.png
0.011759398,0.028829033,0.015485449,0.120994866,0.012627761,0.6658546,0.012502533,0.0089253085,0.020440834,0.005478573,0.0064403024,0.12050771,0.8226963,0.011767541,00014332_013.png
0.04564358,0.0047917548,0.0058222828,0.043905064,0.08549405,0.160458,0.0140879,0.010958394,0.14463347,0.0041481145,0.0041714087,0.009471154,0.12142134,0.0062015746,00015799_028.png
0.022537082,0.013638754,0.065607876,0.5807577,0.017019643,0.026424576,0.08961401,0.014323378,0.020348616,0.9414339,0.009526813,0.008251333,0.06224286,0.0038632825,00016490_028.png
0.20648324,0.92885125,0.0406806,0.11090272,0.015019813,0.020869834,0.043564245,0.026372261,0.013238952,0.01044905,0.0071893246,0.014331445,0.047229443,0.016328482,00006875_028.png
0.30078363,0.011545871,0.032645255,0.5212539,0.01700391,0.019211318,0.15973285,0.056388482,0.01688335,0.008195577,0.11143936,0.7353014,0.017197054,0.01362013,00017776_000.png
0.03035462,0.018773224,0.0992156,0.08467381,0.37427247,0.13283838,0.00825604,0.9395891,0.027731061,0.00834818,0.5370905,0.04764826,0.56658113,0.01631258,00012144_029.png
0.01882179,0.005584608,0.025540648,0.027308809,0.113444425,0.121531606,0.0056421976,0.009684278,0.018414978,0.0056322007,0.24456258,0.9489245,0.058471236,0.043493036,00009378_011.png
0.041114166,0.022926202,0.0067095994,0.42031795,0.011616274,0.5268466,0.12672082,0.014699523,0.008233551,0.00802577,0.005060627,0.02295157,0.047798607,0.007565199,00004469_001.png
0.0065951487,0.06516139,0.015271171,0.5912089,0.0076170205,0.71089274,0.028743945,0.0142989615,0.015225018,0.020350007,0.006726419,0.0174401,0.5903252,0.0090459585,00018027_009.png
0.06717187,0.005821215,0.014988481,0.22599141,0.016025793,0.08778805,0.020341506,0.036478437,0.07063328,0.004650298,0.01703281,0.62266487,0.81568694,0.006538614,00014022_069.png
0.33865935,0.0065634847,0.02188019,0.72641623,0.13517243,0.07186909,0.046140634,0.04775002,0.076370105,0.368128,0.015570544,0.005716191,0.05655954,0.005251259,00000979_005.png
0.6260546,0.053342536,0.17269875,0.12133633,0.113560714,0.06519706,0.041502163,0.008470669,0.74790746,0.025588615,0.0065958705,0.012486113,0.03698302,0.01959757,00015572_006.png
0.114439465,0.027046489,0.0149005465,0.010156577,0.027660508,0.1620108,0.01735246,0.007662263,0.007838326,0.0070333853,0.1946328,0.38348433,0.2602024,0.09674289,00006441_000.png
0.19627698,0.045842335,0.009903309,0.34107244,0.005646487,0.03290649,0.07000003,0.068899736,0.008134825,0.012640049,0.038413625,0.020000098,0.6911558,0.0073729623,00017755_002.png
0.023739234,0.01447639,0.026231429,0.063793026,0.21471383,0.14980482,0.0076186643,0.9074941,0.014294002,0.007972107,0.9595975,0.021986283,0.030355448,0.014733444,00001248_021.png
0.00789907,0.010234299,0.004709995,0.026952067,0.1576022,0.4633906,0.00752691,0.012432833,0.0041216756,0.011766149,0.0058774366,0.013960783,0.08667241,0.0062444927,00001850_001.png
0.014751154,0.031518646,0.09844145,0.34996253,0.025979262,0.017032538,0.0048667407,0.0464933,0.13285924,0.7292757,0.004709387,0.005408313,0.17277935,0.0037044783,00010308_018.png
0.42563558,0.0024020222,0.03783453,0.59517676,0.032286406,0.021733608,0.027363867,0.074824624,0.6234764,0.012062385,0.00548295,0.009925475,0.20169872,0.0042612115,00010007_021.png
0.052769087,0.012794145,0.14145488,0.05413321,0.725189,0.254642,0.007407399,0.0039152494,0.5667839,0.013747543,0.0061783744,0.012246436,0.08204414,0.01060475,00018610_046.png
0.87224954,0.0035113283,0.03164446,0.72336227,0.021699544,0.015198867,0.056536805,0.7373892,0.07220345,0.018520044,0.10996665,0.0033225734,0.037168715,0.003928109,00007520_001.png
0.008129856,0.47735646,0.58025295,0.2233591,0.0071505914,0.0061607677,0.009202367,0.00703559,0.08102163,0.29855642,0.0031666276,0.006734957,0.26728672,0.0027661235,00010949_005.png
0.094024055,0.015145573,0.003993052,0.015925353,0.14675191,0.009467094,0.0064748637,0.026486201,0.054815598,0.009885278,0.003386328,0.0047857645,0.035643067,0.0051528285,00006714_004.png
0.008915941,0.12441047,0.034812752,0.13762629,0.011215646,0.22098587,0.14968178,0.0030377773,0.5055892,0.39337826,0.005527194,0.0040047835,0.015457253,0.009279925,00013249_030.png
0.11075843,0.01097584,0.6283078,0.40567175,0.73662835,0.15852128,0.0097364215,0.052247986,0.0793901,0.008470356,0.04303001,0.51461333,0.6975785,0.0130192395,00014716_014.png
0.009850042,0.0036875005,0.0050748023,0.6450528,0.0072057,0.10857625,0.1470255,0.019084005,0.58824635,0.08522493,0.002630788,0.007843266,0.03431756,0.0049745743,00015606_031.png
0.2362565,0.006359007,0.0065762564,0.17383061,0.07679652,0.017698226,0.017998954,0.059528332,0.27152258,0.009629063,0.0023731603,0.0064246138,0.04254232,0.0040688426,00019967_008.png
0.014209616,0.25779226,0.0020588473,0.008754305,0.006896137,0.007856766,0.023968203,0.011408939,0.012832184,0.102748536,0.005580849,0.008355739,0.009485386,0.0062414045,00015774_000.png
0.045195986,0.9911383,0.8191382,0.15249886,0.02016517,0.02033069,0.028453995,0.0031635512,0.07775972,0.07309542,0.0030627556,0.006142824,0.0136976885,0.009380086,00001373_031.png
0.2249618,0.003400018,0.020387895,0.81912595,0.53670555,0.08666312,0.074631825,0.078379676,0.0680942,0.19478609,0.12747397,0.011962045,0.010535158,0.011493642,00016821_001.png
0.17212382,0.008408726,0.0026839706,0.017507967,0.0074109794,0.026432807,0.032478612,0.004516781,0.014772499,0.00325409,0.00510363,0.017373199,0.040094633,0.008008932,00013615_014.png
0.071585506,0.026671706,0.16213566,0.086823344,0.84894747,0.11838331,0.007272451,0.005677327,0.41874918,0.09770274,0.0063126953,0.008069812,0.019727463,0.009085875,00011164_007.png
0.055377483,0.005918844,0.015064809,0.38179168,0.021300996,0.90450615,0.11186916,0.009337804,0.021856226,0.006365751,0.009327211,0.02340773,0.03983024,0.011870956,00003503_004.png
0.04018638,0.00629922,0.0082831215,0.60603774,0.013943964,0.023055922,0.017753327,0.47749722,0.10046461,0.02529563,0.002074624,0.009521613,0.15426178,0.0042548436,00010384_023.png
0.020940702,0.06052501,0.0025608612,0.013181728,0.01577677,0.024054404,0.016347442,0.010639563,0.007963162,0.012913767,0.0045667444,0.012477538,0.018294899,0.008104126,00003228_003.png
0.003811013,0.0059881643,0.011880899,0.72559,0.013915452,0.105426185,0.012942244,0.0509576,0.36740345,0.0137980115,0.0023449054,0.025370995,0.6811367,0.0037283234,00009479_003.png
0.021764424,0.007256234,0.03937135,0.45924774,0.6641919,0.045174673,0.0068369233,0.61394143,0.024030454,0.02710674,0.006521971,0.007964274,0.06913939,0.004700832,00016839_000.png
0.06079629,0.008694296,0.010851114,0.058455862,0.0075602173,0.018909149,0.009459303,0.7898949,0.00836417,0.008327607,0.9834315,0.004301417,0.011348594,0.007175221,00017603_022.png
0.15750805,0.06653916,0.88903075,0.21834375,0.31865713,0.061937325,0.01626151,0.006850841,0.70580816,0.51716673,0.008912659,0.008940552,0.039549153,0.007333591,00006808_020.png
0.0041625504,0.3164903,0.015138305,0.23560975,0.018728266,0.10638304,0.0151057355,0.022640392,0.008666611,0.21395515,0.004193571,0.012286514,0.13569461,0.005090176,00012470_015.png
0.005900697,0.011188118,0.0547489,0.87124234,0.007591885,0.12298705,0.4051897,0.006171951,0.55357695,0.52919453,0.0033979428,0.0038733813,0.03550168,0.0048474884,00018126_016.png
0.022212956,0.008871338,0.002275156,0.0046186647,0.04790851,0.014700408,0.0076181097,0.0048110904,0.085838825,0.008005417,0.0048292726,0.006626577,0.019180484,0.0066286107,00009912_002.png
0.6728586,0.009630273,0.45869562,0.18432035,0.01560092,0.007919529,0.012477033,0.3906774,0.02402046,0.0060929633,0.9795146,0.017501947,0.04580559,0.008232344,00019242_014.png
0.50572026,0.24929158,0.050782654,0.1682962,0.008716331,0.018718578,0.1877219,0.034503885,0.005864087,0.022066725,0.37555298,0.08642959,0.17149949,0.03232082,00010380_003.png
0.33023092,0.0046222834,0.011094263,0.50257087,0.041764613,0.04113242,0.049208947,0.7008559,0.061287846,0.007622988,0.7217161,0.0069990046,0.010319524,0.0071254387,00016410_053.png
0.31535384,0.013891244,0.027403723,0.05834837,0.0030465964,0.0077976827,0.026066096,0.11195151,0.009335159,0.005378029,0.59158957,0.165642,0.30616,0.008276617,00009845_013.png
0.10069971,0.02214869,0.010959303,0.1917348,0.0103611965,0.07621462,0.055296756,0.12498543,0.010110048,0.005794865,0.17846315,0.40617552,0.05595619,0.0153542785,00006535_003.png
0.016389752,0.7947028,0.018686267,0.08754687,0.015358223,0.023908084,0.0319508,0.01657795,0.04665947,0.0717027,0.0033901324,0.008204589,0.02123928,0.007408454,00013249_045.png
0.11568737,0.0051748254,0.023207791,0.17034194,0.03120527,0.1858228,0.024416417,0.027120255,0.024476904,0.0068683987,0.03434499,0.12320998,0.71366286,0.0071458565,00007514_011.png
0.08093744,0.90819526,0.0192554,0.01771789,0.0077471207,0.013471614,0.026207428,0.0047706515,0.007843103,0.008530261,0.014916626,0.03302652,0.049566813,0.03693444,00005090_000.png
0.22753501,0.0071883406,0.043617774,0.059936903,0.18324144,0.02507293,0.0067432034,0.36791682,0.0343496,0.008531188,0.9894386,0.009458606,0.02088206,0.013821007,00002359_009.png
0.012661749,0.0031534845,0.0041671405,0.50334877,0.37872523,0.23596084,0.015221779,0.41193646,0.026508084,0.013672042,0.036031783,0.027475242,0.007639777,0.0056678248,00010723_003.png
0.8093187,0.0029445018,0.2784481,0.37929013,0.026973935,0.004740079,0.010624611,0.70036894,0.110375784,0.0246656,0.94993824,0.0026145666,0.01607656,0.005737834,00014018_006.png
0.3719376,0.016781572,0.010364445,0.16032925,0.0047411206,0.011530877,0.101492085,0.08323068,0.012669064,0.0041337167,0.04922622,0.26566303,0.049061365,0.009126404,00014546_013.png
0.0760009,0.015879216,0.0129200835,0.028955067,0.15436262,0.1598931,0.00975242,0.03559243,0.01050735,0.0055280663,0.01142718,0.0060222913,0.6777214,0.0064116297,00018003_001.png
0.051856108,0.26245144,0.013660663,0.025610257,0.10986551,0.21168348,0.016801922,0.0122767035,0.007383904,0.0056055347,0.0057255025,0.007496682,0.018266374,0.018615771,00005497_008.png
0.008667882,0.005103354,0.004069469,0.08626557,0.01928706,0.8189066,0.018062484,0.007565708,0.01839013,0.0032444997,0.004514172,0.2131395,0.034461625,0.009073381,00000508_000.png
0.029363934,0.012459671,0.0074753896,0.5206266,0.0022436588,0.0077019637,0.11806483,0.29607233,0.00648965,0.0140383,0.022651525,0.22081323,0.15185855,0.003932948,00004924_000.png
0.9015618,0.006405891,0.08461119,0.6328377,0.053175263,0.058733653,0.08581281,0.04156127,0.111425415,0.013817063,0.025797239,0.008615104,0.18035474,0.006112854,00001558_018.png
0.20947677,0.014991163,0.006036594,0.03487213,0.047396943,0.0080017485,0.009956554,0.46177548,0.014782559,0.043590162,0.016174994,0.005280595,0.011928115,0.0050465823,00002090_005.png
0.01758077,0.1391461,0.0035952677,0.013934203,0.022577781,0.055846155,0.019461624,0.009585417,0.010772447,0.034208216,0.0059534386,0.005223202,0.010504846,0.007969263,00014296_003.png
0.09271547,0.87962747,0.03440242,0.09719689,0.02666712,0.036958512,0.034711163,0.015054078,0.016661953,0.039316874,0.008186016,0.009631041,0.0374784,0.013323705,00013249_029.png
0.10070476,0.018044489,0.072390325,0.40054706,0.012296841,0.020132504,0.021033365,0.9876747,0.0077279913,0.008221302,0.094373606,0.026544381,0.09889621,0.007245917,00003611_005.png
0.4898744,0.08495372,0.024509946,0.07276669,0.053484008,0.042665746,0.028647713,0.011563729,0.0542405,0.017543681,0.00588716,0.0049888617,0.032060523,0.009721968,00013950_005.png
0.07104469,0.11703615,0.93920445,0.10608924,0.50601923,0.015807914,0.004277869,0.024362363,0.5815623,0.024622258,0.0056252535,0.011170323,0.3011512,0.0046718987,00018562_007.png
0.0026238805,0.005104516,0.003913857,0.31995276,0.04300353,0.93873173,0.009323146,0.041599575,0.005948748,0.011653993,0.0045188763,0.021730307,0.08143169,0.004118919,00008807_000.png
0.00965034,0.0065628006,0.00438524,0.111133724,0.026026089,0.78151345,0.012910649,0.040509645,0.0065248045,0.006277248,0.0064913505,0.010284884,0.20630677,0.005096466,00008504_000.png
0.024395283,0.9863523,0.041993722,0.10959973,0.007275413,0.010073164,0.05334485,0.0065007275,0.00972225,0.07670149,0.003625964,0.011234047,0.0113638835,0.009570105,00012992_001.png
0.39159358,0.020877523,0.0052141664,0.0379644,0.012000955,0.005171007,0.017036939,0.42764276,0.039477546,0.039150793,0.008876693,0.003961192,0.01719874,0.0042431564,00009218_012.png
0.02535432,0.019864539,0.61941624,0.14015803,0.7242031,0.6146715,0.0042151697,0.0047250492,0.06789452,0.0072824867,0.005223036,0.014710454,0.650112,0.0064971773,00010148_001.png
0.059576936,0.012356632,0.007628896,0.047632705,0.013938168,0.06938751,0.01607702,0.16082163,0.006005417,0.0061424132,0.047548994,0.02058943,0.48681822,0.0073319036,00005260_000.png
0.5904512,0.08447983,0.031379573,0.49178645,0.005726488,0.008044469,0.124551274,0.39684013,0.006588133,0.017739182,0.011674811,0.0075103072,0.059646506,0.0046712975,00019646_002.png
0.016635723,0.0052132388,0.013485908,0.5188287,0.04144031,0.03152984,0.008654987,0.9927084,0.016396578,0.0064708246,0.059485298,0.035567135,0.010082693,0.0042907596,00018921_036.png
0.67894554,0.106642656,0.6905189,0.5015624,0.02961825,0.038749967,0.56567246,0.018496947,0.30995104,0.33123773,0.013685686,0.017841777,0.03542215,0.01478254,00000766_027.png
0.0130251795,0.0104988655,0.011764813,0.45707998,0.11348078,0.19546956,0.14260162,0.04769364,0.01339612,0.026471192,0.14025478,0.46500725,0.0019392605,0.04014887,00007552_000.png
0.036889683,0.0058525573,0.19570337,0.82622653,0.7094283,0.124862716,0.010054068,0.02035026,0.24480844,0.22986881,0.0047942707,0.006382718,0.06330456,0.003897191,00008068_016.png
0.40380484,0.0125862295,0.033644415,0.15238665,0.015516661,0.09372323,0.037298623,0.022949051,0.027197238,0.010163895,0.048245024,0.04985088,0.9175162,0.012362341,00003945_007.png
0.85090804,0.020828651,0.073657885,0.032316767,0.06687096,0.012245999,0.013941406,0.046900615,0.021995075,0.0054409653,0.18395086,0.010644961,0.59117234,0.013013255,00007451_002.png
0.01591724,0.038881894,0.0024492026,0.021281943,0.0076884697,0.03833402,0.018002767,0.0062447563,0.026780814,0.0049282177,0.0020028052,0.009987977,0.03201081,0.004850038,00018614_001.png
0.021598246,0.002719204,0.011231977,0.32742772,0.008711845,0.019167695,0.007860633,0.44779676,0.008167017,0.015803263,0.9946241,0.0041905553,0.0054307664,0.0029032172,00005681_025.png
0.016056493,0.012756112,0.03491598,0.91250527,0.009299516,0.03569949,0.038093537,0.6621007,0.00377753,0.2199565,0.03931095,0.014315268,0.2226631,0.005513403,00005680_002.png
0.008318803,0.052104138,0.24708275,0.14926207,0.028649138,0.028216738,0.027714036,0.0037255469,0.037400294,0.9828073,0.0071533304,0.008485178,0.021880895,0.0038235192,00012863_004.png
0.020904826,0.0045562326,0.007639567,0.09467075,0.013189092,0.016891934,0.009150286,0.7753371,0.021615792,0.007072513,0.9546023,0.017523672,0.0062516956,0.0068263467,00015530_093.png
0.4055975,0.0017232118,0.007874896,0.63315445,0.16301201,0.06652307,0.09218083,0.153313,0.35112566,0.011863653,0.5422681,0.009523529,0.004927093,0.010271768,00002843_008.png
0.0616432,0.012656754,0.00412913,0.014139911,0.026982903,0.03905793,0.024558317,0.0050406125,0.07334701,0.005981135,0.004548857,0.007314367,0.012762948,0.00988777,00017035_001.png
0.0102054365,0.003577218,0.005903668,0.022817587,0.9678403,0.27240816,0.0034481057,0.029100152,0.0118777435,0.006388067,0.0107587455,0.005560451,0.023257047,0.005984019,00017234_005.png
0.046242513,0.01016532,0.023449441,0.32551786,0.062048804,0.05748992,0.049306545,0.013039144,0.06849362,0.95866156,0.015058597,0.0062254923,0.02421833,0.005694675,00016376_003.png
0.056188773,0.011179881,0.0207782,0.78358567,0.011733985,0.06984643,0.2108684,0.04550067,0.0079894,0.0102119455,0.046215907,0.7401766,0.02200893,0.007014027,00002991_001.png
0.017878864,0.004740453,0.0030851467,0.03684564,0.021219602,0.1366583,0.010443554,0.054487847,0.02922018,0.0048519485,0.010195722,0.1404222,0.41377673,0.005726122,00000316_000.png
0.09878185,0.004142902,0.016660938,0.28272337,0.17895858,0.034996424,0.015425964,0.03378377,0.81099,0.039619695,0.00409271,0.007605995,0.02816137,0.0055004507,00017518_001.png
0.115380675,0.0024350374,0.011114118,0.5502647,0.029949553,0.06489066,0.05070282,0.040333845,0.7218428,0.06525621,0.006224997,0.0050338516,0.042238705,0.004570082,00015606_025.png
0.24464725,0.010235266,0.029541949,0.3102776,0.0518683,0.06640192,0.24249822,0.014610473,0.024830017,0.01462335,0.05492892,0.79716927,0.0062320773,0.088575736,00003039_000.png
0.27913755,0.08711952,0.013995715,0.014927187,0.039732654,0.08042254,0.014815563,0.0056224936,0.012670961,0.0052634603,0.01687214,0.0035309081,0.09016954,0.014084279,00000493_000.png
0.5505637,0.0017418823,0.007904064,0.5917356,0.01881909,0.054139897,0.07410466,0.030506762,0.08992881,0.014897271,0.011307765,0.0029737272,0.075789765,0.002713714,00020213_028.png
0.046544746,0.007087135,0.0048643,0.09344161,0.0055042445,0.018660286,0.07759763,0.022244893,0.011164909,0.006230896,0.072514586,0.70739055,0.018647177,0.010821108,00014437_000.png
0.035474434,0.019157644,0.002560099,0.0067299786,0.051136155,0.0112433145,0.008820609,0.0075418535,0.04491946,0.005840902,0.0035146165,0.0064211446,0.016015142,0.0062521757,00012129_002.png
0.06297281,0.010842049,0.0070708655,0.108670816,0.06418374,0.08893109,0.016822092,0.18537746,0.0044837655,0.010425174,0.0129764555,0.0054383515,0.19978109,0.004784218,00010360_005.png
0.06689759,0.012444407,0.53951156,0.1386645,0.37050983,0.9578826,0.010988766,0.001188746,0.14737734,0.005993065,0.0057387347,0.011409703,0.04668946,0.015741868,00003393_022.png
0.025235733,0.0064513753,0.0011428507,0.004066144,0.013266059,0.008637785,0.027796278,0.019130768,0.03568966,0.009684168,0.008044716,0.0066448725,0.003174544,0.008882603,00007307_007.png
0.057405684,0.00692866,0.0204808,0.014553034,0.033187017,0.01217259,0.005941506,0.71087587,0.024830624,0.008895192,0.89127195,0.006202812,0.035694774,0.008507658,00006874_000.png
0.37195817,0.0040830425,0.29701817,0.40860817,0.01701611,0.0051101428,0.13504419,0.011669701,0.68527234,0.95846844,0.019985544,0.003027229,0.0071460763,0.0035251146,00014472_011.png
0.048058644,0.09720265,0.026015708,0.013899333,0.055086195,0.6884102,0.031593177,0.003047264,0.010991321,0.0073845293,0.016997593,0.042820975,0.010216386,0.30783388,00000942_000.png
0.13657038,0.012851202,0.003258227,0.05455746,0.011942319,0.0075694104,0.02900386,0.19579543,0.029061267,0.18927595,0.0122136995,0.0049790135,0.0146308625,0.004921852,00013600_000.png
0.04641764,0.0061883107,0.0036194217,0.068680644,0.010094403,0.0105906455,0.011680991,0.39756364,0.031752024,0.009119482,0.003839997,0.010408059,0.3002201,0.0040505677,00004126_001.png
0.64828485,0.0037655318,0.021922609,0.7925081,0.036892418,0.030168233,0.095383815,0.5059381,0.071150176,0.0067822635,0.16602457,0.015762065,0.031312894,0.0047791237,00006386_006.png
0.19517764,0.028566478,0.008922091,0.5582818,0.011467148,0.039722912,0.1440301,0.31755328,0.007173509,0.018927433,0.08364712,0.02314342,0.056343775,0.007187028,00015520_001.png
0.06849186,0.13143691,0.16342802,0.16818893,0.008130025,0.0045672217,0.00558051,0.29794207,0.010462864,0.032547224,0.004619303,0.007633897,0.64749354,0.003731357,00011723_007.png
0.006465686,0.003780329,0.018669046,0.6988037,0.02014203,0.031998258,0.24933338,0.0057976954,0.028642371,0.9882685,0.0063105486,0.003614007,0.007990289,0.0024911384,00019157_005.png
0.02306353,0.027943932,0.0018345062,0.012878864,0.005892588,0.04049913,0.016116267,0.045612227,0.003829141,0.0044536833,0.009276541,0.009411367,0.065396816,0.0058487765,00010304_007.png
0.016868368,0.010906514,0.0073950225,0.022981385,0.014817227,0.054868776,0.008661311,0.89884275,0.009632501,0.0049171764,0.8287547,0.029084932,0.021470064,0.009731609,00001248_023.png
0.24454427,0.02481672,0.9293801,0.6084373,0.60202825,0.13465431,0.027975123,0.0147170825,0.30231455,0.039482176,0.008560435,0.041092165,0.27034235,0.009882841,00010007_027.png
0.09145095,0.014309389,0.012877802,0.50142294,0.004889548,0.051653206,0.1131449,0.028324893,0.010723577,0.009368799,0.01849533,0.42743436,0.55105627,0.0060797203,00014055_000.png
0.009306807,0.18381208,0.028128425,0.5352456,0.0049311602,0.31572217,0.3874031,0.0033017304,0.10809068,0.1221838,0.005144636,0.006294619,0.04562614,0.008974112,00001075_003.png
0.49510258,0.009280105,0.01832181,0.20234202,0.16271241,0.61527014,0.055406827,0.04061567,0.023032552,0.0064227027,0.07737101,0.011328751,0.06017704,0.021404382,00006699_008.png
0.01110139,0.027975721,0.101346225,0.48712906,0.014580036,0.019081734,0.024446473,0.015450904,0.05514028,0.96344846,0.0060106395,0.005323323,0.060818307,0.002812107,00015605_031.png
0.026939197,0.011274468,0.009853667,0.250106,0.0047273817,0.02494251,0.045833107,0.079815276,0.009631136,0.006956716,0.09898254,0.8701131,0.06310593,0.0060434733,00001555_001.png
0.008241065,0.0063488795,0.007365216,0.93470407,0.020896202,0.4017926,0.042456266,0.45248693,0.026082462,0.00944615,0.009319147,0.17296934,0.074149296,0.0044097994,00001946_019.png
0.16412199,0.029630497,0.029871171,0.048517615,0.022829624,0.05455584,0.0212378,0.021525664,0.018825945,0.009429357,0.05519899,0.43780544,0.9328989,0.02005884,00006919_000.png
0.04497815,0.0061543016,0.1069884,0.871655,0.7882443,0.5896379,0.028489009,0.095843725,0.043385513,0.014376301,0.069998465,0.39137033,0.026585313,0.014579996,00009553_001.png
0.14281625,0.0019795152,0.11254907,0.94848907,0.16573273,0.23414542,0.1127263,0.0350251,0.4455353,0.15520641,0.018446917,0.00873582,0.07613801,0.0057115587,00011144_026.png
0.30958277,0.0038624387,0.03793477,0.89378154,0.07931966,0.19156492,0.11926109,0.03331909,0.68120915,0.020099187,0.008010827,0.012977647,0.086917676,0.005690478,00006446_008.png
0.45174202,0.021267585,0.012963136,0.21815433,0.009311059,0.08152281,0.07438413,0.018742317,0.014666665,0.00211608,0.0056165014,0.018152377,0.19208896,0.007894696,00000116_000.png
0.432244,0.014894437,0.028195178,0.15312698,0.012843396,0.0130686015,0.024742456,0.5937731,0.012586075,0.009877207,0.8967676,0.008783998,0.0324125,0.009330217,00016422_006.png
0.9540725,0.006094922,0.030644672,0.19776675,0.00751743,0.003199103,0.01790462,0.42876443,0.16376773,0.027041059,0.017590104,0.0030987805,0.030796219,0.0035625917,00008051_008.png
0.08167651,0.0130974585,0.027225746,0.03405549,0.043925855,0.034556273,0.011544702,0.23422691,0.018620323,0.007340922,0.056108933,0.067123614,0.9514655,0.009633702,00016142_049.png
0.009434738,0.01819847,0.007152341,0.02225404,0.27088436,0.24915816,0.01080708,0.006767738,0.024657588,0.025925169,0.0042090355,0.0058647436,0.012900141,0.007729081,00007762_000.png
0.1117836,0.016231956,0.038391493,0.11873226,0.015345025,0.20249331,0.01942267,0.12269193,0.016327104,0.010384849,0.8675767,0.114834115,0.31325364,0.018179221,00020070_005.png
0.88564426,0.008917956,0.008795714,0.0896328,0.05940087,0.027878283,0.054519657,0.02618592,0.04682146,0.0044253455,0.025098694,0.007224247,0.027373113,0.0137415845,00006827_003.png
0.006936522,0.018799713,0.0064710765,0.086121574,0.02796259,0.5902135,0.009585222,0.12759355,0.004570405,0.009847602,0.01276611,0.038827,0.6042049,0.007939537,00018853_001.png
0.076607764,0.23425134,0.76169074,0.53297883,0.28525302,0.30558228,0.030782733,0.010326115,0.25258312,0.21386066,0.007493841,0.011615534,0.09861485,0.010732408,00018104_010.png
0.43273315,0.007530445,0.015865793,0.057419956,0.55944383,0.012692168,0.010665741,0.88698405,0.06183658,0.0057606096,0.12974314,0.008541632,0.026129007,0.011801948,00016175_004.png
0.6101528,0.020651413,0.21296765,0.07204494,0.37373224,0.3107236,0.02693381,0.011331509,0.022888219,0.008133294,0.053999104,0.029902384,0.4129163,0.047108002,00002262_003.png
0.01928572,0.002881837,0.0090376865,0.45126137,0.73878926,0.03260216,0.006029552,0.6069341,0.079996504,0.019113265,0.007137077,0.011764454,0.008423988,0.0042631486,00006440_002.png
0.09337104,0.004056015,0.0064148563,0.13407929,0.13418709,0.01008964,0.0116634825,0.47432947,0.07219038,0.032435663,0.0102686025,0.00812245,0.013912207,0.0049304394,00016550_005.png
0.05806138,0.014466719,0.18557477,0.8124595,0.027904017,0.27725646,0.055421043,0.017611828,0.080648646,0.020887751,0.007210089,0.02593305,0.84743875,0.006513156,00000061_015.png
0.020440977,0.044945344,0.03375078,0.054364998,0.021239895,0.010487626,0.007787445,0.013857611,0.014982715,0.9586061,0.015781805,0.00559238,0.029139247,0.0038681838,00014839_026.png
0.099784344,0.0104548745,0.0011701154,0.006194372,0.0073301266,0.0025027785,0.011568701,0.05637358,0.031168599,0.014289166,0.0064021894,0.0052139363,0.008562835,0.0046149683,00009262_002.png
0.029552657,0.0013359472,0.0154836085,0.7786805,0.1588236,0.095381096,0.026484767,0.023680529,0.8148826,0.37245584,0.0064871297,0.0058828057,0.015553092,0.0045671826,00016719_025.png
0.075792804,0.004518735,0.0052735214,0.32667568,0.051718146,0.023480315,0.019063901,0.9274835,0.044439692,0.0071794987,0.010659589,0.011733038,0.022174539,0.0042984467,00009138_006.png
0.07358118,0.0034720714,0.06492794,0.65173787,0.4747021,0.9636895,0.026788242,0.009086519,0.043315757,0.00973166,0.017329376,0.01007305,0.029668387,0.009731434,00003393_021.png
0.7568369,0.022398867,0.15480159,0.14369413,0.14815474,0.067963615,0.018820899,0.0150961755,0.117833525,0.003593008,0.007426074,0.011633482,0.42642066,0.0077735777,00013557_016.png
0.74398625,0.020739172,0.7523285,0.40171158,0.023638139,0.014076883,0.020142194,0.10433135,0.03115824,0.0043139076,0.01323397,0.026219623,0.84593767,0.004777348,00007848_006.png
0.5914094,0.06575871,0.65540344,0.31121537,0.10476097,0.4428585,0.14145075,0.007859963,0.5018015,0.013049335,0.007388704,0.047704395,0.083552435,0.044156212,00010744_002.png
0.02671786,0.004003741,0.00832197,0.27407172,0.0519044,0.2214713,0.018295957,0.012527519,0.1699493,0.0032403881,0.0049816105,0.93520904,0.06106974,0.008453605,00020072_001.png
0.20709331,0.45097202,0.42134482,0.058800418,0.0470034,0.23079251,0.047574162,0.0030039705,0.6545001,0.010687776,0.0066949944,0.0075286273,0.02745291,0.026463175,00004451_001.png
0.012157572,0.008463227,0.004298416,0.019435393,0.010123924,0.05646954,0.009458498,0.10428281,0.006952409,0.0063285204,0.04132297,0.13034183,0.27249038,0.006838406,00003098_005.png
0.45996156,0.0021924272,0.043647025,0.43449005,0.06850325,0.019739952,0.021321135,0.06980689,0.6672522,0.010858764,0.01081754,0.02119703,0.386355,0.0055195037,00004833_017.png
0.20977817,0.0058346004,0.0108864205,0.017793361,0.06479348,0.009489302,0.0060819914,0.38660672,0.034503665,0.008940672,0.9524339,0.0036310926,0.02135483,0.008729212,00013219_000.png
0.008758316,0.0030856293,0.0037821846,0.292654,0.29124638,0.33503476,0.011103705,0.4348062,0.0138048455,0.021152943,0.12451418,0.0067964853,0.01268589,0.0053771795,00007772_001.png
0.010717821,0.004384259,0.004179528,0.32289407,0.0181024,0.36464015,0.016524876,0.20624924,0.016967764,0.0073603257,0.006356371,0.040664352,0.3198689,0.004765325,00010610_003.png
0.08225319,0.015569761,0.054066144,0.056727737,0.022086537,0.026054962,0.06093758,0.004843373,0.9188117,0.05237095,0.0061115245,0.013803879,0.025901385,0.009352571,00000980_004.png
0.13603191,0.19261971,0.015275209,0.21761027,0.027975986,0.18617737,0.03884313,0.11087658,0.006863017,0.0103543,0.027344314,0.01108184,0.2869586,0.012513003,00009138_014.png
0.26221302,0.0334402,0.007501761,0.06617359,0.0055727228,0.052975245,0.24629718,0.0066531594,0.010649124,0.004255892,0.008835771,0.4502708,0.038759142,0.040936977,00015442_001.png
0.19231746,0.0077533172,0.014651341,0.021825371,0.0066084242,0.009473973,0.03370781,0.008852918,0.013227315,0.0061066425,0.5086705,0.30113912,0.043389324,0.017769774,00011343_000.png
0.039457984,0.0042450544,0.015298078,0.7779466,0.01811251,0.11875944,0.031173088,0.08678492,0.062651366,0.003976362,0.010799738,0.8739363,0.18303052,0.0044350196,00016355_000.png
0.31790963,0.009293933,0.47795603,0.49127305,0.7503828,0.07228195,0.014448681,0.07209516,0.10486502,0.0071407263,0.0070541627,0.0094908895,0.32247812,0.0050382665,00010007_157.png
0.079609156,0.007015133,0.0010044547,0.005560615,0.0037555492,0.0048769214,0.019617753,0.012999929,0.019800834,0.0031528042,0.005043964,0.007437597,0.019848535,0.0050106742,00008541_000.png
0.026095735,0.03697319,0.0050101914,0.01718166,0.22124834,0.089874156,0.009213622,0.007960552,0.019257385,0.008528933,0.0030590105,0.006097996,0.0126337195,0.0076340022,00001551_000.png
0.6203322,0.012133377,0.006215302,0.035221938,0.013448497,0.014167451,0.020205123,0.13338888,0.011570592,0.007753244,0.19680583,0.0024785425,0.09014889,0.0062386636,00005079_015.png
0.020987365,0.037130237,0.8174945,0.85952413,0.042639762,0.054523624,0.02754572,0.19231592,0.010097563,0.0336379,0.028862966,0.62668055,0.5046079,0.008454245,00001974_015.png
0.24335736,0.117365815,0.9175585,0.8520681,0.024672495,0.058572035,0.38800466,0.017380007,0.011241677,0.056515094,0.019132612,0.19975309,0.25096878,0.014193459,00019923_000.png
0.16645198,0.038759995,0.045056988,0.030878752,0.8781193,0.011272353,0.0028401387,0.11457045,0.034048162,0.0156031465,0.0055701546,0.007204854,0.02042604,0.0070958477,00012927_001.png
0.16354488,0.015790073,0.008483559,0.01386346,0.011712963,0.12535444,0.046514302,0.004329401,0.00933235,0.004130801,0.03543609,0.26443774,0.053487144,0.07296541,00007451_000.png
0.044689387,0.71214384,0.08337051,0.09946259,0.049717516,0.1176549,0.040235963,0.010015675,0.020836663,0.54210824,0.016289255,0.012863886,0.04156324,0.02125916,00015770_033.png
0.12602171,0.005024996,0.0071311994,0.7150242,0.011067834,0.0755039,0.5338949,0.019065961,0.017014442,0.006231714,0.011349193,0.36836493,0.015280444,0.0057846024,00014201_008.png
0.0074106245,0.039986737,0.045158934,0.5786069,0.01656426,0.015984122,0.008283173,0.08215866,0.2493841,0.09143721,0.0015764155,0.008546896,0.3327797,0.0034633162,00009608_027.png
0.0040085167,0.011725555,0.0068289046,0.34780982,0.006675581,0.05995873,0.024950199,0.73198754,0.0049733683,0.008499581,0.57662475,0.2661913,0.007784114,0.005494916,00008008_014.png
0.3991877,0.006151639,0.056843407,0.58250767,0.021997033,0.04681153,0.04126515,0.16410263,0.0671602,0.0038202733,0.014414323,0.15406512,0.72552097,0.0060351435,00014556_001.png
0.013234705,0.0005315454,0.0049327607,0.9410317,0.7529564,0.06029487,0.0077820937,0.2084601,0.33842695,0.05882494,0.03251578,0.008345251,0.0021627098,0.002468745,00013670_089.png
0.03859316,0.0087276725,0.041810956,0.0082080085,0.033003364,0.09020889,0.0072384938,0.0055964733,0.010617165,0.008051279,0.31862816,0.38458687,0.7670557,0.031058796,00000461_000.png
0.84096557,0.007146716,0.017855661,0.28407127,0.1947547,0.022828348,0.021315519,0.44292122,0.04175962,0.014434341,0.04434273,0.0026815492,0.023006773,0.0048256987,00020213_025.png
0.6066279,0.0075722197,0.04800954,0.056628462,0.013969162,0.0052848468,0.008113542,0.29872936,0.02045611,0.016176153,0.98664004,0.0024970532,0.018760141,0.007258114,00017266_003.png
0.08826246,0.017940836,0.006029563,0.083058074,0.01736235,0.20131932,0.021803534,0.009035876,0.008924718,0.0051527694,0.0049958234,0.006941799,0.15526637,0.005599868,00000682_001.png
0.05668373,0.0072212964,0.013347573,0.80377436,0.054846562,0.35054424,0.14125894,0.019936316,0.011057451,0.22542211,0.009653805,0.009542786,0.07159428,0.006009686,00017365_003.png
0.0037034522,0.006103848,0.003684312,0.038838737,0.097846895,0.70711404,0.0078357,0.0908911,0.0035658367,0.008600975,0.023844872,0.021602474,0.057325616,0.00628843,00007402_001.png
0.9232058,0.0032252779,0.006954104,0.21586795,0.01575662,0.008290547,0.071159005,0.14766166,0.21457182,0.014727624,0.037702367,0.00223175,0.015376547,0.0041172192,00006304_001.png
0.0024018986,0.0109108,0.004120578,0.009387653,0.012535043,0.2572346,0.0042430377,0.033478428,0.0042686802,0.0077633597,0.061300818,0.24141969,0.70380026,0.008166353,00005757_000.png
0.78222066,0.026359417,0.018311445,0.15726261,0.01497838,0.009880649,0.020375544,0.057539213,0.15873517,0.011567327,0.0042377985,0.0043702526,0.07658114,0.0042813295,00006906_003.png
0.04072136,0.021429326,0.07975268,0.14862864,0.023251144,0.74836,0.5061951,0.0015806773,0.31458476,0.081728175,0.008358857,0.0056190533,0.006862241,0.029642599,00013678_006.png
0.15434967,0.0036672174,0.028761508,0.10886062,0.53239155,0.008966748,0.008496872,0.31649172,0.7548766,0.0077549852,0.0063577117,0.012446898,0.12064068,0.0073438655,00009889_028.png
0.3425843,0.0019676858,0.023127828,0.80173504,0.012870029,0.016847787,0.06653672,0.1487095,0.78407174,0.028781967,0.0059309425,0.009575897,0.07549776,0.0047255876,00008649_011.png
0.019445157,0.005858239,0.029925022,0.145656,0.9760508,0.51685786,0.005625795,0.15341374,0.013395161,0.0056253793,0.07952918,0.025225982,0.037861098,0.010308777,00008841_048.png
0.13330951,0.004117089,0.023360152,0.6135493,0.027846057,0.54553336,0.07911418,0.010597608,0.08135389,0.0050743646,0.0051297215,0.109597124,0.32397076,0.0073260474,00019471_000.png
0.14250657,0.028233752,0.65514606,0.4891628,0.65649223,0.05534811,0.009577457,0.04272859,0.3573504,0.011134702,0.0046835407,0.010199229,0.30823666,0.0048899115,00017478_000.png
0.012232521,0.26621255,0.02589,0.3534914,0.0070461817,0.014901197,0.07429318,0.020813813,0.0031256492,0.529991,0.026747333,0.031231098,0.18570504,0.006674063,00007018_032.png
0.68759817,0.22373708,0.22633488,0.23596264,0.01064707,0.013840043,0.055450644,0.02116132,0.019289168,0.00837852,0.011248632,0.071223706,0.7636646,0.01600199,00016732_036.png
0.15430363,0.009977813,0.041336272,0.47979268,0.019914176,0.07231307,0.03543642,0.08966164,0.033169623,0.006910884,0.0526233,0.74895304,0.5008252,0.008854679,00017141_001.png
0.22856773,0.02130268,0.06956921,0.08391626,0.17253837,0.007149362,0.005128787,0.025559464,0.67371476,0.010588288,0.0027748686,0.0095269745,0.2451424,0.004629971,00016009_027.png
0.0068161995,0.11936949,0.0033762592,0.00699489,0.025930895,0.06496894,0.007491092,0.003555285,0.012978838,0.005441896,0.002629082,0.008853151,0.018685171,0.007794161,00001279_001.png
0.17659956,0.0138513325,0.1440362,0.080305465,0.096984036,0.057803676,0.011385246,0.006621694,0.70006835,0.012693573,0.008251801,0.010295121,0.41680256,0.007013625,00014635_002.png
0.18797605,0.84875464,0.31431836,0.19407296,0.055878647,0.09299643,0.03888109,0.050796025,0.009376406,0.023562787,0.05260005,0.17657718,0.35507622,0.06722905,00006642_012.png
0.0045285523,0.004637437,0.0021971662,0.021208143,0.16443285,0.087431066,0.0066399015,0.6130301,0.005594685,0.013548537,0.037710182,0.0063348385,0.007870736,0.004192382,00013670_137.png
0.19560419,0.004636502,0.038439274,0.3817009,0.81339407,0.05467655,0.011889478,0.036625307,0.23671651,0.01110094,0.0047840276,0.012699054,0.044850048,0.0057122167,00005505_001.png
0.31810424,0.80857754,0.5573806,0.4164802,0.031713344,0.07955116,0.106383316,0.016482724,0.06447266,0.044357654,0.009772033,0.011171244,0.090083495,0.013342958,00016291_042.png
0.09604882,0.008484561,0.025805697,0.08100445,0.40722406,0.09584461,0.007370785,0.60320634,0.044863198,0.00860093,0.95479864,0.019661736,0.05518862,0.012915238,00002702_011.png
0.5608072,0.0044359104,0.032821182,0.6144524,0.10421448,0.014192632,0.023898527,0.93318456,0.0865697,0.0063002585,0.05667668,0.010542504,0.0204056,0.0049160076,00011379_027.png
0.05161747,0.15556422,0.00901276,0.0073560905,0.026200388,0.0108383875,0.02347844,0.0052799284,0.27084532,0.050004654,0.004890794,0.00577225,0.005323343,0.01366398,00003361_012.png
0.039524406,0.070005536,0.012582596,0.014969105,0.03449915,0.047849666,0.009403897,0.021077683,0.003870727,0.008672447,0.028061228,0.008632829,0.31721422,0.008796001,00001364_005.png
0.030557577,0.9294897,0.11018457,0.25508234,0.041475672,0.21482912,0.023712767,0.026922913,0.010126306,0.012906409,0.008956935,0.02524131,0.13635832,0.021835282,00011023_004.png
0.07156225,0.0059730834,0.014535476,0.16052713,0.055263497,0.034033794,0.015673533,0.019620394,0.8869844,0.42544132,0.006094919,0.0040727616,0.013171758,0.0052796802,00016991_013.png
0.039065838,0.004807046,0.0023644587,0.027504425,0.021753218,0.008470245,0.024044912,0.038938053,0.50714034,0.019177822,0.0034661961,0.009469621,0.009594597,0.006894958,00001948_000.png
0.30555212,0.06102659,0.0292907,0.035431217,0.025428496,0.17803022,0.036055077,0.013244672,0.011558012,0.008726645,0.10509381,0.5256107,0.22823551,0.12501863,00006532_002.png
0.008608554,0.029566903,0.35359478,0.76426333,0.07350151,0.4936801,0.08007505,0.0056998264,0.08294102,0.7874925,0.006359872,0.010338403,0.04761659,0.0068566604,00018724_042.png
0.12785278,0.9648928,0.97170156,0.5187767,0.022390123,0.009820503,0.040868737,0.022017721,0.01119064,0.057805248,0.0055324356,0.034944527,0.06660896,0.008488693,00000211_011.png
0.048470918,0.0040824823,0.023326157,0.80691844,0.24683556,0.8336012,0.0366728,0.017233204,0.051357474,0.017985402,0.0049237367,0.008425223,0.051210847,0.005465347,00006700_005.png
0.11588744,0.00953668,0.04408344,0.077415995,0.8993469,0.088716716,0.00757327,0.86503583,0.021955015,0.006984934,0.7486704,0.0057219854,0.042718846,0.012310576,00009349_003.png
0.0028574972,0.00885101,0.0043348637,0.026423998,0.009161984,0.27799407,0.0049178135,0.3479859,0.0060908613,0.009658748,0.115534045,0.10425101,0.5429773,0.0062341774,00007585_000.png
0.12827355,0.004052617,0.0020362148,0.010198806,0.05238772,0.0036474008,0.006285198,0.7055471,0.051242128,0.0063925534,0.061033525,0.003982293,0.007494047,0.0053175897,00008468_035.png
0.24872403,0.010830789,0.8593003,0.6193956,0.032267954,0.06864382,0.06177274,0.007814487,0.08234733,0.006930452,0.00920974,0.68393433,0.7695067,0.0075508775,00019395_016.png
0.26751757,0.025349978,0.13740113,0.12508959,0.07680008,0.07947587,0.015846359,0.93230766,0.020448808,0.0071484987,0.9259115,0.020044215,0.16814138,0.01978415,00019373_003.png
0.19505146,0.004480023,0.08387278,0.85493296,0.6127502,0.46819454,0.035665683,0.034583215,0.10911279,0.012024803,0.008236977,0.016778314,0.15568978,0.0051114373,00016719_015.png
0.011652572,0.29109865,0.006884974,0.01073929,0.06170927,0.09927148,0.008510574,0.005528992,0.007398625,0.009173999,0.0044854754,0.0056581134,0.017773096,0.009563658,00007228_000.png
0.090882435,0.007083525,0.0022886435,0.08451335,0.026025241,0.05133003,0.021655763,0.0680359,0.018022558,0.0076585654,0.0028805332,0.0034495413,0.025980117,0.0035212694,00010805_008.png
0.036767844,0.006478619,0.0020864229,0.02180704,0.0069064475,0.023174558,0.048299577,0.11865234,0.007443943,0.0049870447,0.060024608,0.0130349295,0.008957011,0.008939323,00015606_039.png
0.25850195,0.011234528,0.23779498,0.6993337,0.28194454,0.84165895,0.08025782,0.0076907,0.29422438,0.012426869,0.006952965,0.03695902,0.13113515,0.017554047,00012373_004.png
0.8107774,0.011272311,0.21351004,0.22855686,0.32546216,0.009276581,0.008104559,0.8173945,0.052603137,0.020799788,0.44308886,0.004643124,0.02123947,0.007386301,00016937_008.png
0.1606749,0.009228664,0.03920622,0.107252285,0.1600588,0.3951105,0.026867941,0.011889803,0.033487156,0.009126227,0.11266933,0.8676747,0.055794384,0.09874614,00009368_016.png
0.018696273,0.002792942,0.012648271,0.97610664,0.048035625,0.5645183,0.21248,0.033642072,0.038957026,0.024435565,0.0072946763,0.088480026,0.027946431,0.0032841174,00001836_096.png
0.03674913,0.003704058,0.0035184096,0.19328077,0.04469445,0.013434352,0.013008479,0.8357989,0.062581815,0.011050644,0.006337781,0.013863667,0.019415094,0.00426135,00008295_040.png
0.016932707,0.0021832087,0.0029543764,0.15953316,0.2750322,0.1139329,0.012401427,0.08935462,0.06433212,0.01628344,0.007782469,0.006856222,0.022062974,0.0043724403,00018852_001.png
0.026365068,0.01040881,0.6953556,0.31621066,0.27163917,0.29479593,0.007328146,0.0119565055,0.11270928,0.009671404,0.010102969,0.028918687,0.9573405,0.006518629,00006948_011.png
0.34476972,0.007362058,0.009620432,0.18533216,0.013285596,0.10058063,0.11790229,0.01595049,0.02011211,0.0042863353,0.057936877,0.30437288,0.041540287,0.017828295,00002371_029.png
0.32634342,0.002796195,0.006603574,0.17335874,0.011145942,0.008329565,0.023797391,0.21843222,0.047232788,0.0066064834,0.005989322,0.0065456773,0.047255393,0.0030215625,00008371_003.png
0.06793495,0.049279835,0.00731002,0.047917947,0.0056935847,0.0213581,0.021373026,0.042829003,0.0046472424,0.01022893,0.04195992,0.023869636,0.49422196,0.007488534,00015268_001.png
0.76111275,0.3661172,0.2007278,0.19173579,0.03195479,0.04285145,0.0778076,0.033454884,0.01996797,0.011294069,0.029441085,0.5428976,0.3106795,0.10688005,00009966_000.png
0.05260728,0.0020214461,0.01579,0.6241111,0.65985954,0.07456584,0.00909562,0.046226874,0.5139684,0.058230788,0.0049664094,0.0058004283,0.02011157,0.0037637814,00015013_007.png
0.42791376,0.012024067,0.44386226,0.7411014,0.10280237,0.1823167,0.42970428,0.0118662575,0.35365668,0.38696083,0.015819855,0.020369358,0.05713452,0.016823621,00018964_014.png
0.30854914,0.044838265,0.03729965,0.39833263,0.005427072,0.024373868,0.36295393,0.006048078,0.023447258,0.009719059,0.003351817,0.07356591,0.23380919,0.0077444958,00016205_000.png
0.06693591,0.009769962,0.05276808,0.14310062,0.31925443,0.5354143,0.021563048,0.01439446,0.013667894,0.009041993,0.02391533,0.15923853,0.32702157,0.017625159,00004582_005.png
0.04172703,0.0047621056,0.002563068,0.4613255,0.0039212587,0.02142821,0.25100398,0.04943914,0.068707295,0.047797587,0.002865853,0.007785614,0.045093093,0.003823928,00016291_005.png
0.51980746,0.028187502,0.12864363,0.06187257,0.06083459,0.010617395,0.011367238,0.01338422,0.699628,0.5075309,0.010249148,0.005168217,0.02012824,0.0055666957,00014618_004.png
0.2394233,0.012851534,0.090013735,0.060214028,0.17562824,0.012438331,0.0065328185,0.008406528,0.6012468,0.697731,0.010723264,0.0043577803,0.012708455,0.0046376926,00015041_011.png
0.018754086,0.0077873794,0.02987405,0.005581743,0.064359665,0.026156604,0.0031105059,0.21140884,0.013864385,0.005625563,0.9625763,0.056083266,0.15713868,0.014865633,00012144_028.png
0.06436053,0.0048542493,0.006602367,0.18165837,0.0848583,0.009895205,0.011562667,0.5917764,0.3467866,0.013247888,0.002774552,0.009422759,0.06584038,0.0054477807,00002335_002.png
0.027147537,0.01725082,0.062637195,0.20146678,0.07595991,0.029418854,0.010579006,0.02000116,0.11279011,0.86610645,0.006361002,0.007994197,0.03787788,0.0042261016,00017524_008.png
0.027216788,0.0060847793,0.037577383,0.5664659,0.03606676,0.08691017,0.021010991,0.017320577,0.88828886,0.041000493,0.004137778,0.0073444042,0.12302462,0.004438651,00013670_142.png
0.0031857267,0.012299245,0.005103773,0.6841184,0.0077650174,0.33300352,0.12723345,0.011322541,0.03725724,0.3128929,0.002817946,0.006344589,0.033091597,0.0043969806,00000877_030.png
0.006191631,0.011618112,0.009012017,0.04778419,0.04068278,0.07776392,0.006908888,0.2071037,0.010787324,0.009872004,0.006773465,0.060980044,0.8444904,0.0055845836,00000710_003.png
0.03741921,0.006362356,0.22196504,0.79762053,0.4698549,0.09232113,0.010952824,0.08628621,0.35437158,0.012238883,0.003989136,0.020093786,0.57182753,0.0051520485,00017443_000.png
0.072775714,0.003170833,0.016959883,0.2352843,0.8125996,0.8207661,0.016565321,0.007321617,0.062332053,0.0084153125,0.0131112095,0.014211639,0.014254705,0.01484649,00014663_049.png
0.061547406,0.0059514977,0.0076585,0.15145689,0.010368337,0.05733405,0.03250161,0.030004084,0.03655598,0.0056226673,0.034188513,0.85225403,0.20992693,0.008684438,00012620_000.png
0.30897367,0.036929816,0.66142225,0.1281027,0.03286919,0.024278084,0.014349642,0.6383152,0.014763225,0.010649099,0.9120756,0.06408033,0.15791622,0.017563006,00002583_012.png
0.009033371,0.006036071,0.012655145,0.0093418425,0.22040918,0.59870934,0.009990299,0.0016764619,0.17389147,0.00869918,0.007221501,0.008321486,0.009838655,0.015572305,00005194_000.png
0.83654976,0.006778349,0.07280408,0.15311147,0.008332626,0.029768178,0.15001535,0.005549359,0.055707432,0.0047710678,0.012362365,0.39773688,0.4053066,0.019717753,00003665_003.png
0.13837385,0.039946925,0.027125858,0.23283197,0.023767984,0.014817595,0.008092309,0.115543984,0.014280262,0.12438447,0.004752689,0.0050402917,0.25971776,0.0033703072,00004344_022.png
0.87690717,0.002360751,0.025084972,0.49389216,0.009667034,0.0064440593,0.042971853,0.26916292,0.56709194,0.011856499,0.008268512,0.0072005475,0.043955747,0.0038711207,00009302_019.png
0.18947068,0.00559417,0.022865333,0.6490133,0.02025919,0.3176196,0.12669589,0.012580288,0.09070518,0.0036763232,0.004451876,0.5380538,0.21181804,0.008512884,00009600_007.png
0.016793747,0.15909128,0.050455723,0.016500551,0.08225305,0.3457054,0.0064638513,0.30989262,0.004076335,0.01227834,0.91705245,0.10920725,0.18709932,0.0631534,00000013_042.png
0.020301962,0.006707109,0.033101276,0.8365772,0.014975842,0.0826655,0.029256474,0.054422762,0.020947512,0.0059060194,0.012382041,0.95870614,0.1329974,0.0045506777,00016006_001.png
0.008489071,0.0068516517,0.0009994755,0.0027786158,0.01873611,0.01876859,0.008449234,0.0256193,0.0045825494,0.010299164,0.011822247,0.005645655,0.0047429684,0.005768836,00011461_000.png
0.09437968,0.004733614,0.010580054,0.29757068,0.050804947,0.41844144,0.04785338,0.034952648,0.015066109,0.008512232,0.3084953,0.028860949,0.032911338,0.010853346,00019027_005.png
0.5863444,0.0022268018,0.023873383,0.34724405,0.008919274,0.01086363,0.11328633,0.022356316,0.33691663,0.057832092,0.012993151,0.008167354,0.07866897,0.0047396454,00006039_010.png
0.24455497,0.0030804689,0.015370738,0.37299672,0.33240616,0.07745183,0.020936366,0.03221663,0.73828024,0.010640733,0.006401861,0.007076948,0.030694293,0.0057164566,00013659_023.png
0.024497306,0.026947105,0.0024172938,0.008535634,0.009572894,0.065054335,0.021492051,0.004373424,0.0076767104,0.004736587,0.0052860025,0.015643356,0.019435711,0.0159264,00002636_000.png
0.08112975,0.004030961,0.0021388778,0.029512525,0.02531649,0.053517103,0.0240975,0.009924,0.12708034,0.0059191883,0.0038477422,0.005959337,0.019950846,0.006822565,00011007_000.png
0.0051192464,0.021307632,0.011895019,0.09291051,0.033574697,0.84448624,0.010297599,0.0051192394,0.030887613,0.035522327,0.005933178,0.0044371635,0.0717297,0.0061973496,00014454_006.png
0.0797555,0.011483549,0.014110628,0.04912968,0.010362883,0.040638544,0.01518579,0.49585694,0.015229758,0.005983718,0.53973496,0.06773315,0.22387823,0.009964463,00011808_019.png
0.011336263,0.0091998335,0.0027625717,0.054892495,0.007098811,0.030400133,0.025624068,0.052294295,0.004658474,0.08041746,0.016498152,0.010012262,0.048487127,0.004185067,00001576_001.png
0.04961002,0.4975305,0.15275654,0.49750316,0.00680825,0.026953107,0.5478254,0.005083009,0.064483665,0.36159942,0.006644293,0.010098168,0.06356852,0.0078094983,00013594_038.png
0.09457084,0.007570786,0.010603179,0.098855965,0.009272349,0.23639855,0.031493664,0.0075733727,0.009078429,0.0066591334,0.012619215,0.02521498,0.5302814,0.0069671595,00006752_005.png
0.36925915,0.012211037,0.018207574,0.21572801,0.021623977,0.34357804,0.18206194,0.007621138,0.069876574,0.0030746958,0.0036484005,0.0982165,0.04777,0.025649207,00007618_000.png
0.34087014,0.034076396,0.0332396,0.7300875,0.010963769,0.05287658,0.20234126,0.051078714,0.008113944,0.028298032,0.03302943,0.012361416,0.36459324,0.0062108035,00016416_000.png
0.1606104,0.039849993,0.18786742,0.70772654,0.027514707,0.016131086,0.018373607,0.6074482,0.01574532,0.016224504,0.0035013529,0.010903341,0.26744723,0.0041470984,00010677_024.png
0.18887518,0.2785294,0.018788699,0.03190135,0.042426925,0.07960963,0.02062987,0.01883789,0.00828047,0.003997365,0.011918189,0.027515568,0.178932,0.030641546,00010980_002.png
0.050858453,0.006059954,0.3117672,0.14556926,0.5531597,0.37438786,0.0072911475,0.0049217,0.59455574,0.0065307547,0.007015116,0.034333486,0.54275906,0.008714086,00004928_004.png
0.023499645,0.9550723,0.031805135,0.15923531,0.006854342,0.01554991,0.011403224,0.026720535,0.0043771532,0.01465946,0.006009617,0.013643802,0.2982359,0.0067580966,00006875_003.png
0.11396931,0.0024225772,0.009302424,0.38644108,0.19269244,0.014399109,0.012345503,0.2435251,0.5211499,0.0198901,0.0041574775,0.010629951,0.06168679,0.0046574725,00001992_008.png
0.082432956,0.35913488,0.1494214,0.081553966,0.013705248,0.014439401,0.025659665,0.00472257,0.8600906,0.05157113,0.0041376995,0.0063667493,0.04211663,0.0068834843,00013894_004.png
0.008736378,0.047599025,0.0061800648,0.17042919,0.01549862,0.6438097,0.022116883,0.03920636,0.0062943236,0.007221015,0.006114569,0.1939575,0.12258706,0.011196161,00010384_001.png
0.44032913,0.11407038,0.007427923,0.068984956,0.010980954,0.022363942,0.03991318,0.015591279,0.05702764,0.0059816623,0.0044631627,0.0038298485,0.06058558,0.007290993,00007659_000.png
0.040101666,0.0024155292,0.012663525,0.91803044,0.08339923,0.31231222,0.03589678,0.0638772,0.10345418,0.030703554,0.0055463207,0.01045259,0.1782293,0.0038584447,00004360_012.png
0.17173785,0.0030178775,0.0017196906,0.016133584,0.06449053,0.0029815005,0.0075696185,0.22102365,0.17282586,0.01110505,0.014316022,0.0045703617,0.010469723,0.005140067,00018571_000.png
0.0022228304,0.005611529,0.002203953,0.122288875,0.009224445,0.300133,0.0305168,0.13031912,0.0042260657,0.021022784,0.032106996,0.032901395,0.012482209,0.0050567654,00005069_001.png
0.023900002,0.06659878,0.0025474909,0.07701902,0.0035367685,0.07106602,0.03471754,0.019821113,0.010189684,0.0041718683,0.0035983247,0.047271173,0.24714938,0.00675008,00004361_000.png
0.57709,0.019184485,0.018801358,0.16959582,0.006155914,0.011798412,0.34730092,0.010102158,0.012217101,0.0034073729,0.013304093,0.7420716,0.01609048,0.032115076,00010399_001.png
0.0051733973,0.006124258,0.0034588117,0.019830525,0.26195112,0.5316445,0.008552963,0.022083571,0.0031233132,0.012051889,0.010559039,0.008353672,0.011105281,0.007392321,00018989_001.png
0.21743517,0.012667026,0.029728606,0.10528914,0.641517,0.07316441,0.015569791,0.055741552,0.012860085,0.060288094,0.5877207,0.0059912363,0.014709279,0.022847272,00000013_026.png
0.005802587,0.00890108,0.002130349,0.03496251,0.00526213,0.018181063,0.016457815,0.84612864,0.0050910916,0.024059577,0.053091794,0.00986994,0.013964531,0.0039002132,00000831_001.png
0.04560686,0.0039374097,0.008213142,0.21503612,0.05302957,0.024331072,0.026688453,0.08225674,0.3585428,0.0045693745,0.017396193,0.819345,0.026577307,0.010173181,00000910_001.png
0.19774288,0.13573056,0.6383058,0.21745665,0.011226237,0.016189735,0.16615628,0.007521245,0.78076917,0.54088044,0.010340643,0.0069242846,0.032031123,0.0071090586,00014346_021.png
0.48714876,0.00845249,0.020587463,0.044288263,0.26665682,0.01091082,0.012235671,0.024885636,0.42790586,0.004053119,0.004930271,0.01496152,0.07250451,0.008754648,00008232_010.png
0.023105735,0.017996198,0.25996143,0.23955692,0.13025598,0.15753628,0.01806984,0.0042117545,0.9001993,0.0494516,0.0046359194,0.0099873785,0.06352357,0.005580989,00008387_006.png
0.008450847,0.0067005586,0.00384119,0.0065303682,0.06777278,0.08269461,0.005454309,0.050107796,0.008058461,0.005709542,0.018576574,0.07920679,0.37934077,0.007206188,00008748_013.png
0.049528122,0.027560728,0.3647575,0.25158858,0.028210247,0.11728513,0.02026772,0.0127996085,0.015616929,0.007541957,0.01325042,0.51213324,0.9698769,0.011181094,00005612_007.png
0.015441231,0.019202739,0.0068604206,0.18732531,0.004833509,0.026238287,0.019782653,0.4092575,0.011555677,0.0062116534,0.006020405,0.26487175,0.3911776,0.005302808,00001429_008.png
0.09904754,0.0023603344,0.019418899,0.69809496,0.03651241,0.015522932,0.029030299,0.21466006,0.67353284,0.02183734,0.0033002961,0.014649896,0.06800936,0.0046505476,00013875_005.png
0.008414303,0.5195897,0.026411366,0.2594981,0.009710237,0.2439124,0.013058758,0.010125636,0.015341415,0.012875573,0.006826424,0.022077424,0.7307945,0.009379671,00001872_012.png
0.0028940854,0.0020270436,0.0026591227,0.85847366,0.019734316,0.12849095,0.061406188,0.03837362,0.025635334,0.891557,0.0076052467,0.0029701907,0.010005864,0.0027919821,00018104_004.png
0.0062316493,0.013069955,0.037512124,0.56528145,0.101376005,0.8558107,0.011088765,0.10853085,0.011184336,0.010047349,0.0757446,0.7809263,0.09185602,0.01311345,00016213_007.png
0.50494313,0.16195092,0.0386993,0.03060435,0.10033211,0.010698168,0.010463654,0.024913656,0.035352435,0.0042560217,0.0058688396,0.007914525,0.2810189,0.009734201,00011849_001.png
0.08281521,0.0074997195,0.0053057713,0.11456391,0.14436823,0.44620693,0.026141612,0.17817491,0.007229009,0.00820972,0.05857604,0.0039708097,0.06287489,0.007661505,00003995_002.png
0.021044115,0.022422697,0.82177615,0.28373504,0.039518192,0.0190933,0.049897544,0.0013872227,0.06845745,0.9892854,0.0075510778,0.0040046484,0.007492827,0.002090574,00010347_003.png
0.23033026,0.062209442,0.3630595,0.01077238,0.70348346,0.045556936,0.0050473367,0.03475323,0.010331594,0.008251887,0.07966465,0.007967239,0.72872233,0.014560934,00010007_165.png
0.089084975,0.014655459,0.0106663,0.2240638,0.008893881,0.12769091,0.043134686,0.015729144,0.024232421,0.005141096,0.010065083,0.75919664,0.5733508,0.009966415,00015275_000.png
0.7896764,0.019292342,0.18422587,0.048440136,0.12260433,0.027213454,0.015276414,0.0070699113,0.6540205,0.0044711363,0.006516724,0.036714654,0.26053122,0.017562801,00016009_025.png
0.11558417,0.025435109,0.22958626,0.11567813,0.020425,0.02116788,0.030573595,0.0050358647,0.972325,0.29230568,0.0060663396,0.0046116225,0.017726963,0.005172271,00006039_004.png
0.02594484,0.02321916,0.020571264,0.07398362,0.016411766,0.006320187,0.008530208,0.0415881,0.15049906,0.6814147,0.0038465797,0.007864017,0.0443655,0.0036333723,00012470_002.png
0.056217548,0.031112503,0.008357766,0.08166411,0.0102916565,0.04343937,0.014551352,0.020224627,0.019029466,0.0051917667,0.0050102537,0.039371908,0.88360524,0.006362404,00015361_000.png
0.011687286,0.043889727,0.107504115,0.45404896,0.0118948575,0.2120824,0.066414244,0.0032108757,0.62145543,0.057517406,0.0034631651,0.012273523,0.13538317,0.0057496303,00010350_018.png
0.10828733,0.014987066,0.004253276,0.008579757,0.020198267,0.046239775,0.029644161,0.0034979775,0.021916004,0.0029661679,0.0044439347,0.027706368,0.016942617,0.026977515,00008675_005.png
0.0112154335,0.0044574565,0.0062364936,0.16304493,0.084841296,0.42401513,0.023450617,0.018666811,0.028601442,0.004567206,0.05866869,0.84950286,0.006379994,0.023758078,00015273_000.png
0.47013986,0.18698856,0.058468882,0.18999861,0.024841774,0.28375462,0.07221852,0.01609598,0.022615388,0.0045659468,0.012384467,0.03301508,0.23307231,0.033955224,00003989_006.png
0.08641069,0.22374961,0.17309406,0.039090782,0.029689722,0.046020817,0.17390773,0.0036389437,0.66607386,0.60659236,0.0052930806,0.0062956423,0.006334691,0.01747738,00013249_017.png
0.03410172,0.4592416,0.77066636,0.61229193,0.07857849,0.059455622,0.013272831,0.07151443,0.016891228,0.035521887,0.0064348066,0.0087016625,0.70487744,0.0061834506,00007557_014.png
0.16126591,0.62159276,0.020152465,0.050135307,0.029895792,0.05671423,0.027218493,0.13172524,0.0054184534,0.009530242,0.062425002,0.051242143,0.13689557,0.038146943,00000608_001.png
0.20160635,0.0017567386,0.013690654,0.9022251,0.3674233,0.30934018,0.1902349,0.030619327,0.4687646,0.028059758,0.024308821,0.027164191,0.009796907,0.010885367,00018091_022.png
0.034336943,0.034829333,0.04798626,0.20084906,0.1481378,0.6905409,0.016165532,0.04340305,0.020502158,0.0074128206,0.013770845,0.5029031,0.6651437,0.027027559,00003046_000.png
0.07996392,0.017876646,0.033065658,0.17089576,0.22338483,0.43963102,0.024678826,0.07542583,0.027973453,0.015737716,0.24328436,0.55400914,0.39924327,0.031443544,00018608_002.png
0.05277774,0.012533324,0.04395702,0.100132644,0.076212734,0.056573085,0.012122665,0.14075863,0.041738097,0.007917558,0.06970952,0.8346618,0.30233997,0.01783426,00000092_002.png
0.028205078,0.012192663,0.18209101,0.25758862,0.018429356,0.003667712,0.0038504477,0.024217227,0.067727424,0.9754342,0.00446761,0.0034644175,0.020263469,0.0018678663,00017138_004.png
0.16034152,0.003421478,0.009829963,0.19259588,0.035589173,0.008665849,0.010778093,0.9900327,0.043819923,0.009420542,0.045032006,0.004638298,0.01086915,0.0036970412,00003367_002.png
0.6210509,0.0073837214,0.031244425,0.292061,0.010387938,0.020738227,0.08384038,0.019208927,0.031974386,0.004858468,0.019305319,0.5462047,0.2391212,0.010507328,00012536_000.png
0.0043963627,0.008688375,0.006309254,0.010160187,0.08465471,0.7570744,0.0049483352,0.018402772,0.0035019207,0.0075603314,0.03355217,0.06602425,0.37917662,0.011372323,00009165_000.png
0.1417641,0.0033231701,0.008529204,0.65608096,0.081361555,0.05733887,0.031056978,0.4144584,0.087971486,0.009363509,0.020010492,0.029658617,0.08022881,0.004644616,00008397_011.png
0.34571344,0.0010367098,0.23297729,0.91111684,0.08444955,0.0073402026,0.058040522,0.05950418,0.4355555,0.9033063,0.068514496,0.003900858,0.0080694845,0.003087032,00009365_021.png
0.038415167,0.03161458,0.26281768,0.22419928,0.024126258,0.009935884,0.0108128935,0.013082853,0.13669215,0.957251,0.0057786927,0.0051989774,0.030661838,0.003003776,00017541_027.png
0.41224003,0.005218021,0.1729694,0.29203844,0.78571916,0.014398594,0.006076866,0.12557027,0.11993185,0.06864734,0.0399098,0.0053341785,0.063031405,0.005342303,00011303_003.png
0.24660496,0.8781731,0.0727115,0.060946245,0.04550175,0.050090663,0.034724034,0.017744284,0.010438923,0.012888683,0.022258341,0.021259032,0.05842882,0.046390016,00004182_000.png
0.02411063,0.0051363423,0.015363328,0.6876294,0.011554489,0.05371881,0.026501171,0.2713473,0.04983951,0.00928196,0.0054741967,0.18702655,0.54612553,0.004737538,00007034_070.png
0.031331263,0.0024878087,0.01796086,0.71542996,0.067043,0.03291093,0.0747496,0.01575274,0.08963993,0.97972566,0.017721644,0.0031988933,0.008805318,0.0029682836,00016991_008.png
0.050074425,0.0061627887,0.115035936,0.40576634,0.9003516,0.5647952,0.008722525,0.0056690886,0.16158919,0.008683789,0.0033789221,0.013344044,0.052265085,0.00637416,00009457_002.png
0.027897751,0.003844647,0.007053629,0.6502902,0.036373414,0.24364014,0.1498407,0.014444955,0.02435723,0.59869075,0.009885287,0.004654107,0.029029205,0.0053051473,00020156_003.png
0.21958594,0.0040966403,0.26990375,0.778568,0.03192941,0.018627297,0.019773168,0.08213312,0.8317965,0.1100441,0.006133867,0.007852923,0.14026342,0.004769078,00005756_014.png
0.059930436,0.0076672826,0.025087344,0.083804436,0.015608927,0.060512915,0.0144131845,0.012586253,0.046254475,0.0049280864,0.008449097,0.32580447,0.9640865,0.0071586324,00001524_000.png
0.49866283,0.6747209,0.18196657,0.1496488,0.051769678,0.031765148,0.037109103,0.017030127,0.09478803,0.04334611,0.006522972,0.008961372,0.044217426,0.012330216,00001249_005.png
0.1714107,0.6476667,0.42955527,0.07726809,0.014927061,0.037484672,0.13032147,0.0033037583,0.7359305,0.04472529,0.0058851875,0.010627865,0.018271104,0.017679038,00015406_003.png
0.21271472,0.014945479,0.3603094,0.8630225,0.056700166,0.03148465,0.06902228,0.04787417,0.118126474,0.26406443,0.006608143,0.0146661205,0.17390719,0.0051976535,00010007_005.png
0.085520454,0.011499545,0.03015188,0.01152458,0.80404484,0.029777234,0.0037095253,0.95924336,0.008322825,0.004051278,0.54478395,0.003703931,0.022545766,0.009583053,00013911_015.png
0.012900505,0.030302165,0.07226467,0.013951558,0.31044716,0.27194834,0.0069414973,0.47271028,0.0072756815,0.008802264,0.35774097,0.061820306,0.8399259,0.019726023,00005986_016.png
0.017872209,0.0049107526,0.008320907,0.007393661,0.034127086,0.032275923,0.0053822366,0.016467914,0.017671486,0.0063044457,0.04749671,0.13644329,0.91333675,0.0060835453,00019718_004.png
0.008943155,0.02123678,0.00953501,0.0329365,0.053817187,0.19636974,0.011233693,0.35856262,0.0034832058,0.031245295,0.1270928,0.009491122,0.09525844,0.00870038,00007572_001.png
0.12710705,0.0047060335,0.019131538,0.07574764,0.3928722,0.006501439,0.00729861,0.1282945,0.837269,0.019095188,0.0042961007,0.007670432,0.027673913,0.0055006305,00007046_007.png
0.04022919,0.009743168,0.0052462146,0.046250075,0.009484557,0.091088004,0.014062926,0.021067323,0.010153208,0.007222732,0.013639446,0.06870341,0.76576555,0.006371973,00012882_000.png
0.033212658,0.0067683146,0.010478376,0.22295608,0.32288396,0.06024884,0.010401279,0.6748108,0.008454616,0.061910957,0.1611247,0.007073836,0.013511668,0.006603093,00015075_004.png
0.008397776,0.008616595,0.0074763624,0.083490685,0.023558803,0.17502822,0.007954101,0.033262953,0.018631957,0.00596956,0.014918678,0.8040306,0.64937586,0.0073532118,00011969_000.png
0.8487749,0.009598599,0.5447281,0.08985916,0.20769013,0.022401351,0.011362684,0.08917115,0.07248913,0.0044794576,0.46034518,0.024215164,0.725474,0.011894431,00014635_005.png
0.061034996,0.0040902174,0.025847323,0.1821785,0.14008681,0.03885504,0.021032192,0.027224168,0.018187603,0.019466197,0.9748819,0.03531788,0.0036668933,0.01846641,00019097_002.png
0.004507327,0.01595478,0.022117708,0.71884066,0.0065463684,0.043912727,0.01789467,0.082280025,0.094928466,0.016207198,0.0017681285,0.019179083,0.7283741,0.0038459953,00006271_002.png
0.041265618,0.006680455,0.012706803,0.10103575,0.037079837,0.071680225,0.024671424,0.010632498,0.02089936,0.39171925,0.01965575,0.0052517643,0.04833358,0.0058874614,00009018_002.png
0.090696394,0.009947659,0.012448921,0.11093811,0.009607619,0.06600138,0.03508398,0.00848045,0.022061672,0.0047747125,0.012714715,0.9649839,0.13621862,0.015733205,00014022_071.png
0.2629241,0.006741435,0.0047915773,0.021943372,0.019172205,0.01793473,0.03243954,0.0067316107,0.010628166,0.011664356,0.043201197,0.0065183295,0.0253483,0.012839508,00019940_004.png
0.0757592,0.006590543,0.029926552,0.03824171,0.04691468,0.015409597,0.004382788,0.6325011,0.017730983,0.008383897,0.99301004,0.0057005775,0.01293322,0.008185489,00016807_013.png
0.023536203,0.002265556,0.0042793625,0.9027256,0.017955747,0.1780958,0.06924931,0.11185787,0.087019004,0.022270206,0.0037516016,0.015336813,0.06626422,0.0032389055,00000652_006.png
0.009170633,0.02330851,0.0017088181,0.006341661,0.013364483,0.063621275,0.0088746715,0.0077825724,0.0037835033,0.0054720114,0.005302863,0.011571285,0.022905406,0.006715933,00016484_001.png
0.03740836,0.005875225,0.009417032,0.5174014,0.010235981,0.17008226,0.035841912,0.01880854,0.10292334,0.0027070192,0.002949519,0.7665847,0.39124903,0.0055568772,00000524_001.png
0.043474965,0.022438763,0.032713417,0.22173755,0.018342014,0.44508576,0.045140073,0.003955721,0.47747323,0.01068261,0.0046596546,0.006030175,0.09353733,0.0067491853,00008341_002.png
0.015465774,0.0044826036,0.27704245,0.12323899,0.77661955,0.0022767673,0.0014171853,0.5734977,0.57571316,0.008839535,0.001553582,0.019372582,0.16729958,0.0036115698,00001170_028.png
0.39643788,0.12991776,0.017966632,0.035112925,0.015801936,0.018074365,0.015697217,0.026669463,0.0077155577,0.0045532705,0.023740867,0.009011716,0.6509308,0.008772629,00008103_000.png
0.23335661,0.004597827,0.07182993,0.22262415,0.012398846,0.012775187,0.06034464,0.015701866,0.012900329,0.09336188,0.8714942,0.008579274,0.034602918,0.006926698,00008841_021.png
0.16514412,0.4566349,0.16585313,0.00935734,0.09145415,0.139175,0.01295628,0.0018377779,0.17858948,0.0058512446,0.0074744024,0.007298375,0.051372692,0.053767927,00000193_019.png
0.0025774448,0.009596654,0.0036081776,0.033917714,0.010942086,0.008707786,0.0069526164,0.0758928,0.006436184,0.84904414,0.027021972,0.0057897,0.010026938,0.0031817015,00011010_011.png
0.0067449855,0.02084235,0.024694381,0.8064191,0.015627174,0.020981532,0.035901938,0.08141772,0.004906171,0.9299841,0.008750305,0.011598799,0.057081122,0.0035995303,00014362_008.png
0.22468129,0.0054654656,0.04123934,0.4056259,0.8365556,0.019476263,0.0058928677,0.3932839,0.062416874,0.026057376,0.013011295,0.0071335123,0.014088119,0.004718112,00014251_003.png
0.1036754,0.0034456553,0.0062396983,0.53068477,0.51786685,0.06256431,0.015727164,0.6751557,0.029507704,0.020973222,0.14911944,0.0063077444,0.0049599903,0.006133547,00009890_001.png
0.0038769064,0.06916718,0.0038073703,0.005351691,0.006928496,0.03409629,0.041469105,0.001737524,0.20709439,0.011845237,0.00237412,0.013585307,0.004495483,0.010132712,00011553_001.png
0.07997017,0.006336099,0.0909202,0.58204824,0.08187003,0.030002253,0.009280057,0.8860942,0.031468548,0.008828563,0.9662742,0.060755696,0.0069365622,0.009243989,00013031_011.png
0.269192,0.009487537,0.019602481,0.18758237,0.34527415,0.1930117,0.030883173,0.07007504,0.02015583,0.007229759,0.062298644,0.049697522,0.13500747,0.015297208,00000499_002.png
0.016198464,0.976583,0.032502256,0.051175237,0.016289681,0.012108608,0.010320932,0.008841052,0.019771477,0.011128267,0.0022606237,0.0061369147,0.033499688,0.0070269937,00012381_002.png
0.09640979,0.00691848,0.001304877,0.011767679,0.0068391217,0.0057846294,0.026384091,0.025688173,0.07096521,0.0049627633,0.0034678057,0.006968235,0.012340272,0.0056345724,00002529_013.png
0.033188473,0.012095838,0.22815202,0.18266611,0.06770937,0.017339692,0.008014594,0.28727743,0.037344713,0.010185639,0.035117038,0.6817466,0.746419,0.009290461,00016937_016.png
0.43749464,0.004781102,0.43540516,0.7833582,0.027400574,0.01720364,0.028796252,0.089716725,0.6427806,0.10026908,0.008587608,0.008654359,0.1639346,0.004520189,00007718_003.png
0.05731462,0.33410862,0.010799497,0.010918778,0.03463837,0.010856986,0.0104721105,0.013021054,0.02698858,0.3294108,0.008005659,0.0055545345,0.009061496,0.0082744695,00015563_011.png
0.18014103,0.0057131327,0.003081815,0.040204782,0.10284065,0.017268144,0.016300796,0.79454505,0.052056085,0.004657455,0.018488262,0.004873255,0.020907532,0.0057423324,00017227_003.png
0.57221967,0.58401924,0.09411406,0.08766203,0.013027956,0.029467165,0.4995706,0.008995179,0.1401452,0.12052397,0.011736954,0.009761127,0.0200988,0.029546494,00006304_004.png
0.010775842,0.011048663,0.006521217,0.00575934,0.008841778,0.1521102,0.0096112,0.008638332,0.004522353,0.006661979,0.3945826,0.1867267,0.13160211,0.023148641,00010932_002.png
0.17394197,0.002684207,0.008683551,0.059165183,0.016286045,0.07457649,0.053471647,0.005445129,0.020215241,0.0063965893,0.028484963,0.077867456,0.091773376,0.0104643395,00003678_001.png
0.8884735,0.16694506,0.057895456,0.11623514,0.013303643,0.0050343266,0.03602486,0.2554586,0.023106763,0.052872937,0.012007576,0.0049805064,0.019771094,0.0058593387,00000211_016.png
0.047744475,0.007923801,0.23768546,0.4255239,0.65555996,0.076283656,0.007898353,0.44869822,0.039037406,0.020228505,0.8841698,0.06536264,0.06536539,0.0125508355,00011355_002.png
0.0350588,0.47700846,0.055512402,0.058369853,0.019691993,0.6637181,0.032848082,0.004497126,0.015969707,0.013295589,0.012169918,0.009167249,0.041054033,0.027227642,00004012_000.png
0.009469366,0.0029145663,0.0020339824,0.010835864,0.028139167,0.039147805,0.010618888,0.010451051,0.109134346,0.0057374393,0.0045224945,0.04309966,0.03941088,0.0059014997,00001637_011.png
0.13650565,0.007832846,0.0026913006,0.040583525,0.019732581,0.017686615,0.031593673,0.047831066,0.016025351,0.022413343,0.0068121045,0.003910688,0.012109355,0.005131119,00011122_018.png
0.013062815,0.020894054,0.03594052,0.05360882,0.016148115,0.021974856,0.008877394,0.0036545936,0.60839343,0.007914185,0.00300489,0.02239793,0.6667038,0.003502859,00014307_006.png
0.041297458,0.0041316543,0.041496247,0.1608835,0.01906678,0.015373177,0.0043580267,0.6071332,0.011286099,0.009175595,0.9963959,0.0063460977,0.006755463,0.00474203,00003523_035.png
0.008841699,0.003384896,0.006337144,0.54020363,0.20849384,0.5255267,0.016394503,0.015168413,0.053854384,0.61333007,0.0068763,0.004725686,0.014750676,0.004968531,00016696_002.png
0.96962667,0.025049983,0.08818185,0.1367135,0.024878267,0.007328774,0.03489026,0.051409636,0.5572349,0.042227834,0.013258776,0.0047473037,0.018752178,0.0076844688,00017524_003.png
0.015803233,0.015954524,0.028243762,0.06798523,0.6304029,0.014536837,0.004167596,0.19588372,0.07980419,0.030742304,0.0024245912,0.010780005,0.04109708,0.004549702,00007830_005.png
0.560716,0.15599553,0.14063446,0.6419827,0.01798446,0.12908897,0.33213502,0.01754226,0.028854446,0.0069984384,0.0076687406,0.060585205,0.2035063,0.017041083,00007016_001.png
0.4210086,0.00786593,0.0192669,0.1506192,0.0030050173,0.0032639648,0.18072253,0.014284231,0.015570748,0.0071478533,0.03415258,0.7009993,0.0811532,0.0071937162,00017323_003.png
0.02496904,0.025652483,0.20254472,0.5718093,0.14031574,0.3026376,0.01723999,0.009072742,0.11309635,0.41555402,0.008457255,0.0076087634,0.23572275,0.005795678,00012973_023.png
0.035618372,0.89491403,0.04363682,0.121123075,0.030732192,0.076239355,0.013426859,0.025953906,0.00863636,0.010719052,0.012048772,0.02749852,0.38937783,0.016898064,00017999_006.png
0.13638404,0.027017258,0.008599202,0.10701426,0.008299503,0.401836,0.20520392,0.004859757,0.02887473,0.004309983,0.0056311437,0.011764408,0.024215885,0.01769965,00012082_003.png
0.46165824,0.004990479,0.0065418207,0.3608946,0.0073659476,0.022704877,0.06311824,0.02212904,0.07754919,0.006945101,0.0036197347,0.007289571,0.20845746,0.0032181586,00002072_006.png
0.006439356,0.010801072,0.0051342184,0.06412998,0.04643365,0.69129497,0.013936674,0.02172963,0.0033509377,0.022582853,0.010210833,0.013077183,0.057630505,0.007678744,00013363_000.png
0.17670244,0.030736163,0.1030935,0.031019382,0.2828043,0.031788513,0.012613429,0.799514,0.01891817,0.008437285,0.33248964,0.039354194,0.44697306,0.018227004,00002702_014.png
0.025871785,0.011729246,0.004779326,0.06869179,0.010902652,0.11713404,0.042912986,0.053117543,0.007185663,0.005535548,0.2712393,0.21115115,0.013969949,0.01605259,00000529_000.png
0.0053033587,0.009942208,0.014070724,0.09918866,0.08348166,0.67673737,0.013681985,0.0034665074,0.13854386,0.13108814,0.0042361147,0.0050098705,0.019943262,0.0061782924,00010708_000.png
0.863614,0.11590571,0.15867689,0.04255271,0.23172234,0.007201955,0.009943457,0.037655678,0.09753956,0.0355208,0.01905799,0.010364111,0.028317118,0.019772688,00008051_027.png
0.2560336,0.007781409,0.007818995,0.06802941,0.09850135,0.037727356,0.016359422,0.7264802,0.03049265,0.0083448645,0.72385603,0.0031133639,0.015922155,0.009646873,00002868_001.png
0.13621284,0.15052657,0.05930609,0.3590145,0.09392908,0.18821563,0.025798757,0.015719637,0.08645853,0.003776393,0.0026976075,0.019462952,0.27841794,0.009516442,00015370_007.png
0.7958834,0.0040340596,0.016128097,0.16281512,0.010969873,0.013140711,0.03913024,0.024975112,0.080042616,0.0037011376,0.0125265755,0.022630813,0.45657307,0.0046032905,00014178_004.png
0.008110092,0.004668381,0.0072198426,0.064975664,0.05257967,0.59849167,0.007544235,0.0101329945,0.019503625,0.0048057917,0.01930744,0.82998115,0.11007872,0.0124284355,00000199_001.png
0.008404549,0.005980007,0.01257909,0.0145192575,0.04997121,0.119954385,0.0062496765,0.013248861,0.013126817,0.0078037507,0.09091415,0.78569025,0.60066724,0.016016178,00015997_000.png
0.03490379,0.0125056,0.05935604,0.106104694,0.07036861,0.3470025,0.05692367,0.0032287042,0.8745332,0.013095276,0.004573977,0.020758666,0.023212276,0.014127228,00007718_013.png
0.3744721,0.02075405,0.28943595,0.5922785,0.018689558,0.020212257,0.13488816,0.04298169,0.013064751,0.019538937,0.071501926,0.5811455,0.18240218,0.011093295,00015914_011.png
0.005792497,0.06948265,0.63836706,0.85996026,0.014431728,0.20134553,0.09704665,0.00412531,0.46864843,0.40900373,0.0042301593,0.009559782,0.12853235,0.0055627483,00020037_004.png
0.01396522,0.0072335717,0.007872807,0.08225175,0.0112387575,0.65837616,0.014838416,0.023703841,0.010467115,0.008467642,0.03573291,0.14858708,0.59991837,0.010100676,00006650_000.png
0.054847244,0.21214598,0.015869658,0.2085954,0.025480933,0.16507366,0.024938136,0.014332994,0.013171789,0.005869124,0.0034916142,0.011790658,0.17735809,0.0083275,00012470_006.png
0.024793893,0.003120455,0.013799484,0.44303167,0.04375042,0.15207908,0.032830104,0.016240334,0.91738653,0.020263558,0.0041877762,0.007779075,0.036312476,0.0051697763,00013073_006.png
0.06626394,0.006304499,0.0036922249,0.17037289,0.010551978,0.06834152,0.5718039,0.007912197,0.048822228,0.0051892917,0.003916118,0.25888616,0.004449399,0.021039832,00019059_000.png
0.030305209,0.26112348,0.0059377807,0.0411111,0.015991211,0.11823155,0.03965377,0.010345611,0.0061228797,0.017502677,0.010246102,0.008855286,0.02233041,0.0122662885,00007076_019.png
0.047638036,0.027587598,0.066644,0.22120774,0.041090008,0.035238944,0.01047675,0.7260243,0.015847027,0.0065186657,0.011195278,0.06224723,0.93823236,0.008449385,00019222_009.png
0.21172348,0.0076032933,0.060597375,0.87715465,0.027245492,0.027641729,0.06701121,0.14148083,0.105458766,0.4777525,0.0117776655,0.0048703263,0.07498481,0.0038221697,00009595_016.png
0.2661164,0.020578338,0.1091906,0.16393062,0.033038575,0.036565848,0.016291019,0.07437968,0.010069903,0.0046761506,0.013431578,0.013289241,0.9250807,0.0059777005,00016797_015.png
0.03328253,0.012849357,0.49565604,0.19535647,0.66981524,0.042268854,0.005379916,0.0076604686,0.5469138,0.25571492,0.006754324,0.0077360324,0.03810274,0.0041844626,00008068_009.png
0.025079811,0.029622484,0.011201915,0.009833783,0.025262367,0.72946614,0.01630458,0.0037745202,0.005341652,0.003721095,0.0330585,0.13558166,0.0160871,0.14499114,00013380_003.png
0.9067495,0.023072938,0.08099415,0.34599805,0.39091128,0.117220126,0.050791953,0.080093324,0.03881396,0.011764575,0.08676307,0.007936079,0.04351741,0.01949113,00011144_006.png
0.15157863,0.03986278,0.20634426,0.09987102,0.16719212,0.03702568,0.016001659,0.90534186,0.016871018,0.01066807,0.21401602,0.068120435,0.29306912,0.017620966,00008013_006.png
0.003825107,0.018307304,0.008989179,0.021654615,0.08852155,0.7661847,0.010608864,0.0022705183,0.04199103,0.011398591,0.0030146483,0.007725494,0.008838674,0.008297214,00011737_003.png
0.029764455,0.0053809886,0.005639151,0.07202459,0.7319658,0.09563231,0.008086215,0.083530635,0.012608185,0.0626442,0.027354434,0.0046270494,0.010141574,0.006680325,00017467_020.png
0.022397693,0.018359603,0.8127014,0.4800226,0.19046535,0.09488064,0.010357501,0.18453224,0.018420575,0.017337603,0.07634135,0.49064302,0.82033294,0.009413768,00017712_005.png
0.03607041,0.38359854,0.0036128347,0.015173707,0.006917455,0.024425745,0.018336259,0.0071249125,0.0072982474,0.0052431948,0.005866206,0.013628097,0.041890427,0.01129296,00006205_000.png
0.105539605,0.6009156,0.089940526,0.31537652,0.0057829022,0.017442813,0.91486984,0.0041402956,0.0102183875,0.09353957,0.005559969,0.03848616,0.00694492,0.021700228,00007018_011.png
0.04207473,0.02361499,0.0031956304,0.02892839,0.013215744,0.038207754,0.012822355,0.21710785,0.0046859416,0.0060599367,0.0076821493,0.0052072285,0.22750142,0.004295921,00007700_001.png
0.04515256,0.005001577,0.0051889103,0.1765272,0.038985122,0.029109167,0.015356686,0.9486781,0.03530684,0.008037912,0.3963846,0.009219208,0.012575366,0.0064589567,00008509_002.png
0.06639674,0.004507471,0.23153701,0.31310835,0.048328955,0.0030106239,0.0050034546,0.18104443,0.81829596,0.013828008,0.002288403,0.023491759,0.58416027,0.0039380905,00010357_002.png
0.04026529,0.0092473915,0.34155655,0.70192105,0.021359691,0.011581101,0.07391946,0.010806846,0.08813467,0.98217154,0.007931901,0.004912743,0.021338042,0.0022296451,00011966_011.png
0.38877696,0.012303567,0.06737594,0.04506686,0.74811727,0.012223069,0.008946587,0.7022657,0.048544466,0.005034035,0.028577415,0.009866576,0.09382289,0.0090067815,00016234_000.png
0.4757266,0.05972168,0.2864518,0.6297851,0.06825569,0.4528284,0.10985287,0.051973533,0.02665886,0.008779747,0.044158813,0.17176756,0.66482925,0.031423785,00004832_002.png
0.9233665,0.014374119,0.037035313,0.16309157,0.01457038,0.008133343,0.028973842,0.038390867,0.52380234,0.014528381,0.006704682,0.005138965,0.04638272,0.00516455,00019967_020.png
0.03362452,0.089590654,0.07099169,0.035575565,0.840141,0.25521597,0.0054028085,0.0069490224,0.03218505,0.036393557,0.0057378886,0.004600427,0.033433173,0.008706872,00017819_006.png
0.5238129,0.43150163,0.047310583,0.1753043,0.01736261,0.03669389,0.04793367,0.041966982,0.01352534,0.009778094,0.028636714,0.032776654,0.5731396,0.019652082,00004893_085.png
0.038357496,0.011262696,0.09137563,0.1305956,0.037255093,0.8716752,0.016812708,0.013117141,0.01986746,0.0071427925,0.037678827,0.097659834,0.8644801,0.022045095,00005030_000.png
0.46117666,0.0027199516,0.00728037,0.14528415,0.027763363,0.009887378,0.035819035,0.05147402,0.85288775,0.03804687,0.0088154115,0.0056264647,0.017017186,0.006760133,00017524_028.png
0.007458991,0.006488515,0.00146423,0.050056145,0.003414007,0.052232698,0.08033028,0.016473785,0.009912739,0.015097495,0.0035222634,0.018532777,0.024646273,0.0041700345,00017839_000.png
0.07951099,0.06803126,0.24218673,0.13299963,0.038737804,0.050697252,0.08071128,0.0055125225,0.11881262,0.95723057,0.01657547,0.008159308,0.028821575,0.007395652,00013594_049.png
0.028864833,0.005227924,0.041478828,0.39202416,0.15175024,0.9607414,0.01658581,0.004794259,0.12546341,0.006241372,0.0051657483,0.012339075,0.067572236,0.008484914,00018448_000.png
0.1579202,0.0029431486,0.06557922,0.792673,0.24349338,0.048336007,0.031127162,0.13658606,0.04843295,0.13602673,0.7641428,0.00506978,0.016387967,0.005935355,00014849_004.png
0.931888,0.0026624228,0.11862886,0.4312239,0.0077051385,0.0062480383,0.03504558,0.34330538,0.13574146,0.005387707,0.13912636,0.010732368,0.30492195,0.0038638152,00009349_024.png
0.8181978,0.0028488107,0.006308327,0.13773154,0.012416258,0.009607215,0.0789913,0.023561642,0.5070973,0.008410046,0.010466494,0.0061508846,0.033926953,0.0056288345,00019967_002.png
0.10804519,0.0092319,0.0026335958,0.39867422,0.0038228908,0.026244484,0.1681401,0.062975466,0.097017206,0.02833785,0.004214527,0.0040016975,0.07742361,0.0039528343,00001643_003.png
0.89349777,0.0051706904,0.0635089,0.105875134,0.047913205,0.011638817,0.020068506,0.10868859,0.066454954,0.007023568,0.9453672,0.00611014,0.043802314,0.010265806,00011808_017.png
0.29925135,0.027781213,0.2283118,0.21642777,0.0131606925,0.01297642,0.021217069,0.013718978,0.7759924,0.0579661,0.005391224,0.008893141,0.21123675,0.0051779463,00014362_011.png
0.015539541,0.003319978,0.0028097054,0.1383297,0.022845462,0.035729945,0.123294346,0.0434508,0.18974973,0.23446521,0.0058484664,0.007988368,0.0070598666,0.008104019,00007762_010.png
0.58387667,0.0023098686,0.003399574,0.105700776,0.12116157,0.0101426365,0.027483886,0.13483597,0.46370038,0.0074211997,0.01930438,0.0059261573,0.008002347,0.008354036,00010571_004.png
0.023660716,0.6040977,0.077061005,0.21349406,0.021137584,0.16125503,0.017503677,0.009677498,0.08728591,0.0200717,0.0065323845,0.0043756943,0.274764,0.007629982,00003015_000.png
0.051587556,0.001136896,0.02602469,0.9783854,0.11217807,0.04225437,0.15046245,0.13529083,0.20790742,0.46380946,0.025139004,0.0072480366,0.0111094015,0.004046107,00012834_074.png
0.010517462,0.010292386,0.0016174037,0.0031144132,0.01933035,0.06453523,0.007445412,0.0065174154,0.003956781,0.003488798,0.0072384733,0.021367032,0.022302935,0.009853978,00009560_000.png
0.0041463026,0.0049238186,0.008327328,0.008587998,0.0185092,0.055419743,0.003332085,0.07130863,0.006211866,0.007887106,0.978729,0.038499672,0.016657172,0.0111365765,00010120_021.png
0.005564661,0.022069298,0.0009601695,0.0021914553,0.023444619,0.0073673287,0.0052973526,0.0144565925,0.014905811,0.007856398,0.0028023634,0.005958184,0.0071092374,0.0037741065,00012662_000.png
0.34023362,0.018730476,0.014050813,0.07401436,0.007883559,0.026499026,0.5767838,0.0047122017,0.007769846,0.01267681,0.025375616,0.07643284,0.012379808,0.04152846,00012410_000.png
0.3010871,0.045955837,0.09039464,0.4497289,0.012555812,0.013554713,0.47909224,0.02145867,0.008363771,0.01827452,0.03441306,0.75227714,0.010870872,0.035793956,00002350_013.png
0.37660706,0.00621567,0.016507542,0.10905825,0.091955505,0.0331115,0.019251635,0.2500781,0.04599883,0.009673898,0.673258,0.008663752,0.117428,0.009459803,00006874_001.png
0.011313103,0.7827109,0.55908006,0.55519176,0.0088498965,0.01474945,0.17651503,0.004328188,0.021741655,0.6943495,0.0037282917,0.016944055,0.04466706,0.004507954,00017055_000.png
0.028563133,0.006733489,0.014147006,0.67006755,0.05186005,0.23882985,0.03019414,0.06403336,0.035211056,0.0045362585,0.008351188,0.8591325,0.031971063,0.007461999,00017467_003.png
0.25250378,0.0030437736,0.007920293,0.19903615,0.5013762,0.018349933,0.008562316,0.20464991,0.059646063,0.05816001,0.7054248,0.0027742973,0.0040579345,0.008867322,00018284_001.png
0.017703183,0.003461077,0.014363915,0.93123937,0.03294583,0.8755115,0.09223522,0.036151182,0.024825903,0.011042976,0.016631886,0.12484232,0.039277457,0.004916003,00006329_010.png
0.7049155,0.003087532,0.01608845,0.17666878,0.110917374,0.007986294,0.016386509,0.6877612,0.36585173,0.006360698,0.040652625,0.007516943,0.07329667,0.006275797,00013993_128.png
0.016039312,0.0070523964,0.0214137,0.21287896,0.13083357,0.6465094,0.012050208,0.014330806,0.05596559,0.010094664,0.007452647,0.065602235,0.8288954,0.008834189,00019823_005.png
0.009727493,0.44588447,0.019026816,0.19035521,0.0033727055,0.015414693,0.11220438,0.0063595893,0.12084005,0.04452404,0.0026071996,0.0090948045,0.09399547,0.004904107,00012659_018.png
0.25844815,0.017692348,0.4769751,0.068720914,0.45855084,0.008795693,0.0020637116,0.0050722896,0.35798562,0.78732014,0.0069732526,0.0028092542,0.007149762,0.0027618282,00000506_013.png
0.048621554,0.0038573418,0.07871967,0.7988855,0.08905623,0.011822982,0.011786943,0.118901104,0.030457554,0.91779923,0.022527631,0.0059557417,0.0232483,0.0032716761,00012620_005.png
0.009921138,0.014838053,0.03229684,0.2688395,0.0913807,0.13599606,0.009774165,0.011967388,0.036048602,0.94928193,0.012345754,0.005091645,0.04227049,0.0039804317,00016232_006.png
0.64094216,0.0036790667,0.008210338,0.07865914,0.026434725,0.003380541,0.013445087,0.1788443,0.48853868,0.015829159,0.0062778313,0.004915056,0.030357406,0.0041456865,00019967_024.png
0.3586689,0.0023953563,0.0076871496,0.61356586,0.08086746,0.040360294,0.07619729,0.038668808,0.32648998,0.13405214,0.014781109,0.0070378724,0.02920313,0.0059915315,00012753_001.png
0.049820356,0.005257866,0.0078965295,0.7113124,0.034954835,0.029624747,0.08527768,0.054753453,0.033965833,0.8832984,0.014932573,0.0053403215,0.022147976,0.004264679,00010509_005.png
0.05704391,0.008489865,0.0049330536,0.17428629,0.011209762,0.037902676,0.24555288,0.008378488,0.015588307,0.23780227,0.0062098796,0.009772547,0.028839307,0.006144542,00005094_016.png
0.022369165,0.16317545,0.0040115295,0.1075448,0.0027221462,0.04420538,0.048973225,0.010744209,0.010391285,0.005534414,0.003940414,0.045139033,0.33534798,0.0064437725,00004350_000.png
0.31870922,0.004468719,0.040938355,0.45299643,0.88918203,0.27647242,0.03694318,0.019990513,0.07029334,0.017566066,0.04233206,0.03600273,0.022262452,0.025436651,00004156_000.png
0.65158415,0.010356562,0.0513931,0.054180313,0.27388075,0.070419736,0.07212507,0.007758554,0.10232739,0.00941323,0.026471315,0.52465385,0.016052222,0.33945677,00000385_000.png
0.65861326,0.015687274,0.17735708,0.11910831,0.056547653,0.017598914,0.05008538,0.010260193,0.7435732,0.252106,0.0104462495,0.012630294,0.030233001,0.011934045,00018724_023.png
0.022781223,0.0051248204,0.028251415,0.86049724,0.03887671,0.17851454,0.035707083,0.17012182,0.015436411,0.022156896,0.0068759653,0.06446152,0.34993243,0.0045315386,00002112_002.png
0.35650733,0.9395748,0.09757266,0.082694344,0.052564293,0.023214413,0.019609263,0.101714045,0.008137968,0.013263767,0.016878018,0.01955953,0.058903683,0.024340754,00006875_019.png
0.029987304,0.94357127,0.05004275,0.07460815,0.005663411,0.024543915,0.017112494,0.00581491,0.006512749,0.007573646,0.0075162454,0.052751534,0.26338857,0.015240776,00007735_035.png
0.061121136,0.004265714,0.023133414,0.5273297,0.050458647,0.05445884,0.020370053,0.0813038,0.161822,0.0053764735,0.03441317,0.9281561,0.109557256,0.007834737,00013031_019.png
0.3004394,0.01135342,0.30435526,0.26597446,0.055584345,0.018567974,0.025061183,0.07357035,0.024598049,0.01436615,0.95323426,0.12965603,0.03163638,0.015747225,00013653_003.png
0.0482898,0.059048258,0.56172776,0.28609577,0.059418947,0.039383955,0.01153277,0.01033237,0.54055053,0.62437594,0.0070943492,0.006900524,0.09740733,0.004919097,00010832_006.png
0.02830791,0.0059628016,0.005739099,0.33514035,0.012999469,0.03914767,0.048257038,0.20188618,0.01626981,0.007887121,0.4610337,0.37186,0.013475697,0.0073979003,00006600_000.png
0.04949611,0.0047218995,0.008357782,0.570908,0.069565736,0.069010094,0.30830047,0.017193524,0.050291486,0.9053333,0.026300756,0.0043439553,0.009086402,0.0075534224,00010627_000.png
0.33837616,0.02422414,0.009450433,0.008670782,0.05315785,0.0010209316,0.0037239157,0.034957506,0.30387127,0.011347005,0.0031955924,0.0063769957,0.033518273,0.004289051,00008051_012.png
0.2021166,0.011959846,0.026532277,0.26204655,0.0944454,0.037696145,0.015861334,0.98085666,0.015741676,0.015484417,0.72114724,0.0055275424,0.014530185,0.009473892,00014358_011.png
0.021400603,0.00581176,0.010153533,0.06709094,0.005422665,0.0076153274,0.010532316,0.013631251,0.013940895,0.0033037188,0.011653401,0.99008125,0.028400881,0.0067323507,00004022_001.png
0.062156092,0.004799267,0.013498548,0.04086641,0.044311713,0.029895738,0.010682953,0.010171006,0.05522939,0.0047602803,0.040665764,0.9653716,0.14244874,0.014239858,00012624_000.png
0.12695463,0.021659106,0.15984721,0.5532862,0.03262415,0.08530259,0.028127024,0.013040943,0.8144219,0.008453749,0.0046293885,0.008793781,0.3204403,0.004974532,00011702_047.png
0.019504037,0.0075435317,0.001455426,0.027542993,0.009716049,0.043528724,0.022815114,0.018990941,0.025584018,0.0085123135,0.0022349919,0.005126941,0.017422343,0.0040278994,00014174_000.png
0.37478,0.005665216,0.010905589,0.32596925,0.027947333,0.013810013,0.145333,0.044634547,0.30749997,0.72644687,0.016095405,0.004054652,0.013625846,0.0065310514,00011859_016.png
0.03697076,0.008338877,0.009446163,0.046914533,0.20283978,0.04346141,0.0077107362,0.969536,0.029618002,0.005726407,0.7330428,0.01857972,0.02111151,0.010645644,00002702_008.png
0.09407152,0.0060207015,0.18154702,0.82593554,0.15076958,0.027474161,0.01128053,0.9827796,0.06605066,0.0056109596,0.019204099,0.018599637,0.10098201,0.0055496325,00014014_008.png
0.13713115,0.045506034,0.61055607,0.10985684,0.24384168,0.15894447,0.011277712,0.48474622,0.016767353,0.0053868154,0.16153869,0.09091043,0.95114523,0.01952138,00010677_012.png
0.042752214,0.009466303,0.0030188074,0.08348889,0.008722171,0.024444101,0.017133286,0.014100647,0.074630514,0.007771298,0.0020936213,0.012162961,0.28443384,0.0031313319,00012372_003.png
0.026646268,0.028131464,0.012051746,0.23210955,0.046372514,0.8311986,0.027118128,0.04418202,0.011318144,0.005476113,0.016433403,0.3176855,0.10417236,0.021062015,00014603_006.png
0.025728375,0.0042630313,0.065406375,0.15236206,0.07515816,0.007150639,0.0043325033,0.011891003,0.8892221,0.75414574,0.0033289033,0.003409075,0.007864609,0.0024424328,00018606_003.png
0.6372642,0.008578969,0.024974626,0.11713067,0.0103933355,0.024516063,0.032414872,0.26007578,0.022608407,0.0048956135,0.5074586,0.009659857,0.41218877,0.0075626075,00001248_010.png
0.2246069,0.007112718,0.8095087,0.93741405,0.07768394,0.0430353,0.061665896,0.27015594,0.021844732,0.04169028,0.11061515,0.023376117,0.19618504,0.004340547,00006906_019.png
0.044821512,0.0066843103,0.038340017,0.028528228,0.041505206,0.25757998,0.009923142,0.0070066215,0.03703794,0.006001931,0.019177487,0.16532923,0.9734108,0.011910689,00018003_000.png
0.0064240927,0.008372547,0.02500628,0.8892791,0.01042511,0.17407557,0.02280614,0.087964386,0.024976455,0.00612416,0.004844584,0.8160295,0.48395422,0.0039418708,00001974_010.png
0.005120624,0.005033109,0.03226048,0.78797823,0.019927489,0.07973575,0.091370404,0.008787619,0.1600183,0.9470032,0.004322344,0.0036437137,0.018831465,0.0027384704,00010347_001.png
0.0037055481,0.014074507,0.00982478,0.01989923,0.044453505,0.045004424,0.009074581,0.004833372,0.009911293,0.94628954,0.026733106,0.004287927,0.007813308,0.005165224,00018558_006.png
0.0934482,0.03701433,0.0038647384,0.19822428,0.005465201,0.0389613,0.039959207,0.11082143,0.013794146,0.004882789,0.0048927455,0.016126819,0.37215346,0.0053830505,00001086_000.png
0.28768164,0.022651289,0.02608099,0.03581642,0.010419405,0.002523579,0.014783761,0.028906506,0.8537304,0.1759584,0.004114745,0.005570894,0.012922912,0.0046663363,00011391_019.png
0.01064477,0.0042624846,0.006605761,0.08541652,0.12416281,0.09990796,0.0062322603,0.30958894,0.0114165405,0.024567349,0.94699997,0.0069718356,0.0067995084,0.009016836,00014731_012.png
0.383974,0.04514483,0.0332354,0.050389912,0.019910337,0.27483872,0.07845166,0.008733892,0.012388586,0.0051947692,0.03382913,0.20743535,0.07962724,0.15376292,00013278_000.png
0.10112923,0.010413399,0.009167309,0.89779717,0.022422766,0.07958032,0.5249201,0.043008894,0.020442992,0.34996733,0.02023125,0.0056815846,0.050679628,0.0047610803,00014149_029.png
0.030856742,0.012752409,0.21592979,0.40641764,0.070216306,0.012301528,0.008353144,0.25072494,0.27343217,0.013785189,0.0036270048,0.021359496,0.79082173,0.005741788,00019756_003.png
0.45537022,0.031140193,0.0083722025,0.11894505,0.01779386,0.023294952,0.03497035,0.03140427,0.012369463,0.020129904,0.0076855565,0.004091288,0.059536073,0.004647668,00017325_008.png
0.19299486,0.012769661,0.008185691,0.36368132,0.01747779,0.42422172,0.0943405,0.019480018,0.013812515,0.007521138,0.011854545,0.008249632,0.09526154,0.007959555,00014491_000.png
0.03351959,0.005131075,0.0014224877,0.011126938,0.016101273,0.01698836,0.011477358,0.02917229,0.011044809,0.0046090144,0.00547495,0.0072924905,0.028303426,0.0045161657,00018949_013.png
0.4510431,0.0024788221,0.013235166,0.5842897,0.042022947,0.019928377,0.041564185,0.10727169,0.7132053,0.16310339,0.010390339,0.00417802,0.023186106,0.004828908,00015013_008.png
0.012393983,0.0040280754,0.0036121467,0.3109572,0.011800891,0.012674243,0.021173509,0.12405557,0.06716114,0.8649374,0.012515403,0.0038044038,0.015593087,0.0035035433,00014314_000.png
0.022990717,0.21201712,0.27340055,0.02915568,0.8393098,0.17891748,0.0048897956,0.0074720257,0.03181746,0.013765878,0.0049277637,0.0063011483,0.082172684,0.008895033,00009969_001.png
0.018246055,0.0042382893,0.035727315,0.82263213,0.07271041,0.058210596,0.014518826,0.2499442,0.33353952,0.014124617,0.0033302675,0.024897194,0.5384972,0.005297619,00010007_051.png
0.8347711,0.0223661,0.010174814,0.07381988,0.02111824,0.014057289,0.041337565,0.016453084,0.053112954,0.0155198,0.0109802345,0.0034107473,0.029496731,0.006643309,00019967_005.png
0.013359107,0.007013489,0.010044371,0.3317134,0.07183036,0.2419118,0.03652917,0.07085956,0.011294382,0.012769175,0.77224827,0.22017418,0.00445504,0.021592489,00010176_000.png
0.06694454,0.4115116,0.5103626,0.69818264,0.020507421,0.024941076,0.021665145,0.04611837,0.10616106,0.042478357,0.0047848015,0.00706211,0.52300805,0.005278181,00012628_015.png
0.06579183,0.044838905,0.8995641,0.62141234,0.084455095,0.1382481,0.059698876,0.005453429,0.45350084,0.5100683,0.010361211,0.009483429,0.11865932,0.005907251,00016522_017.png
0.092923075,0.0031817271,0.030000012,0.84191966,0.21585134,0.04374631,0.018000951,0.4420841,0.21927764,0.017739082,0.0047959043,0.012752888,0.1439122,0.0047941976,00005089_041.png
0.25794035,0.0050118435,0.010234599,0.6803066,0.012460603,0.0132475635,0.08686636,0.70341873,0.014062172,0.020047342,0.6797535,0.0058501796,0.008860912,0.004942242,00015530_068.png
0.97028077,0.002110929,0.032453254,0.2543406,0.011145516,0.004004812,0.028375043,0.18099517,0.5893331,0.014610251,0.02263289,0.004116807,0.0304515,0.0038231958,00015679_010.png
0.042399954,0.008229308,0.016144145,0.07963508,0.008208742,0.015742488,0.01384258,0.019867113,0.012041927,0.0060539977,0.09056215,0.9750835,0.122908756,0.009621177,00019522_008.png
0.77118456,0.08042487,0.96144164,0.62144184,0.096839756,0.038084105,0.07227207,0.09243966,0.02810828,0.024093015,0.09600544,0.26040927,0.27297494,0.020957578,00000099_013.png
0.29111063,0.0043654195,0.079491556,0.16708627,0.90970856,0.008009008,0.0037940321,0.1151271,0.38269055,0.024847781,0.009596006,0.007614192,0.016290499,0.006109431,00014753_004.png
0.040039845,0.020801542,0.009807469,0.21905217,0.027516035,0.10461259,0.016493047,0.011611817,0.17771909,0.02746787,0.002800469,0.0040567415,0.09233065,0.0032514837,00002424_009.png
0.06569674,0.034173526,0.0029066242,0.0077669425,0.015071488,0.026182577,0.036029145,0.012254359,0.004810835,0.008945087,0.03693305,0.008388124,0.007999584,0.020399429,00010474_000.png
0.032265425,0.037380103,0.46765405,0.12780418,0.0485765,0.9063405,0.028812574,0.0011404353,0.4353576,0.0131786205,0.0050354735,0.00898968,0.04732865,0.01677674,00006819_002.png
0.1727299,0.012600102,0.002233899,0.0033261012,0.026157126,0.01140086,0.010664398,0.004020784,0.034522258,0.0034514756,0.008696581,0.0033256398,0.016816981,0.010320752,00003060_000.png
0.31827843,0.05535446,0.032985304,0.16876306,0.022737965,0.03737522,0.043160766,0.015200788,0.35718724,0.10001365,0.005046003,0.0058688284,0.05389066,0.00672726,00011237_067.png
0.015797863,0.0091444375,0.0028411327,0.030085495,0.004501911,0.062439896,0.022791674,0.010240016,0.013576249,0.003974757,0.006490501,0.6771791,0.23048392,0.007946556,00006563_002.png
0.019619534,0.016570326,0.012302594,0.1224224,0.004392405,0.021912262,0.11137564,0.015176529,0.002854967,0.019696636,0.61094284,0.22931999,0.014745986,0.00962095,00015056_001.png
0.21431956,0.015227714,0.053225443,0.27789012,0.011365501,0.033876613,0.08740383,0.009318738,0.018800598,0.0077385143,0.012229209,0.9446935,0.12144494,0.01631181,00000723_003.png
0.045309007,0.021187223,0.03139868,0.02775748,0.18849328,0.83124167,0.013238965,0.0037136253,0.02082224,0.006241975,0.008378876,0.004645582,0.02331572,0.0151719265,00019613_000.png
0.3384707,0.002903347,0.036451932,0.21997279,0.029751003,0.04127934,0.21701352,0.004444956,0.02531817,0.019251265,0.48829526,0.12214079,0.010499054,0.025135135,00014565_002.png
0.0059883827,0.25626275,0.31191918,0.08718826,0.011790587,0.019406809,0.0156282,0.0026656839,0.08282441,0.9163415,0.005471555,0.005886476,0.041233927,0.0030465834,00017405_020.png
0.15082546,0.023597827,0.05411965,0.085949235,0.0076848073,0.019083206,0.011987026,0.80271244,0.0067005176,0.007835026,0.97623867,0.012820712,0.0523373,0.011216798,00010767_017.png
0.017303346,0.005726382,0.043606374,0.37151924,0.04235372,0.009666409,0.0055239964,0.02396508,0.034808394,0.9854058,0.010835296,0.003622021,0.014074515,0.0022168811,00012386_005.png
0.3163676,0.0047142394,0.0046314034,0.24930379,0.106478184,0.08004993,0.035295255,0.10250595,0.020177847,0.0062729963,0.00663506,0.0037992713,0.017969474,0.0043646568,00011605_009.png
0.08698862,0.0064739645,0.12668307,0.3655638,0.42590007,0.50139976,0.015522744,0.0072255223,0.3585537,0.007628596,0.0045216377,0.013055809,0.24527629,0.006905453,00006096_011.png
0.04988738,0.0052259676,0.0070824516,0.010028879,0.012395547,0.011659147,0.01233017,0.006783221,0.023391742,0.005098475,0.034161992,0.76185197,0.25467074,0.012564499,00019277_000.png
0.28320646,0.02926193,0.11382319,0.062042754,0.03650506,0.01175126,0.04660951,0.008603228,0.56580347,0.85051775,0.01048222,0.0053213816,0.010357873,0.0067185774,00013993_026.png
0.0573791,0.010774479,0.008538233,0.16776572,0.0149658015,0.49421513,0.03663952,0.017425438,0.00897767,0.0050323782,0.01140952,0.13621902,0.19963391,0.011353206,00003527_002.png
0.005725,0.008984295,0.0047205593,0.12317363,0.018707555,0.086489454,0.018266194,0.02224598,0.034168232,0.6273668,0.0064999573,0.0047589564,0.034093406,0.004014491,00019774_002.png
0.05921879,0.008209231,0.008142478,0.41221815,0.10629126,0.39787498,0.03276345,0.3141037,0.005659452,0.011126876,0.020466536,0.011100992,0.051174704,0.0060456423,00014429_007.png
0.16553718,0.6243975,0.010617846,0.01326951,0.03472274,0.008653434,0.008781462,0.06749336,0.008534504,0.02491074,0.0097879,0.0066904356,0.020086434,0.008418739,00003140_005.png
0.015315521,0.8047318,0.00758434,0.10692662,0.0061888415,0.036165856,0.035759084,0.008108317,0.011448374,0.014959854,0.004163436,0.041483406,0.09379596,0.010879212,00003087_000.png
0.004803033,0.13473488,0.03186393,0.07827593,0.025073668,0.17899401,0.004715663,0.024524292,0.006847055,0.019971212,0.008711998,0.0074734082,0.9067759,0.0057965876,00000071_004.png
0.02004917,0.022500377,0.0071176235,0.1413742,0.0068090404,0.04090588,0.011247838,0.06712905,0.008635613,0.011699332,0.00678033,0.012291259,0.9006671,0.004741085,00000732_007.png
0.03339525,0.054627195,0.51442707,0.1410871,0.014283412,0.015841085,0.046382066,0.0040084007,0.9551984,0.35691968,0.004151932,0.0059273457,0.016293876,0.0038393694,00013594_050.png
0.12233684,0.0030087866,0.004479294,0.7518184,0.033452872,0.16062437,0.26087007,0.035166074,0.017731374,0.013780846,0.011363492,0.017481524,0.014220079,0.0047652666,00006233_006.png
0.68637925,0.01816137,0.24337342,0.37744644,0.042121526,0.23299299,0.10797362,0.019865189,0.031586967,0.00663594,0.033556677,0.42002398,0.39061475,0.032503247,00009073_000.png
0.088790186,0.008645983,0.26987344,0.4637051,0.22093028,0.28739277,0.040792897,0.006732931,0.89633566,0.22272679,0.0096797375,0.0072739734,0.033348966,0.009227375,00018360_009.png
0.06789736,0.023005936,0.007858651,0.017134642,0.10495189,0.14283569,0.009022254,0.007476546,0.006207296,0.008284007,0.01129542,0.009264118,0.23130627,0.009929296,00017199_001.png
0.042208187,0.007443168,0.009192313,0.055782944,0.0058645406,0.026656687,0.007602652,0.6693258,0.009216887,0.0065689213,0.9918173,0.004140127,0.012652446,0.006563201,00002058_003.png
0.11568857,0.005778301,0.028021744,0.6906082,0.7843557,0.35423124,0.029089175,0.047189463,0.027965,0.013827643,0.009434636,0.026760133,0.046638604,0.0063313213,00013000_001.png
0.16235112,0.007696984,0.004859617,0.69577956,0.005539382,0.07438502,0.3117458,0.033453483,0.08045606,0.003730095,0.0033847124,0.020983173,0.090336666,0.004381136,00002529_018.png
0.020576872,0.13434629,0.005799529,0.06620298,0.0055268034,0.062144738,0.25483483,0.0057533253,0.12800239,0.04331054,0.0038351677,0.007719147,0.0115699,0.009485265,00017425_003.png
0.055737413,0.13560757,0.7078497,0.12074888,0.021818774,0.016101236,0.061255574,0.0025097034,0.1681238,0.97841805,0.0072866483,0.0052070655,0.009716654,0.0036986119,00018724_007.png
0.4060195,0.007146885,0.020192921,0.8575628,0.010515234,0.026750367,0.26916376,0.34292275,0.009662981,0.027887158,0.20701328,0.0076773968,0.049989935,0.004462641,00013211_000.png
0.040474907,0.033862915,0.016088935,0.057269342,0.053934816,0.010357266,0.0075304126,0.89630604,0.018708142,0.009496682,0.0030279935,0.011193959,0.07194929,0.0048261383,00003494_002.png
0.17892584,0.841502,0.066651054,0.019470602,0.067374036,0.03049382,0.01455272,0.0045017144,0.048449315,0.009454407,0.006428983,0.0060931137,0.026762873,0.026780894,00004495_000.png
0.15133592,0.91466117,0.027537506,0.037888333,0.03216308,0.034092635,0.020927068,0.023713714,0.008787536,0.0127947945,0.017543402,0.012816235,0.047282275,0.024415838,00006469_001.png
0.2796011,0.0046332832,0.018992238,0.3933276,0.637176,0.029824935,0.011494465,0.8890118,0.03643112,0.012803634,0.17576173,0.0048854263,0.00613248,0.0066517787,00010279_001.png
0.69027907,0.00383252,0.022383833,0.42746747,0.36873022,0.04304396,0.019348966,0.32155672,0.05355927,0.012130554,0.048573524,0.0024615698,0.07149925,0.004437692,00000248_024.png
0.41522834,0.03567784,0.035352964,0.04988193,0.021483693,0.021690095,0.017230088,0.035915144,0.006993641,0.009722877,0.15968819,0.008430032,0.5685579,0.009323872,00006758_001.png
0.07129672,0.0022141163,0.006713567,0.43152612,0.59918934,0.5375448,0.028506946,0.019688798,0.09166662,0.013874656,0.009204776,0.008899708,0.012407391,0.009503781,00007405_003.png
0.2711089,0.026162874,0.089681275,0.23261227,0.01733066,0.015463263,0.15936014,0.009070334,0.05884526,0.910727,0.018719647,0.007906548,0.045544118,0.0067551555,00020213_045.png
0.06760544,0.008525314,0.062324636,0.58796316,0.015742695,0.007400937,0.024665097,0.05200717,0.020064011,0.9285253,0.01780253,0.007490802,0.06292322,0.0037873818,00017365_006.png
0.021606497,0.0028421918,0.0024718153,0.6146303,0.052857,0.2587626,0.04799368,0.39495832,0.056562256,0.007668414,0.0073550777,0.022180237,0.009649118,0.004891576,00018819_000.png
0.08886671,0.006285868,0.15105645,0.5069535,0.60218614,0.44779915,0.017616723,0.009486323,0.14298032,0.02934521,0.006557946,0.00835338,0.15500225,0.006726429,00018360_032.png
0.08534919,0.0073199538,0.0039014437,0.7380996,0.020523872,0.045876764,0.36856714,0.07524773,0.016768862,0.45296258,0.019375477,0.004253472,0.016789306,0.0045236195,00005712_015.png
0.025227593,0.018157527,0.046263803,0.11600736,0.06571952,0.040307958,0.010152,0.9660913,0.014525494,0.0069508553,0.020111255,0.03457567,0.6936725,0.008407689,00014822_042.png
0.41920987,0.2263384,0.2543262,0.14922325,0.03604295,0.022222294,0.018032422,0.014174098,0.28988495,0.055696078,0.006117137,0.007868011,0.11961001,0.007144172,00008051_028.png
0.1829898,0.13316663,0.026487572,0.29002735,0.020480383,0.06435443,0.06386478,0.02144547,0.17494199,0.057318628,0.00451851,0.0047583375,0.04735415,0.0065057953,00018972_058.png
0.0464656,0.007502119,0.022407353,0.87601495,0.009730258,0.066798426,0.11920429,0.087728254,0.010300641,0.012451776,0.01950495,0.606243,0.15620078,0.0044313283,00005612_002.png
0.02541213,0.007795426,0.00203343,0.010742953,0.0372539,0.015444392,0.01492929,0.015353212,0.3839112,0.008269877,0.0029610363,0.00623634,0.008569723,0.006759441,00011164_005.png
0.07045808,0.017374443,0.9009182,0.46241462,0.09155844,0.005856962,0.005149866,0.22745985,0.4191401,0.013065225,0.005380532,0.024101833,0.69203705,0.0039782682,00001775_000.png
0.808845,0.018803086,0.018482678,0.25394535,0.034167584,0.057952046,0.08831567,0.044350557,0.024624338,0.0059856647,0.05434488,0.032407492,0.116973795,0.014225507,00003240_000.png
0.051844798,0.003526554,0.0062418925,0.57847786,0.03048169,0.14759465,0.093135424,0.027061211,0.10796278,0.0034558843,0.0060504405,0.81824434,0.020545125,0.006738118,00012911_004.png
0.028354634,0.00729623,0.019802867,0.023217691,0.08706569,0.9155703,0.015474425,0.0023157045,0.047746073,0.0046827937,0.008694632,0.022018895,0.027077159,0.029123144,00019922_000.png
0.011723029,0.008433042,0.09923206,0.05326568,0.40859973,0.09717318,0.003290026,0.051119547,0.06374161,0.004901206,0.0074523785,0.023282433,0.9832054,0.0053749382,00007872_003.png
0.18463023,0.06177281,0.11440612,0.064581476,0.006845674,0.0037484288,0.09660085,0.009138888,0.30448207,0.88613486,0.0058842534,0.007841934,0.014018343,0.005929574,00011702_023.png
0.2096918,0.025800643,0.24216363,0.16213354,0.016032975,0.0029113158,0.004766404,0.03935668,0.100131676,0.9072077,0.007225102,0.0041976348,0.032177642,0.002974727,00015072_013.png
0.1809651,0.0040150154,0.005162336,0.27546194,0.018367618,0.055295307,0.073703006,0.02340816,0.3627985,0.004483342,0.0025022752,0.011796138,0.0367464,0.0054195537,00015097_001.png
0.0053634997,0.011209355,0.011180382,0.06574332,0.33062902,0.43441358,0.006425789,0.0070329723,0.063512295,0.084214814,0.004140978,0.004635554,0.029897299,0.00478979,00013003_003.png
0.11500144,0.006807019,0.036954265,0.24766336,0.94396454,0.5444954,0.015210982,0.0074230065,0.0383453,0.022384744,0.009187302,0.006488331,0.0108405715,0.011898613,00019519_001.png
0.24438763,0.04330446,0.034940884,0.015773786,0.20152618,0.038716104,0.014057084,0.003769097,0.37741473,0.0050950493,0.0047654174,0.016747465,0.06437754,0.024370888,00019624_005.png
0.074060194,0.036796194,0.007157006,0.063257925,0.006114024,0.17326224,0.048696205,0.012737295,0.0107798325,0.006277893,0.021053713,0.36834383,0.43220407,0.021809893,00000801_000.png
0.009260034,0.0071825855,0.017763633,0.70165133,0.023000471,0.06817282,0.40956146,0.006635148,0.012131199,0.93749166,0.0095312,0.01066866,0.022284813,0.0055979383,00018187_025.png
0.03307993,0.0027915055,0.10353756,0.7225472,0.75741327,0.016862856,0.0052215173,0.19633545,0.55809057,0.034349274,0.003844808,0.015715374,0.06751919,0.0041836067,00011925_070.png
0.15170267,0.087871455,0.16557382,0.4041612,0.12777014,0.069205314,0.014957242,0.015542487,0.23227073,0.028233498,0.0037872973,0.007093862,0.20142528,0.0051686526,00000032_056.png
0.47107807,0.005936554,0.012542285,0.13245098,0.049913693,0.008935669,0.009663515,0.20384043,0.023604449,0.026799226,0.039397128,0.003274448,0.08316956,0.004158745,00015044_010.png
0.004446659,0.009987139,0.010853285,0.04485685,0.03501588,0.0101011135,0.003488312,0.023278661,0.15504718,0.90756744,0.0039992733,0.003803027,0.013022292,0.0023022888,00018867_039.png
0.07785804,0.009147511,0.012605746,0.22924297,0.017934395,0.037599254,0.116422966,0.0150545165,0.02980542,0.006365875,0.010377163,0.924824,0.009033446,0.021708105,00017991_007.png
0.12975223,0.02412357,0.018710239,0.10248345,0.2617924,0.03696113,0.014898132,0.3592406,0.024833724,0.008124843,0.0045204232,0.030397695,0.24561152,0.008639565,00003348_000.png
0.088999495,0.007963457,0.01599013,0.26547363,0.023644065,0.329894,0.098983936,0.009222367,0.035178818,0.0038607127,0.0057299426,0.8778206,0.022631656,0.022821004,00019489_000.png
0.009127802,0.037889816,0.018072309,0.010026025,0.047596335,0.019818502,0.012325043,0.00755898,0.046812993,0.6684677,0.013849184,0.0067222277,0.012614111,0.006983777,00003186_005.png
0.08295833,0.020875448,0.09569402,0.4049413,0.025804702,0.03043599,0.01525188,0.22288361,0.018726666,0.0052857716,0.0063263285,0.06743435,0.9614254,0.0060748644,00007670_020.png
0.92359614,0.0055059255,0.8267049,0.6763119,0.10161188,0.008580438,0.01614916,0.82368344,0.1840038,0.010588483,0.6570577,0.013362011,0.06466519,0.006172425,00016987_022.png
0.03535607,0.01066555,0.03513659,0.042131227,0.084198415,0.087681,0.004709069,0.83575386,0.01622607,0.005291963,0.98878074,0.020430075,0.041601554,0.013030152,00017046_012.png
0.1224217,0.026133431,0.9138149,0.57404345,0.027073404,0.004485982,0.018795889,0.10046813,0.021129878,0.015267393,0.047875226,0.91121936,0.0854447,0.0070314375,00006043_000.png
0.047949698,0.0047954903,0.040666994,0.3324842,0.055926647,0.21378261,0.023862384,0.006709794,0.46068463,0.005968909,0.0031999017,0.29106998,0.5830453,0.008196654,00009608_010.png
0.07796864,0.008245274,0.014802748,0.025582075,0.11132654,0.19928975,0.010457598,0.009652191,0.01758768,0.0072519635,0.013690996,0.026138194,0.8015899,0.009779613,00009993_006.png
0.4364789,0.0102709625,0.00872983,0.028084707,0.037966892,0.004042813,0.01306185,0.021969456,0.67317784,0.008275643,0.003818448,0.007639445,0.036154997,0.0056065074,00009641_006.png
0.03037454,0.007769685,0.03811471,0.49404672,0.26704988,0.30117407,0.018218746,0.07392553,0.02596243,0.008417358,0.004757692,0.07552297,0.6258426,0.0065940465,00016971_029.png
0.5855697,0.009405842,0.039011512,0.384028,0.37112683,0.054233514,0.018992385,0.8444116,0.056311402,0.0077996836,0.81573766,0.011465991,0.018786298,0.014163062,00001512_001.png
0.01925808,0.0040508215,0.0043160156,0.024664374,0.0051702247,0.0078165205,0.014689989,0.0052570235,0.017755149,0.00275144,0.0130777005,0.9844639,0.014035964,0.008781482,00017991_008.png
0.019238817,0.042510547,0.0065536634,0.25255054,0.006207543,0.12308536,0.021775983,0.04522967,0.013833686,0.0053966907,0.013288742,0.88206774,0.57522714,0.00877825,00008343_001.png
0.011158268,0.005911784,0.01176622,0.0456339,0.027152007,0.96239895,0.015862407,0.0028352325,0.023321416,0.005446673,0.007831424,0.018755594,0.03210075,0.013817155,00010452_001.png
0.00993473,0.0062981183,0.0016055921,0.009481699,0.025551729,0.12754357,0.011192924,0.008287024,0.0062157637,0.005036658,0.0038640643,0.007648602,0.010882215,0.005908828,00016012_000.png
0.015912708,0.025928793,0.0066974014,0.03638312,0.07904748,0.26049593,0.009414213,0.015896691,0.010961468,0.003908274,0.0023477236,0.012209759,0.13394551,0.0069672614,00003580_000.png
0.019074297,0.004365336,0.004374292,0.027556174,0.049455523,0.6179964,0.011096083,0.020608963,0.009736265,0.004870328,0.009347514,0.008548799,0.19866082,0.006371952,00014018_005.png
0.013559399,0.00696649,0.03203381,0.88475424,0.029349687,0.27444527,0.028606078,0.0903166,0.026263231,0.0073655816,0.007273533,0.7720971,0.25425985,0.005020314,00006829_008.png
0.013481827,0.050198663,0.109266505,0.16236804,0.024969283,0.9311387,0.07836645,0.0016745722,0.104089625,0.035963677,0.004967303,0.008135029,0.015623417,0.018852662,00008291_005.png
0.080974825,0.0036281645,0.06508349,0.21256025,0.9635423,0.02907086,0.004084272,0.05232205,0.35070002,0.017208235,0.008767622,0.0053582923,0.03195217,0.0045462972,00019490_000.png
0.0022698313,0.00861356,0.07384232,0.5199391,0.03540504,0.05906717,0.021445109,0.0042049144,0.031253632,0.9922599,0.0043182047,0.0041145985,0.012717839,0.0019164591,00019208_004.png
0.0200625,0.007334316,0.006947334,0.098928735,0.19462688,0.52374506,0.01307124,0.04961476,0.009030985,0.0073163444,0.006513138,0.028603645,0.3400879,0.006694053,00005014_007.png
0.003678355,0.004258241,0.0034029712,0.29218978,0.22325896,0.27375618,0.008020745,0.7562009,0.0065972647,0.03234933,0.008678569,0.007096328,0.012889859,0.0036912728,00009350_004.png
0.071942456,0.008764166,0.14776279,0.9255433,0.33210927,0.44323197,0.044652995,0.09623498,0.04071693,0.012742278,0.011205048,0.1288361,0.39092293,0.0065011773,00020274_012.png
0.004803676,0.008148425,0.010415262,0.034199573,0.0402944,0.159865,0.00436596,0.050242107,0.014080742,0.0058751614,0.062550776,0.8826378,0.7509729,0.008551742,00019169_001.png
0.57205945,0.22261839,0.5415969,0.28244594,0.017097052,0.039550923,0.04775276,0.010446944,0.53721863,0.026324285,0.009205141,0.009484988,0.28300753,0.01026337,00013993_067.png
0.019407997,0.008439121,0.03551585,0.25813854,0.6826749,0.33667344,0.008074225,0.012920212,0.044035036,0.019672854,0.0035714067,0.011424402,0.23060861,0.0049270974,00010584_002.png
0.008875883,0.0025403062,0.008402597,0.01454619,0.030291595,0.020813933,0.0039368053,0.025556818,0.013530952,0.012495341,0.987701,0.010691054,0.0050771744,0.009249349,00007166_001.png
0.021916132,0.0048230155,0.0032960402,0.016659852,0.06284979,0.25298366,0.014956602,0.0321095,0.006822882,0.003828837,0.103137374,0.018358314,0.013352917,0.0145257255,00008470_008.png
0.004915124,0.0058887317,0.024828738,0.47659832,0.13652529,0.9185006,0.02681059,0.002804812,0.08589443,0.61174184,0.0054967403,0.0034775052,0.006860993,0.00649542,00013670_053.png
0.044987477,0.007592251,0.0060532424,0.13707075,0.028073316,0.036238987,0.018171657,0.8413105,0.0338942,0.0055236802,0.082476944,0.07383471,0.030392926,0.0070978436,00012094_057.png
0.19277017,0.010250968,0.092200235,0.12776008,0.0069130408,0.0032561724,0.023151955,0.016650239,0.904869,0.40259832,0.0047518075,0.0049298126,0.027927442,0.0035096118,00010828_023.png
0.035147246,0.015461107,0.0031762482,0.037615687,0.003940405,0.03249254,0.0550308,0.004944921,0.29857257,0.0050549423,0.0021569303,0.013220613,0.060625475,0.004975981,00010805_050.png
0.10128252,0.012782412,0.22453779,0.19841842,0.027954709,0.04783862,0.024296848,0.02805109,0.009087158,0.01769157,0.9696013,0.109682515,0.028690502,0.019698363,00017167_006.png
0.20709442,0.007507141,0.0049589123,0.12797244,0.048835333,0.12233777,0.034421787,0.16662142,0.007708012,0.004283249,0.02219445,0.004641524,0.045165394,0.006004757,00007857_005.png
0.0031977908,0.26270252,0.038219705,0.15315883,0.0057412162,0.02329277,0.023250895,0.0039523854,0.47204736,0.31887877,0.002284711,0.0045002485,0.04674576,0.0033077549,00004344_027.png
0.09572528,0.008582981,0.04470752,0.03976951,0.96520644,0.59844524,0.0075073657,0.004141733,0.014576337,0.007225488,0.011233258,0.0047046333,0.011367415,0.019438261,00015843_022.png
0.15938048,0.0066683306,0.02440916,0.495553,0.031602573,0.17447864,0.05224546,0.009666094,0.09014891,0.010653129,0.0024901729,0.013792231,0.18499115,0.004647454,00010007_062.png
0.38070703,0.006412298,0.04190754,0.41169176,0.024031634,0.06162117,0.03348701,0.019785358,0.11488245,0.0031853,0.0036274628,0.032352854,0.710407,0.0045838878,00001501_007.png
0.019154776,0.03140006,0.029299237,0.028993191,0.10117089,0.5635431,0.009625944,0.049588606,0.0077317692,0.0076083643,0.03556289,0.057451006,0.93919575,0.018594028,00007932_009.png
0.021850778,0.035824694,0.01928223,0.36649933,0.01898004,0.23481284,0.081457496,0.009622167,0.016128052,0.4495034,0.008578925,0.0061702025,0.0789784,0.005625486,00012072_012.png
0.04607186,0.0070460816,0.039365,0.058475617,0.08623245,0.029023828,0.008303562,0.07150149,0.07432493,0.006023099,0.02606367,0.55430615,0.92619556,0.008466613,00014022_054.png
0.3925134,0.00989826,0.122689426,0.31630364,0.016548319,0.014849398,0.01543799,0.6652311,0.013080679,0.008945936,0.98942167,0.0061342646,0.01544005,0.0069793435,00019283_003.png
0.81727886,0.0026143156,0.05174948,0.72822887,0.008511874,0.021405514,0.17767581,0.08455775,0.028478539,0.01289282,0.40454853,0.0045468,0.08616912,0.0032894348,00000937_004.png
0.07616638,0.9325831,0.019357547,0.028777843,0.0062022647,0.005303761,0.007198145,0.024128444,0.004230352,0.011349493,0.0066276724,0.005456753,0.14506294,0.0053649144,00003044_001.png
0.016989067,0.008053377,0.016977174,0.27184045,0.06300796,0.2316151,0.009322172,0.028617747,0.056259282,0.0043709916,0.0056355856,0.8760596,0.57435095,0.007704978,00019445_000.png
0.24022013,0.030377615,0.08950208,0.023355767,0.2757841,0.24810803,0.016243808,0.0182938,0.012735771,0.008832197,0.15540181,0.1122588,0.70482254,0.06363991,00006868_005.png
0.07397466,0.016207075,0.033897586,0.29624182,0.026636733,0.14188558,0.02254707,0.022278711,0.024710663,0.0067734458,0.02504783,0.9698911,0.20742129,0.01794592,00012024_000.png
0.36697677,0.004778151,0.010918095,0.2959979,0.18056723,0.017182756,0.020591374,0.49841183,0.18081507,0.006506427,0.005203542,0.0133385835,0.031813648,0.005563308,00006763_004.png
0.038055126,0.002859805,0.011343635,0.10734496,0.98837346,0.028659537,0.002425324,0.070490584,0.07745952,0.0071183406,0.0103825405,0.007185762,0.010014928,0.0044258228,00011237_036.png
0.059534855,0.0024882678,0.0064510205,0.84425914,0.02432911,0.2590722,0.11452089,0.05270991,0.15950094,0.005141018,0.008799514,0.25423035,0.059602644,0.004559664,00012094_064.png
0.02245575,0.01548627,0.012211583,0.03319537,0.02869825,0.031903967,0.0097295595,0.9836463,0.008709766,0.007642463,0.1028681,0.029866578,0.096292324,0.007283362,00001248_026.png
0.045079663,0.0073488625,0.015425052,0.06299273,0.021799168,0.07667343,0.01127936,0.006282429,0.029071307,0.003679395,0.014632463,0.9856989,0.08482378,0.018196268,00000204_005.png
0.049482293,0.0076436386,0.014698633,0.097137034,0.006834861,0.010419529,0.01524114,0.014904215,0.018646125,0.0036028547,0.013501152,0.9877029,0.03545256,0.007973426,00011423_007.png
0.41937026,0.016230555,0.006374863,0.10027223,0.007916544,0.010226743,0.38152128,0.021547481,0.022313358,0.035103913,0.0068114884,0.009548291,0.010282428,0.010749087,00016034_003.png
0.06517874,0.010917229,0.014017466,0.15601829,0.009586281,0.09952894,0.040294006,0.014510043,0.016491663,0.005786901,0.032665342,0.9465302,0.081371464,0.016593995,00017881_001.png
0.036872353,0.004951673,0.03241158,0.21581766,0.011660558,0.009387467,0.015560075,0.010879967,0.97917545,0.07941368,0.0027993917,0.004762332,0.032511655,0.0029169838,00009087_004.png
0.19983734,0.0030247415,0.017320316,0.53584754,0.46323562,0.060039476,0.02764646,0.06169114,0.58876836,0.006709361,0.009764141,0.09428437,0.036053322,0.008208738,00012021_060.png
0.85548633,0.020696256,0.085220225,0.20085488,0.0150345275,0.0048443107,0.01036193,0.7058296,0.02842466,0.013595867,0.012610454,0.0050000898,0.0982131,0.0040404308,00005089_042.png
0.3685379,0.002168351,0.053867992,0.9511189,0.32731852,0.21173754,0.19179784,0.04623333,0.33855507,0.09206157,0.027198002,0.017504964,0.03205801,0.007515193,00006948_006.png
0.053244896,0.005726697,0.0022770208,0.28212368,0.005520533,0.058595646,0.22808488,0.025759973,0.09850336,0.03956664,0.003234859,0.0043712948,0.02423849,0.004555288,00010544_022.png
0.015394051,0.24326403,0.18457967,0.123638496,0.04096455,0.101285815,0.009502892,0.0063330703,0.0936502,0.57672983,0.008331026,0.006268598,0.1689766,0.0058451956,00000506_015.png
0.30868787,0.006289833,0.13822852,0.14819616,0.21927905,0.06794348,0.012808847,0.029441828,0.1374037,0.0047263363,0.011662867,0.0752896,0.9368559,0.0075432565,00017648_003.png
0.6805847,0.005722273,0.6140866,0.1823857,0.014876824,0.0063236556,0.15376815,0.0062383204,0.07839366,0.030398328,0.28135633,0.1061105,0.06467929,0.008577197,00015537_002.png
0.5362841,0.0019684713,0.0074749505,0.3062977,0.20127079,0.02387707,0.030393543,0.060370065,0.74780357,0.017405936,0.014965,0.0067894114,0.013342643,0.007322054,00009234_000.png
0.038828015,0.918336,0.59565884,0.75497097,0.014271398,0.023461886,0.084840454,0.022929693,0.015070314,0.026777131,0.003802646,0.030740196,0.1717156,0.008386792,00005066_041.png
0.22531784,0.005178816,0.008848257,0.3877744,0.010053374,0.023102744,0.061331596,0.66575557,0.028467389,0.006822223,0.8671881,0.006044164,0.010030645,0.006020114,00005666_008.png
0.036844406,0.013203375,0.026153352,0.017514486,0.066568464,0.06541524,0.0059261094,0.005734035,0.10048814,0.003997976,0.00574346,0.021427851,0.8151311,0.005913569,00005089_001.png
0.47609505,0.05851007,0.09238417,0.5614251,0.004923017,0.01623472,0.6620658,0.013718745,0.009017909,0.0047665965,0.0069120126,0.45994464,0.08147862,0.011131845,00014753_005.png
0.3319855,0.019772239,0.027382584,0.040110383,0.044887483,0.059036404,0.03467136,0.008667202,0.033176817,0.006797983,0.019212678,0.82253796,0.073426805,0.09405153,00001833_011.png
0.43543294,0.008746302,0.4640673,0.14165959,0.09154446,0.007989291,0.009012282,0.8637074,0.088606715,0.007128752,0.041526675,0.009842269,0.4592402,0.006035991,00012935_021.png
0.109782785,0.007869801,0.004457651,0.006665189,0.27238396,0.013638471,0.0059502595,0.013203729,0.025774015,0.0050465153,0.009182611,0.013285589,0.1231089,0.0086725615,00012973_001.png
0.015018945,0.31043956,0.0693109,0.15930495,0.006564115,0.013640272,0.14198191,0.005819667,0.58313435,0.2781093,0.0030923837,0.008826298,0.023679437,0.0061966623,00017532_002.png
0.0064706253,0.0043818103,0.032133184,0.9219816,0.08717401,0.22383653,0.01373929,0.42093262,0.040714785,0.051398225,0.005638758,0.0084793195,0.28364927,0.0049187536,00009953_004.png
0.9675915,0.053286947,0.14195654,0.4011094,0.008554872,0.011960636,0.6681016,0.035050515,0.057106398,0.026771728,0.0406247,0.010499237,0.039033096,0.009721854,00020158_020.png
0.2535157,0.30524385,0.8118125,0.6651489,0.03455937,0.08042316,0.060190994,0.016674254,0.29465324,0.012150639,0.006227755,0.015700268,0.34092128,0.007452297,00015031_008.png
0.31130984,0.0052747596,0.14807828,0.6089672,0.6833223,0.08650672,0.010547384,0.05670512,0.63081974,0.03359528,0.01044796,0.0037451715,0.07691455,0.004868217,00009613_001.png
0.33047462,0.043071613,0.00622808,0.0111159105,0.0046697548,0.016446363,0.15475258,0.0034674876,0.012286919,0.002981574,0.008900407,0.3922534,0.018381214,0.106806174,00003095_001.png
0.061862584,0.0044080643,0.009356743,0.02076841,0.040001873,0.033021368,0.010584772,0.01701961,0.041364096,0.008711096,0.037860163,0.20657365,0.7327779,0.007987545,00001286_009.png
0.027263936,0.97520727,0.30910933,0.26633286,0.0074839876,0.015901323,0.09906454,0.0044706017,0.114468716,0.043006998,0.0031217975,0.007449423,0.025349908,0.008342009,00006296_012.png
0.3387407,0.044822663,0.020792468,0.087476596,0.0283582,0.019975567,0.068170235,0.02350752,0.108209886,0.6264669,0.010677753,0.0052900887,0.019742088,0.007497044,00002688_001.png
0.146013,0.045592405,0.12865308,0.5336816,0.103636526,0.2228185,0.042543244,0.9398121,0.012850524,0.008394826,0.2053219,0.036171056,0.32635766,0.017570494,00012094_062.png
0.25875407,0.005216153,0.17074986,0.56885576,0.24689002,0.00854232,0.009553027,0.29441306,0.48628563,0.020141993,0.0039440915,0.028899238,0.16530482,0.0054841978,00008051_048.png
0.835746,0.13525957,0.48958018,0.16701056,0.589989,0.053366624,0.022241162,0.030156607,0.071550794,0.021454612,0.018343933,0.018256744,0.0764117,0.030002253,00009984_006.png
0.039721075,0.0012961014,0.028597185,0.9316333,0.066842176,0.032240953,0.033314504,0.0859642,0.51534337,0.65535414,0.009175516,0.004075253,0.022307679,0.0032765404,00002505_017.png
0.035684098,0.061649725,0.03063791,0.48381203,0.113014,0.73718053,0.056294166,0.020584026,0.009408135,0.0946038,0.008698349,0.01075875,0.055320036,0.012167998,00004342_021.png
0.05658711,0.013053653,0.3228122,0.031242257,0.9546308,0.008124386,0.0016454245,0.14344348,0.04330095,0.014252561,0.010123753,0.0047068065,0.12081617,0.003420499,00011984_001.png
0.010444579,0.0040094093,0.0044940105,0.10478442,0.06886248,0.0382655,0.013734967,0.036361482,0.21071076,0.49767944,0.0056399964,0.0056052054,0.011270956,0.0048345923,00012364_069.png
0.0063436027,0.009845147,0.00883821,0.65631974,0.016756076,0.09440846,0.037606787,0.50512916,0.006370014,0.0101670185,0.5736464,0.36210415,0.0052813087,0.006224548,00019927_002.png
0.025710098,0.0061365883,0.0049363268,0.045773115,0.0049248836,0.014827587,0.010848648,0.016630076,0.03361071,0.0024746303,0.004576683,0.7976663,0.72945476,0.0041983426,00009488_000.png
0.035678707,0.012075934,0.0019951777,0.020242073,0.06477177,0.017649729,0.011750363,0.1118181,0.020140959,0.00939428,0.0028472494,0.009006194,0.013794177,0.0054724137,00001855_002.png
0.044292938,0.059027717,0.025335308,0.5623415,0.017998401,0.2238398,0.06439889,0.016570978,0.256422,0.09573905,0.00561043,0.004380662,0.09296319,0.0063970196,00010773_027.png
0.013561154,0.014669367,0.01557363,0.1831142,0.0236581,0.08638476,0.19923894,0.0062027327,0.06899292,0.94856197,0.009038237,0.0050611026,0.0144859785,0.00713128,00018187_036.png
0.0108482735,0.008233056,0.0033717377,0.0674105,0.0064997175,0.7332404,0.042990282,0.012296442,0.0076044155,0.0071822046,0.010895927,0.008754334,0.043382376,0.007552986,00005694_003.png
0.14554471,0.020702299,0.35637927,0.95415324,0.0208114,0.0927269,0.46828258,0.026961831,0.015546063,0.017095882,0.010406419,0.4554606,0.16058752,0.0073860115,00005288_005.png
0.011900575,0.006425886,0.0021203402,0.0171791,0.037772156,0.061310798,0.015827585,0.03784967,0.0069578756,0.013925146,0.005844425,0.0074700983,0.010493348,0.005638261,00011168_002.png
0.00751355,0.009188,0.0032346165,0.07924899,0.026664557,0.574695,0.011469066,0.029446147,0.009601441,0.0053713373,0.0030090571,0.008859677,0.1264255,0.0045477804,00018819_001.png
0.08651278,0.041621353,0.5082552,0.22548474,0.258079,0.1482253,0.024343137,0.005588128,0.89965105,0.25683835,0.0061233616,0.008479676,0.027869018,0.009590642,00015058_014.png
0.123692445,0.007363588,0.011843596,0.35452724,0.014587902,0.01130783,0.024714092,0.93812186,0.012815409,0.017018646,0.010044186,0.008832143,0.017789794,0.0036399448,00008490_004.png
0.4946034,0.0023286685,0.010414617,0.59355503,0.0054985494,0.011829674,0.10741139,0.2502336,0.10034747,0.0059120636,0.009830288,0.010960838,0.12763648,0.0032711364,00020326_043.png
0.016688358,0.004450739,0.0035568315,0.5733468,0.0038005514,0.0072710644,0.23166429,0.10690353,0.013065183,0.007410302,0.028121158,0.6080864,0.0036904854,0.003490043,00002649_020.png
0.13264376,0.013745804,0.5116768,0.44938362,0.22579283,0.36968112,0.03606886,0.012840251,0.061103363,0.01520275,0.04748064,0.89293534,0.11477713,0.0356947,00000302_000.png
0.025801273,0.004886546,0.0061485935,0.094127685,0.21936356,0.023887746,0.008218534,0.049916513,0.068938635,0.45411497,0.014738054,0.0056834975,0.015411074,0.005193537,00009609_006.png
0.016214117,0.008892347,0.18631712,0.20687926,0.049441323,0.022487855,0.008246192,0.0037468283,0.9912744,0.0134575525,0.0016769568,0.007814532,0.052394208,0.0024327636,00014398_015.png
0.032263856,0.07317387,0.02134181,0.04662798,0.015454916,0.050017536,0.014741185,0.1318065,0.006856085,0.015074617,0.1370028,0.2418432,0.82130426,0.016758598,00007120_004.png
0.25464,0.025124114,0.0123149995,0.01980588,0.022471521,0.07945966,0.0531745,0.0063776723,0.008973602,0.008944889,0.10559933,0.15092058,0.059236433,0.10397104,00000432_000.png
0.06971796,0.0074644615,0.031968128,0.24035837,0.2374268,0.3631028,0.014947795,0.019265097,0.07741701,0.004292932,0.0036972205,0.048229236,0.653798,0.0068415743,00006926_021.png
0.014246258,0.003438852,0.0065934467,0.40786514,0.02823825,0.9274334,0.029038923,0.025973681,0.0120490845,0.010273775,0.010186154,0.00818498,0.06540371,0.005406679,00003769_001.png
0.20289364,0.036746927,0.06472356,0.034935217,0.15445352,0.037904277,0.007862957,0.009656796,0.16151966,0.0036866423,0.006208046,0.007963644,0.5929701,0.0061166966,00002665_001.png
0.019819312,0.012113766,0.55273366,0.63918823,0.18201207,0.057030104,0.008636254,0.011926609,0.17821105,0.8421041,0.008278986,0.0048406064,0.07522029,0.002895357,00016825_001.png
0.061348405,0.580738,0.0072797425,0.016978256,0.026457563,0.048076287,0.0152846305,0.01930142,0.0057302737,0.0072001694,0.016913041,0.01611428,0.062588386,0.020569338,00004678_000.png
0.094542295,0.003291754,0.042397596,0.37503552,0.94209045,0.017182311,0.0044285255,0.34613803,0.08427123,0.03340127,0.05357273,0.006102092,0.01997662,0.0056717796,00009671_002.png
0.035278577,0.0071341237,0.011720158,0.07200088,0.02348676,0.08818517,0.026746372,0.012719043,0.013993011,0.0066324235,0.35431668,0.8229747,0.01169474,0.028654998,00010787_001.png
0.032023747,0.0076749017,0.016894223,0.6740949,0.0068223844,0.04586107,0.2496921,0.0075938865,0.024279907,0.0043396903,0.0018885504,0.91429037,0.018693442,0.0044344976,00002540_002.png
0.003976054,0.0062307925,0.0006726932,0.00093968015,0.009347779,0.007572707,0.00462598,0.09588004,0.0041847015,0.004010775,0.021086922,0.0073538865,0.0064546433,0.0038598068,00001561_000.png
0.0050887465,0.0034742942,0.0034213185,0.035867475,0.036699183,0.44337425,0.0053490223,0.014094393,0.02800959,0.0062665967,0.007885591,0.18379627,0.5265875,0.005364876,00017089_010.png
0.23081298,0.002105048,0.08910221,0.8962775,0.2369584,0.7410416,0.13301478,0.024362737,0.31407544,0.01760622,0.046878204,0.05416205,0.037614428,0.010788724,00017236_034.png
0.05895422,0.12623791,0.16167034,0.1776882,0.01730174,0.0102796275,0.009757339,0.016747914,0.03186729,0.05158632,0.004313713,0.011243267,0.70249254,0.004205274,00010007_100.png
0.17531036,0.004943888,0.010806846,0.63553673,0.043363936,0.2100416,0.056702457,0.025569454,0.2003998,0.008208337,0.0035164624,0.004776607,0.05859055,0.0038702036,00001278_014.png
0.046777286,0.008111834,0.07405636,0.08375123,0.3564681,0.0056207078,0.0046090516,0.97385865,0.11023911,0.0062653855,0.007399042,0.022776337,0.0974102,0.0065024304,00001170_012.png
0.04722353,0.72568417,0.019136706,0.07833143,0.0039160564,0.0049935747,0.01529483,0.011909302,0.010593644,0.012299038,0.0038118565,0.008473758,0.38074324,0.0047271373,00003058_001.png
0.2133088,0.002977118,0.015017138,0.64962786,0.041781448,0.18120542,0.09670157,0.019276261,0.060852233,0.004839837,0.005586549,0.21121189,0.09686546,0.005223579,00006794_002.png
0.007847078,0.02059121,0.00223954,0.26852787,0.0064693657,0.048970364,0.07181631,0.07747724,0.008897008,0.12652513,0.0032184112,0.009292029,0.039441045,0.0035611584,00013449_002.png
0.253313,0.10360391,0.004199824,0.043730777,0.0035433955,0.01497267,0.20137563,0.0087239435,0.05046647,0.008588014,0.0040919483,0.006734114,0.021477375,0.0104543455,00013415_000.png
0.045385685,0.008413665,0.010698758,0.1382346,0.0055037434,0.016095812,0.034779128,0.016602347,0.011792108,0.0054631336,0.050271012,0.9722935,0.040311813,0.008748581,00009903_001.png
0.038498923,0.006822394,0.054639127,0.19349182,0.05099154,0.070336886,0.009663255,0.043657243,0.032872964,0.007866171,0.3559821,0.9503395,0.32152146,0.011576501,00018055_045.png
0.22182438,0.22266842,0.025342068,0.021388201,0.12977263,0.016957475,0.0073885047,0.010954208,0.036328886,0.013536828,0.0056763208,0.004122909,0.06097912,0.006910599,00007823_001.png
0.06080746,0.02341615,0.003912688,0.019099347,0.017135141,0.066536956,0.024057357,0.0037405128,0.020572543,0.004150309,0.00308577,0.008665735,0.017906263,0.009629254,00014940_005.png
0.11731757,0.021798866,0.00418544,0.038245805,0.009030536,0.016844701,0.35874516,0.012193823,0.060024973,0.22602138,0.007396199,0.007023179,0.008294626,0.013200089,00013152_002.png
0.016491856,0.01422167,0.039763566,0.163026,0.08274538,0.061560918,0.0070339115,0.010372346,0.2079344,0.8653884,0.00708219,0.0049080946,0.038300287,0.0035905424,00011122_005.png
0.04149321,0.020977074,0.021408217,0.13315885,0.04366618,0.04452677,0.016435862,0.9253437,0.008190079,0.013880999,0.3887951,0.029581085,0.03151142,0.011127259,00008168_014.png
0.59657973,0.26841316,0.17590323,0.55850977,0.026607515,0.04132284,0.072820015,0.12196251,0.012233783,0.010823639,0.021779258,0.02045727,0.4949975,0.012139356,00005201_007.png
0.2009174,0.009726341,0.020602727,0.40648624,0.11538488,0.02809344,0.013813607,0.048699465,0.4448999,0.03159117,0.0025831414,0.0067072674,0.07123578,0.0043563675,00011164_004.png
0.13333686,0.009760099,0.04884207,0.15119916,0.00943674,0.013805267,0.01145355,0.60755014,0.009192082,0.01092966,0.98973453,0.0074477806,0.018742671,0.007929723,00008168_004.png
0.29769725,0.22682993,0.45955744,0.45871118,0.007342451,0.008440733,0.039379887,0.02497074,0.016600579,0.008138935,0.006007658,0.09577805,0.90267116,0.008528131,00012505_000.png
0.025649438,0.024106462,0.0013295739,0.00298669,0.006226259,0.017049288,0.0125688715,0.0033324317,0.007324404,0.0055862125,0.008656309,0.005762068,0.014057764,0.00841548,00011882_001.png
0.57281035,0.054367304,0.5010564,0.4608555,0.07862725,0.109494746,0.042698722,0.2116141,0.024284078,0.006689542,0.08688263,0.19321348,0.8366477,0.022367695,00000499_008.png
0.008299747,0.0067545637,0.0038088684,0.032121833,0.03666252,0.097316794,0.006527708,0.021304008,0.022639995,0.008925483,0.003999087,0.023471132,0.6882249,0.004207089,00016975_004.png
0.0375148,0.014870647,0.05143414,0.22393309,0.007521056,0.049501438,0.19715771,0.0030723682,0.9685532,0.015630879,0.002218279,0.01018204,0.023426635,0.0052891155,00006754_010.png
0.20064488,0.0026100818,0.0062258695,0.6730038,0.0058831014,0.011104411,0.07462034,0.7277804,0.05440956,0.02803992,0.013073591,0.004419918,0.030744728,0.0033594333,00017138_087.png
0.1690834,0.0016086517,0.1753038,0.9734799,0.74481833,0.19815205,0.06205758,0.07968672,0.38604134,0.047161426,0.026934585,0.0184956,0.02220214,0.0047841975,00013993_111.png
0.09228115,0.012344312,0.0048224344,0.07846486,0.047241673,0.027472615,0.01392421,0.097923085,0.0092887245,0.009259921,0.0034510184,0.0069033536,0.1090558,0.00399357,00014933_007.png
0.004598024,0.008579574,0.004976295,0.17497037,0.019086428,0.23314932,0.015130005,0.6629279,0.005649779,0.013741242,0.85198116,0.024468685,0.0065485085,0.008605766,00015530_065.png
0.049782403,0.013481524,0.02807638,0.035882212,0.5824027,0.700775,0.011825045,0.012275166,0.006624568,0.008570157,0.018245397,0.018761957,0.2508592,0.020389391,00015029_000.png
0.17635691,0.004364447,0.003306218,0.061287463,0.0061402074,0.0074683623,0.022818044,0.09426626,0.042947963,0.010917471,0.0046337345,0.005640403,0.053380135,0.0032505179,00015814_001.png
0.09412863,0.038573015,0.41971892,0.62334085,0.019362064,0.05372904,0.023844872,0.010356964,0.54429555,0.004148018,0.0029717884,0.036311995,0.7213735,0.0048751147,00013346_017.png
0.057516877,0.020279502,0.07715079,0.3005733,0.13193208,0.012621371,0.008686519,0.65324116,0.15101331,0.0092869075,0.0024014544,0.018345274,0.5131871,0.006249128,00019222_005.png
0.23206879,0.61218876,0.034993816,0.17418393,0.026224213,0.098395035,0.04780189,0.016752698,0.06853925,0.0108555425,0.0074839517,0.0044209817,0.094517276,0.011994149,00009798_015.png
0.4861799,0.017179342,0.04152345,0.64376956,0.018925423,0.19982156,0.14923434,0.022263303,0.04309021,0.0035700714,0.006602342,0.13535458,0.38003147,0.011083877,00009629_002.png
0.022215528,0.008116746,0.12708855,0.021298412,0.023213785,0.019840889,0.0029647266,0.08555314,0.005758296,0.0076307836,0.99376017,0.037796784,0.05142329,0.010494125,00009845_018.png
0.103143066,0.018355658,0.91428643,0.67521435,0.0665421,0.013018033,0.010899233,0.07149404,0.23884489,0.07585957,0.008147999,0.0123207085,0.55556685,0.0039092656,00005683_005.png
0.9159497,0.017037952,0.1429775,0.087928206,0.06558971,0.026846314,0.075640894,0.01572113,0.030372795,0.01213024,0.7219664,0.04692725,0.035671685,0.1062943,00008508_004.png
0.07949174,0.01901393,0.01977065,0.052848645,0.045760084,0.08311044,0.014356435,0.030275771,0.015982555,0.006301354,0.011621053,0.09199507,0.9455408,0.009899316,00001153_000.png
0.049313128,0.018579336,0.10295601,0.05778062,0.033445317,0.40058166,0.011489872,0.035421368,0.015682055,0.007059399,0.11918502,0.20514815,0.97313213,0.02157476,00010092_037.png
0.36519983,0.008094163,0.019769447,0.89097756,0.011530241,0.037493568,0.20318799,0.6981197,0.015052169,0.008199302,0.09912058,0.016354606,0.06149417,0.004715683,00013111_022.png
0.016145343,0.0023403272,0.08322808,0.96747756,0.06796839,0.110154584,0.16573744,0.025597615,0.10041498,0.77046895,0.009039749,0.007502069,0.03528034,0.0035745439,00018126_015.png
0.024000043,0.004153231,0.0016503376,0.0053458237,0.03615799,0.008992178,0.0067280503,0.0083454605,0.1520082,0.0045807096,0.00374998,0.015165993,0.05730357,0.0048206523,00016378_001.png
0.0071525415,0.5611819,0.065716244,0.09028028,0.013031641,0.004583339,0.0028871708,0.15977235,0.014461852,0.14633198,0.00147897,0.005272381,0.14727157,0.0028580108,00006317_005.png
0.101756275,0.010263748,0.056037445,0.75765574,0.011783161,0.061612327,0.05597962,0.09042117,0.00858799,0.020598745,0.01730072,0.026404714,0.8194784,0.005130819,00000013_010.png
0.39278504,0.0012656943,0.008421371,0.85033196,0.23174994,0.027804386,0.032245256,0.6724081,0.62719566,0.013164223,0.08718025,0.0072154286,0.006052913,0.0059662503,00017611_002.png
0.030035784,0.007484997,0.018995618,0.0630971,0.0140763465,0.037245814,0.004539761,0.8505834,0.009290773,0.005618334,0.9944382,0.0055204383,0.011438631,0.007031467,00013111_065.png
0.124597214,0.0034115838,0.007087292,0.21446966,0.79202205,0.08120297,0.01440212,0.03927199,0.097999945,0.057170242,0.024963154,0.0061670626,0.0067091202,0.010539971,00015813_003.png
0.008983798,0.021451565,0.013017458,0.10132719,0.03666806,0.14165823,0.008358205,0.27825955,0.014794098,0.0071283975,0.015745621,0.5066427,0.80900514,0.008585542,00000278_008.png
0.07943886,0.01283549,0.0046969764,0.006724333,0.019192955,0.0029371516,0.0045697824,0.04293309,0.018946692,0.0058911885,0.0071716886,0.012585227,0.48005936,0.0040518143,00005332_002.png
0.04434872,0.0025904076,0.003646214,0.7168795,0.008830302,0.030057339,0.09401842,0.13547842,0.49893874,0.10297956,0.004313156,0.0063856947,0.033801697,0.004672754,00008745_026.png
0.03432321,0.001918623,0.0030066133,0.93214583,0.015652163,0.04320651,0.5831367,0.14839157,0.13942434,0.02201535,0.015287966,0.025921833,0.0046906057,0.0043706493,00006605_009.png
0.011309034,0.0052607073,0.0077624973,0.17107993,0.045144152,0.07813478,0.005065532,0.86052036,0.011036239,0.016346231,0.9825943,0.005784748,0.0069723874,0.0068615973,00014731_009.png
0.2540716,0.0036305354,0.003202663,0.19037057,0.030758133,0.015388322,0.023976855,0.89314044,0.057603773,0.007723334,0.088537,0.003626655,0.009959723,0.004576931,00008013_002.png
0.040464114,0.011224756,0.009104121,0.117925055,0.034414966,0.1899562,0.015786184,0.03542205,0.027012698,0.0059616705,0.014447208,0.63217145,0.56288403,0.009895691,00012445_000.png
0.017953074,0.005368867,0.0023203194,0.017031437,0.009674606,0.010221358,0.008909279,0.98096895,0.0083482,0.004868064,0.07988817,0.0071493248,0.0059402697,0.003405005,00011460_045.png
0.01568371,0.2769766,0.11731362,0.18159363,0.04113345,0.076323494,0.0120793935,0.0111446595,0.024191836,0.5685818,0.0068991412,0.007802503,0.15880156,0.0052297744,00014223_015.png
0.06651269,0.013791725,0.06705201,0.53219014,0.010553083,0.025866248,0.033841774,0.2601277,0.012586508,0.011442585,0.24619548,0.7722387,0.14841989,0.0082929,00011683_041.png
0.8189907,0.004520024,0.024397772,0.76860607,0.04963043,0.03866434,0.13816974,0.17817158,0.21738014,0.025205446,0.021839164,0.00465684,0.024068356,0.0049601784,00013471_019.png
0.013475264,0.007001295,0.0016085828,0.016636753,0.00605425,0.13597631,0.038654044,0.004052051,0.03006273,0.0075330925,0.002915883,0.0054242644,0.010241606,0.0059488663,00006951_002.png
0.009713149,0.0069279387,0.044483896,0.019490927,0.81488746,0.037350453,0.0032922863,0.030202735,0.050686948,0.00866202,0.008821713,0.015827058,0.44486544,0.0046783993,00018366_010.png
0.1423391,0.031951167,0.024270467,0.13022925,0.7203325,0.16586617,0.02051493,0.16514036,0.006736392,0.02196576,0.0773824,0.013359534,0.037414044,0.019302316,00012625_001.png
0.14973535,0.0072267093,0.026156137,0.6935683,0.016129065,0.018001327,0.034442738,0.9751653,0.018135285,0.0069149234,0.051004622,0.039598823,0.022059603,0.004834009,00015530_106.png
0.07262511,0.0062818276,0.019368075,0.12201633,0.020314539,0.020955881,0.0076447926,0.84558266,0.01700575,0.008208517,0.9864464,0.00607542,0.010038551,0.0072255805,00008168_005.png
0.23152108,0.015939776,0.07894734,0.18408208,0.009087871,0.021913601,0.017261395,0.57846826,0.009932812,0.009763691,0.97944915,0.010553163,0.059679873,0.009468699,00012315_021.png
0.7221538,0.013463398,0.8771087,0.53284544,0.12983944,0.042459484,0.033726316,0.036546014,0.08028345,0.009738196,0.017435107,0.03313113,0.48147032,0.005757912,00007750_007.png
0.046547476,0.001157789,0.0061162794,0.8902403,0.1892591,0.025218835,0.015897624,0.8543686,0.25502965,0.020405812,0.09811239,0.009687387,0.0035886473,0.0041300966,00013670_088.png
0.0328618,0.0027836794,0.038636774,0.6488029,0.07746463,0.11815076,0.018556839,0.039946686,0.55109304,0.010253924,0.006326736,0.1229561,0.71637756,0.00617041,00001836_001.png
0.14267847,0.006357435,0.0074439356,0.15002996,0.027547978,0.101162225,0.031464208,0.023175308,0.09465232,0.0033557762,0.006792502,0.7195017,0.13946418,0.009972604,00001285_000.png
0.012432757,0.35236517,0.038475577,0.09685806,0.00834217,0.007790153,0.03471122,0.007969957,0.010163598,0.92007774,0.005220888,0.009861894,0.032724135,0.0039997613,00005822_003.png
0.0096411435,0.005512959,0.012120878,0.07105351,0.039054923,0.60554785,0.0073033236,0.007368989,0.022250041,0.004498104,0.011090131,0.87071747,0.40371093,0.011886106,00007584_000.png
0.050784513,0.89855254,0.04662319,0.050471146,0.01041018,0.017372375,0.117724486,0.0057427273,0.13003767,0.12947223,0.004910944,0.007815471,0.009809035,0.013292743,00006339_002.png
0.006667639,0.0077177966,0.013581045,0.019399496,0.14506465,0.7791046,0.009403444,0.0023587234,0.12264024,0.011295164,0.0056574508,0.005061861,0.014686925,0.008547809,00011737_001.png
0.2795212,0.016159391,0.008299439,0.14686881,0.24552652,0.036777776,0.012213245,0.14837949,0.01492352,0.042151235,0.009787577,0.004245361,0.035961356,0.005399955,00004646_005.png
0.0077434042,0.0063656364,0.0010285804,0.008971673,0.0034500642,0.05137148,0.051181186,0.009338974,0.0054054717,0.0068906397,0.0076744254,0.015165388,0.010161352,0.00622695,00005207_000.png
0.04778979,0.0041846163,0.0046444,0.4447448,0.00851352,0.017965898,0.115953594,0.07377967,0.84718436,0.15640554,0.0037740974,0.004766718,0.013993662,0.005595332,00015605_027.png
0.60464334,0.022948919,0.24020499,0.17784877,0.014771598,0.020102993,0.018485328,0.968872,0.012250931,0.005777619,0.9038198,0.0084744785,0.106391415,0.011559811,00006447_004.png
0.21600701,0.25893572,0.027114669,0.043632526,0.02265987,0.03543079,0.08515681,0.012480769,0.3888649,0.15541697,0.0064419163,0.005610473,0.011774551,0.014505298,00000032_032.png
0.05484475,0.01760683,0.049886458,0.10627974,0.82177365,0.22285609,0.00994057,0.008778797,0.061539315,0.04923334,0.007553205,0.0059813904,0.032479484,0.007802895,00019499_000.png
0.57846934,0.0016964879,0.010994157,0.7083054,0.11880218,0.014128916,0.03019014,0.3557239,0.53896815,0.09066253,0.03287418,0.0044194963,0.007377497,0.0060113636,00014429_008.png
0.22916938,0.0059859767,0.30046365,0.43732864,0.07722286,0.008522614,0.012096914,0.05820456,0.9724425,0.020723311,0.0031864208,0.019030709,0.10980695,0.0055818283,00007684_005.png
0.015065274,0.006290328,0.00601964,0.09498513,0.12851311,0.062026773,0.008664276,0.36114332,0.06661676,0.006492208,0.005861386,0.20286635,0.18159612,0.0059781903,00005640_000.png
0.8223817,0.021070713,0.17817001,0.051947538,0.026760122,0.059259098,0.050024793,0.0060214037,0.52784896,0.0039747194,0.008014434,0.07171979,0.24064606,0.03837678,00003990_006.png
0.4800948,0.046232693,0.009108152,0.09422891,0.012523131,0.02069685,0.051814906,0.2979952,0.008157869,0.009298712,0.20942,0.008036049,0.07559656,0.011198589,00010092_018.png
0.030510278,0.39184818,0.40992323,0.09034955,0.065115094,0.13481762,0.038429976,0.0049874727,0.42348853,0.778147,0.006942434,0.0077144234,0.016726013,0.009678129,00000032_043.png
0.05043441,0.0042902487,0.014300346,0.2580629,0.59124863,0.40581506,0.01647138,0.016975632,0.051596493,0.009942974,0.013263499,0.12218619,0.07704778,0.010776528,00019328_007.png
0.44064596,0.009993398,0.87679845,0.3406404,0.37455884,0.04944538,0.00946513,0.2575393,0.12597072,0.0062357965,0.6054073,0.10695979,0.56506246,0.011830957,00009425_008.png
0.14889029,0.09142689,0.91285,0.10932667,0.1626399,0.05280965,0.020322692,0.0032025063,0.82646084,0.72832376,0.008497299,0.0059622442,0.014952471,0.0070656855,00018404_016.png
0.40582174,0.0031137988,0.01449007,0.6952244,0.006504908,0.010931361,0.26519337,0.10696405,0.055659924,0.006408908,0.0054693706,0.028237687,0.038936473,0.0032706966,00015728_000.png
0.024277516,0.003934897,0.0031054856,0.0112654045,0.057860423,0.040942952,0.0081124175,0.050813694,0.028365172,0.004420464,0.068895675,0.13164264,0.07440512,0.009091903,00008594_000.png
0.08430382,0.9334096,0.29735568,0.24797654,0.024716971,0.019683456,0.015415489,0.019962175,0.040334575,0.01578568,0.0043879515,0.007248781,0.25604802,0.007647434,00010333_000.png
0.015937451,0.012117282,0.010517666,0.008061187,0.048665557,0.27324024,0.0075980024,0.0022621222,0.04074232,0.00415606,0.004975726,0.053609483,0.21261418,0.016012521,00012681_003.png
0.083304025,0.0064400034,0.0033040675,0.05025676,0.078440815,0.11230344,0.020728076,0.05144859,0.007077893,0.021181487,0.029342564,0.0026108203,0.011992911,0.006808609,00018011_007.png
0.0153742395,0.01656084,0.008612494,0.047154114,0.028784966,0.014602373,0.018803509,0.021245824,0.41535166,0.38560137,0.003049145,0.009081973,0.016144563,0.0054277796,00011553_018.png
0.035639,0.016878169,0.3576848,0.051094607,0.11905062,0.056288958,0.0033193962,0.83088845,0.008772825,0.004848662,0.9868997,0.039522097,0.07952993,0.014045378,00011752_020.png
0.009156349,0.0027065612,0.008901193,0.56972486,0.079637825,0.9763465,0.032958355,0.0105444025,0.011188741,0.014038518,0.015435158,0.022742722,0.017901158,0.007898991,00011782_001.png
0.017006174,0.011343176,0.009344689,0.015730007,0.019990351,0.11791305,0.0075697144,0.123671845,0.006645861,0.0143680405,0.9422765,0.0135093285,0.06896302,0.012404214,00012394_000.png
0.07613489,0.0047928053,0.01355713,0.1528131,0.028613854,0.41740152,0.10580242,0.006283864,0.012817557,0.008789542,0.034268223,0.3675351,0.026287716,0.026037749,00003640_004.png
0.007964605,0.011852478,0.0064968383,0.56386185,0.004782829,0.21264976,0.038489215,0.03692057,0.01307621,0.011718048,0.0075838817,0.40988916,0.5308978,0.00480498,00013128_001.png
0.12774947,0.69812965,0.14611608,0.026281284,0.10368534,0.22075832,0.012722068,0.01050114,0.009283749,0.012637855,0.05523383,0.029829897,0.31460035,0.0996615,00007776_000.png
0.3618282,0.034974683,0.017657071,0.105704784,0.006597927,0.009776917,0.029296057,0.10983417,0.015792852,0.004088188,0.0058306023,0.1756296,0.30497846,0.0098076025,00012485_000.png
0.06470169,0.03774583,0.0060648187,0.04448356,0.011107144,0.016415585,0.023319993,0.013956505,0.23542508,0.018790273,0.002875314,0.0062202374,0.03826036,0.004862717,00004722_001.png
0.07288299,0.011221798,0.14325197,0.90979487,0.041148003,0.13215923,0.047036853,0.20026141,0.02327832,0.007876311,0.055597726,0.8169034,0.17914966,0.007482706,00006577_000.png
0.013327486,0.00842163,0.0012937604,0.007129211,0.008859242,0.025101863,0.012671426,0.03874779,0.0047480515,0.0058965557,0.008742979,0.009677892,0.019112345,0.005231188,00005798_005.png
0.01229628,0.1663578,0.096177086,0.83161396,0.011996742,0.038789667,0.023371784,0.13671641,0.0059857634,0.2375904,0.010359681,0.009736518,0.65264213,0.0058772145,00019018_003.png
0.12277749,0.003939467,0.04883148,0.9327799,0.008178939,0.078792326,0.14943647,0.046815693,0.14104865,0.0053501814,0.00662087,0.072254315,0.6810427,0.0035004367,00014022_002.png
0.024828425,0.011315215,0.1409473,0.26560408,0.020394431,0.030623661,0.010262838,0.12921944,0.017637134,0.008415365,0.04325254,0.71139234,0.9064641,0.0063523585,00002820_000.png
0.100332074,0.0052438215,0.08046846,0.41823816,0.843499,0.1056537,0.017268458,0.018793862,0.30584332,0.018748501,0.007378677,0.028995138,0.051187858,0.008357856,00019395_003.png
0.020999204,0.01912502,0.01674165,0.03223424,0.030745745,0.20786314,0.011573756,0.053657964,0.009128616,0.010069404,0.5631477,0.60652584,0.18089995,0.031138254,00016434_006.png
0.123659074,0.044630606,0.42965445,0.18708965,0.24477984,0.038742047,0.008929697,0.009046898,0.14777718,0.90659106,0.010954069,0.005852291,0.029697724,0.004775186,00015732_031.png
0.013007878,0.0036719367,0.015368163,0.8370794,0.085754916,0.8346672,0.04950886,0.008955327,0.058752146,0.13842553,0.0050222557,0.0094694095,0.041927323,0.0056585832,00014387_005.png
0.017201778,0.010657502,0.012542924,0.7761276,0.011463008,0.032547407,0.030879466,0.93257445,0.02009622,0.005041174,0.0065082028,0.13886535,0.056137398,0.0045184023,00018921_014.png
0.072602116,0.022644352,0.030513296,0.34683543,0.086386204,0.17322817,0.025421476,0.27676877,0.025759576,0.009296028,0.048988137,0.68262035,0.10950737,0.020608088,00008009_021.png
0.01199758,0.0101552345,0.004086975,0.20906396,0.0053253435,0.13755186,0.024871524,0.07494209,0.012388329,0.0061706584,0.01293417,0.565957,0.28498027,0.005831095,00005577_000.png
0.12408067,0.029419156,0.018028181,0.50466144,0.012158516,0.028322484,0.03919385,0.52389985,0.0054436796,0.020948391,0.016207075,0.015357213,0.16944483,0.00519718,00019892_009.png
0.106949314,0.0035489022,0.0033906144,0.044993293,0.040962256,0.00905924,0.013008644,0.05761352,0.47472456,0.006562649,0.0033820483,0.011768706,0.111220434,0.0045657735,00017050_002.png
0.04189808,0.007964839,0.006764325,0.113982365,0.087183654,0.24916357,0.09541042,0.017545909,0.009369004,0.011480874,0.08573553,0.098903745,0.0041532195,0.042632814,00009507_000.png
0.09913665,0.0068170293,0.4936815,0.13080987,0.75789803,0.3832609,0.007898409,0.0063035884,0.11479152,0.007398989,0.015763389,0.22602245,0.6091625,0.016887136,00012295_000.png
0.025754582,0.007497221,0.006584645,0.04898584,0.6848606,0.35975152,0.013177009,0.11392332,0.005638504,0.008542578,0.055707816,0.018598653,0.01744806,0.012931649,00019499_003.png
0.21290185,0.036641236,0.64380854,0.26055425,0.033161405,0.037690762,0.014120362,0.0124337515,0.11398755,0.0028363613,0.0049558193,0.16129227,0.917022,0.0070376126,00009163_001.png
0.02107951,0.005729999,0.02095069,0.01906363,0.040488068,0.03976729,0.0057301326,0.01992434,0.023110261,0.009909534,0.022771213,0.04563494,0.97672164,0.005767187,00003177_002.png
0.0892317,0.004373092,0.25943854,0.42984247,0.1034055,0.024790522,0.072058335,0.0067668944,0.34306636,0.96452755,0.027592856,0.005980163,0.011490912,0.0046584182,00014362_007.png
0.100184105,0.05767562,0.0116178,0.059513927,0.01542658,0.054399006,0.01990136,0.025092768,0.015145429,0.008703066,0.01312179,0.24103622,0.8176468,0.015905218,00018577_000.png
0.29931805,0.014751014,0.028366813,0.4821814,0.0039039701,0.016323574,0.2358548,0.024741363,0.00746046,0.007732355,0.06542161,0.61906815,0.28035676,0.0075155194,00006008_005.png
0.0010522242,0.036450174,0.037156057,0.06776974,0.07879548,0.9293908,0.016338864,0.0015088854,0.007257121,0.79475385,0.010023678,0.0037940629,0.0069146776,0.0099053895,00016568_052.png
0.009699422,0.005896886,0.0018189143,0.5012815,0.007964956,0.10923381,0.29410443,0.026413396,0.039092332,0.004297614,0.0040759426,0.48330128,0.0036424377,0.0061734016,00013376_001.png
0.014217339,0.0079246,0.007174263,0.5436478,0.034105808,0.7216102,0.021845851,0.02326954,0.011891511,0.037882816,0.0043901997,0.005000849,0.13484262,0.0048172697,00019210_001.png
0.0046434742,0.005498385,0.0021517938,0.044243783,0.03983212,0.20125319,0.009951258,0.04020219,0.027309688,0.005448471,0.0019621395,0.01318189,0.04833648,0.0042929035,00017136_004.png
0.0014922617,0.12042836,0.04133335,0.070865996,0.014330846,0.93718195,0.022893537,0.0012908636,0.022396185,0.11306118,0.005258759,0.005777208,0.0116085615,0.010876165,00016620_003.png
0.1752204,0.009810545,0.019390421,0.04239306,0.25132385,0.0196275,0.00931351,0.0978268,0.073679626,0.005152408,0.0048148204,0.013525099,0.73770773,0.0062534763,00006102_025.png
0.53723717,0.006270898,0.026732095,0.2567919,0.08278119,0.040284317,0.020532098,0.035502624,0.070097476,0.0049526063,0.0052850577,0.011562366,0.57964045,0.004475589,00020046_004.png
0.44846717,0.014155541,0.09222166,0.37579837,0.035750117,0.09340462,0.17227402,0.013582214,0.019620318,0.01283503,0.11066611,0.80784017,0.03519248,0.046957854,00013282_000.png
0.53671634,0.020875374,0.014113414,0.26083204,0.038606882,0.028576378,0.074142665,0.21482247,0.012269848,0.019417161,0.38748425,0.00761971,0.023398153,0.014249407,00010069_002.png
0.014535552,0.0072045815,0.010547323,0.41662621,0.01689812,0.17060907,0.018472854,0.022878952,0.026328368,0.0029051544,0.00615548,0.9814554,0.016850134,0.0068512526,00020195_001.png
0.021481384,0.012092972,0.039685234,0.6180296,0.18542366,0.9452219,0.02319546,0.042240217,0.007450777,0.012791513,0.011612934,0.009085767,0.13479745,0.0073675932,00003393_043.png
0.12826024,0.21578318,0.045898326,0.39269775,0.011305511,0.017415816,0.038495205,0.031867955,0.008895692,0.016946906,0.0037728837,0.018971415,0.38675502,0.005381854,00004501_001.png
0.026541134,0.010920947,0.021372294,0.82973397,0.023224542,0.07413625,0.03373332,0.06406619,0.014789491,0.40328923,0.006791659,0.005324277,0.21431531,0.003549278,00018373_004.png
0.04082899,0.0041079293,0.0148976,0.3791077,0.02066435,0.043324906,0.021436036,0.018915227,0.0521315,0.004152947,0.014387082,0.98432946,0.035827342,0.0064998805,00018767_001.png
0.050226808,0.13552499,0.017587978,0.028165748,0.6033326,0.059047412,0.006982375,0.038180638,0.009327889,0.02760463,0.008042753,0.006747082,0.035140917,0.0105252955,00000711_011.png
0.03291373,0.0024157304,0.010479633,0.8055842,0.4043536,0.800522,0.04412822,0.029345395,0.019359201,0.029519686,0.01762117,0.012830264,0.017824505,0.006349933,00019181_000.png
0.040406756,0.002755516,0.0019571548,0.069812484,0.015220114,0.18032843,0.033476755,0.016338618,0.029257365,0.0034381365,0.007884233,0.03345463,0.029973853,0.0057598725,00015923_001.png
0.22508281,0.01389436,0.37725118,0.93755054,0.015407811,0.08648678,0.7522958,0.013662501,0.50469255,0.038939063,0.0058856565,0.027257923,0.08656331,0.0075676264,00013993_077.png
0.9478113,0.003696806,0.031614598,0.31554815,0.10643695,0.016502665,0.027121725,0.16314884,0.22644779,0.0045393193,0.024225723,0.0051003555,0.036106627,0.0043941136,00008232_005.png
0.078414194,0.0037402874,0.0016066091,0.11671838,0.005883595,0.021734972,0.04981354,0.12073453,0.025352724,0.0046776067,0.0031443764,0.010390407,0.024296261,0.0037809038,00001814_003.png
0.104317866,0.019999862,0.0031969566,0.093298055,0.0061724954,0.13481739,0.1415148,0.00804485,0.010978407,0.0056433133,0.0059272046,0.006197673,0.025095884,0.007167195,00006827_005.png
0.32730234,0.0061979573,0.072263375,0.07520505,0.6627181,0.047624126,0.009083826,0.037922613,0.18969019,0.004532696,0.008970936,0.07758651,0.69390523,0.008729625,00003556_002.png
0.10003447,0.06584906,0.13143556,0.5849255,0.016315468,0.12194585,0.7611283,0.007369313,0.089064665,0.5438509,0.013417197,0.008915689,0.049518246,0.010009851,00006754_000.png
0.12229664,0.008376056,0.02149575,0.2065509,0.016143367,0.021710161,0.019513499,0.16198666,0.0106346905,0.044271443,0.98607975,0.00440065,0.012663304,0.008836398,00012761_005.png
0.7529448,0.042381488,0.5303617,0.103252456,0.57995796,0.03323959,0.009083342,0.018678702,0.21737516,0.01085778,0.010570134,0.0111807035,0.26159087,0.009132785,00014871_005.png
0.026340164,0.007355489,0.013457927,0.7212152,0.018668048,0.113906145,0.12424543,0.024906637,0.019435544,0.0064871297,0.008314068,0.91181624,0.009194402,0.00823295,00008490_005.png
0.114741266,0.020081311,0.016955346,0.019672366,0.053471528,0.09180293,0.055130623,0.0063975253,0.011080992,0.010256174,0.311642,0.35651082,0.0058849338,0.37142295,00002213_001.png
0.02856003,0.1666539,0.7967877,0.58874947,0.1701518,0.3225634,0.018529702,0.01163556,0.10282091,0.2356466,0.0078013623,0.008100677,0.23648086,0.0068417685,00003803_009.png
0.06727819,0.3917901,0.10688774,0.029045053,0.012547608,0.021952242,0.14509985,0.0027081834,0.7579509,0.13423905,0.005040478,0.008186163,0.008601264,0.013153534,00017504_034.png
0.035824087,0.026198328,0.045552295,0.1314176,0.032411087,0.06729483,0.012181395,0.9567692,0.01191372,0.008825592,0.18069586,0.18038161,0.3962513,0.012473854,00017110_016.png
0.247497,0.0011728012,0.027659683,0.75769097,0.064169295,0.0070918803,0.0319441,0.15790994,0.68526924,0.7102242,0.03292325,0.0034247423,0.0067309067,0.00477382,00010012_041.png
0.008123755,0.0050528594,0.0057755373,0.041394405,0.016698634,0.038119256,0.0041024922,0.8758005,0.009350619,0.0067719957,0.98238593,0.0057335156,0.005983579,0.0058618444,00008468_039.png
0.01624384,0.0125930095,0.012207431,0.23658192,0.025497593,0.11397258,0.04339675,0.06517802,0.011557665,0.010140913,0.10181426,0.7473261,0.014049169,0.016095638,00015478_000.png
0.015536645,0.005745445,0.011597908,0.14935957,0.013333263,0.06764328,0.023141302,0.042293824,0.010478782,0.011454382,0.81077945,0.26537156,0.024533259,0.00904215,00003520_000.png
0.039613735,0.004376419,0.0341149,0.7326462,0.021057528,0.87930185,0.09824273,0.006291333,0.3987499,0.015190433,0.0066535627,0.0066096513,0.06673296,0.008391957,00008701_046.png
0.08687003,0.023245297,0.01790172,0.28567103,0.008782785,0.062245183,0.026907213,0.018374965,0.059934683,0.0056226193,0.004941011,0.05051488,0.9121669,0.0064948876,00005376_008.png
0.021337867,0.0064804633,0.027335199,0.5338943,0.023458581,0.21475933,0.021227345,0.015053611,0.033556785,0.005421569,0.007326665,0.96180296,0.2663243,0.0067362706,00001836_097.png
0.43173382,0.09745794,0.8111457,0.06756069,0.5361926,0.035613384,0.006485283,0.0066932593,0.89872044,0.01741654,0.006813666,0.012687502,0.10082388,0.011117049,00017036_015.png
0.027068894,0.003375276,0.003003829,0.04951921,0.059875723,0.5668325,0.021297924,0.0100832265,0.019350491,0.0040286304,0.005141913,0.010382062,0.016493024,0.008637662,00015477_002.png
0.029630745,0.006860632,0.034709502,0.4084774,0.025026463,0.020782517,0.06789416,0.056392595,0.03914702,0.024303785,0.01943547,0.69896257,0.037423283,0.009617333,00014849_006.png
0.019723313,0.04786039,0.010970638,0.04570066,0.006085777,0.029772583,0.040355854,0.09734234,0.004513397,0.01324661,0.23707305,0.18797825,0.06524686,0.016619217,00007793_000.png
0.0065326574,0.021051241,0.006524539,0.031927697,0.016692575,0.028002774,0.055754192,0.008730367,0.025874978,0.9050691,0.009621076,0.00630386,0.009414724,0.0069335247,00009892_005.png
0.018509442,0.037853297,0.0042312336,0.07609902,0.005256604,0.020851547,0.027067343,0.13761114,0.008100447,0.0073525435,0.0081372615,0.44429314,0.08970502,0.008030186,00002622_000.png
0.5676897,0.124873795,0.27508417,0.22327596,0.14229037,0.08689526,0.019058047,0.018716218,0.38664278,0.06909339,0.0100052925,0.005749077,0.09206763,0.008983671,00008858_004.png
0.021476498,0.60180956,0.018282004,0.034123033,0.03780357,0.023722138,0.007522519,0.015718805,0.01821452,0.15274069,0.0048479554,0.005194033,0.048356693,0.0052208835,00010531_037.png
0.03454057,0.0044627097,0.12931535,0.6249755,0.17134088,0.057168614,0.012149352,0.33499834,0.3432586,0.008343744,0.055144165,0.34490702,0.5212329,0.009157713,00014022_038.png
0.05020032,0.002954816,0.0065116137,0.056243625,0.070117064,0.119823,0.011169954,0.023778606,0.040441975,0.0070729344,0.011598067,0.05586064,0.58695,0.0056386166,00015671_000.png
0.015945371,0.0054697003,0.09190898,0.6135352,0.03014854,0.011402235,0.012566263,0.022855641,0.064561665,0.9781175,0.0063061127,0.0040980005,0.022076683,0.0020345382,00006490_008.png
0.004890592,0.005325659,0.009380251,0.03885106,0.15210205,0.1794,0.004599571,0.047502566,0.027018169,0.006662099,0.023992952,0.601249,0.5081317,0.0070752567,00013158_001.png
0.2829773,0.0038593595,0.0077347625,0.4139062,0.004102732,0.030132217,0.3678193,0.0149453515,0.016688874,0.011178389,0.050806265,0.02931374,0.08494761,0.0040195924,00019962_002.png
0.051805574,0.00909379,0.0017071578,0.02030036,0.008809044,0.045672648,0.034273338,0.013993964,0.014917445,0.016447645,0.0065650423,0.0026856125,0.014670766,0.005133478,00013251_000.png
0.058002878,0.010797603,0.0019847665,0.007996932,0.058464643,0.012162166,0.009705094,0.022058032,0.017529067,0.0045201057,0.004296674,0.006439012,0.019066289,0.0063885897,00001992_016.png
0.63883615,0.009694609,0.014149913,0.4975937,0.005900565,0.013253256,0.15105902,0.027089063,0.017408121,0.008034441,0.0060886336,0.014463939,0.20795251,0.003714239,00011553_000.png
0.76240176,0.011761054,0.65350515,0.107237995,0.10913313,0.020773694,0.010720902,0.028216384,0.09568554,0.002485436,0.020161415,0.13419536,0.9528164,0.008738244,00018090_000.png
0.11595671,0.0033927243,0.004569895,0.055857066,0.01152338,0.034419324,0.041440398,0.040074784,0.015739327,0.006857293,0.31615427,0.0064420565,0.022260947,0.007643776,00011379_019.png
0.015338923,0.056317434,0.020317419,0.027036417,0.68369484,0.045994192,0.003784012,0.25481036,0.005811694,0.015402488,0.0052644764,0.004980344,0.12436939,0.005008832,00007745_003.png
0.009829749,0.0059399367,0.04351643,0.045299616,0.16521011,0.92678726,0.010332107,0.0009314154,0.3729077,0.010807228,0.0045781517,0.008499215,0.011710744,0.011740422,00019177_000.png
0.13192192,0.004193296,0.31107324,0.9342655,0.022753298,0.017835736,0.04182426,0.27654496,0.114968754,0.005324472,0.007229057,0.69320023,0.26924708,0.0037579767,00013884_001.png
0.056133457,0.004370085,0.007883429,0.2759879,0.015265063,0.5862711,0.03654588,0.012127588,0.028015906,0.0063057956,0.0054324176,0.0057835467,0.15110664,0.0043205773,00007321_009.png
0.01183346,0.005714121,0.017510714,0.72914845,0.023131635,0.09105447,0.017431676,0.15380308,0.18386553,0.00963025,0.0030997384,0.057928745,0.76573944,0.004926382,00000963_007.png
0.019037556,0.024730837,0.021971062,0.05550596,0.04847436,0.010069794,0.0032835868,0.03860826,0.02628107,0.9164969,0.008570505,0.004816895,0.027875392,0.0032799523,00001736_027.png
0.16165794,0.11910945,0.04186718,0.07004953,0.039116897,0.009971197,0.009922612,0.045803793,0.07550909,0.61835265,0.004936111,0.0072105494,0.025037713,0.005483168,00013601_019.png
0.0098174345,0.0026260992,0.004645665,0.6580919,0.105266795,0.5009504,0.028999757,0.031310607,0.02564272,0.2595631,0.006708428,0.005973511,0.021375481,0.004439226,00001255_031.png
0.009043347,0.018120263,0.008263552,0.14271113,0.007774627,0.8440469,0.039565634,0.014516861,0.0060708118,0.0072258236,0.015509398,0.081034586,0.10340736,0.01236492,00013244_003.png
0.0110447565,0.0149659775,0.03942249,0.122089736,0.059880607,0.22300804,0.009313615,0.07970882,0.021087902,0.0067216326,0.022679284,0.52578425,0.9635475,0.009946142,00018366_020.png
0.091852255,0.0020183416,0.0032425006,0.1055212,0.05653976,0.21320198,0.021092648,0.018565703,0.028329816,0.013670292,0.010700873,0.0021813281,0.02841984,0.004476526,00002111_013.png
0.054103453,0.012142909,0.82509995,0.35459575,0.06557154,0.009138979,0.00974337,0.004657344,0.30140254,0.96963847,0.0067620696,0.0030257325,0.010502125,0.0017822438,00013036_020.png
0.042692147,0.012101372,0.0066645066,0.020646533,0.016144963,0.0393911,0.014953926,0.03421907,0.013605201,0.0059237555,0.08929516,0.64090127,0.09002135,0.020600827,00009524_000.png
0.120574094,0.015283014,0.021148732,0.026094845,0.5163566,0.04578626,0.009667914,0.0088695185,0.20220959,0.06917667,0.011006323,0.0052794474,0.014500418,0.011224983,00014429_011.png
0.40712497,0.002732267,0.039680373,0.17624834,0.2338495,0.010308144,0.010843429,0.110722356,0.52673805,0.012506643,0.01038402,0.007893142,0.1345263,0.0046950327,00009592_000.png
0.28503466,0.0029669746,0.018659895,0.3097715,0.054520488,0.009443857,0.0107779605,0.6401782,0.050928403,0.015069124,0.9811353,0.0032029324,0.00371513,0.0062966296,00008168_013.png
0.013896104,0.05168514,0.0041018473,0.09301363,0.006718065,0.062714845,0.014638521,0.016919965,0.007900027,0.027045082,0.0052044853,0.007128327,0.2989734,0.0037906345,00013176_003.png
0.10846577,0.0016791726,0.049461305,0.552917,0.9073254,0.05466024,0.012311618,0.025477542,0.71367985,0.045999125,0.01464682,0.010139496,0.010047013,0.006197185,00017178_003.png
0.1184106,0.0017385024,0.012724636,0.828871,0.12835088,0.36363775,0.09246016,0.031035528,0.46516576,0.024820393,0.010745812,0.007579669,0.029340899,0.005403434,00017403_008.png
0.13060997,0.47761673,0.04077711,0.061194375,0.09475129,0.035467397,0.015360638,0.009623118,0.12415328,0.013674928,0.0034764379,0.0069544967,0.03436196,0.009747696,00013249_005.png
0.10043828,0.013743529,0.029007668,0.39565775,0.02750738,0.064553574,0.025162118,0.055615395,0.035155848,0.0056897826,0.016106585,0.9447605,0.1409341,0.011505958,00013731_004.png
0.099949025,0.0030753273,0.0047735344,0.05125822,0.020529302,0.017313346,0.032857683,0.015989404,0.7378121,0.0061470964,0.004581251,0.032191016,0.061075203,0.007183724,00001029_003.png
0.035031103,0.012289141,0.017600456,0.11433747,0.03250794,0.09224279,0.014805057,0.049136735,0.023289358,0.008600971,0.024084432,0.7425007,0.6505909,0.011162661,00014725_008.png
0.019187814,0.0029880675,0.009139976,0.72036344,0.87131745,0.41503453,0.015547376,0.1159843,0.05073147,0.017689573,0.07220005,0.043693773,0.0075231385,0.008669307,00011899_003.png
0.013235906,0.0061812066,0.0046960847,0.022866575,0.0068590306,0.025035366,0.042001534,0.0084101455,0.00598373,0.00865559,0.70420927,0.1924678,0.0051162094,0.021076232,00018443_001.png
0.041125003,0.8244253,0.051041726,0.42400438,0.010725889,0.07809392,0.047967363,0.049178272,0.007299249,0.009809595,0.008971317,0.18099326,0.36594576,0.02055806,00003789_009.png
0.42293894,0.0045924815,0.053068016,0.38240817,0.038581472,0.007681262,0.010230601,0.15852717,0.896411,0.03531355,0.003765294,0.006576715,0.056540895,0.0048034526,00013993_140.png
0.018846588,0.0020789355,0.0028091564,0.20705679,0.0140618235,0.38454562,0.02158573,0.033354823,0.010616533,0.013233042,0.005677413,0.003678708,0.08187155,0.003302154,00001986_000.png
0.03636052,0.009054956,0.023719704,0.009164421,0.012774003,0.01637718,0.00518354,0.058774974,0.007313467,0.0073381644,0.9513046,0.08971003,0.17601943,0.012814529,00003714_000.png
0.009891944,0.02900061,0.0025602863,0.048877284,0.0070871273,0.35535508,0.019459259,0.00636557,0.014276886,0.0043491637,0.0022819985,0.017784338,0.050666705,0.0064413827,00009229_009.png
0.012015738,0.007517413,0.0141102895,0.33175185,0.02777343,0.027036764,0.011482752,0.34045446,0.06402218,0.0053267074,0.0024671026,0.43699598,0.21559031,0.005010731,00008864_005.png
0.0038427408,0.025402695,0.0037178847,0.01433701,0.03103682,0.5384332,0.013296928,0.0036216683,0.010308904,0.04390095,0.004544912,0.003935052,0.006507919,0.007189828,00008147_002.png
0.026301494,0.0004435623,0.036023736,0.97988576,0.08141253,0.017250892,0.02684714,0.12678032,0.72441435,0.53140736,0.008270592,0.0036434291,0.0069347983,0.0019085637,00017641_004.png
0.43196383,0.009264178,0.14784688,0.098177,0.18927266,0.019815085,0.009945124,0.75666475,0.05546759,0.01301197,0.9653847,0.0048138965,0.05144973,0.014238687,00013219_001.png
0.13408789,0.040956076,0.029928107,0.02273261,0.006767119,0.0033580603,0.072973885,0.009106599,0.5520787,0.5926944,0.0059267078,0.00661943,0.009802891,0.0062004784,00011985_007.png
0.53924364,0.006345966,0.3384416,0.88806933,0.22753094,0.15584913,0.28721306,0.038289346,0.039675042,0.031635292,0.03897686,0.15206575,0.057260554,0.012580435,00013993_124.png
0.038807016,0.0024914937,0.004955742,0.5289731,0.02849199,0.3386893,0.030231042,0.03747394,0.03157616,0.0067584165,0.0042711087,0.022257486,0.20679522,0.0032145358,00001382_000.png
0.0055453316,0.009543137,0.009949731,0.3902598,0.0105812615,0.021585131,0.602076,0.0036116936,0.0063347723,0.9666332,0.009602008,0.008344162,0.005526753,0.005743427,00012635_006.png
0.00934359,0.010808396,0.52844596,0.9479239,0.030222973,0.04365991,0.028234739,0.032920364,0.5147131,0.19235393,0.0022294512,0.013337021,0.21848428,0.0033803196,00012834_068.png
0.08543719,0.008765169,0.016847353,0.10039827,0.026963172,0.07335729,0.017292954,0.23790461,0.014179717,0.0051635015,0.013588636,0.023356196,0.90439487,0.0073826495,00013659_029.png
0.009851694,0.008024324,0.0061491067,0.10124825,0.0073475232,0.026336014,0.010818269,0.9871243,0.0069341054,0.007022454,0.40628335,0.022614287,0.013810359,0.004708073,00017972_035.png
0.43311447,0.11915038,0.013574237,0.17327386,0.008819975,0.0093966955,0.03940301,0.21795893,0.011830254,0.009531182,0.004563622,0.0075749075,0.05785109,0.005428117,00009954_000.png
0.027042724,0.010504345,0.0013829699,0.0023103026,0.013544949,0.017939912,0.010903639,0.003301462,0.010132473,0.0030698604,0.0060967533,0.010371279,0.011040159,0.0113109015,00000929_000.png
0.25294796,0.0136477435,0.022674408,0.11726019,0.037827227,0.16192195,0.032527227,0.012745914,0.03329998,0.006492863,0.01626167,0.6389213,0.49306142,0.02129751,00003413_001.png
0.15172374,0.0031554655,0.030601641,0.05634882,0.5506508,0.023774255,0.006328199,0.017235022,0.8202456,0.015614995,0.0112270685,0.007753211,0.070132434,0.0056225765,00014919_015.png
0.58001137,0.03670128,0.009239043,0.06954523,0.028944476,0.016083937,0.03737342,0.035001963,0.013275255,0.006481953,0.009364591,0.0102447625,0.029831054,0.010841507,00019660_000.png
0.008434505,0.044905912,0.0010039418,0.007264085,0.0050678593,0.017697336,0.0086562075,0.00940232,0.012997341,0.004976564,0.002052252,0.006321175,0.027916715,0.0034008925,00007924_001.png
0.0323266,0.008017805,0.31755492,0.495367,0.22618414,0.48713732,0.014765333,0.009379577,0.15047932,0.007678573,0.0052411603,0.053966273,0.8522942,0.0073198606,00009600_002.png
0.038588125,0.0076795323,0.011488275,0.44698212,0.044567,0.04437782,0.020219043,0.95243084,0.019495243,0.0077727567,0.08726035,0.038661197,0.0208094,0.005513001,00008009_019.png
0.13688827,0.005415952,0.007743825,0.3537997,0.0073385453,0.3241654,0.4893226,0.0069737905,0.24759401,0.008199768,0.0048974236,0.008711059,0.02634674,0.010381934,00002505_012.png
0.93978214,0.002504934,0.07223602,0.10179155,0.055582542,0.0041244896,0.010899279,0.034341164,0.910021,0.008833821,0.011513575,0.007581097,0.05562306,0.0045659537,00014687_001.png
0.80224866,0.011205982,0.12101098,0.37161204,0.046978705,0.041327354,0.035146058,0.022430662,0.13468301,0.0036625299,0.0053028,0.015708737,0.39095017,0.005260573,00013391_005.png
0.50204444,0.00853938,0.03406843,0.06443848,0.4855186,0.023624035,0.012461378,0.48626837,0.0516751,0.010393321,0.645458,0.0051982226,0.07174679,0.012395389,00008866_001.png
0.03202762,0.026881753,0.05368349,0.1730848,0.022907563,0.020551074,0.00798909,0.85564643,0.010747074,0.0060705417,0.0052967044,0.019122979,0.8489894,0.0057087536,00005824_001.png
0.007098125,0.032432724,0.0181069,0.11936573,0.0406922,0.19549835,0.05051262,0.0059698652,0.014875705,0.88397706,0.011251725,0.010554428,0.028890071,0.009181691,00013964_002.png
0.030097663,0.020320294,0.040079866,0.13019234,0.096508436,0.9557408,0.015753863,0.054598033,0.01243281,0.008092891,0.116257176,0.074561976,0.43729824,0.030123174,00001991_002.png
0.1209086,0.00607116,0.004000301,0.03622693,0.16334285,0.024443412,0.011567414,0.4961319,0.030557187,0.0077146892,0.008848513,0.0030784647,0.05137793,0.004574027,00008566_013.png
0.03691171,0.004441935,0.002287047,0.03936831,0.114436306,0.010713465,0.010376507,0.3021266,0.057723094,0.019875804,0.0062947324,0.008300747,0.0073748436,0.0049415403,00013988_002.png
0.014807478,0.008378195,0.0070198975,0.058340747,0.12666737,0.22038181,0.009026884,0.08777858,0.018847277,0.0062116063,0.005637411,0.10114839,0.6122773,0.0067835585,00005365_012.png
0.086505994,0.014487831,0.0469333,0.019881874,0.13044903,0.34902298,0.012492735,0.020670904,0.008854482,0.011915516,0.28331736,0.031508733,0.76823163,0.023306718,00008892_008.png
0.15681037,0.030466974,0.32769448,0.34655175,0.056405306,0.019261375,0.0124475835,0.9079568,0.016880559,0.0046910103,0.009647993,0.05754964,0.67351115,0.0071574464,00018366_017.png
0.18029258,0.00859247,0.083544314,0.6094501,0.3544452,0.037761148,0.022023441,0.6095286,0.06858498,0.019452183,0.6476634,0.05861759,0.017741432,0.013978735,00012094_022.png
0.072356984,0.11526773,0.009963494,0.0942281,0.011560907,0.34393817,0.049330246,0.03708261,0.005703965,0.006732558,0.058171682,0.033405833,0.14722241,0.021842692,00004163_000.png
0.011222067,0.012315319,0.0027255723,0.044757064,0.031982727,0.09675823,0.01838313,0.308511,0.0039568674,0.03205209,0.02010336,0.0072840215,0.015328081,0.0058461656,00003478_006.png
0.017909383,0.005247414,0.0013795097,0.0029670633,0.032138404,0.0060490984,0.006855306,0.25704244,0.0205253,0.0040578786,0.01653303,0.02610696,0.01227833,0.00765165,00003826_000.png
0.02861102,0.004559149,0.005713655,0.07231737,0.006843201,0.011844919,0.041440096,0.043923266,0.009086587,0.12631382,0.88269395,0.003948847,0.007134059,0.0068276334,00017410_005.png
0.034008157,0.022852821,0.01180444,0.8325791,0.007816329,0.105540276,0.21734431,0.07297741,0.008289292,0.008788184,0.011794216,0.61493737,0.06296991,0.006000711,00017531_000.png
0.36921027,0.027599912,0.44458973,0.1402358,0.05605706,0.05117437,0.13341948,0.0054330924,0.8741309,0.49462754,0.0134779345,0.008552429,0.017263725,0.013740085,00016184_041.png
0.5665104,0.09989512,0.09577367,0.5417206,0.024446672,0.079431936,0.078235544,0.05389265,0.02015901,0.006726926,0.017181354,0.020192148,0.6667992,0.01096812,00016291_025.png
0.004888135,0.013397008,0.0012031519,0.0025528786,0.031730223,0.0069459127,0.004687897,0.02442805,0.014462288,0.013494562,0.00417612,0.00607343,0.013269729,0.003074047,00015512_000.png
0.0126985395,0.017646305,0.010804516,0.91779655,0.011784955,0.43379974,0.07760366,0.3343853,0.01242664,0.0082953395,0.024551027,0.36899826,0.10585239,0.006374733,00013185_003.png
0.5758739,0.010179748,0.17814149,0.26439264,0.7938979,0.22293767,0.025364773,0.012582087,0.062113382,0.010116511,0.010795724,0.019625518,0.12572871,0.016340712,00019812_006.png
0.10837126,0.082025856,0.010704377,0.23160319,0.006536577,0.012293929,0.16064803,0.018446065,0.0073111653,0.15022933,0.006486349,0.011280483,0.08400241,0.005054307,00016860_007.png
0.04794837,0.0072617256,0.07949605,0.28544804,0.87635607,0.31177095,0.008355885,0.011470316,0.071039915,0.009287307,0.0042225197,0.014738609,0.21946272,0.005544091,00018663_009.png
0.11093373,0.00428786,0.007950877,0.086856075,0.042814534,0.020664066,0.040444437,0.02105577,0.9407297,0.11236598,0.006215626,0.0043701637,0.0063235774,0.008928123,00010462_002.png
0.03533791,0.0024942886,0.009037482,0.43862054,0.017206792,0.009173869,0.034293957,0.071385086,0.8737351,0.6362568,0.004627745,0.0038918122,0.009601963,0.0046741716,00011140_002.png
0.037726603,0.0031766575,0.010381351,0.4955545,0.23805593,0.2988233,0.018864505,0.028698457,0.33195415,0.0064290413,0.004357733,0.09110974,0.13481331,0.006007538,00001814_005.png
0.19374897,0.191827,0.08419696,0.2208088,0.013839926,0.07595176,0.03587269,0.020118926,0.01523023,0.0069121076,0.014163861,0.79379356,0.66657174,0.038290795,00002878_019.png
0.030683791,0.008626082,0.0017072164,0.0041228896,0.038655374,0.01530363,0.009671472,0.3423519,0.0068758866,0.0038949426,0.030248825,0.008110292,0.008715194,0.007567759,00007764_001.png
0.016605554,0.008482956,0.039083924,0.037075467,0.046135057,0.040346812,0.0067874626,0.20974259,0.022263156,0.00838902,0.17706287,0.3411533,0.884395,0.008812871,00000269_000.png
0.002762938,0.18917543,0.3140826,0.64222294,0.004817096,0.53710645,0.08719075,0.0006840099,0.6354674,0.021173494,0.0016067849,0.00865183,0.03984098,0.0043626223,00005066_024.png
0.99057627,0.0046169404,0.059283722,0.14889075,0.017271794,0.003684419,0.037168812,0.06596432,0.49993646,0.016145056,0.025702313,0.0039777146,0.017586198,0.0051511927,00011401_000.png
0.019718044,0.0039322944,0.005337433,0.020148294,0.10198462,0.5373188,0.010061146,0.004715213,0.011947204,0.005479503,0.008081876,0.00900097,0.04016262,0.008231943,00005472_002.png
0.0038355615,0.12514678,0.007925136,0.032259457,0.042535137,0.16869187,0.010402918,0.05617838,0.0031197015,0.12661526,0.018611047,0.013279498,0.056708187,0.008094507,00005653_006.png
0.5455126,0.05852835,0.016553154,0.05576329,0.050962735,0.013318303,0.08070233,0.02436895,0.03942173,0.42885274,0.027512584,0.0074662566,0.011510336,0.02023136,00016705_009.png
0.08446263,0.0063443063,0.124392435,0.27622226,0.728238,0.15110041,0.01056034,0.03005532,0.088813715,0.008058294,0.008395247,0.039557356,0.73721975,0.0064424016,00018027_003.png
0.07553436,0.0027853756,0.06774987,0.023928327,0.011917067,0.0034219166,0.0022786777,0.21074879,0.01411928,0.008379557,0.9970733,0.0034455112,0.00992645,0.0041016703,00014083_018.png
0.19393574,0.0022241105,0.035207856,0.121063836,0.020837804,0.0045860442,0.005011064,0.49897388,0.05108574,0.015335812,0.9938607,0.0018342484,0.0039415318,0.004460856,00008291_019.png
0.022849854,0.034033395,0.0037977684,0.019754896,0.004587871,0.35595617,0.07264495,0.0028880413,0.0128785735,0.0036005548,0.005422695,0.04203683,0.024504133,0.022216959,00002360_001.png
0.31423897,0.00370536,0.03625263,0.5041595,0.39446473,0.037015066,0.014173618,0.12243035,0.25590023,0.00861868,0.0043673115,0.0073606744,0.17034575,0.0041992394,00020108_002.png
0.006634859,0.00611572,0.013974364,0.5631564,0.02049902,0.26583755,0.01195102,0.043283973,0.011120145,0.0046318984,0.08109434,0.9751976,0.019496452,0.006459498,00011424_000.png
0.05963675,0.010963733,0.011139611,0.12750854,0.13649917,0.021292021,0.01238347,0.30333677,0.0765026,0.005338443,0.0018817472,0.02266912,0.23057322,0.005421937,00007830_004.png
0.036780488,0.8810691,0.06062027,0.12973773,0.025435762,0.05605562,0.02716647,0.009469164,0.045848507,0.1345842,0.0058455174,0.006378685,0.04017055,0.009819052,00003989_020.png
0.085727714,0.0069082305,0.013696085,0.46861753,0.008585546,0.40640366,0.17983456,0.0066838064,0.2165563,0.005973873,0.003616477,0.01181754,0.088460505,0.005771293,00017064_005.png
0.03441977,0.093618125,0.0028326658,0.0041338895,0.012052922,0.020308247,0.024442827,0.0038086856,0.013544159,0.016478682,0.010746598,0.0064596846,0.006345491,0.018507645,00016649_007.png
0.0140780555,0.0117910085,0.031186197,0.07293408,0.15002055,0.022200577,0.0033212597,0.009607805,0.06397791,0.9626039,0.0076928036,0.0038337691,0.011602835,0.002678721,00012993_009.png
0.22584885,0.002143741,0.009298804,0.74996,0.45700657,0.41521564,0.051701006,0.03370743,0.054215573,0.045452263,0.05684682,0.0046315356,0.016115094,0.007863582,00005712_026.png
0.18738635,0.00930641,0.020778408,0.4430394,0.018406717,0.055519532,0.4494747,0.009416182,0.039754644,0.006132681,0.0030593025,0.748538,0.012460879,0.021159371,00012350_000.png
0.45612547,0.0038605204,0.006942516,0.13369773,0.035718627,0.080025986,0.034159727,0.022970948,0.038327713,0.0025939979,0.006854095,0.014490873,0.12357695,0.0059106434,00008219_000.png
0.804015,0.03386733,0.96880955,0.43097866,0.022392735,0.009154813,0.07669521,0.016560966,0.13252342,0.016797384,0.010831908,0.15569669,0.42860416,0.0061824163,00014626_019.png
0.0051094494,0.006952389,0.00526091,0.036804587,0.046252456,0.12098221,0.008509722,0.5595884,0.0057039624,0.010571278,0.7244256,0.021135366,0.008521896,0.008461158,00016577_003.png
0.007784417,0.027460463,0.0029639602,0.009398674,0.027000511,0.30397165,0.011485675,0.015047045,0.0025246476,0.007073129,0.011387839,0.0092669185,0.01489324,0.0097377775,00014674_016.png
0.00939622,0.0064283893,0.011005207,0.49565256,0.0071858363,0.3494912,0.14045283,0.0048441268,0.6179579,0.032446448,0.0023548175,0.008904505,0.03721904,0.005350438,00016315_001.png
0.1685877,0.04125168,0.55352014,0.3587987,0.2762484,0.045216415,0.008409438,0.016692115,0.7576517,0.05820087,0.0064511886,0.006792235,0.22365661,0.0054701716,00011741_011.png
0.29863253,0.0020084076,0.011088791,0.8457056,0.07127474,0.23149882,0.30227208,0.029888691,0.3936425,0.026381543,0.013905517,0.007460283,0.018977469,0.0068653743,00017710_009.png
0.034749202,0.012063982,0.7718757,0.042313423,0.21398917,0.16400605,0.0046074153,0.009424383,0.04693362,0.009510727,0.037540376,0.022396214,0.93460834,0.0075294646,00005043_000.png
0.015534157,0.042322747,0.0176731,0.05103713,0.013897118,0.10708516,0.11112501,0.003512064,0.3637618,0.21259919,0.0047634053,0.007859993,0.016740134,0.009608972,00015572_011.png
0.021156466,0.0063044005,0.010005982,0.04829429,0.089402884,0.8986624,0.057083122,0.003867048,0.011247308,0.024930961,0.029913938,0.005943697,0.0069372025,0.037953716,00004654_002.png
0.06736598,0.0018867088,0.010544746,0.9402572,0.13109498,0.60527724,0.20882848,0.021387937,0.18553986,0.16059312,0.017472625,0.007603534,0.024155043,0.00645147,00017236_104.png
0.012182439,0.009282658,0.005061794,0.023565767,0.0064152456,0.029850498,0.011097956,0.01357653,0.0094545325,0.004568483,0.042083796,0.9610612,0.07633461,0.011363289,00016896_012.png
0.18712847,0.08840272,0.0044011977,0.015580172,0.0047044232,0.01175681,0.03445049,0.0054391455,0.015464338,0.0028784848,0.0043990244,0.029864907,0.06904843,0.014122128,00007510_000.png
0.024462573,0.015447721,0.16344702,0.64669627,0.3943827,0.2976532,0.01575401,0.6720816,0.028714811,0.009748115,0.069752,0.25416535,0.43893555,0.011560515,00010677_031.png
0.4279803,0.08016985,0.0049459203,0.15146084,0.004325918,0.011775285,0.09290718,0.06650683,0.022237021,0.0034867183,0.0037334103,0.009281412,0.0808359,0.0065385248,00006808_035.png
0.7618233,0.014238198,0.11212208,0.2961771,0.003471847,0.005953532,0.93114036,0.00326016,0.011899885,0.015298242,0.014537103,0.14365044,0.013998175,0.010267245,00017537_000.png
0.03001757,0.0062774327,0.025340825,0.95974743,0.0036085,0.011212832,0.49375772,0.04878123,0.01127003,0.012266278,0.004590773,0.43552002,0.06665605,0.002083544,00019176_089.png
0.012789328,0.05781316,0.005099535,0.020483678,0.011273725,0.00897666,0.01563542,0.008271441,0.34173882,0.02589412,0.0021624619,0.008641751,0.025688095,0.004167827,00000491_019.png
0.018143658,0.011835612,0.015783738,0.31568027,0.05330184,0.54071724,0.013946351,0.089229554,0.026380723,0.0070812576,0.036479447,0.8107541,0.43643403,0.012019185,00020195_000.png
0.041701443,0.0036246188,0.012268883,0.87149477,0.082235664,0.14477189,0.023362676,0.05873836,0.12496395,0.2521177,0.0071519655,0.0048882714,0.10325016,0.003739083,00010509_006.png
0.21959774,0.006107358,0.005246446,0.007963904,0.061279926,0.0037794902,0.007276153,0.91915387,0.053591378,0.0032536772,0.07113695,0.005236225,0.016359568,0.006094586,00008566_012.png
0.10068881,0.033698622,0.16289012,0.15122059,0.16332729,0.22031166,0.01165076,0.9399462,0.02885378,0.008009804,0.8092459,0.15358342,0.3881402,0.027306331,00020195_018.png
0.044402417,0.010282001,0.022748271,0.35793343,0.040570185,0.05263605,0.015340336,0.30112645,0.05539968,0.0054004774,0.012471075,0.83244365,0.14107789,0.009514789,00007034_077.png
0.4966324,0.013852362,0.068117276,0.3027158,0.51257765,0.06727296,0.01883549,0.8357221,0.053770367,0.0103440145,0.82584727,0.014521775,0.0384488,0.018812506,00011873_002.png
0.015252961,0.004420682,0.01776926,0.73300415,0.0059371362,0.014227875,0.020387797,0.29315016,0.07184991,0.0037101407,0.0026158132,0.7017643,0.29395717,0.0029386922,00011709_000.png
0.1688391,0.003605987,0.015704276,0.3344082,0.704666,0.08879062,0.016963277,0.08455862,0.03258592,0.014291839,0.02277706,0.005113067,0.071134955,0.0053116027,00012256_001.png
0.03932442,0.004203894,0.0025581974,0.014465986,0.09388237,0.008787146,0.006324719,0.018135736,0.16531034,0.008819242,0.0042927423,0.009905067,0.0596738,0.004086618,00018949_015.png
0.30086896,0.010131182,0.019246452,0.5550953,0.05517779,0.076511875,0.060918987,0.54702353,0.023331743,0.009296946,0.80089426,0.0127973305,0.013325623,0.011473111,00001484_001.png
0.18272875,0.010870283,0.025460882,0.026590101,0.015716929,0.037253715,0.007989079,0.75864625,0.016565166,0.004143053,0.98121554,0.009070269,0.07980803,0.0114343995,00009845_005.png
0.022751138,0.009339685,0.005078348,0.10175806,0.00754226,0.60632443,0.036724098,0.0060494575,0.025041217,0.004971193,0.0039092638,0.010673246,0.09543048,0.006308542,00010943_000.png
0.04773283,0.12536216,0.14290752,0.24330924,0.008260891,0.029272377,0.049802225,0.003477771,0.9001462,0.011394315,0.002903888,0.0066617774,0.10190795,0.00422507,00017726_005.png
0.2513784,0.008964748,0.031173024,0.06368269,0.039046798,0.027450768,0.009063111,0.9385701,0.025625888,0.0058412235,0.97380686,0.0033854155,0.024456397,0.009786001,00013111_056.png
0.06246987,0.012788833,0.005783516,0.10717992,0.0033651919,0.007907995,0.21277265,0.014087389,0.007927085,0.0074508907,0.017574932,0.7807009,0.009838037,0.012651112,00013267_000.png
0.018612502,0.049356762,0.32200035,0.2583864,0.014218461,0.027389912,0.06969461,0.004752402,0.62683666,0.9107427,0.0049739107,0.0050811097,0.017837148,0.0044912854,00011985_005.png
0.019762967,0.006636148,0.0069946055,0.012799187,0.02005416,0.10820973,0.017069934,0.0034607071,0.012271004,0.0039007305,0.03383456,0.9266702,0.0107439775,0.06530235,00006342_002.png
0.11249132,0.008458067,0.025585605,0.18197563,0.02570561,0.042364452,0.015157953,0.021156358,0.053421907,0.0042419215,0.009824474,0.922672,0.51514906,0.009283139,00010648_003.png
0.055063166,0.008350679,0.023506092,0.321615,0.94500285,0.5539408,0.01252732,0.054132357,0.015788777,0.008300877,0.007741598,0.010162714,0.020511534,0.007217994,00011157_001.png
0.100841284,0.006059394,0.015646977,0.14758031,0.13267241,0.04677459,0.050148323,0.02887622,0.052472718,0.011025497,0.3802819,0.62268066,0.006543535,0.050790437,00018176_000.png
0.030905824,0.015637117,0.010208323,0.19713013,0.010121025,0.02482252,0.01636758,0.9821984,0.010283782,0.0065021687,0.028499434,0.048024014,0.10057841,0.0064976206,00020286_014.png
0.047622107,0.011410294,0.0014896358,0.35377845,0.002325064,0.01892311,0.23112035,0.18780228,0.023695184,0.005212413,0.0026487515,0.017797995,0.023382738,0.0037169044,00014072_001.png
0.011227666,0.0036641993,0.17723927,0.9911069,0.03889232,0.0558889,0.08858054,0.116976686,0.17689978,0.43127233,0.0038427706,0.010632289,0.04431472,0.0029161312,00012834_130.png
0.15420796,0.018680263,0.17140439,0.2970128,0.04168047,0.05962409,0.014984954,0.11418556,0.033230424,0.00385507,0.009323114,0.008421021,0.96052974,0.0055689397,00004750_004.png
0.07517751,0.011777432,0.0079888785,0.04500528,0.018476795,0.22186173,0.04239256,0.0075271237,0.022329506,0.0031447008,0.007127412,0.79551977,0.030092178,0.046748422,00007835_000.png
0.4782736,0.0069857347,0.0042283414,0.059121996,0.059347454,0.010150524,0.022104217,0.2805022,0.024004182,0.0072498107,0.020025833,0.004669535,0.0087919645,0.007536876,00009368_008.png
0.014867559,0.738722,0.0067642294,0.008889112,0.018785454,0.0061179167,0.0057774847,0.013168808,0.015961219,0.045250136,0.0027896941,0.0052206754,0.011280513,0.004975809,00009932_003.png
0.107453614,0.004000217,0.042170644,0.88850737,0.016233854,0.35652104,0.23393396,0.02701263,0.013283921,0.04602708,0.054363538,0.025603805,0.22394513,0.0055726566,00007856_000.png
0.09431429,0.75558025,0.005946123,0.022717072,0.008027635,0.009636569,0.02106581,0.018879974,0.015903996,0.0101035265,0.004275575,0.0071423426,0.024052855,0.008788625,00012646_017.png
0.04637342,0.014290912,0.027142998,0.26636055,0.020296661,0.019803347,0.012111729,0.27029058,0.03160745,0.008242893,0.0041720904,0.080931135,0.9057223,0.005368582,00008547_001.png
0.79906404,0.009393775,0.03508204,0.272183,0.016226681,0.010523896,0.013789625,0.091759205,0.077805504,0.03349512,0.010381796,0.0034302347,0.23861761,0.0035439446,00010805_039.png
0.07237958,0.011028483,0.035417512,0.0239881,0.9419629,0.40865633,0.0076281517,0.009651037,0.011663295,0.0068920623,0.032211334,0.03133689,0.103954434,0.030724116,00014717_011.png
0.12176074,0.0054112864,0.011563904,0.82678574,0.014244365,0.042705957,0.061798073,0.30200133,0.0088262465,0.021885943,0.00746444,0.0103420485,0.11359923,0.0031571053,00012024_001.png
0.02537634,0.42032012,0.040478427,0.032507155,0.02416168,0.010406434,0.010734833,0.008002063,0.4161945,0.1319125,0.0028392922,0.0058013774,0.027436182,0.0050746,00016818_004.png
0.0031991424,0.00085145846,0.0026785925,0.9216709,0.08568759,0.085656196,0.009816295,0.46286848,0.4562631,0.07061434,0.0035973177,0.005698921,0.0070987637,0.0028016383,00010773_005.png
0.32235327,0.06751051,0.014895746,0.089342825,0.0061072162,0.018989485,0.12589578,0.020976659,0.0087356465,0.0060623446,0.027745722,0.6103484,0.058337774,0.03757552,00012640_018.png
0.0070241196,0.009602911,0.029032713,0.3241308,0.01067462,0.52713186,0.057930525,0.0029844078,0.28759617,0.12272656,0.005009436,0.009710398,0.09798646,0.0060794926,00012413_019.png
0.86254346,0.008036212,0.040502492,0.08669923,0.010576675,0.0065911915,0.4613525,0.007425441,0.041347865,0.00897412,0.021392727,0.18605943,0.010311604,0.042447194,00003577_001.png
0.06815645,0.0045813886,0.009937207,0.45474863,0.24387938,0.542782,0.027140006,0.06925009,0.04783481,0.0062289983,0.008769889,0.039482493,0.17469768,0.006548205,00011984_005.png
0.34105006,0.0026733277,0.015121082,0.41836396,0.038570195,0.0064978297,0.031785276,0.07514539,0.33709,0.85145813,0.031238794,0.0030936983,0.009148492,0.0048521236,00016972_005.png
0.049771994,0.016111732,0.029962266,0.6263835,0.017671503,0.01864186,0.013180426,0.47164112,0.14770119,0.018592175,0.0022777866,0.008750171,0.3842136,0.0049606822,00016550_017.png
0.050570577,0.0033886496,0.009672564,0.24302459,0.036420953,0.016062822,0.01662953,0.11386958,0.012935594,0.067952156,0.9775056,0.004371556,0.0035963678,0.0073603643,00008468_042.png
0.043375257,0.0061508175,0.03827235,0.3942932,0.3607276,0.74940693,0.024657499,0.005900565,0.2488133,0.05032507,0.0058864933,0.005045921,0.022984661,0.007925353,00007354_009.png
0.060582515,0.0017441523,0.0054150987,0.9407433,0.021145089,0.12087295,0.21404043,0.08118789,0.59072125,0.035123695,0.008748866,0.008841557,0.032333728,0.004832255,00019176_103.png
0.44416928,0.0037452409,0.017874746,0.16362669,0.49435994,0.02645015,0.013960916,0.060850482,0.23866783,0.0072279447,0.018736618,0.031910527,0.16011876,0.007429448,00010007_046.png
0.026473127,0.004467966,0.0069795256,0.8774311,0.18063763,0.43639246,0.02089312,0.119025126,0.032738764,0.27874932,0.010360796,0.004455212,0.043983847,0.0049754637,00009397_010.png
0.047872454,0.018263163,0.011211691,0.004399741,0.3315651,0.062169507,0.0048288577,0.010366757,0.0072929603,0.003829892,0.011085602,0.004577667,0.23144104,0.0077933026,00015581_009.png
0.02668678,0.003620149,0.004304484,0.5681003,0.15154918,0.12798616,0.022271646,0.7874178,0.04025486,0.008434353,0.27784294,0.025775652,0.0051867887,0.006405842,00002666_000.png
0.053959183,0.022957943,0.016227555,0.13394392,0.022981867,0.11100683,0.018786456,0.17518206,0.013632635,0.007900669,0.037172947,0.3864331,0.58705455,0.012253199,00007730_002.png
0.009872475,0.015168035,0.0057391804,0.64373773,0.005851677,0.2190983,0.07715556,0.08630819,0.008554811,0.007265185,0.025382675,0.7403774,0.072426856,0.0052456395,00013731_000.png
0.03454676,0.005076274,0.005728421,0.4549495,0.025272848,0.03177931,0.36339837,0.022612507,0.074142076,0.89572537,0.011835936,0.0036806203,0.008099037,0.0059467973,00004808_042.png
0.010804043,0.0151734855,0.0033663516,0.019392181,0.022470053,0.16931812,0.03516164,0.0063747787,0.1036509,0.03157948,0.0035724165,0.004327007,0.0059197894,0.007973924,00019774_003.png
0.22761409,0.6816594,0.76900345,0.20501307,0.020988448,0.09146472,0.09710851,0.0039245733,0.60103285,0.018899744,0.0051589306,0.013143216,0.045087155,0.017411303,00010478_011.png
0.11345804,0.0062787654,0.07591675,0.5594569,0.32495365,0.31550685,0.051640045,0.010148297,0.40883347,0.64576167,0.01648121,0.006707328,0.030899284,0.008480971,00017961_012.png
0.0070721377,0.014222112,0.005005478,0.015484926,0.0073221955,0.17341141,0.010351589,0.061771374,0.0048281564,0.0063644513,0.2919569,0.35078734,0.09918,0.015009094,00001998_000.png
0.06515905,0.30627114,0.010387364,0.03308828,0.00601539,0.03971368,0.19464949,0.0039589163,0.12601313,0.012362388,0.00393566,0.011362421,0.010155441,0.021063508,00008349_002.png
0.024354799,0.004880531,0.0022199631,0.034481075,0.013006715,0.09723502,0.01707864,0.00673031,0.01650004,0.005598538,0.0023109724,0.012558105,0.043673154,0.004499971,00011769_000.png
0.3437905,0.0061160354,0.033051055,0.24491405,0.007658069,0.03364153,0.030837677,0.11741791,0.027802562,0.007931384,0.1452785,0.05036603,0.88235396,0.006637499,00001395_005.png
0.029755386,0.039078526,0.18717271,0.36041266,0.0073797945,0.0065122703,0.0200481,0.016831731,0.09610859,0.89836425,0.0061579747,0.0059642456,0.13818781,0.0033010007,00007296_003.png
0.05901119,0.022897327,0.008049136,0.20279,0.0031484342,0.018442532,0.085090935,0.14625278,0.0058409967,0.007947828,0.21607473,0.44457376,0.064139105,0.0077634663,00008468_062.png
0.010933439,0.0046046213,0.022816256,0.8680513,0.028592639,0.050151303,0.015372088,0.21405932,0.45083183,0.04949317,0.002253025,0.007856306,0.15374555,0.004688769,00013992_022.png
0.015677007,0.014464102,0.002058481,0.007582891,0.008956977,0.05054992,0.008151921,0.004611754,0.0112647675,0.0033538023,0.0034604243,0.01205496,0.11852085,0.005160769,00000966_000.png
0.6540779,0.0061598164,0.43035495,0.6704563,0.42398968,0.02389947,0.015892163,0.6684696,0.19777367,0.015192758,0.65292114,0.035542894,0.11329747,0.010735127,00014675_015.png
0.02600208,0.009567738,0.01743956,0.32571393,0.02094962,0.04808481,0.023250133,0.07040109,0.026730902,0.0051249466,0.044772886,0.9656614,0.008448754,0.013777912,00007109_006.png
0.124970354,0.015549523,0.3909072,0.44829896,0.022855291,0.021088665,0.015325852,0.10687336,0.0269621,0.0045620194,0.00566037,0.16129158,0.94473255,0.0050582313,00006044_007.png
0.15254714,0.24009834,0.041424748,0.12155762,0.027116315,0.02565703,0.012741091,0.060955193,0.070747204,0.032874964,0.005069927,0.004042504,0.14497043,0.0054318975,00015770_038.png
0.004181948,0.12740244,0.8679728,0.7282508,0.01819212,0.012056397,0.005836925,0.0102860145,0.39749426,0.06329543,0.0012033288,0.007861923,0.54998857,0.0017787648,00018949_005.png
0.18888666,0.089806646,0.026591435,0.28047657,0.016574638,0.14693639,0.050882388,0.1475415,0.009928705,0.013226126,0.19740503,0.043305073,0.6236573,0.019802844,00018217_010.png
0.074433245,0.0031111268,0.06605787,0.9451101,0.2894117,0.32479554,0.05713278,0.028573247,0.5507512,0.03659713,0.005596627,0.018869415,0.07258387,0.0049569667,00005288_014.png
0.013204208,0.009235002,0.0019965314,0.021274928,0.00732446,0.102487445,0.036529,0.0047329334,0.023044901,0.009756648,0.0023722437,0.008579809,0.01374232,0.0062149544,00013557_015.png
0.41949987,0.004414032,0.02792878,0.9322215,0.052158363,0.075734206,0.12024215,0.4560007,0.034079276,0.008619987,0.060287546,0.022274246,0.054387912,0.003910967,00020274_005.png
0.29895398,0.6198099,0.046888452,0.123965874,0.0070781712,0.040798757,0.19851893,0.01107028,0.010722701,0.0061312164,0.0068621794,0.22240908,0.05031899,0.057240013,00004079_000.png
0.0541981,0.033868484,0.25664085,0.32958597,0.012723427,0.007928882,0.020960063,0.17032176,0.012041452,0.017758733,0.07453618,0.92402864,0.09972871,0.0107215075,00010695_016.png
0.058303125,0.010888926,0.0026964517,0.013656796,0.021001957,0.005442103,0.012321381,0.025620306,0.18874192,0.03415801,0.0038701557,0.0060354955,0.013359403,0.0046668523,00002529_002.png
0.39293933,0.120182864,0.015041584,0.24861364,0.006236665,0.040784035,0.10164103,0.021838434,0.020322852,0.003271331,0.0060764714,0.043967098,0.3706053,0.011989747,00005853_000.png
0.008083266,0.6447228,0.74450564,0.31396702,0.009097937,0.029682834,0.02753507,0.0025477756,0.14408155,0.11446772,0.004152647,0.009431374,0.22856538,0.0042712223,00010887_025.png
0.013420133,0.011289048,0.012040528,0.062349666,0.12993999,0.031876203,0.0059552966,0.02049601,0.013091234,0.88462055,0.045287836,0.0053377463,0.024212562,0.0049051074,00005110_008.png
0.08235953,0.0043239202,0.0065367008,0.38787988,0.011407548,0.30839124,0.29264772,0.00755659,0.17013733,0.012643531,0.0033333616,0.006546474,0.024302788,0.0059271604,00003523_018.png
0.051307324,0.041637134,0.017777385,0.034876365,0.16993944,0.71915525,0.018273728,0.03960617,0.005321437,0.0143749155,0.16958775,0.023096953,0.14039613,0.040550746,00001182_004.png
0.0746834,0.0041693454,0.009695264,0.745827,0.14047295,0.23351644,0.039462578,0.35572943,0.03112181,0.00908323,0.07216031,0.03965447,0.030096443,0.005225073,00010916_000.png
0.7712686,0.023856811,0.043498274,0.21715456,0.23988885,0.07421821,0.028079584,0.036261134,0.3405235,0.03416059,0.010660842,0.0037914359,0.021891113,0.008705568,00009257_001.png
0.007797425,0.004041924,0.0048279,0.011990726,0.7054241,0.6596197,0.005243304,0.0065537817,0.006290859,0.0064399056,0.010071909,0.0068683885,0.00870344,0.0109563265,00009120_001.png
0.17806284,0.06419831,0.041584484,0.012563417,0.050476734,0.11007545,0.12805098,0.0019346706,0.014757137,0.015016082,0.04404926,0.092424296,0.0020933205,0.863777,00006624_000.png
0.017889652,0.32390976,0.024950664,0.019926138,0.014156007,0.010096752,0.023094783,0.0049199676,0.011932921,0.91813046,0.009349449,0.006183348,0.008370735,0.0066811983,00001249_002.png
0.13871491,0.06698411,0.005200413,0.015102262,0.03578368,0.016513705,0.012135898,0.010791376,0.031846877,0.015919197,0.0052014147,0.004068093,0.018945007,0.0065032966,00001616_009.png
0.18736506,0.2023177,0.12160079,0.082855225,0.026948784,0.008409108,0.01096755,0.02065541,0.0457757,0.5134738,0.006315331,0.009480647,0.09171977,0.006505373,00017504_038.png
0.09274829,0.007360838,0.0039282455,0.17493126,0.016929105,0.063402504,0.039154965,0.15810709,0.006479764,0.025908401,0.109187916,0.003712122,0.03302573,0.0054699513,00008191_005.png
0.4147565,0.012492747,0.013917985,0.37820438,0.061786503,0.061928004,0.022894794,0.03413149,0.037084106,0.015106949,0.003894188,0.0036874814,0.108886756,0.00355136,00000711_005.png
0.6698187,0.0034436565,0.012880125,0.44792593,0.02066863,0.052510843,0.0667587,0.016239671,0.07311673,0.007247611,0.005676024,0.004735562,0.09897601,0.003145517,00007857_012.png
0.17130673,0.23412015,0.48553327,0.12873262,0.031026365,0.12776028,0.08853546,0.004147315,0.8644044,0.073889814,0.008431112,0.011928289,0.050571214,0.019375889,00013993_019.png
0.011515376,0.01931136,0.0015660574,0.0043574823,0.015416848,0.019020732,0.0072640744,0.004412419,0.026995752,0.004360533,0.002842084,0.0056193755,0.02350292,0.004091175,00015248_000.png
0.029054333,0.049467348,0.011511946,0.061970994,0.0051714634,0.013924845,0.15108894,0.0058636703,0.7408676,0.14501306,0.0034524994,0.0065039895,0.019439612,0.0059841806,00004381_037.png
0.024240375,0.0037296289,0.007031907,0.9076805,0.010981747,0.0740331,0.09834048,0.3166245,0.030818826,0.009479107,0.0048148497,0.09850442,0.045764484,0.0034960036,00008748_002.png
0.033616703,0.07494409,0.009466651,0.19688891,0.0070531643,0.019381193,0.3978504,0.007124882,0.008421957,0.105057314,0.0042262105,0.030725334,0.026723115,0.007119801,00015809_023.png
0.0069865556,0.0020453746,0.008220129,0.9813308,0.026063923,0.050011598,0.29053438,0.11030999,0.01830128,0.021959363,0.037174784,0.3448685,0.0024369159,0.002539109,00015575_000.png
0.07406204,0.008610018,0.20478636,0.27790987,0.4268293,0.1829735,0.012671684,0.10786756,0.091679044,0.009687924,0.11194411,0.25723833,0.8960804,0.012579303,00011436_004.png
0.07622438,0.032679696,0.004396417,0.029829195,0.013252015,0.24807003,0.031138727,0.0067265276,0.02516425,0.0030758714,0.005552112,0.00861606,0.059141584,0.011781324,00010020_009.png
0.024589043,0.0027463785,0.012605592,0.13215981,0.2095518,0.81344664,0.035642345,0.004082133,0.16052918,0.023768658,0.011569998,0.0053002355,0.0090980185,0.0140301855,00009863_009.png
0.14121294,0.014964366,0.05934645,0.4190453,0.56117004,0.22112316,0.02145109,0.015386385,0.1010233,0.5675494,0.014504615,0.008585717,0.033350673,0.009356411,00016577_010.png
0.004758584,0.0078110467,0.00552286,0.007856306,0.83120704,0.35829607,0.0034159005,0.012288985,0.006832505,0.011225364,0.0077281888,0.0032853691,0.012007764,0.0054477397,00009120_004.png
0.021700954,0.0071775983,0.0013908937,0.0025158178,0.004299435,0.006251959,0.009421984,0.0062933904,0.0082347775,0.003418349,0.0104458695,0.08894954,0.08830568,0.0067326087,00003581_000.png
0.10907996,0.024020432,0.044238005,0.053669445,0.007369009,0.010995905,0.057116065,0.0068193027,0.0054659136,0.017913703,0.33088046,0.74677396,0.09180043,0.022237342,00020123_000.png
0.009168475,0.009432693,0.008428394,0.02310982,0.041812453,0.72682,0.01926188,0.007019326,0.0045787427,0.008722352,0.062033776,0.18959615,0.022568569,0.039496362,00005663_007.png
0.069668405,0.0071644057,0.0022089186,0.009636619,0.007131922,0.011745641,0.014248816,0.007313668,0.010203683,0.009671326,0.010814734,0.005918886,0.047944978,0.0052168677,00016860_001.png
0.33332875,0.011211352,0.027036939,0.4024302,0.0051387576,0.047874518,0.5925589,0.004623045,0.039885093,0.0044331294,0.0025550786,0.37949684,0.07613784,0.009498544,00004857_016.png
0.009346998,0.014663103,0.009304705,0.5358223,0.0055650147,0.061095744,0.07732813,0.015052629,0.2677693,0.063351944,0.0022149791,0.008525188,0.13308682,0.0040066154,00018126_011.png
0.14001599,0.006654259,0.0027819024,0.026304645,0.020080179,0.017720448,0.017865205,0.010268268,0.02130424,0.0045580757,0.0032182522,0.018099517,0.04752896,0.0059416555,00016175_002.png
0.06611549,0.009992378,0.0485737,0.93794334,0.014353414,0.044819772,0.040456578,0.6828538,0.032238875,0.0053080344,0.0074413326,0.053318847,0.4940657,0.004540852,00017324_029.png
0.0046649943,0.009420467,0.009529441,0.040086057,0.030549899,0.021496478,0.0036152399,0.996962,0.0065854248,0.004432075,0.035411734,0.034326095,0.027413504,0.0037914612,00001170_033.png
0.14181118,0.93523616,0.29815227,0.42943293,0.012456661,0.053903785,0.32859886,0.011495312,0.017144902,0.013289247,0.005132874,0.05185809,0.025587212,0.032895956,00003789_000.png
0.26856223,0.0024942234,0.005881517,0.8124477,0.015335136,0.045034364,0.63746595,0.06517709,0.056297332,0.011012003,0.056590445,0.01943448,0.009231984,0.0049861125,00017714_022.png
0.06441834,0.0030978217,0.09524489,0.8651892,0.082444765,0.019761771,0.03640862,0.050384965,0.02869986,0.8924028,0.047277324,0.006387389,0.035500925,0.0037602906,00017504_061.png
0.015555399,0.0075886482,0.008183713,0.11773321,0.19097506,0.18827592,0.0076708132,0.8391349,0.018973848,0.0069477027,0.9266391,0.019700972,0.01165814,0.011514128,00005726_000.png
0.491474,0.0028240937,0.016573597,0.4995135,0.04384061,0.006638405,0.014525254,0.7887851,0.13252543,0.06308346,0.023685662,0.0044991015,0.010913748,0.0041640885,00015072_010.png
0.0044110995,0.020024002,0.0009728776,0.002528545,0.0074873324,0.032645475,0.0057476927,0.0036597438,0.009327141,0.002627507,0.002361846,0.014185869,0.02807261,0.0048938366,00008347_002.png
0.16715594,0.008866652,0.06271841,0.023953455,0.1333335,0.25048414,0.03286046,0.003636723,0.013785682,0.015237727,0.40468645,0.36754575,0.027001152,0.28853723,00014436_013.png
0.0082832975,0.1379366,0.26646954,0.9129124,0.0072566546,0.050215308,0.17636885,0.010116549,0.07639049,0.26810107,0.004321355,0.013124551,0.3046713,0.005026322,00014414_007.png
0.008448071,0.0039892094,0.00300519,0.04350954,0.00890328,0.55408263,0.017956765,0.006146353,0.01705457,0.008594017,0.004976484,0.0063733985,0.055724517,0.0045207986,00016618_000.png
0.043968134,0.09972229,0.018017657,0.02596001,0.15512702,0.44650474,0.01157763,0.0057553244,0.0074733556,0.008853151,0.007163931,0.00476613,0.03577743,0.013527287,00009496_002.png
0.08250937,0.016838053,0.008875174,0.12412177,0.015909864,0.4716399,0.09863693,0.01103385,0.012690949,0.0036740166,0.015039697,0.5235412,0.02176613,0.040875148,00013611_001.png
0.0037876896,0.006338741,0.015624564,0.25271714,0.031462476,0.048938446,0.02220916,0.0065112216,0.030817386,0.9884983,0.007928473,0.004216703,0.010670557,0.0028270707,00014203_053.png
0.18314,0.9624865,0.10308734,0.09547956,0.008508008,0.0072910716,0.012377605,0.023454864,0.007793814,0.008709416,0.004841383,0.014329889,0.21525313,0.009022581,00004822_042.png
0.18141994,0.00673415,0.017229749,0.8442379,0.07602187,0.28406,0.07625712,0.40089354,0.041343223,0.004853436,0.014809363,0.045805424,0.08889951,0.0063071707,00006436_006.png
0.020127477,0.3203223,0.014705975,0.030116873,0.033667535,0.016090708,0.0057779313,0.012245185,0.025398929,0.059963997,0.0036673304,0.0055899275,0.13089906,0.0042783935,00015007_006.png
0.07509807,0.0019131429,0.0067621437,0.6801984,0.19998893,0.1580835,0.062333565,0.037073657,0.071907476,0.21650672,0.17903839,0.0042934744,0.009000515,0.008200718,00003798_000.png
0.562079,0.0073783705,0.24348202,0.45580012,0.08285735,0.019785399,0.08226329,0.017403947,0.3028978,0.819045,0.024164755,0.008704453,0.027329706,0.0075475695,00006472_002.png
0.8136872,0.0019976406,0.01638939,0.3486016,0.012543686,0.0045516477,0.047355082,0.5235937,0.2016939,0.0387939,0.78287405,0.0015819601,0.0053415354,0.005332096,00010828_065.png
0.6425293,0.07788954,0.9638193,0.33102456,0.18201861,0.0061195553,0.007941735,0.6773924,0.03148392,0.031870257,0.023885578,0.0141217485,0.13913897,0.004994503,00015895_024.png
0.006879212,0.0019720523,0.00763289,0.9313494,0.038100958,0.06668571,0.18792833,0.01882491,0.021290382,0.9488886,0.012662702,0.0045397393,0.008774355,0.0030037262,00001200_014.png
0.20803492,0.005574631,0.0048135268,0.15645461,0.02809761,0.03260844,0.03298887,0.39099714,0.014331647,0.010913141,0.11023768,0.0030736874,0.018204456,0.005251916,00010936_015.png
0.770336,0.5484382,0.5036046,0.11769616,0.064270996,0.06639201,0.1001124,0.0132787535,0.3312378,0.16801266,0.01589955,0.011860847,0.02955917,0.03171085,00016943_004.png
0.13073495,0.012118251,0.011878341,0.038191143,0.71880245,0.20982607,0.015832264,0.012669781,0.007847394,0.009691158,0.024934823,0.008834306,0.01584571,0.023536654,00005083_000.png
0.074622095,0.012277866,0.11809868,0.031160107,0.010919078,0.01605965,0.0037300559,0.8470408,0.005207127,0.004273973,0.98654115,0.015408463,0.09252942,0.008179398,00010767_021.png
0.034993626,0.0072831656,0.02248935,0.024622072,0.11145877,0.04125945,0.0081689805,0.07835882,0.019631937,0.009245505,0.025599126,0.029818945,0.9568244,0.007308885,00002826_000.png
0.9122239,0.0045832614,0.05309551,0.53493935,0.050866846,0.0114850635,0.02764355,0.79374224,0.06092346,0.018141637,0.6323536,0.0029924363,0.018382208,0.0056775077,00006868_013.png
0.19724329,0.021108763,0.015230167,0.26966786,0.002471948,0.0059252637,0.17365083,0.028207095,0.006087519,0.009119349,0.032610044,0.505928,0.26778844,0.006323973,00000324_007.png
0.27006245,0.05775645,0.5437437,0.7280464,0.21597022,0.36164227,0.12392024,0.016555265,0.14816858,0.15385891,0.010652115,0.013333099,0.0800831,0.011260401,00009730_001.png
0.03163114,0.19522883,0.020657407,0.45961535,0.019478334,0.04815878,0.020743497,0.05528451,0.019324536,0.22193982,0.004395747,0.0058951606,0.1921319,0.004685546,00020171_000.png
0.06583501,0.012980463,0.0041193315,0.007758869,0.5771199,0.0630272,0.0069528795,0.0201882,0.007155457,0.008327985,0.015164247,0.0031409692,0.0070599797,0.010113141,00015981_006.png
0.2586515,0.015806051,0.035667792,0.06701108,0.011238784,0.008550913,0.016743306,0.82557416,0.01564956,0.0066705705,0.092655115,0.025143852,0.073958494,0.007762052,00019665_001.png
0.011221047,0.024309946,0.700363,0.36313856,0.049064193,0.051175106,0.008766044,0.0032261855,0.94433117,0.22955002,0.0029631543,0.0046301973,0.06788052,0.0027305447,00011925_006.png
0.484601,0.0024264061,0.016330803,0.6008636,0.049387027,0.16048935,0.06011489,0.06639417,0.08763677,0.0034162186,0.009757726,0.00868918,0.14010805,0.003787902,00008147_011.png
0.050001804,0.008886777,0.0036989192,0.015091505,0.15700652,0.013434782,0.006592566,0.023690777,0.17782167,0.016999073,0.003955939,0.004185963,0.024954626,0.004742545,00007172_002.png
0.39383137,0.024372758,0.15773985,0.4074944,0.13016136,0.048748385,0.017579263,0.104277134,0.10787033,0.0041112336,0.005527996,0.0063652294,0.55076253,0.0044839764,00000116_013.png
0.10055634,0.014197924,0.9419648,0.91561246,0.045406073,0.02351428,0.0922442,0.04073386,0.028517725,0.04549592,0.013583894,0.295417,0.46194196,0.0039815195,00017258_007.png
0.11566785,0.003918232,0.0064283223,0.32679448,0.0071418015,0.033725377,0.18325894,0.012695724,0.026199851,0.004868362,0.016299808,0.80260426,0.032542903,0.0061617317,00005639_003.png
0.27198732,0.01616655,0.011800024,0.087501705,0.06343699,0.25438046,0.1506302,0.0060101408,0.063310176,0.048945915,0.010887164,0.0040717325,0.010975063,0.027932432,00004470_004.png
0.26362398,0.0041963374,0.026360156,0.037295375,0.06914235,0.025841737,0.029456414,0.0076548154,0.083634764,0.006769315,0.3589276,0.6627281,0.032296713,0.037323803,00009644_003.png
0.35840505,0.007454195,0.0035768528,0.17828628,0.019726941,0.023164272,0.042709593,0.08816838,0.15200219,0.032578263,0.0042911083,0.0031733993,0.018216627,0.0043400032,00014141_001.png
0.020138243,0.011098024,0.024418632,0.45933968,0.04784312,0.10191971,0.010005529,0.99566406,0.011784704,0.0065441895,0.27503708,0.021250198,0.052800655,0.007630727,00013310_045.png
0.12484367,0.008086559,0.011852384,0.060348254,0.010527065,0.020358175,0.008770789,0.892056,0.012154588,0.005241496,0.9797269,0.003596407,0.01435826,0.0067511834,00017747_053.png
0.28669634,0.0043022116,0.023159392,0.7458377,0.24539405,0.6021253,0.068905674,0.02169769,0.08739896,0.044973046,0.017381659,0.0041902745,0.038616765,0.00720081,00015018_004.png
0.016173711,0.03467125,0.006923262,0.044748995,0.020311786,0.34241244,0.017094072,0.034294136,0.006721391,0.00913483,0.029936012,0.38505274,0.29241693,0.021077875,00008940_000.png
0.67131567,0.02765391,0.069837846,0.5937062,0.041514806,0.08555788,0.06899948,0.036233958,0.030079119,0.004581717,0.00673996,0.014134278,0.2916756,0.0062498273,00015386_001.png
0.112919316,0.08149166,0.8330139,0.449694,0.27245596,0.48036158,0.091875575,0.0044068256,0.52889204,0.5893885,0.010453113,0.012033383,0.023804503,0.015216499,00012413_013.png
0.08949818,0.004908146,0.03072975,0.18066593,0.054968107,0.59620273,0.020611163,0.0080695525,0.07785842,0.0036528076,0.015140369,0.86016923,0.27828094,0.021608327,00000415_001.png
0.7078281,0.008989056,0.12583351,0.845176,0.010850209,0.023227619,0.14034583,0.21009429,0.019758318,0.0039262925,0.025106765,0.065859236,0.36564556,0.004935907,00007422_005.png
0.3293203,0.01786446,0.049597774,0.4549645,0.013842099,0.04566209,0.035402954,0.04245064,0.020804066,0.0029026966,0.0054316167,0.030703576,0.86546683,0.0050139227,00005490_001.png
0.0031465509,0.005357995,0.0022527613,0.0068332558,0.035461456,0.6251952,0.007483704,0.013163753,0.0029711723,0.008981357,0.011343267,0.0044841655,0.013736538,0.0058356654,00019169_012.png
0.11260503,0.008506174,0.023933113,0.02195132,0.1432867,0.055674564,0.010882975,0.03012817,0.014403474,0.015245343,0.94763315,0.0072212038,0.027741432,0.020749891,00001255_007.png
0.0056229047,0.0096867485,0.009669663,0.017707596,0.020421738,0.011671912,0.0043823845,0.9499622,0.010664886,0.0065956395,0.032936443,0.115125455,0.08460136,0.005152293,00004876_005.png
0.011534932,0.010564157,0.030738631,0.007931486,0.2818305,0.68741673,0.004280413,0.0028896441,0.040147163,0.0056533883,0.00884454,0.013528132,0.29638228,0.012668898,00015196_010.png
0.6623617,0.010127725,0.099164486,0.6259319,0.08445252,0.12427114,0.09899755,0.050492313,0.044980276,0.0091156345,0.110147804,0.4294913,0.0995582,0.019254535,00012808_000.png
0.12009884,0.1251434,0.006648985,0.08911272,0.004614274,0.012816272,0.022726884,0.014180662,0.01971834,0.0067400653,0.0044245217,0.010070207,0.5185886,0.00539284,00014452_008.png
0.046372924,0.10592214,0.026379963,0.26924318,0.015184685,0.027461946,0.06639048,0.016239693,0.011127537,0.6736946,0.008294049,0.009193603,0.09872035,0.00515825,00010012_004.png
0.6539477,0.012642847,0.017706733,0.5278767,0.052676897,0.05642228,0.07220336,0.041500047,0.03718814,0.1021955,0.021881573,0.0037422674,0.08154587,0.004871292,00009735_001.png
0.05064193,0.11593552,0.0055761486,0.0060275514,0.0057883877,0.030179666,0.052868422,0.005960976,0.0034295532,0.012990999,0.38694698,0.018284407,0.016141033,0.04029139,00010092_003.png
0.016675085,0.004766845,0.009810697,0.21135783,0.013994064,0.034121476,0.015188523,0.33584812,0.012543498,0.023912463,0.9708491,0.008343721,0.007816447,0.0056526996,00006333_000.png
0.4995455,0.16792233,0.113238424,0.1335252,0.05633675,0.019501911,0.012006842,0.026821664,0.07365776,0.004699688,0.0048040017,0.008384647,0.48259416,0.0060925786,00015147_002.png
0.1459772,0.008186659,0.005337,0.10636355,0.11252079,0.19030741,0.027611367,0.023566134,0.008141965,0.0050812103,0.0070729717,0.007865893,0.03168724,0.0074084606,00013378_001.png
0.24686654,0.008416829,0.044189274,0.059929945,0.44649106,0.03758819,0.01069513,0.29157668,0.05214472,0.011235102,0.91991293,0.0086127175,0.04145118,0.015543516,00016410_049.png
0.03607616,0.0038734253,0.009742786,0.35768437,0.65313226,0.42240012,0.014179536,0.023179248,0.07261205,0.008502265,0.008311862,0.08200676,0.055171613,0.0073806746,00010584_000.png
0.097186975,0.7330261,0.078864515,0.08931131,0.09847576,0.027945783,0.011205064,0.040944234,0.011860768,0.012485724,0.006260447,0.014099681,0.27743986,0.013067673,00010172_002.png
0.006272229,0.0052504768,0.004495615,0.0018332893,0.5601559,0.04670965,0.0029770443,0.011183007,0.0057631806,0.006199065,0.031080566,0.009589107,0.07202236,0.0073452424,00017234_003.png
0.013437164,0.0331775,0.004530216,0.016342405,0.01031542,0.038232625,0.005640186,0.0123395575,0.0071318946,0.0077160583,0.008982813,0.025781143,0.8738299,0.0052021253,00008002_000.png
0.36465853,0.026414167,0.037083,0.014526587,0.17026502,0.12070997,0.04728212,0.0048782965,0.018965784,0.0145698385,0.11917559,0.21718124,0.019500528,0.6993471,00000003_006.png
0.75944996,0.009937971,0.69125706,0.78932625,0.019355696,0.017544774,0.08685305,0.27947858,0.017087048,0.012851497,0.8282911,0.02560154,0.07187781,0.005891549,00015044_008.png
0.02804107,0.0034105561,0.0014491072,0.0058063157,0.009306768,0.011471397,0.015974946,0.009969059,0.029642979,0.0064401194,0.008603354,0.008569954,0.018024458,0.00607299,00019421_000.png
0.006379613,0.0074487887,0.0017087554,0.049163032,0.010012418,0.30977824,0.019700525,0.07253949,0.00443051,0.008496592,0.005490029,0.0076241833,0.034063004,0.004593015,00004521_000.png
0.018908123,0.011836595,0.0069535975,0.84517145,0.0050681545,0.06173819,0.3043993,0.029085418,0.23058327,0.05926563,0.0029334438,0.0076437937,0.096278876,0.004835925,00011553_009.png
0.40296742,0.047117107,0.008662515,0.019302746,0.009906044,0.00779557,0.01898097,0.70771796,0.0071925856,0.0073810103,0.13031872,0.004879195,0.029329041,0.007648614,00008594_006.png
0.39370382,0.018067483,0.060655646,0.3587908,0.35742173,0.08668003,0.02562842,0.53406566,0.022145338,0.027773997,0.8759812,0.006493125,0.029293004,0.016005196,00014919_000.png
0.034512717,0.0034047505,0.01337357,0.6639276,0.1148299,0.021611214,0.011554564,0.9664661,0.057064727,0.0083961,0.023940153,0.028927967,0.009639778,0.0043036174,00007676_009.png
0.29794565,0.0055902116,0.019660378,0.3559788,0.5038471,0.057887692,0.022164218,0.31945324,0.15920481,0.010391501,0.20832244,0.025448196,0.10533137,0.009226341,00017046_015.png
0.010232354,0.0031263311,0.0073698293,0.18114394,0.37071,0.12375354,0.009112177,0.05082295,0.2896495,0.011482157,0.003542906,0.010750005,0.06447087,0.0042635333,00018496_009.png
0.009937587,0.0068556173,0.016137263,0.9259374,0.02179057,0.44291854,0.040007096,0.21501122,0.01188302,0.008803645,0.08686027,0.6193883,0.05728836,0.0045643565,00019354_004.png
0.011495008,0.010754017,0.0055827624,0.031899564,0.0051824655,0.017388467,0.011865408,0.028377028,0.009143682,0.005132974,0.037848756,0.9527427,0.091088116,0.009289685,00001944_001.png
0.012263239,0.011152419,0.009691972,0.029571986,0.034090444,0.25137037,0.008962228,0.047407653,0.010931005,0.008255989,0.19205517,0.65678626,0.35482025,0.01587558,00005454_000.png
0.033429615,0.19185594,0.7723991,0.049607635,0.02535959,0.035676345,0.02766408,0.0015026439,0.94070554,0.16205734,0.0054160054,0.0060335137,0.016301813,0.004941318,00009365_020.png
0.05171207,0.43736434,0.6120086,0.69642675,0.032064933,0.09962356,0.041354086,0.015327081,0.101852976,0.051536426,0.0058747493,0.012541424,0.43536133,0.0075173914,00011598_030.png
0.18382472,0.116494074,0.018475104,0.041527685,0.042628475,0.031526506,0.014323976,0.008115123,0.041945703,0.0044688764,0.0038578454,0.028788766,0.44608784,0.0134838065,00012306_000.png
0.013272976,0.01646853,0.0022771573,0.027224729,0.002983836,0.01352322,0.014343581,0.1372349,0.011616667,0.0043706205,0.0085276235,0.53594846,0.18308337,0.0057054665,00003574_005.png
0.20379682,0.78980154,0.17775296,0.098262854,0.20180373,0.08396495,0.014918889,0.017802771,0.016878968,0.010940929,0.00982736,0.014085819,0.17986962,0.022708967,00003837_001.png
0.014687146,0.006052698,0.0027239588,0.012440558,0.005052164,0.01311329,0.013143932,0.015007085,0.014818577,0.0032928712,0.024732592,0.91904783,0.042140365,0.009158456,00003211_000.png
0.04738749,0.9794041,0.024302276,0.026590046,0.009042637,0.011956641,0.022051517,0.0060423594,0.005629974,0.011541355,0.011522609,0.01878705,0.015203507,0.02402734,00000897_001.png
0.1600991,0.009933568,0.05854178,0.2065098,0.016060682,0.02997092,0.07915885,0.007774652,0.96238524,0.078059666,0.005783925,0.006064885,0.03083479,0.0057381606,00010828_043.png
0.012742981,0.004026138,0.0061941436,0.017178109,0.34956986,0.22476521,0.0110170515,0.005546615,0.21244943,0.017398361,0.0081725465,0.005736716,0.0078169275,0.010231122,00001332_001.png
0.5785102,0.0040951795,0.02711548,0.40313265,0.047179785,0.021543413,0.02603082,0.047341168,0.22433873,0.024429988,0.004225837,0.006288382,0.06572032,0.004034039,00008911_016.png
0.5014278,0.0020323987,0.021187361,0.75211596,0.30657354,0.025631467,0.02162006,0.57236195,0.44854248,0.02114618,0.370538,0.0067253555,0.01921519,0.0071711796,00013140_001.png
0.018531376,0.011385628,0.004583892,0.030795597,0.010197742,0.022338722,0.10697182,0.011660648,0.009527672,0.006739701,0.16008042,0.5549877,0.0017508542,0.04843385,00012336_002.png
0.029261487,0.021047194,0.0069090608,0.06574992,0.015604261,0.38468984,0.024942132,0.03524732,0.00970514,0.0056671076,0.033169247,0.5208832,0.13040648,0.02497051,00019230_000.png
0.03542496,0.02111104,0.0010514206,0.0029088268,0.0040389406,0.007186551,0.022919262,0.008586971,0.0048032408,0.004278686,0.013804671,0.011386711,0.009457154,0.010509303,00015054_000.png
0.14278485,0.0059586614,0.03334112,0.8908692,0.10452,0.49698842,0.7298464,0.014099217,0.16257225,0.32829642,0.017546766,0.009525472,0.02085717,0.014147829,00010866_007.png
0.34176597,0.00738955,0.0304362,0.18183103,0.23171815,0.010862647,0.012956908,0.72445285,0.134902,0.004912645,0.004758584,0.010800893,0.09437289,0.00541429,00002720_012.png
0.4815774,0.4610569,0.34455574,0.20932388,0.13612717,0.0212217,0.01216221,0.091885515,0.028787306,0.013383879,0.006906592,0.0104516735,0.30912206,0.009045915,00017448_002.png
0.03299531,0.108772926,0.066263564,0.02801794,0.09215855,0.18973956,0.0061840485,0.0050640902,0.076523215,0.0051833037,0.0075142537,0.0145257125,0.81668216,0.01001819,00004794_000.png
0.10876273,0.0030292356,0.004134027,0.103060976,0.021812797,0.0060440036,0.011088332,0.97680557,0.037177183,0.009626017,0.06387308,0.0044563245,0.005023249,0.0035822527,00008594_005.png
0.007617691,0.009429868,0.0047445307,0.053802676,0.013178534,0.19954538,0.01369718,0.35080108,0.0042815614,0.009199899,0.058596537,0.026536768,0.10764182,0.006753748,00015187_001.png
0.8373148,0.004828358,0.04201936,0.16823772,0.5959304,0.01594146,0.008194468,0.050596397,0.3857496,0.043118846,0.021751037,0.0032813796,0.0133192055,0.0062198103,00007046_008.png
0.030133478,0.0055393293,0.0103308335,0.048585843,0.02381529,0.035666395,0.009410695,0.14694662,0.024096288,0.007348153,0.95313436,0.09674174,0.021885758,0.010193557,00013031_016.png
0.02098671,0.015805755,0.0027621237,0.013910291,0.011356568,0.08376697,0.024059234,0.006606612,0.042845212,0.010018394,0.004251194,0.003893041,0.015141192,0.0057302443,00007624_024.png
0.0065549216,0.07097958,0.048015557,0.14165567,0.083029754,0.8504545,0.008131332,0.00900722,0.011573183,0.013988005,0.005276554,0.008872605,0.45752972,0.008813946,00015147_000.png
0.079486676,0.010229562,0.34818447,0.76258236,0.89544374,0.3911379,0.014510533,0.02062686,0.08401573,0.014917817,0.0045188274,0.015888391,0.14926787,0.0048110695,00012604_003.png
0.041424036,0.016960178,0.21604359,0.1761968,0.6977222,0.065238476,0.008342734,0.8797898,0.027122876,0.0065640407,0.050156854,0.040389214,0.624889,0.010795245,00001170_042.png
0.28905421,0.035198513,0.041803457,0.35630807,0.08411185,0.10531254,0.10037176,0.045691475,0.028086975,0.011448968,0.018443204,0.62884355,0.028654873,0.049940623,00011940_000.png
0.32320052,0.015369967,0.4673637,0.42613062,0.010747404,0.016220903,0.6957072,0.0057685296,0.52542806,0.73165977,0.015765682,0.009519297,0.021416336,0.007621928,00016376_011.png
0.08963835,0.011644057,0.0075568226,0.5724688,0.009324854,0.111781694,0.10334816,0.2677608,0.009987107,0.0062567666,0.03085714,0.07573749,0.056127686,0.0053203697,00016333_009.png
0.005040689,0.9402568,0.09016588,0.49386272,0.008429849,0.026703877,0.016105488,0.018466404,0.0056704804,0.10539218,0.0032019946,0.0137436,0.22736624,0.0051706294,00016837_006.png
0.21033172,0.009164209,0.047201976,0.17501363,0.09533655,0.53930086,0.03243485,0.012666285,0.02543122,0.006215384,0.018213991,0.2826517,0.42920336,0.025434494,00011753_002.png
0.050417136,0.0059340387,0.07005178,0.048492435,0.03003272,0.026390567,0.002636932,0.9220954,0.008788259,0.0037212616,0.99657947,0.0046419073,0.016788905,0.0066697844,00017046_010.png
0.0088529885,0.0076613706,0.0010355705,0.0026459566,0.019170668,0.00902346,0.009057258,0.009369875,0.029314205,0.008533596,0.003863182,0.0076686107,0.006467202,0.005604554,00009757_000.png
0.00396509,0.0057075657,0.0022662806,0.017428942,0.004636317,0.01853689,0.0052522477,0.048102032,0.014555531,0.0043304125,0.00770259,0.57596993,0.5429072,0.0035470831,00017214_010.png
0.03491116,0.0049899034,0.0038787609,0.13977285,0.011433522,0.34843642,0.027158944,0.025720058,0.019421125,0.0054495153,0.009811434,0.07017765,0.34927925,0.005396816,00006767_001.png
0.0450068,0.0070230193,0.0020631556,0.12601447,0.0042532985,0.15104955,0.09729481,0.014480057,0.013461669,0.012815458,0.0072908476,0.003231314,0.06333344,0.0039917533,00006483_000.png
0.036181677,0.015325598,0.003159052,0.029956924,0.015587231,0.2551242,0.030635042,0.0060970075,0.015726656,0.0022419088,0.002575804,0.04739202,0.020163478,0.012939144,00010326_002.png
0.017904127,0.029871285,0.08492632,0.43916544,0.019001223,0.8099406,0.02584013,0.0051417276,0.041146085,0.004806656,0.0031721732,0.18580973,0.5953447,0.012269,00012047_007.png
0.6445505,0.8893518,0.48859742,0.13474044,0.026243113,0.031046506,0.12150677,0.018698746,0.01722023,0.015529807,0.01638863,0.10209374,0.051589537,0.107691415,00012178_000.png
0.15722965,0.006660234,0.14807613,0.4780123,0.020468129,0.0293922,0.06612814,0.013243195,0.8969613,0.17263484,0.0069429246,0.009050208,0.091451526,0.0058888183,00017055_004.png
0.3488687,0.0037120783,0.007086135,0.065953255,0.03980829,0.087852076,0.050928697,0.008211953,0.19763002,0.00345269,0.004862549,0.043283783,0.046554815,0.014787596,00002529_028.png
0.04803506,0.9182197,0.08098051,0.09093628,0.014663015,0.17844123,0.038382437,0.007967002,0.0136253275,0.013575085,0.012627618,0.010441633,0.04830456,0.021766668,00008435_003.png
0.06933332,0.1909873,0.53349453,0.089258514,0.08206976,0.028457215,0.014196363,0.006314272,0.13948956,0.8907122,0.008222733,0.008382102,0.028790914,0.006525114,00012263_010.png
0.02279998,0.16823842,0.004852584,0.08997574,0.005873956,0.11057196,0.051204544,0.011857004,0.01929429,0.02160517,0.0059891855,0.0041651563,0.060428668,0.0056069354,00004857_000.png
0.0655041,0.004463273,0.026544143,0.9842009,0.08903693,0.11374392,0.12090123,0.6284318,0.013240242,0.051623087,0.076165885,0.021307552,0.027453816,0.003870402,00018921_023.png
0.0077852756,0.0048552975,0.010232475,0.08750144,0.028606389,0.43168676,0.005276391,0.007069517,0.03573339,0.0031597551,0.008175871,0.8652782,0.79397064,0.007147582,00013185_001.png
0.021143712,0.00721441,0.01452219,0.36128223,0.055842347,0.13023223,0.011122962,0.14756455,0.048714202,0.004975865,0.03863988,0.9277844,0.048925906,0.010080551,00018091_008.png
0.25085014,0.005941385,0.0034643747,0.040773295,0.039526857,0.012972157,0.013034071,0.04923562,0.026185539,0.0052726385,0.004442618,0.0052107815,0.13322319,0.0039144945,00016484_006.png
0.037223805,0.6275,0.6235734,0.16602792,0.13006869,0.07572896,0.008468566,0.010546811,0.0765093,0.31211185,0.006450605,0.007091055,0.14938797,0.007706685,00013992_023.png
0.020877171,0.014632876,0.0077767046,0.044844206,0.22218928,0.2144752,0.012462071,0.0052886154,0.08931408,0.028558744,0.0032007974,0.0055167014,0.017960943,0.0071756854,00001122_000.png
0.01390489,0.0064224345,0.00095188385,0.0037206234,0.013903692,0.019120974,0.010637134,0.006182592,0.02668953,0.0040006316,0.002976303,0.010242142,0.009996714,0.006422051,00019794_000.png
0.16116387,0.108595476,0.012041254,0.0974808,0.009932522,0.034843776,0.030001085,0.5909046,0.0053936434,0.0061088577,0.046959873,0.013677037,0.2748112,0.009411456,00016550_009.png
0.061407726,0.0015088983,0.04698014,0.90780103,0.90529984,0.358405,0.024765823,0.023096127,0.14277555,0.10586374,0.02333559,0.008380838,0.010026578,0.0051880614,00017439_002.png
0.53825307,0.0046950197,0.04638152,0.5027539,0.018759392,0.3773296,0.13757598,0.013742074,0.16477686,0.0059949714,0.013770366,0.041528177,0.30797943,0.011656718,00009959_006.png
0.007210894,0.008150422,0.036189582,0.148923,0.8854813,0.8361932,0.0053100237,0.0188191,0.007633323,0.013585346,0.0056649665,0.0055661337,0.037085973,0.0055341963,00014663_021.png
0.38292152,0.0023053202,0.030300908,0.8948043,0.7088576,0.06135763,0.023718687,0.59142286,0.12191257,0.019147912,0.21546745,0.006366572,0.010120213,0.0058359616,00013931_001.png
0.01934369,0.0073509114,0.04924036,0.7890749,0.082358606,0.3213934,0.022141434,0.0997169,0.07960079,0.011172741,0.008464956,0.21646388,0.81359625,0.006867982,00013884_003.png
0.44297332,0.0046206913,0.00996786,0.14928524,0.22379024,0.014123681,0.014063018,0.8304419,0.099942975,0.00681205,0.70775753,0.0043080086,0.0067094252,0.00932685,00008473_003.png
0.007725977,0.89455396,0.013344094,0.056589637,0.023726355,0.0758109,0.03310173,0.0235403,0.007349371,0.058193527,0.0057814955,0.017142167,0.0095224045,0.014568798,00004342_015.png
0.011129442,0.018894134,0.042923916,0.32337618,0.061555218,0.6591719,0.0075237905,0.39019144,0.016239634,0.008285092,0.438402,0.772465,0.24648094,0.019392848,00008473_011.png
0.0058090305,0.9803237,0.33280078,0.5577544,0.012124264,0.04410078,0.04290232,0.0077439933,0.013062691,0.07431887,0.0027024455,0.013613087,0.041313518,0.0060780062,00013249_035.png
0.00895437,0.015094994,0.02283497,0.42697775,0.01930367,0.023019485,0.038123287,0.016204728,0.03826981,0.9746593,0.0047721704,0.0050549284,0.022132248,0.0028287717,00010693_015.png
0.0019339821,0.013991768,0.0034577223,0.069556415,0.009826135,0.4619452,0.00606904,0.01147144,0.030433977,0.010926125,0.0030642091,0.016024582,0.47173962,0.004243559,00018929_001.png
0.56334573,0.003368413,0.0054719,0.77723175,0.039252006,0.026531145,0.13353589,0.2804492,0.06688546,0.14055225,0.13903727,0.0023233106,0.014456805,0.0053390125,00014389_014.png
0.111420445,0.9559192,0.066068456,0.075663626,0.030988995,0.051252138,0.031783883,0.02078113,0.012519777,0.008923684,0.008373367,0.018549185,0.030471511,0.032304883,00015316_000.png
0.26708516,0.0026706108,0.01904225,0.47636345,0.6408339,0.39163145,0.02448791,0.016684368,0.107264094,0.016040772,0.011870205,0.00430568,0.02792704,0.006953291,00003894_008.png
0.04787351,0.010715917,0.2917186,0.8293031,0.0063114,0.0048495685,0.00858555,0.44376543,0.11836688,0.01293745,0.0022797305,0.013929632,0.7852533,0.0029325527,00007670_035.png
0.6356437,0.010410731,0.120041095,0.11157133,0.26473245,0.11897334,0.03535977,0.0134082185,0.067992724,0.011881503,0.24067026,0.68531185,0.12851235,0.093358435,00018524_006.png
0.6947416,0.4701484,0.91396755,0.16947995,0.297474,0.017072624,0.009445765,0.21063906,0.02647805,0.009064494,0.015812127,0.021347933,0.503428,0.012483643,00015147_005.png
0.04654646,0.03259687,0.009388856,0.06277636,0.016783727,0.035381768,0.013934349,0.15342997,0.011620445,0.0066124382,0.008818913,0.2465275,0.42353436,0.009172842,00012947_005.png
0.10762483,0.0025803223,0.005304674,0.36150175,0.1279827,0.07615223,0.022657014,0.15975879,0.10171524,0.0067035547,0.008428087,0.02006051,0.11699689,0.0041578687,00003523_023.png
0.06333639,0.008981981,0.017475301,0.058663886,0.96947473,0.2516703,0.0076732156,0.022314755,0.011263179,0.00942774,0.014195309,0.006651322,0.029644053,0.009564556,00006558_000.png
0.024768695,0.0051729726,0.07950271,0.6171469,0.71430796,0.15791947,0.010334491,0.08202319,0.112166576,0.012392209,0.0049873497,0.013952416,0.3474295,0.0049556266,00012758_001.png
0.041707348,0.0020946288,0.007974916,0.89985234,0.0328384,0.47180775,0.16189732,0.02371054,0.28487423,0.013690018,0.005349055,0.037578516,0.044251174,0.0052338885,00014956_037.png
0.6730914,0.15256982,0.13603798,0.123645335,0.112372376,0.13150334,0.035842057,0.010715457,0.15530749,0.026649067,0.009907784,0.005887043,0.043948907,0.014218495,00015770_015.png
0.25160334,0.025269102,0.04860991,0.1243859,0.006738648,0.036943067,0.04141938,0.009446478,0.020028625,0.0054281014,0.014561059,0.44985113,0.9453541,0.011916864,00004991_000.png
0.22208878,0.0070578344,0.018791271,0.53210604,0.42865703,0.05021861,0.02220003,0.8541509,0.034858588,0.008918001,0.020452056,0.014175244,0.01852992,0.0068658097,00008342_009.png
0.84565514,0.010171169,0.018465035,0.15981635,0.026219904,0.0125375455,0.029195627,0.06271817,0.1366743,0.002913041,0.0047214087,0.010206578,0.16227916,0.004838218,00006386_007.png
0.27744874,0.004099417,0.009568808,0.14157291,0.10400426,0.01586402,0.013619933,0.034383673,0.32470846,0.0076287333,0.0032633073,0.012619951,0.14057653,0.004421933,00004435_022.png
0.12393818,0.068173856,0.013190569,0.12392676,0.009346582,0.08549843,0.024876146,0.015505526,0.013248524,0.0061273356,0.01074683,0.020173742,0.8097057,0.008469695,00007514_000.png
0.18747838,0.008456419,0.007902527,0.030983154,0.056048766,0.046790853,0.012084469,0.011803416,0.009994614,0.005233643,0.009572687,0.007933339,0.35943544,0.0060071084,00019535_004.png
0.13111961,0.004312126,0.05301668,0.8758477,0.7106962,0.13650864,0.053853665,0.11447337,0.12984069,0.022577444,0.120633684,0.33240718,0.0110245915,0.015245901,00017467_016.png
0.021985792,0.007973121,0.012939362,0.08024596,0.059123375,0.074398614,0.011625552,0.09439097,0.027587507,0.0077467975,0.5189194,0.8160176,0.04484512,0.018331299,00014984_000.png
0.009694398,0.030470671,0.0330562,0.40547258,0.015494518,0.12321967,0.012849726,0.12598251,0.011545071,0.009991322,0.009869818,0.25028694,0.96595585,0.0075658327,00009437_014.png
0.043072123,0.014311447,0.07377438,0.3908359,0.01127389,0.015127417,0.25696936,0.009843227,0.13500667,0.94774866,0.008979206,0.007815408,0.02966175,0.0054471716,00001200_013.png
0.054929,0.0059694387,0.16704848,0.017917033,0.741372,0.034580287,0.004282924,0.017505776,0.05977399,0.005327559,0.039056156,0.31306818,0.76725644,0.014429526,00001913_001.png
0.011653598,0.0041076485,0.014605008,0.031014198,0.787583,0.6554284,0.0040706443,0.01764529,0.025981437,0.0045057354,0.012026292,0.029794088,0.23854004,0.008373213,00006116_008.png
0.05720498,0.0041046394,0.011023454,0.44850957,0.018428506,0.0075977542,0.035338003,0.5370209,0.015413954,0.068579204,0.79112154,0.009277563,0.0036634193,0.0059778364,00014813_001.png
0.099646136,0.32609272,0.82729447,0.2529313,0.045534138,0.05888611,0.031413272,0.007151353,0.7695093,0.16045383,0.0074225566,0.009701516,0.08374913,0.008331136,00012863_042.png
0.11764588,0.042112716,0.01467751,0.543545,0.026431862,0.38095498,0.15534021,0.015320799,0.08824437,0.010193181,0.0043848986,0.005703541,0.038339805,0.008445009,00016972_028.png
0.06027634,0.22970228,0.24563257,0.5046694,0.0066716266,0.021272702,0.16148703,0.010792863,0.30916676,0.31940258,0.0060529364,0.007903582,0.14169943,0.0066735735,00016291_027.png
0.0047890334,0.011746339,0.0021066712,0.11906101,0.017945526,0.060645234,0.013862631,0.3948711,0.0175868,0.031131938,0.0018408904,0.008201489,0.035845973,0.0036268942,00005836_001.png
0.009853265,0.0037611197,0.0031480107,0.053651508,0.032546677,0.7871162,0.020079102,0.024416007,0.0053406535,0.0065695,0.036495645,0.01195565,0.019764537,0.008733536,00009247_001.png
0.02244225,0.01447967,0.012285872,0.072354615,0.011992357,0.01271004,0.05629466,0.014937611,0.5683792,0.8175834,0.0054692742,0.004723233,0.0117900865,0.0052415137,00011877_001.png
0.035855748,0.0072864313,0.00876984,0.28558686,0.005592828,0.020119155,0.05594097,0.03558542,0.016545145,0.008568856,0.014906286,0.8917581,0.16155581,0.005770666,00001500_002.png
0.32273036,0.002101493,0.025964206,0.5234823,0.882606,0.07281126,0.011492607,0.022703929,0.40364203,0.12335999,0.026888577,0.004111997,0.011353174,0.006959563,00013750_016.png
0.41788423,0.07995905,0.04381394,0.2526435,0.07499497,0.054163713,0.02078112,0.024597416,0.04206379,0.01787637,0.004083054,0.005238305,0.087239124,0.0054116845,00002072_000.png
0.070384495,0.0038156374,0.008953583,0.064284235,0.7943781,0.06668752,0.014784407,0.021084089,0.046100777,0.021409575,0.059626527,0.010059774,0.011369756,0.014812528,00001900_030.png
0.1642299,0.79261315,0.011286057,0.012029874,0.019836359,0.007399889,0.013023469,0.0111502055,0.02108924,0.015402966,0.005505696,0.006332194,0.011690992,0.012139825,00019801_000.png
0.10042979,0.019551506,0.049672917,0.1510039,0.16792585,0.25586432,0.014191059,0.8728692,0.018791322,0.009189225,0.9642442,0.013974213,0.045492552,0.01889059,00014731_024.png
0.8780536,0.007184646,0.15250792,0.27706197,0.09236919,0.02182417,0.01925232,0.043425374,0.08002044,0.006595777,0.019950612,0.008750404,0.58813655,0.004681629,00001900_016.png
0.8169451,0.0049210647,0.4853239,0.53004354,0.041828725,0.01019778,0.019933585,0.049197342,0.6845429,0.24680391,0.019580446,0.007238035,0.08024095,0.005108705,00010314_015.png
0.07747276,0.017371684,0.051228542,0.009809739,0.1074695,0.16769123,0.008654301,0.03476881,0.009069764,0.0069355536,0.21461457,0.022541858,0.9591845,0.016305331,00003423_006.png
0.2887299,0.025840111,0.6799669,0.07590583,0.7580144,0.060926642,0.0062292074,0.008050491,0.7908359,0.009398586,0.008416244,0.016864462,0.19765972,0.009239239,00009653_003.png
0.009720849,0.01176305,0.0028998607,0.008082575,0.014967319,0.15428492,0.010295233,0.016960876,0.0046707545,0.0045335246,0.021553619,0.2339171,0.062409293,0.016358363,00003896_006.png
0.13689741,0.6989299,0.15840094,0.2662563,0.022095108,0.010887581,0.008970694,0.23793079,0.009858789,0.08401844,0.004906295,0.006408453,0.17275755,0.0055243582,00000211_019.png
0.31817216,0.005507968,0.13586046,0.17710334,0.25883377,0.029424036,0.047328074,0.014621653,0.8649751,0.021503255,0.016964598,0.08638875,0.054892283,0.019731676,00007683_005.png
0.040149644,0.008057184,0.0016172611,0.010317236,0.096412085,0.015758093,0.01031414,0.11739104,0.014470513,0.010582095,0.006517956,0.0049204184,0.004958425,0.005833044,00009993_007.png
0.501526,0.8038092,0.21456155,0.06102564,0.02802521,0.016069222,0.03814815,0.009458212,0.32105544,0.102579154,0.006140571,0.009820833,0.023830352,0.018166305,00013370_001.png
0.01708438,0.8848107,0.04683679,0.4845094,0.010707565,0.07065301,0.024208454,0.02410277,0.012509418,0.009568062,0.004630547,0.050222646,0.49185035,0.011023439,00018451_012.png
0.35531458,0.004951598,0.0064934934,0.30542326,0.010937988,0.016408019,0.027153771,0.14999539,0.027543645,0.017936964,0.0037288193,0.0037068059,0.07485521,0.0028098954,00018464_027.png
0.00940431,0.0046905787,0.011826042,0.8307084,0.00901005,0.054929815,0.035211485,0.4738489,0.0036233754,0.034254868,0.9656077,0.019561961,0.0076950057,0.0032579154,00005681_041.png
0.012745788,0.014013268,0.016123693,0.11433055,0.2233534,0.013118636,0.005004262,0.6246871,0.06167792,0.023335528,0.0018381054,0.013829901,0.048187807,0.0044668294,00012927_004.png
0.23692684,0.007426397,0.02697809,0.08166098,0.93369913,0.04794321,0.008278868,0.69445914,0.028104573,0.0069570024,0.088395275,0.0025870956,0.058769356,0.00751302,00017459_000.png
0.03961809,0.0057763834,0.01194107,0.19574204,0.05951577,0.027447058,0.032954536,0.11465503,0.013768921,0.033662435,0.7867343,0.036551543,0.007510094,0.014212629,00017747_024.png
0.06692781,0.0022966473,0.019168453,0.9572746,0.044218738,0.35879266,0.08682202,0.06775101,0.19676974,0.011789603,0.011516224,0.08757868,0.2054268,0.004461085,00014022_105.png
0.06386188,0.008469923,0.059666894,0.6704711,0.28567398,0.8262086,0.024413345,0.0121616665,0.08522422,0.071406186,0.008927194,0.00494318,0.07349414,0.007383893,00006449_004.png
0.05385054,0.018205158,0.012746455,0.38245353,0.013773584,0.014233246,0.017637158,0.09536411,0.26459804,0.017219376,0.0014752025,0.011873646,0.16468959,0.003864667,00009218_013.png
0.026713436,0.013214158,0.07398498,0.2584143,0.014547121,0.013510308,0.021176731,0.016012168,0.5846256,0.91469646,0.005970256,0.0039245696,0.022198042,0.0034113245,00012236_005.png
0.017623987,0.009673477,0.014603182,0.059691608,0.018341616,0.045637794,0.0056069726,0.99738175,0.0048541706,0.004060978,0.7001707,0.008775931,0.018743576,0.0057980716,00015646_031.png
0.46619964,0.02448459,0.17155252,0.5913035,0.17709792,0.12799057,0.03822006,0.616005,0.055674367,0.00954421,0.22580624,0.21092679,0.47205186,0.01850775,00020000_000.png
0.027745022,0.009731475,0.004682487,0.15078959,0.025821837,0.0818773,0.018082429,0.775244,0.011246847,0.006211239,0.012357707,0.032704428,0.06478073,0.005249824,00003611_001.png
0.21454987,0.009509811,0.035852987,0.3924312,0.019332454,0.26830465,0.064732544,0.025309876,0.017152205,0.010966437,0.054976273,0.18373941,0.6572289,0.010488864,00006787_000.png
0.02762623,0.006603268,0.29873204,0.5434717,0.9260816,0.16868597,0.00401847,0.4183396,0.030817777,0.008519354,0.5786813,0.18116856,0.032546904,0.011796761,00017467_021.png
0.012636796,0.34676862,0.0050061424,0.014687278,0.0049003754,0.028625356,0.043180753,0.0021648647,0.13734244,0.008855935,0.0030174113,0.009222763,0.0125964265,0.009588337,00013615_050.png
0.4248734,0.0032989932,0.009428947,0.64905,0.059416637,0.035491668,0.10690294,0.06271964,0.05122842,0.35130534,0.14020574,0.002963002,0.022592649,0.006161822,00012129_003.png
0.69547987,0.0619468,0.96449584,0.12939046,0.2707478,0.024163866,0.011170012,0.012145683,0.78172356,0.03860687,0.016672652,0.02085668,0.1451056,0.009963258,00012649_004.png
0.0070808395,0.00485213,0.007982095,0.7074407,0.0155587,0.8533466,0.024434574,0.027042568,0.024018764,0.004173069,0.011259128,0.6828016,0.072512634,0.0055697085,00010872_005.png
0.13175091,0.033387132,0.96969,0.65175813,0.06010542,0.014219451,0.011563789,0.057139214,0.07060129,0.009017531,0.0058786385,0.068430215,0.8947482,0.0033111367,00009726_000.png
0.06200376,0.009397623,0.008620844,0.14542934,0.003247939,0.006655548,0.049605176,0.26876292,0.014271043,0.0052513937,0.03891967,0.7261128,0.03525452,0.0062869135,00015831_007.png
0.41191933,0.013366922,0.7386004,0.89239705,0.010441928,0.011442558,0.3063674,0.04245508,0.01431023,0.017929783,0.016522193,0.22263181,0.34793127,0.0041801515,00007557_011.png
0.060460877,0.465495,0.8083939,0.123198986,0.021989534,0.04445664,0.19876477,0.002505649,0.20497523,0.8151846,0.012101235,0.011132013,0.018200621,0.010181126,00003610_008.png
0.037904136,0.16199362,0.008420972,0.034455657,0.010320435,0.25610158,0.022072941,0.018860195,0.0062774923,0.0057212287,0.020369014,0.18849671,0.20628871,0.039141484,00000107_001.png
0.020107241,0.00956438,0.012263695,0.08610111,0.00870702,0.03827275,0.007650746,0.8583103,0.0061004413,0.0072877593,0.9859716,0.01042059,0.012509075,0.007459549,00008468_025.png
0.082707345,0.0033169973,0.018573103,0.28472042,0.5295021,0.05275026,0.010960078,0.13824104,0.07516256,0.012533944,0.9568274,0.03263558,0.0049877567,0.014602167,00011355_047.png
0.3332974,0.010451165,0.22784887,0.61804944,0.31494957,0.19564451,0.06171512,0.015354604,0.12016433,0.21159706,0.012681918,0.008152654,0.08045864,0.0076228078,00008051_029.png
0.058269676,0.0055703027,0.008265712,0.16769822,0.19771916,0.01498071,0.0120458845,0.50958335,0.12630866,0.007214896,0.0031439313,0.026320722,0.06554092,0.0053384965,00011431_000.png
0.019709926,0.0040332917,0.007878484,0.89570934,0.008198937,0.0485828,0.096945435,0.17857519,0.06706381,0.009470117,0.002219943,0.12427704,0.090769485,0.0035334763,00009393_001.png
0.011102751,0.0048598107,0.0013182003,0.012631096,0.006502948,0.008297007,0.01528025,0.040358532,0.11756517,0.018899716,0.0037389142,0.009355647,0.021893905,0.003462882,00015606_009.png
0.0065355017,0.0021719302,0.0048153047,0.44286987,0.13522942,0.7427493,0.022827294,0.010712126,0.14939004,0.16208225,0.00447652,0.004103737,0.008468758,0.006018479,00015754_003.png
0.075195715,0.010350539,0.0097586755,0.1552204,0.4711825,0.1485563,0.013045743,0.10841222,0.014306893,0.009004241,0.0036656205,0.0046968115,0.09889033,0.0046714684,00001034_002.png
0.28390136,0.04815336,0.16463956,0.72049946,0.031806216,0.31947476,0.17507012,0.021281395,0.028357327,0.0062557883,0.008439759,0.66598755,0.19414158,0.02654615,00005528_008.png
0.21472974,0.0033340903,0.0030771568,0.3624906,0.010178955,0.032581326,0.05947942,0.078113936,0.1649615,0.01430491,0.0032747176,0.0038428216,0.04122928,0.0033953954,00005870_002.png
0.06046978,0.0058489125,0.008035353,0.29890472,0.019609809,0.11098494,0.064996876,0.010275176,0.14919211,0.0030916696,0.0020454738,0.8150302,0.056453805,0.008867678,00008346_000.png
0.0875347,0.0064454577,0.004977452,0.029090561,0.1549255,0.019400379,0.013504145,0.5013353,0.052251775,0.0056578047,0.008929257,0.018128574,0.13769193,0.0070520565,00007953_002.png
0.029793192,0.012482139,0.007754799,0.44606394,0.0054249745,0.08754458,0.034389704,0.02809128,0.027429057,0.004321408,0.0061843446,0.7643835,0.67822117,0.005537501,00017807_002.png
0.43569398,0.01454984,0.21368487,0.6013772,0.21623959,0.08440732,0.028795272,0.09885384,0.08903712,0.0071701067,0.026343511,0.4760799,0.62077564,0.011911722,00003391_002.png
0.02454326,0.014367898,0.051200174,0.6014464,0.010093378,0.02750106,0.052711416,0.0226232,0.559524,0.36625648,0.003912563,0.007637268,0.11697302,0.0044235326,00009925_015.png
0.06199654,0.0421278,0.008554986,0.015459894,0.14931887,0.02928746,0.0083807465,0.018478706,0.0140730515,0.004951215,0.0035329624,0.016028365,0.19836165,0.009701759,00019307_000.png
0.022234455,0.41792902,0.1798928,0.28373736,0.0056373924,0.034835003,0.089913346,0.0034940122,0.60980976,0.055764094,0.004417707,0.0055793435,0.10540016,0.0055076308,00016291_036.png
0.007087937,0.0069502788,0.002815988,0.14622393,0.010044234,0.07489863,0.053455878,0.018814754,0.025004039,0.003592684,0.006295138,0.9067315,0.0034214272,0.009986714,00019683_000.png
0.06221148,0.020896832,0.013568109,0.09205492,0.052289054,0.1371279,0.016157808,0.042641934,0.012932568,0.005780907,0.0059079453,0.1053673,0.7356383,0.009856941,00001029_016.png
0.03190004,0.0025750312,0.008878741,0.049609486,0.12779053,0.010458654,0.010219844,0.030566836,0.8437019,0.02067924,0.008452338,0.016292097,0.035792608,0.005314284,00008875_022.png
0.05255671,0.035366423,0.013565952,0.026912263,0.050903264,0.0552649,0.012680145,0.010467871,0.13175619,0.47974652,0.009926348,0.004342623,0.02338999,0.0072959294,00006808_003.png
0.0781837,0.0026883713,0.016607812,0.9706487,0.08322378,0.7651432,0.26600653,0.035453003,0.07957376,0.027172798,0.020515922,0.022862831,0.03699474,0.0050445977,00001814_002.png
0.077284776,0.004797438,0.008984736,0.01861941,0.024642069,0.005834097,0.005329556,0.09489041,0.014974632,0.020600313,0.9813633,0.0039423537,0.005185134,0.009407433,00017136_011.png
0.4205552,0.03606618,0.38308406,0.13975792,0.012713757,0.26785946,0.34458786,0.0027386136,0.1693103,0.01799014,0.012536176,0.030596934,0.073397875,0.02609945,00004507_000.png
0.007948583,0.01056004,0.005163173,0.11349805,0.017988928,0.7826965,0.013252309,0.022175174,0.0068796123,0.0050917584,0.0049311602,0.09135564,0.170547,0.007850595,00010247_001.png
0.007922145,0.005658047,0.00514673,0.05243961,0.07834534,0.040560655,0.009119365,0.014810169,0.11484541,0.8489004,0.0080187805,0.0038171767,0.007632831,0.0043145693,00007864_008.png
0.6133412,0.003990589,0.019963123,0.12343775,0.06532161,0.017113345,0.019945297,0.017469881,0.7413725,0.005312701,0.005579513,0.015082584,0.2073667,0.0055232896,00010384_026.png
0.038175806,0.010909812,0.010500104,0.9360626,0.010668796,0.2063693,0.74680245,0.025789645,0.009282061,0.035595063,0.014186442,0.04036675,0.038550805,0.004781658,00014414_020.png
0.008997942,0.009572741,0.0071793557,0.30419204,0.027616464,0.077373765,0.016832504,0.06980169,0.013673398,0.53761446,0.006759854,0.0058903224,0.07056698,0.004057576,00009863_003.png
0.030428533,0.9715508,0.042521376,0.09406299,0.008983297,0.007838829,0.01812727,0.013759212,0.0113672055,0.031229042,0.003244003,0.009298893,0.03870434,0.0076101464,00006296_007.png
0.0023860468,0.005458751,0.0037162546,0.021924356,0.0067286207,0.043313686,0.0029481538,0.027759096,0.006125643,0.002798644,0.06674853,0.9839549,0.06787204,0.0065738647,00001429_001.png
0.037781015,0.04621346,0.13013542,0.045218263,0.014917045,0.013125983,0.10279285,0.0041049826,0.34453878,0.8685661,0.008230514,0.009235935,0.0129535245,0.006972331,00017138_032.png
0.7365618,0.021366365,0.49420902,0.8277365,0.024144366,0.027994148,0.1567837,0.080812275,0.022947518,0.0077444594,0.020318845,0.20621417,0.57553685,0.008756399,00019767_017.png
0.050351787,0.02508286,0.13433468,0.2608437,0.12428305,0.38765275,0.02060116,0.006283268,0.33448622,0.005192178,0.0037000673,0.010204686,0.20359705,0.006771527,00016191_028.png
0.015159948,0.005893138,0.0014175773,0.016888062,0.023917884,0.025887398,0.011306806,0.16669372,0.016995639,0.010649763,0.004590518,0.004976647,0.018012367,0.0037369304,00005619_000.png
0.020721084,0.0032700112,0.02248187,0.016157541,0.27643242,0.025748331,0.0047571324,0.039577007,0.082608856,0.006710461,0.044021834,0.26557055,0.7283464,0.0069562085,00009658_000.png
0.16534139,0.033429913,0.03725957,0.0128240865,0.0062901317,0.014553601,0.01054409,0.013215413,0.00585026,0.0058730505,0.44854578,0.19131975,0.832149,0.01604519,00010103_009.png
0.23318481,0.011012834,0.17514682,0.24696846,0.014904445,0.012490606,0.012945455,0.9545571,0.01423128,0.007206993,0.04571666,0.013116345,0.47529733,0.006349473,00010677_008.png
0.03457193,0.007892548,0.0076348,0.08211038,0.009130174,0.015590824,0.033797786,0.09973774,0.012887917,0.0068562534,0.63849556,0.28695765,0.009430167,0.011170323,00013089_000.png
0.11144747,0.017658535,0.033719573,0.7757187,0.023685295,0.06627901,0.9190746,0.011524189,0.017214285,0.027052542,0.006211989,0.24311316,0.004229384,0.02511249,00002919_005.png
0.028809898,0.007844064,0.010753779,0.022229621,0.39323774,0.40078002,0.008891103,0.01849391,0.008924136,0.008611154,0.019208599,0.029038968,0.4769897,0.0111662205,00004074_000.png
0.08238563,0.34362417,0.04932548,0.06759823,0.008574822,0.026239226,0.05730529,0.0049805064,0.71413404,0.065306045,0.0058632586,0.004959635,0.04058365,0.008259621,00002529_024.png
0.14837512,0.005260688,0.04109038,0.84606445,0.01294994,0.07392109,0.25320673,0.0153683135,0.027716918,0.006163145,0.005934373,0.7597232,0.111183636,0.0049211,00001582_019.png
0.038443968,0.008667767,0.047052,0.08058246,0.20898388,0.28896767,0.008840132,0.004843223,0.44658625,0.0041188877,0.003539253,0.052311882,0.5482998,0.007993252,00011170_001.png
0.039338585,0.0040449104,0.0027582834,0.015306131,0.085847735,0.04599634,0.014614002,0.022398336,0.008973963,0.005371821,0.017403685,0.00891394,0.015018847,0.008961164,00008068_012.png
0.023443557,0.012788936,0.008713835,0.22235614,0.10466604,0.06911409,0.011327053,0.044761073,0.101199225,0.035631053,0.0015929093,0.006166908,0.054421887,0.0034163003,00011122_008.png
0.1118975,0.12043262,0.9688345,0.14015798,0.73345065,0.15258867,0.0065972554,0.006320145,0.12026812,0.018928587,0.0077436822,0.016609278,0.23893437,0.0076119257,00018562_004.png
0.08404731,0.005418299,0.0051507773,0.010734687,0.16183347,0.013329938,0.0058413926,0.008100635,0.0987708,0.0063803894,0.0066636456,0.006748015,0.079366796,0.005008038,00015850_000.png
0.19863828,0.002019623,0.021348704,0.95372605,0.16001543,0.2591211,0.4999357,0.03244572,0.120972075,0.053379968,0.027787024,0.037927598,0.01849091,0.0073169195,00012471_006.png
0.026625343,0.0038553088,0.027017875,0.6676139,0.03125693,0.9594133,0.057412587,0.005684263,0.21005246,0.011761504,0.00683477,0.006763575,0.038140837,0.008706535,00015506_004.png
0.021462703,0.0073925937,0.001477364,0.01839419,0.009838112,0.08585121,0.034280244,0.0067541706,0.010732226,0.004600888,0.0026348762,0.010665791,0.008793046,0.0075268564,00014392_001.png
0.003124164,0.0030415475,0.0012143828,0.003501503,0.016107067,0.009282284,0.0034571404,0.97651184,0.0055932025,0.0031976574,0.10560543,0.008599544,0.00323978,0.0028974363,00011460_021.png
0.5285182,0.3454411,0.07044691,0.05231193,0.03167376,0.016607953,0.022769572,0.09532142,0.0071527883,0.0149115035,0.13452758,0.011023183,0.26837444,0.015759224,00012960_002.png
0.022048237,0.008827044,0.0020177087,0.0052005267,0.05262655,0.02232962,0.008162256,0.00986692,0.012253649,0.004928372,0.0045716004,0.012626471,0.03313057,0.008363237,00006145_000.png
0.036103234,0.0066144657,0.02310019,0.11435551,0.025548756,0.027957812,0.0139174145,0.07783915,0.008273796,0.02587805,0.98709935,0.011107757,0.0068520405,0.010346909,00014083_028.png
0.037362233,0.0066673267,0.006347572,0.143282,0.008123652,0.02827762,0.16833271,0.005034188,0.037025027,0.0044090017,0.0027275484,0.92895573,0.007767086,0.011900755,00000426_001.png
0.028106775,0.017999956,0.12027624,0.18897048,0.3618329,0.22070716,0.010695336,0.0060618157,0.7712231,0.01393786,0.0035608353,0.010732226,0.08451756,0.00635523,00004001_005.png
0.12433822,0.014834499,0.0074855178,0.035678603,0.0060186563,0.05687752,0.07208544,0.012398776,0.0068853493,0.005453238,0.31260738,0.17082551,0.040454634,0.027868005,00018429_001.png
0.3260051,0.10837309,0.09050991,0.27242428,0.06645245,0.66146797,0.07073043,0.031068882,0.025469756,0.0066311485,0.023278635,0.5018924,0.07419345,0.16935293,00013751_004.png
0.8228333,0.103075996,0.6031006,0.28623137,0.06698385,0.02964324,0.04716946,0.029514918,0.5182838,0.3111725,0.015113741,0.008125727,0.042571824,0.009059326,00015031_009.png
0.011646538,0.009826765,0.00424469,0.22442688,0.009888605,0.19716738,0.07846913,0.00883979,0.026796836,0.15023108,0.0029548316,0.0063104974,0.03272987,0.0045547383,00016508_027.png
0.32258186,0.004309938,0.011060528,0.35790125,0.19002974,0.14927742,0.03874681,0.049813136,0.1126201,0.0037413393,0.0095250085,0.0983502,0.055836905,0.00891745,00002738_000.png
0.67763084,0.040937643,0.942477,0.44701388,0.098157614,0.036004305,0.031879123,0.01607855,0.635004,0.12525462,0.015329499,0.012344997,0.1808099,0.0073510227,00012628_034.png
0.09831778,0.015278285,0.19021358,0.13141891,0.26091343,0.7863249,0.017327923,0.004112696,0.3343946,0.006016004,0.0071199723,0.007936354,0.12969688,0.012471852,00009198_001.png
0.03440078,0.6997251,0.1489013,0.6078206,0.0052877883,0.022537025,0.77374065,0.005274402,0.012689664,0.033568762,0.0024835735,0.091615014,0.013185214,0.013695479,00013635_001.png
0.08711279,0.014037165,0.00839547,0.16153082,0.004225919,0.0063784644,0.11303703,0.02093593,0.018149402,0.0041831834,0.0039127227,0.9084691,0.021692803,0.0076719923,00007667_000.png
0.6143985,0.00694943,0.06156553,0.29167196,0.02359493,0.012200624,0.020365903,0.86857724,0.0742382,0.006316495,0.513724,0.025746813,0.12549055,0.00842032,00013031_015.png
0.016605485,0.006194399,0.059228104,0.4731165,0.09018587,0.6311426,0.08869091,0.0039058048,0.6058482,0.59652936,0.006397968,0.0045001865,0.013269347,0.0075029074,00006304_028.png
0.807473,0.012293675,0.04022883,0.13767497,0.065859996,0.048973452,0.2587917,0.011357387,0.043278713,0.008551856,0.030628622,0.40957776,0.013502696,0.20286901,00007407_003.png
0.019299645,0.012787924,0.011554005,0.16933839,0.010975326,0.6211818,0.01995237,0.015063555,0.014145025,0.009184255,0.012274662,0.05242858,0.82526344,0.010034619,00005328_000.png
0.0049849674,0.0052832076,0.008038129,0.0101113655,0.33529744,0.32294425,0.005135502,0.037158962,0.0050328267,0.008110384,0.47390133,0.13999827,0.018040355,0.026263023,00013295_000.png
0.48431495,0.015906213,0.020955537,0.27206063,0.008087255,0.039825007,0.052029777,0.08567598,0.018287322,0.0055949823,0.049270865,0.08289298,0.65454847,0.008341803,00001194_002.png
0.018295996,0.010309405,0.0008259349,0.007695246,0.004259361,0.00970129,0.03794099,0.014562235,0.01790935,0.007643653,0.0027953174,0.008824511,0.007099043,0.005698151,00002811_001.png
0.039151028,0.039740942,0.02411323,0.774196,0.013399006,0.063418776,0.0354077,0.06908871,0.093548246,0.0327895,0.0029964691,0.005207058,0.2885792,0.0042052655,00000156_001.png
0.06974561,0.005406323,0.029868977,0.92723924,0.012444619,0.0943088,0.08961453,0.20319961,0.030524183,0.005294909,0.0107799545,0.48097026,0.2088135,0.0043945014,00002227_004.png
0.015581293,0.006576886,0.0013525666,0.0025507645,0.0669236,0.0075105843,0.0046210373,0.013758091,0.02637345,0.0038819534,0.004051162,0.008440669,0.04275142,0.0044815973,00012694_000.png
0.025622567,0.01862924,0.49219394,0.7490265,0.015761215,0.10637359,0.2571251,0.0043527125,0.7914536,0.62652564,0.0062197186,0.006261604,0.045604583,0.005579592,00013685_034.png
0.5322035,0.107681006,0.06374184,0.053076476,0.009250258,0.15180568,0.0546057,0.0066238497,0.043712184,0.005826798,0.023334643,0.16375962,0.6634932,0.056493886,00008694_004.png
0.056166284,0.6609528,0.023337284,0.07089807,0.009737497,0.11508691,0.033219542,0.008611048,0.011477324,0.007067586,0.007278686,0.12990567,0.1563959,0.03927652,00007305_000.png
0.6067453,0.19411202,0.052574664,0.010720016,0.36139804,0.028658375,0.012471892,0.0060296454,0.052351624,0.0055666245,0.012592298,0.006644775,0.03804685,0.05207745,00002280_003.png
0.21384078,0.0068199616,0.3526602,0.85971,0.007114056,0.0054702447,0.036680073,0.8536948,0.023626955,0.011641439,0.011321603,0.055992715,0.22170037,0.0038067193,00005376_005.png
0.059261538,0.007069707,0.016406756,0.02355892,0.10876334,0.33180153,0.016239047,0.009692756,0.011868355,0.008950711,0.7203489,0.058750737,0.025028901,0.054088194,00017109_000.png
0.11595752,0.07439991,0.59457266,0.7806394,0.022444772,0.03451642,0.048183635,0.03593622,0.037732176,0.029575706,0.005608523,0.01829141,0.7598026,0.0050087464,00011752_003.png
0.9353216,0.001541115,0.047367204,0.19953485,0.031217981,0.0077359304,0.022048833,0.07422108,0.7614708,0.019072793,0.065267086,0.0037867762,0.055977017,0.004637765,00003990_007.png
0.013940954,0.020518811,0.0070730154,0.040364284,0.0075227325,0.07036928,0.008013252,0.012013915,0.015525002,0.006858076,0.008170263,0.05746515,0.9601453,0.0059765726,00005711_001.png
0.27467397,0.11439048,0.24390066,0.09105826,0.6752828,0.12709466,0.011102431,0.010477916,0.077768825,0.0050570294,0.005118571,0.01257128,0.14733247,0.013742778,00005262_003.png
0.8165262,0.004706802,0.035920084,0.26051417,0.030476814,0.0075045372,0.017021103,0.8300344,0.08290314,0.005555689,0.035823964,0.0047765505,0.057604924,0.004416443,00001199_003.png
0.102682434,0.0062953443,0.12602897,0.06044124,0.15323776,0.00236503,0.0034536629,0.97164613,0.20810297,0.0071914485,0.006995181,0.016429564,0.08050254,0.004707141,00001170_026.png
0.45448628,0.009799008,0.035905834,0.41692838,0.11044608,0.034312494,0.027359644,0.9701025,0.033261534,0.0070203734,0.31314307,0.008175972,0.033121243,0.008231787,00017133_006.png
0.015845668,0.27045327,0.009465363,0.13461164,0.010599243,0.24977201,0.017422352,0.028104184,0.0064734034,0.010959241,0.010453438,0.023317652,0.44479582,0.01127331,00007332_002.png
0.08790798,0.005247093,0.008743359,0.097101785,0.017261632,0.013029391,0.011186995,0.65347105,0.018785596,0.009800544,0.9713057,0.0045380224,0.0054273857,0.0069976463,00008468_022.png
0.01969144,0.022169933,0.0898129,0.07674757,0.03966143,0.07014653,0.08351819,0.0032695697,0.14824155,0.9631803,0.0134754935,0.0057725864,0.01177311,0.006854722,00006490_004.png
0.08117654,0.018691031,0.10614262,0.11091365,0.061887953,0.09396387,0.012740287,0.06682037,0.03282174,0.006436144,0.07776128,0.6941253,0.9571523,0.017298233,00010841_008.png
0.4679872,0.0021965383,0.013936439,0.900993,0.1415287,0.16442205,0.114662796,0.14852926,0.27696595,0.010873118,0.030515421,0.009325453,0.029521259,0.004756848,00005944_001.png
0.040178847,0.0020921733,0.007384931,0.6595239,0.039664797,0.0130140195,0.018741176,0.36615336,0.01877861,0.17635314,0.8660244,0.0038902985,0.0040202304,0.0039223484,00014849_003.png
0.04233366,0.030127347,0.13215257,0.08852672,0.02574235,0.27671382,0.1662484,0.0025635823,0.795264,0.119434744,0.0074534295,0.008324379,0.019645855,0.014106947,00018724_022.png
0.3809081,0.060626846,0.34882274,0.5904816,0.041599978,0.32872885,0.87271935,0.0077508893,0.031437296,0.11279212,0.019246766,0.038883567,0.019079328,0.03994008,00002846_013.png
0.17942101,0.004722879,0.009296713,0.13928369,0.031019207,0.018875215,0.015142132,0.2610818,0.028837394,0.016103985,0.915059,0.004270107,0.015283831,0.006973309,00011683_008.png
0.098521605,0.013407379,0.012665868,0.030148752,0.04628789,0.146135,0.027080124,0.017835218,0.0073288567,0.009072528,0.4426819,0.034388363,0.040973946,0.039758466,00007962_002.png
0.0052109347,0.024778623,0.011527884,0.043417756,0.03147327,0.06437919,0.013080785,0.010842877,0.0597695,0.84241974,0.006847661,0.0054993867,0.020895652,0.004647935,00003490_015.png
0.2898042,0.03325786,0.018352758,0.04069502,0.0026924466,0.006856293,0.16702048,0.005801561,0.0043834727,0.008079804,0.20750228,0.26770264,0.08621506,0.016286267,00019437_006.png
0.019661518,0.17938632,0.011546971,0.016283233,0.005215074,0.513681,0.19175664,0.0015001869,0.019947648,0.006074493,0.009595952,0.013864071,0.0046889517,0.06474513,00004714_001.png
0.08249467,0.0064723114,0.017401744,0.006232541,0.0072055534,0.010792215,0.004128449,0.21120985,0.009095552,0.0037615825,0.9792061,0.016966945,0.08730078,0.008810251,00009845_004.png
0.41311717,0.00808446,0.031642444,0.3943823,0.009580786,0.037129924,0.37407854,0.0077157402,0.02207882,0.0055649094,0.0075654355,0.73751485,0.042021874,0.012985491,00013662_003.png
0.044546444,0.021584291,0.2621139,0.43254924,0.018219987,0.076748684,0.058892876,0.0051629455,0.9607804,0.19389181,0.0053072637,0.0049444395,0.046127826,0.0051372373,00003867_010.png
0.18187125,0.004138381,0.25417933,0.034472506,0.29753453,0.019614901,0.004801044,0.0140024945,0.29395077,0.0043356023,0.01480224,0.10213468,0.948028,0.0059651197,00012582_001.png
0.4322523,0.00920971,0.07432141,0.104268335,0.3432619,0.14042345,0.02930409,0.013072427,0.069741085,0.010174982,0.11970266,0.8544332,0.039027944,0.17575958,00007894_007.png
0.01971679,0.008740334,0.013840257,0.053513955,0.009624122,0.04886412,0.0077457526,0.02257676,0.017016374,0.004008511,0.018610116,0.61318237,0.9648251,0.0055770315,00009166_005.png
0.0522339,0.0037496076,0.011096743,0.8292265,0.039941125,0.05804785,0.080921,0.14976236,0.058728658,0.005960778,0.032070044,0.71023875,0.012182409,0.0061465106,00003254_000.png
0.03161414,0.0315758,0.0054120743,0.032442085,0.0101389745,0.20885989,0.050739195,0.023223693,0.0059058233,0.004782155,0.12742336,0.3059537,0.015408825,0.044852063,00015056_000.png
0.05050394,0.017446816,0.14626761,0.3732062,0.08329607,0.08424608,0.013543955,0.5336623,0.034367416,0.0072019077,0.05216994,0.48003364,0.83095115,0.011329766,00015136_005.png
0.055700533,0.004259527,0.020200608,0.8336328,0.23546155,0.6970626,0.036659714,0.109054334,0.042392872,0.006469706,0.01517787,0.12980333,0.06836109,0.0065759793,00001723_001.png
0.2968923,0.010767818,0.021810452,0.13677762,0.017428795,0.016164139,0.020384422,0.014316359,0.69436044,0.00417565,0.0032658284,0.014957465,0.36890605,0.0049272985,00010007_075.png
0.6596471,0.0061790803,0.014501679,0.16941234,0.49748376,0.021369277,0.013232276,0.26723135,0.071611054,0.012307753,0.013700799,0.0033669004,0.012373407,0.0051670936,00016685_000.png
0.35857987,0.17453969,0.032779027,0.06461222,0.09632319,0.012791049,0.012784909,0.048246548,0.06661927,0.027568916,0.0037025588,0.008223266,0.023932088,0.0077598416,00013615_045.png
0.26386,0.0035524517,0.007903271,0.63255185,0.0789115,0.19999662,0.4248157,0.022034386,0.023767171,0.020719213,0.12281347,0.018925972,0.008007671,0.016810298,00011638_000.png
0.018665118,0.009961645,0.032316167,0.17603755,0.023182346,0.054990515,0.1168684,0.006202115,0.14780016,0.92706716,0.010811776,0.0070258463,0.02300012,0.006669901,00003323_000.png
0.57054377,0.02416632,0.16915558,0.26540202,0.034230284,0.0068336083,0.011235695,0.111812994,0.74081457,0.050611347,0.0037697859,0.008362185,0.05027308,0.0053325137,00008911_018.png
0.0069585973,0.02927992,0.003524239,0.010553182,0.22945192,0.14062625,0.005891736,0.2123061,0.002689071,0.01147343,0.008055134,0.0063196924,0.033126242,0.005384879,00006338_004.png
0.05771499,0.8405546,0.016372543,0.008796151,0.029842211,0.03025153,0.014947442,0.0062776585,0.005732056,0.0067927036,0.017319003,0.011957031,0.012104138,0.04800346,00008073_000.png
0.29131767,0.027430087,0.09831511,0.087273054,0.02522581,0.02704682,0.2610211,0.0054670186,0.1491138,0.7479901,0.01700902,0.012429063,0.024875492,0.015724087,00016860_006.png
0.043690734,0.005991165,0.004932101,0.1458085,0.021902153,0.09971414,0.089411356,0.014075301,0.5092092,0.10303631,0.0038165182,0.0049077803,0.012407018,0.008068934,00009863_004.png
0.10724065,0.009029166,0.63841885,0.3714843,0.18334532,0.0088828085,0.0061189085,0.008614338,0.16599597,0.9535308,0.008576471,0.0032811875,0.012729897,0.0019767843,00002860_005.png
0.28512046,0.12114833,0.04907171,0.13445482,0.0056978134,0.067587234,0.067054495,0.007931936,0.016225288,0.0042666276,0.012875408,0.07486769,0.7640413,0.013833151,00002570_002.png
0.017204253,0.008218694,0.008660301,0.6695103,0.009685481,0.16715716,0.044013806,0.053583268,0.019391507,0.0035944458,0.006820534,0.919882,0.034568094,0.0050529046,00018133_000.png
0.0275552,0.003330193,0.0066233096,0.090074405,0.8283908,0.2139077,0.008746401,0.023940811,0.13900489,0.007439325,0.007903772,0.012267917,0.019837333,0.008154328,00009120_006.png
0.10361477,0.032237414,0.017056873,0.14182895,0.012609533,0.031266868,0.02064972,0.8809716,0.0057471637,0.009360068,0.06005826,0.015916105,0.28764445,0.008135641,00015214_011.png
0.6938816,0.0075466484,0.0297299,0.21853715,0.014491534,0.018449062,0.06430391,0.01632937,0.056460187,0.004114475,0.015226549,0.64633614,0.22571462,0.010814057,00012291_015.png
0.5968621,0.01034278,0.060596157,0.52252406,0.59219617,0.12549834,0.044577867,0.03141284,0.06464724,0.0686262,0.02197927,0.009138673,0.029799843,0.012069763,00007804_008.png
0.68017566,0.012336409,0.17447689,0.19087298,0.039323717,0.02690149,0.020359663,0.15190373,0.030798806,0.0037237266,0.041922648,0.032768123,0.9085541,0.008274818,00014022_031.png
0.74076253,0.02045081,0.004824753,0.02687988,0.005777838,0.0058408133,0.035555467,0.24975306,0.012406012,0.004622661,0.085800774,0.003260495,0.047787294,0.006305446,00003945_009.png
0.0039815344,0.0065311166,0.0063799815,0.13170867,0.01544021,0.32320586,0.0054634055,0.09619966,0.015460888,0.004632784,0.07506423,0.8745629,0.1327097,0.0071602017,00014016_000.png
0.0036517975,0.057120956,0.0011302992,0.0011832493,0.031000514,0.016054481,0.004152675,0.005025518,0.0038373945,0.008574943,0.007196179,0.0059838286,0.0031852257,0.009075667,00013635_003.png
0.41724086,0.016544934,0.14623494,0.22941518,0.7751308,0.22956294,0.047926314,0.0112536885,0.13088222,0.15596119,0.028381577,0.011959948,0.015813524,0.03335662,00018606_013.png
0.009026615,0.0033531236,0.005561266,0.48210824,0.029569337,0.1836966,0.033601843,0.01923228,0.034605417,0.6055546,0.007294686,0.0050581,0.035326485,0.0041524186,00008701_009.png
0.022447158,0.50996906,0.003985587,0.09949104,0.0026891693,0.016362485,0.11325784,0.00545503,0.0615416,0.0061862348,0.0022488902,0.015640572,0.08536195,0.006818863,00004893_054.png
0.04657223,0.021595981,0.030028958,0.06612429,0.03811765,0.0147911515,0.011669261,0.010212264,0.010319218,0.95756364,0.11719707,0.0063807555,0.01363152,0.006788739,00019508_006.png
0.05097284,0.002185491,0.005202254,0.4527594,0.017931597,0.5038761,0.08933049,0.014809488,0.1748641,0.010761019,0.0047272695,0.0059311087,0.034272507,0.0054447027,00013615_026.png
0.18715855,0.15161955,0.111364,0.042445265,0.035710514,0.01191592,0.012801579,0.00972928,0.39915416,0.6165648,0.0062431023,0.0069995318,0.022514228,0.006804586,00016860_005.png
0.12774257,0.02943063,0.14574467,0.08516193,0.31565952,0.08842809,0.01073216,0.9942914,0.015763123,0.0042890226,0.6471977,0.01775366,0.18369885,0.01766594,00009349_019.png
0.6465996,0.00889862,0.3966613,0.4013387,0.004173731,0.0019771971,0.017045055,0.11250284,0.68260676,0.14907382,0.004713566,0.006619687,0.10655503,0.0035098754,00016732_001.png
0.025361527,0.004567737,0.004815937,0.036526695,0.029170562,0.5006877,0.013673816,0.0087651275,0.014341323,0.0031644173,0.0055375984,0.07961421,0.11865944,0.009097795,00005609_029.png
0.0058768243,0.0068271323,0.0069280462,0.13255762,0.13667935,0.07557253,0.0074131647,0.26071,0.0075490023,0.46632087,0.03348011,0.005600301,0.016751362,0.0046369843,00016821_006.png
0.02259111,0.0039073727,0.006639109,0.8740517,0.035429448,0.22470026,0.03620747,0.8384373,0.019963197,0.029880814,0.09609201,0.00814838,0.04171157,0.00481041,00012094_044.png
0.059135832,0.0037001725,0.050297335,0.039846346,0.9585873,0.26263738,0.0047344947,0.01149782,0.047983605,0.0056384774,0.044993214,0.018386928,0.15511496,0.011424622,00009022_002.png
0.03630547,0.020514447,0.02625889,0.018581215,0.8302054,0.13513914,0.0050540627,0.0147453,0.021227177,0.004413278,0.004873294,0.010000623,0.23340538,0.00806294,00003129_002.png
0.013420386,0.0023002317,0.0031412856,0.11792766,0.1279208,0.3984541,0.016724454,0.03833729,0.019453716,0.035078675,0.016746234,0.003549693,0.015208813,0.006137621,00010350_006.png
0.026866145,0.6021715,0.014966933,0.50649697,0.0058909454,0.02742166,0.11310614,0.021691471,0.024700228,0.012673401,0.002648467,0.017090099,0.12294135,0.007300313,00004893_026.png
0.022388829,0.0075980923,0.0021554285,0.31738472,0.0049462654,0.042651042,0.055309013,0.053342737,0.11485775,0.006862673,0.0014025939,0.014602683,0.09508042,0.003306089,00011553_015.png
0.061600406,0.078182004,0.020441817,0.2905295,0.04653808,0.2893301,0.019907309,0.011524902,0.024172392,0.019405993,0.0039778035,0.0048085316,0.13159965,0.0052638473,00003548_010.png
0.5715575,0.17721382,0.27400932,0.06461497,0.0398272,0.024609756,0.07798388,0.006410597,0.095480345,0.8331046,0.03828787,0.008639206,0.027415851,0.0156389,00015732_032.png
0.12211027,0.53084,0.7445475,0.42530277,0.04767631,0.12861153,0.045180235,0.007420305,0.30362827,0.039673463,0.007147132,0.013645059,0.2535995,0.010819162,00017036_026.png
0.009086037,0.0061507295,0.0010542946,0.004458185,0.005425955,0.023854375,0.009822414,0.039478894,0.006270108,0.0042575295,0.008038717,0.007122403,0.031134091,0.0039427113,00018245_004.png
0.0059733866,0.0070403786,0.0013805433,0.0035938332,0.049091298,0.028479194,0.0074610817,0.011868898,0.0085021695,0.012974507,0.0057181157,0.006833363,0.0065926975,0.005521855,00016068_000.png
0.14735416,0.0074863755,0.0047421604,0.038504977,0.030597048,0.036625125,0.020897822,0.006110731,0.09395072,0.004164227,0.002757149,0.010818892,0.044928126,0.0059091076,00018191_003.png
0.05501679,0.12518948,0.05312692,0.102128126,0.011962006,0.10287223,0.21071419,0.0037278081,0.85691583,0.06909929,0.0053179176,0.004483572,0.0136638135,0.011317077,00015605_024.png
0.5938889,0.030137207,0.66820246,0.3779419,0.10425654,0.02171428,0.020204863,0.9493478,0.024090564,0.00869876,0.1922402,0.022928976,0.19273931,0.010454824,00016797_014.png
0.27405497,0.0028678076,0.0037466914,0.077024,0.013967283,0.018136239,0.15184258,0.015470162,0.108871125,0.0043545435,0.012353356,0.08209585,0.013451813,0.011177409,00002529_004.png
0.21933602,0.043969367,0.1412664,0.03914267,0.19086933,0.042228106,0.013329567,0.021637293,0.021355635,0.008249862,0.023993963,0.18177843,0.8473899,0.024090862,00015719_005.png
0.3861755,0.004983752,0.164072,0.80524254,0.6428442,0.03132547,0.014941504,0.23094536,0.15473033,0.031889398,0.019977905,0.013270053,0.108855434,0.005891954,00011925_074.png
0.05019813,0.009099777,0.0020774463,0.010809783,0.009059629,0.019829147,0.030557722,0.0060116085,0.011632341,0.0045201033,0.0040593874,0.019852126,0.015326678,0.009841154,00019940_001.png
0.010870355,0.013264254,0.004655486,0.07661814,0.014710841,0.09032078,0.019513067,0.93717,0.008038619,0.006341992,0.26736638,0.042672556,0.009892328,0.008018481,00003400_002.png
0.1326002,0.0030149294,0.0051790765,0.15327248,0.021837045,0.009239881,0.018196817,0.38047323,0.34245932,0.0069192797,0.00396323,0.009980111,0.16361187,0.004532094,00003028_074.png
0.015855568,0.11897919,0.016625648,0.8204944,0.0075691883,0.052681446,0.1492887,0.04064831,0.013285466,0.15854195,0.0039165923,0.008790332,0.1621211,0.0047486643,00011237_005.png
0.68958384,0.0029258302,0.020593492,0.54473776,0.012448147,0.006720283,0.07756763,0.20611387,0.020807132,0.022951094,0.9679929,0.0018022056,0.00434489,0.003684195,00014773_003.png
0.035124283,0.0071042874,0.03452243,0.11849971,0.20855385,0.09310201,0.010968506,0.03222742,0.051139854,0.008732666,0.17395164,0.94739485,0.042816985,0.029102564,00007894_006.png
0.025254497,0.005610009,0.007583027,0.0049633635,0.04471088,0.28727284,0.007847884,0.004010714,0.0075166547,0.005177065,0.18660137,0.327309,0.18579973,0.046139102,00014607_003.png
0.09386223,0.78760195,0.022587791,0.07168136,0.03290808,0.058624737,0.02161189,0.022110963,0.012388697,0.01240054,0.008501747,0.0067793215,0.07804215,0.012099463,00004649_003.png
0.048356067,0.010180646,0.05509264,0.5012867,0.84782845,0.720489,0.019445552,0.099414825,0.022454064,0.013833236,0.07451047,0.0853408,0.20288467,0.014798194,00007772_000.png
0.43493694,0.034320764,0.10398585,0.21012717,0.01257022,0.02494945,0.23811358,0.007079867,0.017233819,0.009114364,0.010266229,0.90264827,0.039013408,0.04172408,00016119_001.png
0.10154502,0.0032449116,0.013661615,0.06379978,0.19502555,0.26249382,0.031240864,0.0076253987,0.17854455,0.0056770043,0.030738087,0.5248801,0.035054933,0.04071723,00012053_002.png
0.023925604,0.0033339635,0.020447852,0.62907034,0.12163303,0.02368528,0.015268497,0.11420441,0.84937197,0.023579799,0.0020909184,0.019802183,0.06812781,0.0046402514,00015266_006.png
0.10214697,0.039164204,0.008442565,0.44989905,0.014947921,0.24628474,0.086574525,0.11068599,0.009845323,0.015755786,0.069645144,0.029199582,0.24652043,0.011882505,00004237_000.png
0.028162114,0.0023539627,0.0036656077,0.22614563,0.099680506,0.20094535,0.015411688,0.024923166,0.024657285,0.014368804,0.004709635,0.011322047,0.08566915,0.0034731636,00006294_002.png
0.010453301,0.0069827684,0.008438657,0.3859831,0.029799731,0.8058212,0.014880612,0.041406553,0.01752612,0.0049790936,0.029577835,0.73530746,0.09810617,0.009049605,00015279_002.png
0.12488856,0.114436306,0.5349201,0.5234356,0.02528978,0.13177389,0.08460069,0.008398248,0.7097581,0.102973856,0.008256431,0.008045177,0.14428389,0.008819818,00017207_018.png
0.07293207,0.07312845,0.013436312,0.27932578,0.008452478,0.18767911,0.039410394,0.027828356,0.013117437,0.0057552783,0.008066851,0.06843756,0.7369224,0.011564449,00000398_002.png
0.017927501,0.021229524,0.041605752,0.4501415,0.0067107696,0.028751593,0.0189045,0.012620201,0.25838047,0.026504584,0.0033262733,0.01257989,0.7299515,0.0038297067,00010007_066.png
0.025000641,0.012442679,0.63744736,0.8954463,0.6218642,0.097101346,0.015810436,0.06814402,0.027787726,0.09117624,0.0053635454,0.015776785,0.21976918,0.0037202323,00017753_023.png
0.0171166,0.29603955,0.15417525,0.024397623,0.03557978,0.13642052,0.039846245,0.0022839948,0.5569787,0.31979907,0.006786216,0.005587874,0.009949003,0.011476805,00017605_007.png
0.07176069,0.0037974417,0.023741378,0.78119045,0.16205293,0.073130764,0.025164813,0.5533108,0.044692382,0.009700191,0.0053731184,0.014767089,0.16032945,0.0045725834,00001006_009.png
0.010558815,0.0075037847,0.0008930639,0.003322821,0.0049004266,0.007672966,0.152787,0.009900682,0.033469327,0.0184544,0.010058231,0.010896415,0.0014098939,0.014007366,00007500_000.png
0.04924906,0.005365405,0.021304723,0.24479382,0.050538786,0.008205536,0.0058611277,0.09403287,0.030624935,0.9002024,0.05441858,0.0043124943,0.025549883,0.0042060823,00012310_003.png
0.39427117,0.02852917,0.08982206,0.27078277,0.1546126,0.09041603,0.019259367,0.035920825,0.18032025,0.004001671,0.005371666,0.0171283,0.6861432,0.0074440558,00008451_016.png
0.074324645,0.0053349347,0.0062943925,0.3922902,0.02412844,0.03441287,0.03507967,0.85970765,0.030937199,0.007933001,0.4796525,0.0113091245,0.00970267,0.005708908,00003053_007.png
0.22285488,0.004340527,0.0058274115,0.47570637,0.022361388,0.04334362,0.05066579,0.19889759,0.05528949,0.0034388946,0.0029885692,0.022682281,0.04672911,0.0039942525,00014320_044.png
0.14777198,0.026770886,0.038140155,0.0993002,0.040922444,0.028618375,0.0155578675,0.07794931,0.02127326,0.007020815,0.00926888,0.1578739,0.87093055,0.010179503,00006404_002.png
0.6787103,0.005960139,0.04314548,0.681088,0.36525673,0.0556193,0.03204983,0.58148724,0.052812062,0.020361124,0.49929973,0.004081147,0.026052644,0.008167531,00012891_002.png
0.5815297,0.03230863,0.051710922,0.16523439,0.07769286,0.016492173,0.013368248,0.37906432,0.012358582,0.009036819,0.009254232,0.004470947,0.23963672,0.004490601,00019935_002.png
0.551741,0.005681846,0.09952866,0.087132886,0.07837143,0.012207425,0.01031951,0.06973033,0.18863523,0.0030637095,0.010754747,0.09092771,0.93827677,0.0067052636,00007670_028.png
0.008277228,0.0036968621,0.002513581,0.03055703,0.007484586,0.0051679024,0.0107755,0.92563075,0.019555962,0.012674577,0.047527373,0.016106365,0.0049567013,0.003593679,00003658_008.png
0.09845857,0.004818308,0.059730146,0.7544651,0.09284481,0.7530961,0.065089144,0.012043727,0.08210841,0.004591788,0.006788604,0.6171188,0.15311246,0.010269324,00001836_110.png
0.011255678,0.025410265,0.009724186,0.224578,0.009192078,0.21870963,0.014477423,0.055425473,0.009498042,0.006373033,0.0321254,0.95093614,0.33782443,0.011043507,00018294_001.png
